crop_path,video,frame_ts,x1,y1,x2,y2,source,label,verified
违章02/违章02_t0.0_2_off.jpg,违章02,0.0,501,169,512,190,hsv,off,0
违章02/违章02_t0.0_3_off.jpg,违章02,0.0,1179,282,1187,294,hsv,off,0
违章02/违章02_t0.0_4_off.jpg,违章02,0.0,1188,282,1196,292,hsv,off,0
违章02/违章02_t0.2_1_off.jpg,违章02,0.24,503,104,513,123,hsv,off,0
违章02/违章02_t0.2_4_off.jpg,违章02,0.24,482,153,511,162,hsv,off,0
违章02/违章02_t0.2_5_off.jpg,违章02,0.24,1174,282,1184,291,hsv,off,0
违章02/违章02_t4.2_0_stand.jpg,违章02,4.24,760,130,768,139,hsv,stand,0
违章02/违章02_t4.2_1_off.jpg,违章02,4.24,17,149,43,178,hsv,off,0
违章02/违章02_t4.2_2_off.jpg,违章02,4.24,517,168,529,193,hsv,off,0
违章02/违章02_t5.4_1_off.jpg,违章02,5.42,36,151,64,172,hsv,off,0
违章02/违章02_t5.4_2_off.jpg,违章02,5.42,528,168,539,192,hsv,off,0
违章02/违章02_t6.1_0_stand.jpg,违章02,6.13,768,132,788,141,hsv,stand,0
违章02/违章02_t6.1_1_off.jpg,违章02,6.13,0,154,18,173,hsv,off,0
违章02/违章02_t6.1_2_off.jpg,违章02,6.13,527,167,535,192,hsv,off,0
违章02/违章02_t6.4_0_stand.jpg,违章02,6.36,773,132,782,141,hsv,stand,0
违章02/违章02_t6.4_1_off.jpg,违章02,6.36,0,154,11,172,hsv,off,0
违章02/违章02_t6.4_2_off.jpg,违章02,6.36,526,167,535,191,hsv,off,0
违章02/违章02_t6.6_0_stand.jpg,违章02,6.6,772,133,786,145,hsv,stand,0
违章02/违章02_t6.6_1_off.jpg,违章02,6.6,0,151,16,170,hsv,off,0
违章02/违章02_t6.6_2_off.jpg,违章02,6.6,525,166,535,190,hsv,off,0
违章02/违章02_t7.1_0_off.jpg,违章02,7.07,27,137,56,166,hsv,off,0
违章02/违章02_t7.1_2_off.jpg,违章02,7.07,520,161,531,188,hsv,off,0
违章02/违章02_t7.1_4_off.jpg,违章02,7.07,0,635,13,670,hsv,off,0
违章02/违章02_t7.1_5_off.jpg,违章02,7.07,0,689,26,713,hsv,off,0
违章02/违章02_t7.3_0_stand.jpg,违章02,7.31,767,129,777,139,hsv,stand,0
违章02/违章02_t7.3_1_off.jpg,违章02,7.31,26,135,54,165,hsv,off,0
违章02/违章02_t7.3_2_off.jpg,违章02,7.31,519,159,529,184,hsv,off,0
违章02/违章02_t7.3_4_off.jpg,违章02,7.31,0,425,96,544,hsv,off,0
违章02/违章02_t7.8_0_off.jpg,违章02,7.78,16,124,46,149,hsv,off,0
违章02/违章02_t7.8_1_stand.jpg,违章02,7.78,765,126,777,134,hsv,stand,0
违章02/违章02_t7.8_2_off.jpg,违章02,7.78,514,153,527,179,hsv,off,0
违章02/违章02_t10.4_1_off.jpg,违章02,10.37,762,83,774,96,hsv,off,0
违章02/违章02_t10.4_4_off.jpg,违章02,10.37,551,128,563,155,hsv,off,0
违章02/违章02_t10.4_5_off.jpg,违章02,10.37,136,134,167,148,hsv,off,0
违章02/违章02_t10.8_1_off.jpg,违章02,10.84,54,73,82,98,hsv,off,0
违章02/违章02_t10.8_2_off.jpg,违章02,10.84,5,75,29,96,hsv,off,0
违章02/违章02_t10.8_3_stand.jpg,违章02,10.84,814,89,825,97,hsv,stand,0
违章02/违章02_t10.8_5_off.jpg,违章02,10.84,612,134,623,160,hsv,off,0
违章02/违章02_t10.8_6_off.jpg,违章02,10.84,240,142,268,156,hsv,off,0
违章02/违章02_t11.1_0_off.jpg,违章02,11.08,88,77,118,101,hsv,off,0
违章02/违章02_t11.1_1_off.jpg,违章02,11.08,43,80,65,100,hsv,off,0
违章02/违章02_t11.1_2_off.jpg,违章02,11.08,17,83,32,105,hsv,off,0
违章02/违章02_t11.1_5_off.jpg,违章02,11.08,643,131,654,157,hsv,off,0
违章02/违章02_t11.1_6_off.jpg,违章02,11.08,293,144,322,155,hsv,off,0
违章02/违章02_t11.3_1_off.jpg,违章02,11.31,113,77,141,102,hsv,off,0
违章02/违章02_t11.3_2_off.jpg,违章02,11.31,41,84,55,104,hsv,off,0
违章02/违章02_t11.3_3_off.jpg,违章02,11.31,664,126,675,150,hsv,off,0
违章02/违章02_t11.3_5_off.jpg,违章02,11.31,74,199,97,207,hsv,off,0
违章02/违章02_t11.3_6_off.jpg,违章02,11.31,0,288,8,316,hsv,off,0
违章02/违章02_t11.6_0_off.jpg,违章02,11.55,141,76,166,103,hsv,off,0
违章02/违章02_t11.6_1_stand.jpg,违章02,11.55,878,78,894,96,hsv,stand,0
违章02/违章02_t11.6_2_off.jpg,违章02,11.55,68,83,86,100,hsv,off,0
违章02/违章02_t11.6_3_off.jpg,违章02,11.55,95,83,115,103,hsv,off,0
违章02/违章02_t11.6_5_off.jpg,违章02,11.55,686,127,696,151,hsv,off,0
违章02/违章02_t11.6_7_off.jpg,违章02,11.55,100,275,108,293,hsv,off,0
违章02/违章02_t11.6_8_off.jpg,违章02,11.55,32,277,74,317,hsv,off,0
违章02/违章02_t11.6_9_off.jpg,违章02,11.55,39,297,96,325,hsv,off,0
违章02/违章02_t11.8_1_stand.jpg,违章02,11.79,900,80,913,92,hsv,stand,0
违章02/违章02_t11.8_2_off.jpg,违章02,11.79,119,83,151,104,hsv,off,0
违章02/违章02_t11.8_3_off.jpg,违章02,11.79,160,82,188,106,hsv,off,0
违章02/违章02_t11.8_6_off.jpg,违章02,11.79,704,128,715,154,hsv,off,0
违章02/违章02_t11.8_7_off.jpg,违章02,11.79,403,142,433,151,hsv,off,0
违章02/违章02_t11.8_8_off.jpg,违章02,11.79,55,261,65,269,hsv,off,0
违章02/违章02_t11.8_9_off.jpg,违章02,11.79,82,272,131,321,hsv,off,0
违章02/违章02_t11.8_10_off.jpg,违章02,11.79,22,306,71,394,hsv,off,0
违章02/违章02_t11.8_11_off.jpg,违章02,11.79,3,357,19,369,hsv,off,0
违章02/违章02_t11.8_12_off.jpg,违章02,11.79,0,392,17,419,hsv,off,0
违章02/违章02_t12.0_0_stand.jpg,违章02,12.02,915,78,927,95,hsv,stand,0
违章02/违章02_t12.0_1_off.jpg,违章02,12.02,135,83,165,104,hsv,off,0
违章02/违章02_t12.0_2_off.jpg,违章02,12.02,178,82,204,106,hsv,off,0
违章02/违章02_t12.0_4_off.jpg,违章02,12.02,718,126,729,153,hsv,off,0
违章02/违章02_t12.0_5_off.jpg,违章02,12.02,424,141,455,150,hsv,off,0
违章02/违章02_t12.0_6_off.jpg,违章02,12.02,103,256,116,266,hsv,off,0
违章02/违章02_t12.0_7_off.jpg,违章02,12.02,128,268,152,305,hsv,off,0
违章02/违章02_t12.0_8_off.jpg,违章02,12.02,25,304,51,312,hsv,off,0
违章02/违章02_t12.0_9_off.jpg,违章02,12.02,70,309,116,384,hsv,off,0
违章02/违章02_t12.0_10_off.jpg,违章02,12.02,60,355,70,363,hsv,off,0
违章02/违章02_t12.0_12_off.jpg,违章02,12.02,14,380,63,410,hsv,off,0
违章02/违章02_t12.3_0_stand.jpg,违章02,12.26,928,77,941,92,hsv,stand,0
违章02/违章02_t12.3_1_off.jpg,违章02,12.26,196,81,219,105,hsv,off,0
违章02/违章02_t12.3_2_off.jpg,违章02,12.26,151,82,182,104,hsv,off,0
违章02/违章02_t12.3_4_off.jpg,违章02,12.26,731,127,743,153,hsv,off,0
违章02/违章02_t12.3_5_off.jpg,违章02,12.26,442,139,474,149,hsv,off,0
违章02/违章02_t12.3_7_off.jpg,违章02,12.26,151,265,168,287,hsv,off,0
违章02/违章02_t12.3_8_off.jpg,违章02,12.26,72,296,94,305,hsv,off,0
违章02/违章02_t12.3_9_off.jpg,违章02,12.26,113,310,156,376,hsv,off,0
违章02/违章02_t12.3_10_off.jpg,违章02,12.26,107,348,117,360,hsv,off,0
违章02/违章02_t12.3_11_off.jpg,违章02,12.26,31,361,105,398,hsv,off,0
违章02/违章02_t12.5_1_off.jpg,违章02,12.49,209,80,231,106,hsv,off,0
违章02/违章02_t12.5_2_off.jpg,违章02,12.49,940,80,952,95,hsv,off,0
违章02/违章02_t12.5_3_off.jpg,违章02,12.49,164,84,192,103,hsv,off,0
违章02/违章02_t12.5_7_off.jpg,违章02,12.49,742,126,753,153,hsv,off,0
违章02/违章02_t12.5_8_off.jpg,违章02,12.49,455,139,489,149,hsv,off,0
违章02/违章02_t12.5_9_off.jpg,违章02,12.49,172,264,181,283,hsv,off,0
违章02/违章02_t12.5_10_off.jpg,违章02,12.49,114,288,136,299,hsv,off,0
违章02/违章02_t12.5_11_off.jpg,违章02,12.49,141,333,170,368,hsv,off,0
违章02/违章02_t12.5_12_off.jpg,违章02,12.49,75,351,91,381,hsv,off,0
违章02/违章02_t12.5_13_off.jpg,违章02,12.49,98,361,147,385,hsv,off,0
违章02/违章02_t12.7_0_off.jpg,违章02,12.73,954,78,967,95,hsv,off,0
违章02/违章02_t12.7_1_off.jpg,违章02,12.73,181,81,211,101,hsv,off,0
违章02/违章02_t12.7_2_off.jpg,违章02,12.73,220,80,245,106,hsv,off,0
违章02/违章02_t12.7_6_off.jpg,违章02,12.73,756,126,767,149,hsv,off,0
违章02/违章02_t12.7_7_off.jpg,违章02,12.73,474,138,507,148,hsv,off,0
违章02/违章02_t12.7_8_off.jpg,违章02,12.73,159,281,178,291,hsv,off,0
违章02/违章02_t12.7_9_off.jpg,违章02,12.73,123,342,143,370,hsv,off,0
违章02/违章02_t12.7_10_off.jpg,违章02,12.73,144,351,185,375,hsv,off,0
违章02/违章02_t13.0_0_off.jpg,违章02,12.96,192,80,211,97,hsv,off,0
违章02/违章02_t13.0_3_off.jpg,违章02,12.96,767,122,778,146,hsv,off,0
违章02/违章02_t13.0_5_off.jpg,违章02,12.96,168,333,184,358,hsv,off,0
违章02/违章02_t13.0_7_off.jpg,违章02,12.96,1144,381,1153,389,hsv,off,0
违章02/违章02_t13.2_0_off.jpg,违章02,13.2,977,74,991,87,hsv,off,0
违章02/违章02_t13.2_1_off.jpg,违章02,13.2,245,78,274,100,hsv,off,0
违章02/违章02_t13.2_2_off.jpg,违章02,13.2,205,80,236,101,hsv,off,0
违章02/违章02_t13.2_3_stand.jpg,违章02,13.2,977,84,987,92,hsv,stand,0
违章02/违章02_t13.2_5_off.jpg,违章02,13.2,779,122,790,146,hsv,off,0
违章02/违章02_t13.2_6_off.jpg,违章02,13.2,1157,381,1167,389,hsv,off,0
违章02/违章02_t13.4_0_stand.jpg,违章02,13.44,985,71,1002,81,hsv,stand,0
违章02/违章02_t13.4_1_off.jpg,违章02,13.44,253,77,280,103,hsv,off,0
违章02/违章02_t13.4_2_off.jpg,违章02,13.44,221,80,233,101,hsv,off,0
违章02/违章02_t13.4_3_off.jpg,违章02,13.44,195,82,207,96,hsv,off,0
违章02/违章02_t13.4_5_off.jpg,违章02,13.44,788,122,799,145,hsv,off,0
违章02/违章02_t13.7_0_off.jpg,违章02,13.67,267,76,289,100,hsv,off,0
违章02/违章02_t13.7_1_off.jpg,违章02,13.67,225,79,251,100,hsv,off,0
违章02/违章02_t13.7_4_stand.jpg,违章02,13.67,795,121,806,146,hsv,stand,0
违章02/违章02_t13.7_5_off.jpg,违章02,13.67,304,153,316,161,hsv,off,0
违章02/违章02_t13.9_0_off.jpg,违章02,13.91,1003,69,1016,84,hsv,off,0
违章02/违章02_t13.9_1_off.jpg,违章02,13.91,274,74,295,97,hsv,off,0
违章02/违章02_t13.9_2_off.jpg,违章02,13.91,236,80,247,98,hsv,off,0
违章02/违章02_t13.9_3_off.jpg,违章02,13.91,250,80,260,93,hsv,off,0
违章02/违章02_t13.9_5_stand.jpg,违章02,13.91,801,118,813,142,hsv,stand,0
违章02/违章02_t13.9_6_off.jpg,违章02,13.91,330,147,341,156,hsv,off,0
违章02/违章02_t14.1_0_off.jpg,违章02,14.14,1004,66,1018,75,hsv,off,0
违章02/违章02_t14.1_1_off.jpg,违章02,14.14,276,70,296,94,hsv,off,0
违章02/违章02_t14.1_2_off.jpg,违章02,14.14,237,77,247,94,hsv,off,0
违章02/违章02_t14.1_5_off.jpg,违章02,14.14,802,113,814,138,hsv,off,0
违章02/违章02_t14.1_6_off.jpg,违章02,14.14,582,125,615,137,hsv,off,0
违章02/违章02_t14.4_0_off.jpg,违章02,14.38,1006,65,1019,83,hsv,off,0
违章02/违章02_t14.4_1_off.jpg,违章02,14.38,276,68,297,91,hsv,off,0
违章02/违章02_t14.4_2_off.jpg,违章02,14.38,239,74,248,91,hsv,off,0
违章02/违章02_t14.4_4_stand.jpg,违章02,14.38,804,113,815,136,hsv,stand,0
违章02/违章02_t14.4_5_off.jpg,违章02,14.38,593,123,630,136,hsv,off,0
违章02/违章02_t14.6_0_off.jpg,违章02,14.61,1004,65,1022,81,hsv,off,0
违章02/违章02_t14.6_1_off.jpg,违章02,14.61,272,68,299,91,hsv,off,0
违章02/违章02_t14.6_2_off.jpg,违章02,14.61,235,74,252,91,hsv,off,0
违章02/违章02_t14.6_4_off.jpg,违章02,14.61,1008,76,1018,84,hsv,off,0
违章02/违章02_t14.6_5_off.jpg,违章02,14.61,807,113,818,137,hsv,off,0
违章02/违章02_t14.6_6_off.jpg,违章02,14.61,604,122,641,136,hsv,off,0
违章02/违章02_t14.8_1_off.jpg,违章02,14.85,1006,67,1021,81,hsv,off,0
违章02/违章02_t14.8_2_off.jpg,违章02,14.85,273,71,299,93,hsv,off,0
违章02/违章02_t14.8_5_off.jpg,违章02,14.85,805,115,817,140,hsv,off,0
违章02/违章02_t14.8_6_off.jpg,违章02,14.85,614,125,650,139,hsv,off,0
违章02/违章02_t15.1_0_off.jpg,违章02,15.09,1001,70,1019,86,hsv,off,0
违章02/违章02_t15.1_1_off.jpg,违章02,15.09,272,72,297,94,hsv,off,0
违章02/违章02_t15.1_2_stand.jpg,违章02,15.09,804,119,815,141,hsv,stand,0
违章02/违章02_t15.1_3_off.jpg,违章02,15.09,622,131,656,142,hsv,off,0
违章02/违章02_t15.3_0_off.jpg,违章02,15.32,272,72,297,95,hsv,off,0
违章02/违章02_t15.3_1_off.jpg,违章02,15.32,1005,72,1019,86,hsv,off,0
违章02/违章02_t15.3_2_off.jpg,违章02,15.32,804,120,815,144,hsv,off,0
违章02/违章02_t15.3_3_off.jpg,违章02,15.32,631,133,660,142,hsv,off,0
违章02/违章02_t15.6_0_off.jpg,违章02,15.56,271,73,297,95,hsv,off,0
违章02/违章02_t15.6_1_off.jpg,违章02,15.56,1003,73,1018,86,hsv,off,0
违章02/违章02_t15.6_3_off.jpg,违章02,15.56,803,120,815,144,hsv,off,0
违章02/违章02_t15.6_4_off.jpg,违章02,15.56,641,133,659,141,hsv,off,0
违章02/违章02_t15.8_0_off.jpg,违章02,15.79,272,72,294,99,hsv,off,0
违章02/违章02_t15.8_1_off.jpg,违章02,15.79,230,77,257,95,hsv,off,0
违章02/违章02_t15.8_3_stand.jpg,违章02,15.79,800,120,812,143,hsv,stand,0
违章02/违章02_t15.8_4_off.jpg,违章02,15.79,646,133,659,141,hsv,off,0
违章02/违章02_t16.0_0_off.jpg,违章02,16.03,268,74,292,100,hsv,off,0
违章02/违章02_t16.0_3_off.jpg,违章02,16.03,227,78,257,97,hsv,off,0
违章02/违章02_t16.0_5_off.jpg,违章02,16.03,798,121,810,146,hsv,off,0
违章02/违章02_t16.3_0_off.jpg,违章02,16.26,991,74,1009,90,hsv,off,0
违章02/违章02_t16.3_1_off.jpg,违章02,16.26,268,76,289,101,hsv,off,0
违章02/违章02_t16.3_2_off.jpg,违章02,16.26,224,79,254,98,hsv,off,0
违章02/违章02_t16.3_3_off.jpg,违章02,16.26,995,85,1003,93,hsv,off,0
违章02/违章02_t16.3_4_off.jpg,违章02,16.26,795,122,807,146,hsv,off,0
违章02/违章02_t16.5_0_off.jpg,违章02,16.5,988,73,1007,88,hsv,off,0
违章02/违章02_t16.5_1_off.jpg,违章02,16.5,221,78,251,98,hsv,off,0
违章02/违章02_t16.5_3_off.jpg,违章02,16.5,792,121,804,145,hsv,off,0
违章02/违章02_t16.7_1_off.jpg,违章02,16.74,990,73,1004,83,hsv,off,0
违章02/违章02_t16.7_2_off.jpg,违章02,16.74,262,76,283,100,hsv,off,0
违章02/违章02_t16.7_3_off.jpg,违章02,16.74,221,79,249,97,hsv,off,0
违章02/违章02_t16.7_7_off.jpg,违章02,16.74,791,120,801,144,hsv,off,0
违章02/违章02_t16.7_8_off.jpg,违章02,16.74,324,141,335,152,hsv,off,0
违章02/违章02_t17.0_0_stand.jpg,违章02,16.97,988,73,1002,82,hsv,stand,0
违章02/违章02_t17.0_1_off.jpg,违章02,16.97,258,76,281,99,hsv,off,0
违章02/违章02_t17.0_2_off.jpg,违章02,16.97,218,78,247,97,hsv,off,0
违章02/违章02_t17.0_3_off.jpg,违章02,16.97,194,80,209,94,hsv,off,0
违章02/违章02_t17.0_5_off.jpg,违章02,16.97,790,119,800,146,hsv,off,0
违章02/违章02_t17.0_6_off.jpg,违章02,16.97,694,131,720,156,hsv,off,0
违章02/违章02_t17.0_7_off.jpg,违章02,16.97,303,141,312,151,hsv,off,0
违章02/违章02_t17.2_0_off.jpg,违章02,17.21,253,74,279,99,hsv,off,0
违章02/违章02_t17.2_2_off.jpg,违章02,17.21,196,82,206,93,hsv,off,0
违章02/违章02_t17.2_3_off.jpg,违章02,17.21,787,118,799,144,hsv,off,0
违章02/违章02_t17.2_4_off.jpg,违章02,17.21,696,131,726,157,hsv,off,0
违章02/违章02_t17.4_1_off.jpg,违章02,17.44,254,74,278,98,hsv,off,0
违章02/违章02_t17.4_2_off.jpg,违章02,17.44,214,79,242,96,hsv,off,0
违章02/违章02_t17.4_4_off.jpg,违章02,17.44,786,118,798,141,hsv,off,0
违章02/违章02_t17.4_5_off.jpg,违章02,17.44,706,131,737,155,hsv,off,0
违章02/违章02_t17.4_6_off.jpg,违章02,17.44,252,176,284,202,hsv,off,0
违章02/违章02_t17.7_1_off.jpg,违章02,17.68,254,71,273,95,hsv,off,0
违章02/违章02_t17.7_2_off.jpg,违章02,17.68,209,75,237,94,hsv,off,0
违章02/违章02_t17.7_5_off.jpg,违章02,17.68,784,114,795,141,hsv,off,0
违章02/违章02_t17.7_6_off.jpg,违章02,17.68,713,128,740,150,hsv,off,0
违章02/违章02_t17.7_8_off.jpg,违章02,17.68,186,245,215,274,hsv,off,0
违章02/违章02_t17.7_9_off.jpg,违章02,17.68,221,250,231,273,hsv,off,0
违章02/违章02_t17.9_0_stand.jpg,违章02,17.92,975,64,996,83,hsv,stand,0
违章02/违章02_t17.9_1_off.jpg,违章02,17.92,254,68,272,92,hsv,off,0
违章02/违章02_t17.9_2_off.jpg,违章02,17.92,208,73,225,92,hsv,off,0
违章02/违章02_t17.9_4_off.jpg,违章02,17.92,784,112,794,138,hsv,off,0
违章02/违章02_t17.9_5_off.jpg,违章02,17.92,722,125,737,143,hsv,off,0
违章02/违章02_t17.9_6_off.jpg,违章02,17.92,219,246,231,269,hsv,off,0
违章02/违章02_t18.1_0_stand.jpg,违章02,18.15,980,58,995,77,hsv,stand,0
违章02/违章02_t18.1_1_off.jpg,违章02,18.15,251,66,271,89,hsv,off,0
违章02/违章02_t18.1_2_off.jpg,违章02,18.15,207,70,226,88,hsv,off,0
违章02/违章02_t18.1_3_off.jpg,违章02,18.15,783,108,794,135,hsv,off,0
违章02/违章02_t18.1_4_off.jpg,违章02,18.15,718,122,735,139,hsv,off,0
违章02/违章02_t18.1_6_off.jpg,违章02,18.15,219,243,230,265,hsv,off,0
违章02/违章02_t18.4_0_off.jpg,违章02,18.39,980,55,988,67,hsv,off,0
违章02/违章02_t18.4_2_off.jpg,违章02,18.39,249,62,269,85,hsv,off,0
违章02/违章02_t18.4_3_off.jpg,违章02,18.39,205,68,222,85,hsv,off,0
违章02/违章02_t18.4_4_off.jpg,违章02,18.39,782,105,792,129,hsv,off,0
违章02/违章02_t18.4_5_off.jpg,违章02,18.39,715,119,739,136,hsv,off,0
违章02/违章02_t18.4_7_off.jpg,违章02,18.39,198,260,206,271,hsv,off,0
违章02/违章02_t18.6_0_stand.jpg,违章02,18.62,980,56,994,72,hsv,stand,0
违章02/违章02_t18.6_1_off.jpg,违章02,18.62,244,60,270,86,hsv,off,0
违章02/违章02_t18.6_2_off.jpg,违章02,18.62,206,63,231,81,hsv,off,0
违章02/违章02_t18.6_7_off.jpg,违章02,18.62,781,102,792,129,hsv,off,0
违章02/违章02_t18.6_8_off.jpg,违章02,18.62,718,117,738,132,hsv,off,0
违章02/违章02_t18.9_0_stand.jpg,违章02,18.86,981,55,989,70,hsv,stand,0
违章02/违章02_t18.9_1_off.jpg,违章02,18.86,244,59,270,85,hsv,off,0
违章02/违章02_t18.9_2_off.jpg,违章02,18.86,205,62,223,80,hsv,off,0
违章02/违章02_t18.9_4_off.jpg,违章02,18.86,181,68,195,77,hsv,off,0
违章02/违章02_t18.9_6_off.jpg,违章02,18.86,782,102,793,128,hsv,off,0
违章02/违章02_t18.9_7_off.jpg,违章02,18.86,722,116,738,130,hsv,off,0
违章02/违章02_t18.9_8_off.jpg,违章02,18.86,147,268,155,280,hsv,off,0
违章02/违章02_t19.1_0_stand.jpg,违章02,19.09,981,55,996,73,hsv,stand,0
违章02/违章02_t19.1_1_off.jpg,违章02,19.09,248,59,270,82,hsv,off,0
违章02/违章02_t19.1_2_off.jpg,违章02,19.09,205,61,223,78,hsv,off,0
违章02/违章02_t19.1_4_off.jpg,违章02,19.09,783,101,794,127,hsv,off,0
违章02/违章02_t19.1_5_off.jpg,违章02,19.09,717,115,740,131,hsv,off,0
违章02/违章02_t19.3_0_off.jpg,违章02,19.33,245,53,270,79,hsv,off,0
违章02/违章02_t19.3_1_off.jpg,违章02,19.33,206,60,223,76,hsv,off,0
违章02/违章02_t19.3_4_off.jpg,违章02,19.33,783,98,794,126,hsv,off,0
违章02/违章02_t19.3_5_off.jpg,违章02,19.33,711,114,736,135,hsv,off,0
违章02/违章02_t19.6_0_off.jpg,违章02,19.57,980,51,997,67,hsv,off,0
违章02/违章02_t19.6_1_off.jpg,违章02,19.57,249,52,271,76,hsv,off,0
违章02/违章02_t19.6_2_off.jpg,违章02,19.57,205,56,232,76,hsv,off,0
违章02/违章02_t19.6_5_off.jpg,违章02,19.57,250,81,268,89,hsv,off,0
违章02/违章02_t19.6_6_off.jpg,违章02,19.57,784,96,793,126,hsv,off,0
违章02/违章02_t19.6_7_off.jpg,违章02,19.57,703,113,730,137,hsv,off,0
违章02/违章02_t19.8_0_off.jpg,违章02,19.8,981,52,998,67,hsv,off,0
违章02/违章02_t19.8_2_off.jpg,违章02,19.8,981,63,992,71,hsv,off,0
违章02/违章02_t19.8_3_off.jpg,违章02,19.8,252,80,267,89,hsv,off,0
违章02/违章02_t19.8_4_off.jpg,违章02,19.8,784,96,795,126,hsv,off,0
违章02/违章02_t19.8_5_off.jpg,违章02,19.8,701,113,723,134,hsv,off,0
违章02/违章02_t19.8_8_off.jpg,违章02,19.8,219,233,227,252,hsv,off,0
违章02/违章02_t20.0_1_off.jpg,违章02,20.04,249,49,272,75,hsv,off,0
违章02/违章02_t20.0_2_off.jpg,违章02,20.04,983,52,991,62,hsv,off,0
违章02/违章02_t20.0_4_off.jpg,违章02,20.04,256,80,267,88,hsv,off,0
违章02/违章02_t20.0_5_stand.jpg,违章02,20.04,785,97,796,123,hsv,stand,0
违章02/违章02_t20.0_6_off.jpg,违章02,20.04,698,113,717,135,hsv,off,0
违章02/违章02_t20.0_9_off.jpg,违章02,20.04,286,505,295,513,hsv,off,0
违章02/违章02_t20.3_0_off.jpg,违章02,20.27,250,50,272,75,hsv,off,0
违章02/违章02_t20.3_1_off.jpg,违章02,20.27,984,52,999,70,hsv,off,0
违章02/违章02_t20.3_2_off.jpg,违章02,20.27,207,54,235,74,hsv,off,0
违章02/违章02_t20.3_3_off.jpg,违章02,20.27,183,57,199,77,hsv,off,0
违章02/违章02_t20.3_4_off.jpg,违章02,20.27,257,80,267,89,hsv,off,0
违章02/违章02_t20.3_5_stand.jpg,违章02,20.27,785,97,796,123,hsv,stand,0
违章02/违章02_t20.3_6_off.jpg,违章02,20.27,688,113,709,132,hsv,off,0
违章02/违章02_t20.3_10_off.jpg,违章02,20.27,340,536,348,544,hsv,off,0
违章02/违章02_t20.5_0_off.jpg,违章02,20.51,247,51,273,77,hsv,off,0
违章02/违章02_t20.5_1_off.jpg,违章02,20.51,980,52,999,71,hsv,off,0
违章02/违章02_t20.5_2_off.jpg,违章02,20.51,208,54,236,75,hsv,off,0
违章02/违章02_t20.5_5_off.jpg,违章02,20.51,180,65,190,78,hsv,off,0
违章02/违章02_t20.5_7_off.jpg,违章02,20.51,784,97,796,126,hsv,off,0
违章02/违章02_t20.5_8_off.jpg,违章02,20.51,676,113,696,130,hsv,off,0
违章02/违章02_t20.5_9_off.jpg,违章02,20.51,164,177,183,185,hsv,off,0
违章02/违章02_t20.5_10_off.jpg,违章02,20.51,187,192,197,201,hsv,off,0
违章02/违章02_t20.5_12_off.jpg,违章02,20.51,268,381,277,408,hsv,off,0
违章02/违章02_t20.7_0_off.jpg,违章02,20.74,247,53,273,78,hsv,off,0
违章02/违章02_t20.7_1_off.jpg,违章02,20.74,208,55,236,77,hsv,off,0
违章02/违章02_t20.7_2_stand.jpg,违章02,20.74,985,55,998,74,hsv,stand,0
违章02/违章02_t20.7_4_off.jpg,违章02,20.74,785,101,795,129,hsv,off,0
违章02/违章02_t20.7_5_off.jpg,违章02,20.74,223,122,232,130,hsv,off,0
违章02/违章02_t20.7_8_off.jpg,违章02,20.74,220,194,233,203,hsv,off,0
违章02/违章02_t20.7_9_off.jpg,违章02,20.74,122,378,131,396,hsv,off,0
违章02/违章02_t20.7_10_off.jpg,违章02,20.74,329,405,337,429,hsv,off,0
违章02/违章02_t21.0_0_off.jpg,违章02,20.98,252,56,272,80,hsv,off,0
违章02/违章02_t21.0_1_off.jpg,违章02,20.98,207,59,226,78,hsv,off,0
违章02/违章02_t21.0_2_off.jpg,违章02,20.98,980,58,997,75,hsv,off,0
违章02/违章02_t21.0_4_off.jpg,违章02,20.98,784,104,795,131,hsv,off,0
违章02/违章02_t21.0_6_off.jpg,违章02,20.98,288,126,299,136,hsv,off,0
违章02/违章02_t21.0_10_off.jpg,违章02,20.98,267,189,289,198,hsv,off,0
违章02/违章02_t21.0_11_off.jpg,违章02,20.98,287,205,301,215,hsv,off,0
违章02/违章02_t21.0_14_off.jpg,违章02,20.98,315,704,328,720,hsv,off,0
违章02/违章02_t21.2_0_off.jpg,违章02,21.22,253,57,272,80,hsv,off,0
违章02/违章02_t21.2_1_off.jpg,违章02,21.22,213,61,226,79,hsv,off,0
违章02/违章02_t21.2_3_walk.jpg,违章02,21.22,783,106,794,133,hsv,walk,0
违章02/违章02_t21.2_4_off.jpg,违章02,21.22,37,124,49,133,hsv,off,0
违章02/违章02_t21.2_5_off.jpg,违章02,21.22,360,128,371,141,hsv,off,0
违章02/违章02_t21.2_6_off.jpg,违章02,21.22,262,160,278,174,hsv,off,0
违章02/违章02_t21.2_8_off.jpg,违章02,21.22,335,191,358,200,hsv,off,0
违章02/违章02_t21.2_10_off.jpg,违章02,21.22,198,405,207,427,hsv,off,0
违章02/违章02_t21.2_11_off.jpg,违章02,21.22,488,436,505,488,hsv,off,0
违章02/违章02_t21.4_0_off.jpg,违章02,21.45,983,43,991,51,hsv,off,0
违章02/违章02_t21.4_1_off.jpg,违章02,21.45,250,59,271,82,hsv,off,0
违章02/违章02_t21.4_2_off.jpg,违章02,21.45,205,63,234,82,hsv,off,0
违章02/违章02_t21.4_6_walk.jpg,违章02,21.45,781,108,792,136,hsv,walk,0
违章02/违章02_t21.4_8_off.jpg,违章02,21.45,416,128,426,139,hsv,off,0
违章02/违章02_t21.4_9_off.jpg,违章02,21.45,262,162,277,176,hsv,off,0
违章02/违章02_t21.4_12_off.jpg,违章02,21.45,395,193,415,201,hsv,off,0
违章02/违章02_t21.4_13_off.jpg,违章02,21.45,225,415,238,436,hsv,off,0
违章02/违章02_t21.4_14_off.jpg,违章02,21.45,51,445,59,469,hsv,off,0
违章02/违章02_t21.7_0_off.jpg,违章02,21.69,205,63,235,83,hsv,off,0
违章02/违章02_t21.7_1_off.jpg,违章02,21.69,244,64,270,84,hsv,off,0
违章02/违章02_t21.7_3_off.jpg,违章02,21.69,176,68,185,82,hsv,off,0
违章02/违章02_t21.7_5_walk.jpg,违章02,21.69,781,112,791,135,hsv,walk,0
违章02/违章02_t21.7_7_off.jpg,违章02,21.69,412,121,427,132,hsv,off,0
违章02/违章02_t21.7_9_off.jpg,违章02,21.69,455,132,464,142,hsv,off,0
违章02/违章02_t21.7_11_off.jpg,违章02,21.69,428,199,455,207,hsv,off,0
违章02/违章02_t21.7_12_off.jpg,违章02,21.69,249,424,262,448,hsv,off,0
违章02/违章02_t21.7_13_off.jpg,违章02,21.69,131,458,140,485,hsv,off,0
违章02/违章02_t21.7_14_off.jpg,违章02,21.69,488,509,499,522,hsv,off,0
违章02/违章02_t21.9_0_off.jpg,违章02,21.92,979,47,988,57,hsv,off,0
违章02/违章02_t21.9_1_off.jpg,违章02,21.92,204,65,231,85,hsv,off,0
违章02/违章02_t21.9_2_off.jpg,违章02,21.92,242,66,269,86,hsv,off,0
违章02/违章02_t21.9_4_off.jpg,违章02,21.92,175,69,193,82,hsv,off,0
违章02/违章02_t21.9_5_walk.jpg,违章02,21.92,780,115,790,138,hsv,walk,0
违章02/违章02_t21.9_6_off.jpg,违章02,21.92,462,118,474,129,hsv,off,0
违章02/违章02_t21.9_8_off.jpg,违章02,21.92,426,124,444,134,hsv,off,0
违章02/违章02_t21.9_9_off.jpg,违章02,21.92,121,132,131,142,hsv,off,0
违章02/违章02_t21.9_11_off.jpg,违章02,21.92,451,190,467,198,hsv,off,0
违章02/违章02_t21.9_12_off.jpg,违章02,21.92,443,202,471,211,hsv,off,0
违章02/违章02_t21.9_13_off.jpg,违章02,21.92,257,437,270,460,hsv,off,0
违章02/违章02_t21.9_14_off.jpg,违章02,21.92,219,470,231,497,hsv,off,0
违章02/违章02_t21.9_15_off.jpg,违章02,21.92,626,474,643,531,hsv,off,0
违章02/违章02_t21.9_16_off.jpg,违章02,21.92,511,525,521,538,hsv,off,0
违章02/违章02_t22.2_0_walk.jpg,违章02,22.16,978,49,986,63,hsv,walk,0
违章02/违章02_t22.2_1_off.jpg,违章02,22.16,201,65,227,86,hsv,off,0
违章02/违章02_t22.2_2_off.jpg,违章02,22.16,241,66,267,87,hsv,off,0
违章02/违章02_t22.2_4_off.jpg,违章02,22.16,173,71,186,79,hsv,off,0
违章02/违章02_t22.2_5_off.jpg,违章02,22.16,777,117,789,140,hsv,off,0
违章02/违章02_t22.2_6_off.jpg,违章02,22.16,447,119,474,134,hsv,off,0
违章02/违章02_t22.2_8_off.jpg,违章02,22.16,430,128,442,137,hsv,off,0
违章02/违章02_t22.2_9_off.jpg,违章02,22.16,177,134,186,143,hsv,off,0
违章02/违章02_t22.2_10_off.jpg,违章02,22.16,476,140,484,153,hsv,off,0
违章02/违章02_t22.2_13_off.jpg,违章02,22.16,257,448,271,471,hsv,off,0
违章02/违章02_t22.2_14_off.jpg,违章02,22.16,632,486,649,545,hsv,off,0
违章02/违章02_t22.2_15_off.jpg,违章02,22.16,518,540,534,560,hsv,off,0
违章02/违章02_t22.4_0_walk.jpg,违章02,22.39,976,51,985,66,hsv,walk,0
违章02/违章02_t22.4_1_off.jpg,违章02,22.39,239,67,265,89,hsv,off,0
违章02/违章02_t22.4_2_off.jpg,违章02,22.39,174,71,188,89,hsv,off,0
违章02/违章02_t22.4_3_off.jpg,违章02,22.39,776,119,787,142,hsv,off,0
违章02/违章02_t22.4_4_off.jpg,违章02,22.39,459,123,469,132,hsv,off,0
违章02/违章02_t22.4_6_off.jpg,违章02,22.39,425,131,439,140,hsv,off,0
违章02/违章02_t22.4_7_off.jpg,违章02,22.39,234,136,243,148,hsv,off,0
违章02/违章02_t22.4_8_off.jpg,违章02,22.39,469,137,483,152,hsv,off,0
违章02/违章02_t22.4_12_off.jpg,违章02,22.39,440,212,470,222,hsv,off,0
违章02/违章02_t22.4_13_off.jpg,违章02,22.39,256,454,269,478,hsv,off,0
违章02/违章02_t22.4_14_off.jpg,违章02,22.39,622,499,635,542,hsv,off,0
违章02/违章02_t22.4_15_off.jpg,违章02,22.39,523,549,545,573,hsv,off,0
违章02/违章02_t22.6_0_walk.jpg,违章02,22.63,973,54,982,68,hsv,walk,0
违章02/违章02_t22.6_1_off.jpg,违章02,22.63,238,67,263,90,hsv,off,0
违章02/违章02_t22.6_2_off.jpg,违章02,22.63,197,72,224,90,hsv,off,0
违章02/违章02_t22.6_5_off.jpg,违章02,22.63,773,119,784,144,hsv,off,0
违章02/违章02_t22.6_6_off.jpg,违章02,22.63,296,127,317,135,hsv,off,0
违章02/违章02_t22.6_7_off.jpg,违章02,22.63,465,131,477,139,hsv,off,0
违章02/违章02_t22.6_8_off.jpg,违章02,22.63,431,133,449,149,hsv,off,0
违章02/违章02_t22.6_12_off.jpg,违章02,22.63,450,211,469,219,hsv,off,0
违章02/违章02_t22.6_14_off.jpg,违章02,22.63,432,224,465,247,hsv,off,0
违章02/违章02_t22.6_15_off.jpg,违章02,22.63,472,241,483,252,hsv,off,0
违章02/违章02_t22.6_17_off.jpg,违章02,22.63,258,454,271,480,hsv,off,0
违章02/违章02_t22.6_18_off.jpg,违章02,22.63,603,503,616,543,hsv,off,0
违章02/违章02_t22.6_20_off.jpg,违章02,22.63,537,558,548,570,hsv,off,0
违章02/违章02_t22.9_0_walk.jpg,违章02,22.87,971,56,980,70,hsv,walk,0
违章02/违章02_t22.9_1_off.jpg,违章02,22.87,237,68,262,91,hsv,off,0
违章02/违章02_t22.9_2_off.jpg,违章02,22.87,195,73,223,90,hsv,off,0
违章02/违章02_t22.9_4_off.jpg,违章02,22.87,771,120,783,145,hsv,off,0
违章02/违章02_t22.9_5_off.jpg,违章02,22.87,449,131,468,148,hsv,off,0
违章02/违章02_t22.9_6_off.jpg,违章02,22.87,493,138,508,157,hsv,off,0
违章02/违章02_t22.9_9_off.jpg,违章02,22.87,440,188,457,196,hsv,off,0
违章02/违章02_t22.9_10_off.jpg,违章02,22.87,469,212,489,220,hsv,off,0
违章02/违章02_t22.9_12_off.jpg,违章02,22.87,453,226,486,248,hsv,off,0
违章02/违章02_t22.9_13_off.jpg,违章02,22.87,495,241,507,253,hsv,off,0
违章02/违章02_t22.9_14_off.jpg,违章02,22.87,272,456,287,481,hsv,off,0
违章02/违章02_t22.9_15_off.jpg,违章02,22.87,610,500,639,537,hsv,off,0
违章02/违章02_t22.9_16_off.jpg,违章02,22.87,553,557,568,575,hsv,off,0
违章02/违章02_t23.1_0_walk.jpg,违章02,23.1,971,56,979,70,hsv,walk,0
违章02/违章02_t23.1_1_off.jpg,违章02,23.1,238,70,261,92,hsv,off,0
违章02/违章02_t23.1_2_off.jpg,违章02,23.1,195,75,222,92,hsv,off,0
违章02/违章02_t23.1_3_off.jpg,违章02,23.1,771,120,782,146,hsv,off,0
违章02/违章02_t23.1_4_off.jpg,违章02,23.1,392,127,416,135,hsv,off,0
违章02/违章02_t23.1_5_off.jpg,违章02,23.1,528,129,549,157,hsv,off,0
违章02/违章02_t23.1_6_off.jpg,违章02,23.1,492,130,510,146,hsv,off,0
违章02/违章02_t23.1_7_off.jpg,违章02,23.1,235,173,266,200,hsv,off,0
违章02/违章02_t23.1_8_off.jpg,违章02,23.1,522,175,535,191,hsv,off,0
违章02/违章02_t23.1_9_off.jpg,违章02,23.1,478,177,512,196,hsv,off,0
违章02/违章02_t23.1_10_off.jpg,违章02,23.1,221,184,229,194,hsv,off,0
违章02/违章02_t23.1_12_off.jpg,违章02,23.1,498,228,526,239,hsv,off,0
违章02/违章02_t23.1_14_off.jpg,违章02,23.1,290,458,305,484,hsv,off,0
违章02/违章02_t23.1_15_off.jpg,违章02,23.1,664,505,695,514,hsv,off,0
违章02/违章02_t23.1_17_off.jpg,违章02,23.1,628,524,639,541,hsv,off,0
违章02/违章02_t23.3_0_walk.jpg,违章02,23.34,970,57,980,71,hsv,walk,0
违章02/违章02_t23.3_1_off.jpg,违章02,23.34,239,71,260,93,hsv,off,0
违章02/违章02_t23.3_2_off.jpg,违章02,23.34,195,74,224,91,hsv,off,0
违章02/违章02_t23.3_3_off.jpg,违章02,23.34,768,122,780,146,hsv,off,0
违章02/违章02_t23.3_5_off.jpg,违章02,23.34,545,133,558,143,hsv,off,0
违章02/违章02_t23.3_6_off.jpg,违章02,23.34,571,135,588,165,hsv,off,0
违章02/违章02_t23.3_9_off.jpg,违章02,23.34,233,173,263,200,hsv,off,0
违章02/违章02_t23.3_11_off.jpg,违章02,23.34,533,184,555,200,hsv,off,0
违章02/违章02_t23.3_12_off.jpg,违章02,23.34,485,193,504,204,hsv,off,0
违章02/违章02_t23.3_13_off.jpg,违章02,23.34,518,194,540,203,hsv,off,0
违章02/违章02_t23.3_15_off.jpg,违章02,23.34,545,221,567,231,hsv,off,0
违章02/违章02_t23.3_16_off.jpg,违章02,23.34,531,236,563,250,hsv,off,0
违章02/违章02_t23.3_17_off.jpg,违章02,23.34,509,244,521,252,hsv,off,0
违章02/违章02_t23.3_18_off.jpg,违章02,23.34,528,254,539,263,hsv,off,0
违章02/违章02_t23.3_20_off.jpg,违章02,23.34,304,459,319,486,hsv,off,0
违章02/违章02_t23.3_22_off.jpg,违章02,23.34,662,521,681,571,hsv,off,0
违章02/违章02_t23.3_23_off.jpg,违章02,23.34,559,577,575,593,hsv,off,0
违章02/违章02_t23.6_0_walk.jpg,违章02,23.57,967,59,978,72,hsv,walk,0
违章02/违章02_t23.6_1_off.jpg,违章02,23.57,239,73,258,95,hsv,off,0
违章02/违章02_t23.6_2_off.jpg,违章02,23.57,468,118,498,134,hsv,off,0
违章02/违章02_t23.6_3_off.jpg,违章02,23.57,767,123,778,150,hsv,off,0
违章02/违章02_t23.6_4_off.jpg,违章02,23.57,469,136,493,149,hsv,off,0
违章02/违章02_t23.6_5_off.jpg,违章02,23.57,601,138,623,153,hsv,off,0
违章02/违章02_t23.6_7_off.jpg,违章02,23.57,620,154,632,167,hsv,off,0
违章02/违章02_t23.6_9_off.jpg,违章02,23.57,230,175,261,201,hsv,off,0
违章02/违章02_t23.6_11_off.jpg,违章02,23.57,613,191,625,199,hsv,off,0
违章02/违章02_t23.6_12_off.jpg,违章02,23.57,583,193,602,202,hsv,off,0
违章02/违章02_t23.6_13_off.jpg,违章02,23.57,565,202,590,213,hsv,off,0
违章02/违章02_t23.6_14_off.jpg,违章02,23.57,538,204,547,220,hsv,off,0
违章02/违章02_t23.6_16_off.jpg,违章02,23.57,590,225,611,243,hsv,off,0
违章02/违章02_t23.6_17_off.jpg,违章02,23.57,555,246,615,268,hsv,off,0
违章02/违章02_t23.6_19_off.jpg,违章02,23.57,327,468,340,493,hsv,off,0
违章02/违章02_t23.6_21_off.jpg,违章02,23.57,730,530,753,605,hsv,off,0
违章02/违章02_t23.8_0_walk.jpg,违章02,23.81,966,60,976,72,hsv,walk,0
违章02/违章02_t23.8_1_off.jpg,违章02,23.81,237,75,256,96,hsv,off,0
违章02/违章02_t23.8_2_off.jpg,违章02,23.81,513,116,542,132,hsv,off,0
违章02/违章02_t23.8_3_off.jpg,违章02,23.81,765,124,776,149,hsv,off,0
违章02/违章02_t23.8_5_off.jpg,违章02,23.81,509,134,533,147,hsv,off,0
违章02/违章02_t23.8_6_off.jpg,违章02,23.81,646,151,659,159,hsv,off,0
违章02/违章02_t23.8_7_off.jpg,违章02,23.81,684,152,693,171,hsv,off,0
违章02/违章02_t23.8_9_off.jpg,违章02,23.81,648,191,666,201,hsv,off,0
违章02/违章02_t23.8_11_off.jpg,违章02,23.81,625,201,654,212,hsv,off,0
违章02/违章02_t23.8_12_off.jpg,违章02,23.81,594,204,608,220,hsv,off,0
违章02/违章02_t23.8_14_off.jpg,违章02,23.81,654,226,673,244,hsv,off,0
违章02/违章02_t23.8_16_off.jpg,违章02,23.81,641,247,676,257,hsv,off,0
违章02/违章02_t23.8_17_off.jpg,违章02,23.81,622,252,640,265,hsv,off,0
违章02/违章02_t23.8_19_off.jpg,违章02,23.81,661,610,670,624,hsv,off,0
违章02/违章02_t24.0_0_walk.jpg,违章02,24.04,964,62,973,73,hsv,walk,0
违章02/违章02_t24.0_1_off.jpg,违章02,24.04,235,77,254,97,hsv,off,0
违章02/违章02_t24.0_2_off.jpg,违章02,24.04,188,80,219,97,hsv,off,0
违章02/违章02_t24.0_3_off.jpg,违章02,24.04,546,115,574,130,hsv,off,0
违章02/违章02_t24.0_4_off.jpg,违章02,24.04,687,120,699,130,hsv,off,0
违章02/违章02_t24.0_6_off.jpg,违章02,24.04,540,128,564,147,hsv,off,0
违章02/违章02_t24.0_7_off.jpg,违章02,24.04,762,133,770,143,hsv,off,0
违章02/违章02_t24.0_13_off.jpg,违章02,24.04,715,203,744,216,hsv,off,0
违章02/违章02_t24.0_14_off.jpg,违章02,24.04,683,206,692,226,hsv,off,0
违章02/违章02_t24.0_15_off.jpg,违章02,24.04,743,233,762,250,hsv,off,0
违章02/违章02_t24.0_16_off.jpg,违章02,24.04,730,253,763,266,hsv,off,0
违章02/违章02_t24.0_17_off.jpg,违章02,24.04,712,259,728,271,hsv,off,0
违章02/违章02_t24.0_18_off.jpg,违章02,24.04,379,520,398,553,hsv,off,0
违章02/违章02_t24.0_20_off.jpg,违章02,24.04,767,670,778,683,hsv,off,0
违章02/违章02_t24.3_0_off.jpg,违章02,24.28,960,61,971,74,hsv,off,0
违章02/违章02_t24.3_1_off.jpg,违章02,24.28,231,78,241,89,hsv,off,0
违章02/违章02_t24.3_2_off.jpg,违章02,24.28,164,81,175,92,hsv,off,0
违章02/违章02_t24.3_3_off.jpg,违章02,24.28,558,117,574,131,hsv,off,0
违章02/违章02_t24.3_4_off.jpg,违章02,24.28,575,124,591,132,hsv,off,0
违章02/违章02_t24.3_5_off.jpg,违章02,24.28,557,136,580,150,hsv,off,0
违章02/违章02_t24.3_6_off.jpg,违章02,24.28,262,145,270,163,hsv,off,0
违章02/违章02_t24.3_8_off.jpg,违章02,24.28,836,209,851,217,hsv,off,0
违章02/违章02_t24.3_9_off.jpg,违章02,24.28,740,213,750,231,hsv,off,0
违章02/违章02_t24.3_10_off.jpg,违章02,24.28,809,218,848,233,hsv,off,0
违章02/违章02_t24.3_11_off.jpg,违章02,24.28,773,221,782,240,hsv,off,0
违章02/违章02_t24.3_12_off.jpg,违章02,24.28,784,250,795,262,hsv,off,0
违章02/违章02_t24.3_13_off.jpg,违章02,24.28,839,251,857,269,hsv,off,0
违章02/违章02_t24.3_14_off.jpg,违章02,24.28,823,273,856,286,hsv,off,0
违章02/违章02_t24.3_16_off.jpg,违章02,24.28,1083,667,1101,720,hsv,off,0
违章02/违章02_t24.5_0_off.jpg,违章02,24.52,958,62,969,75,hsv,off,0
违章02/违章02_t24.5_1_off.jpg,违章02,24.52,227,80,249,100,hsv,off,0
违章02/违章02_t24.5_2_off.jpg,违章02,24.52,160,84,173,102,hsv,off,0
违章02/违章02_t24.5_4_off.jpg,违章02,24.52,581,125,598,140,hsv,off,0
违章02/违章02_t24.5_6_off.jpg,违章02,24.52,759,128,768,155,hsv,off,0
违章02/违章02_t24.5_7_off.jpg,违章02,24.52,960,131,974,149,hsv,off,0
违章02/违章02_t24.5_8_off.jpg,违章02,24.52,570,138,585,156,hsv,off,0
违章02/违章02_t24.5_12_off.jpg,违章02,24.52,926,164,945,184,hsv,off,0
违章02/违章02_t24.5_13_off.jpg,违章02,24.52,554,168,568,179,hsv,off,0
违章02/违章02_t24.5_14_off.jpg,违章02,24.52,906,191,919,204,hsv,off,0
违章02/违章02_t24.5_15_off.jpg,违章02,24.52,888,207,900,219,hsv,off,0
违章02/违章02_t24.5_16_off.jpg,违章02,24.52,825,218,860,244,hsv,off,0
违章02/违章02_t24.5_17_off.jpg,违章02,24.52,860,225,906,288,hsv,off,0
违章02/违章02_t24.5_19_off.jpg,违章02,24.52,913,234,940,244,hsv,off,0
违章02/违章02_t24.5_21_off.jpg,违章02,24.52,854,258,869,273,hsv,off,0
违章02/违章02_t24.5_22_off.jpg,违章02,24.52,935,267,954,284,hsv,off,0
违章02/违章02_t24.5_23_off.jpg,违章02,24.52,920,288,950,300,hsv,off,0
违章02/违章02_t24.5_25_off.jpg,违章02,24.52,809,700,820,713,hsv,off,0
违章02/违章02_t24.8_0_off.jpg,违章02,24.75,955,60,965,74,hsv,off,0
违章02/违章02_t24.8_1_off.jpg,违章02,24.75,223,78,245,98,hsv,off,0
违章02/违章02_t24.8_5_off.jpg,违章02,24.75,1004,104,1033,115,hsv,off,0
违章02/违章02_t24.8_6_walk.jpg,违章02,24.75,946,108,973,118,hsv,walk,0
违章02/违章02_t24.8_7_off.jpg,违章02,24.75,755,125,767,153,hsv,off,0
违章02/违章02_t24.8_9_off.jpg,违章02,24.75,570,130,606,156,hsv,off,0
违章02/违章02_t24.8_10_off.jpg,违章02,24.75,1078,135,1091,150,hsv,off,0
违章02/违章02_t24.8_11_off.jpg,违章02,24.75,572,143,593,164,hsv,off,0
违章02/违章02_t24.8_13_off.jpg,违章02,24.75,940,156,951,168,hsv,off,0
违章02/违章02_t24.8_14_off.jpg,违章02,24.75,565,167,590,181,hsv,off,0
违章02/违章02_t24.8_15_off.jpg,违章02,24.75,172,169,195,233,hsv,off,0
违章02/违章02_t24.8_16_off.jpg,违章02,24.75,1042,176,1061,193,hsv,off,0
违章02/违章02_t24.8_17_off.jpg,违章02,24.75,1016,202,1032,217,hsv,off,0
违章02/违章02_t24.8_18_off.jpg,违章02,24.75,997,224,1006,232,hsv,off,0
违章02/违章02_t24.8_19_off.jpg,违章02,24.75,922,231,955,257,hsv,off,0
违章02/违章02_t24.8_21_off.jpg,违章02,24.75,962,239,1010,308,hsv,off,0
违章02/违章02_t24.8_22_off.jpg,违章02,24.75,1018,249,1046,258,hsv,off,0
违章02/违章02_t24.8_24_off.jpg,违章02,24.75,957,277,970,288,hsv,off,0
违章02/违章02_t24.8_25_off.jpg,违章02,24.75,1047,278,1067,303,hsv,off,0
违章02/违章02_t24.8_26_off.jpg,违章02,24.75,397,311,413,320,hsv,off,0
违章02/违章02_t24.8_27_off.jpg,违章02,24.75,1030,312,1056,320,hsv,off,0
违章02/违章02_t25.0_0_walk.jpg,违章02,24.99,953,61,963,74,hsv,walk,0
违章02/违章02_t25.0_1_off.jpg,违章02,24.99,220,79,243,100,hsv,off,0
违章02/违章02_t25.0_2_off.jpg,违章02,24.99,177,81,192,96,hsv,off,0
违章02/违章02_t25.0_3_off.jpg,违章02,24.99,1080,101,1114,117,hsv,off,0
违章02/违章02_t25.0_4_off.jpg,违章02,24.99,754,126,765,154,hsv,off,0
违章02/违章02_t25.0_5_off.jpg,违章02,24.99,618,132,635,160,hsv,off,0
违章02/违章02_t25.0_7_off.jpg,违章02,24.99,605,145,623,168,hsv,off,0
违章02/违章02_t25.0_8_off.jpg,违章02,24.99,600,170,618,180,hsv,off,0
违章02/违章02_t25.0_9_off.jpg,违章02,24.99,1191,177,1203,189,hsv,off,0
违章02/违章02_t25.0_10_off.jpg,违章02,24.99,1138,221,1151,230,hsv,off,0
违章02/违章02_t25.0_11_off.jpg,违章02,24.99,1051,233,1090,261,hsv,off,0
违章02/违章02_t25.0_12_off.jpg,违章02,24.99,1100,243,1125,273,hsv,off,0
违章02/违章02_t25.0_13_off.jpg,违章02,24.99,1121,272,1140,299,hsv,off,0
违章02/违章02_t25.0_14_off.jpg,违章02,24.99,1196,291,1216,307,hsv,off,0
违章02/违章02_t25.0_15_off.jpg,违章02,24.99,415,314,428,324,hsv,off,0
违章02/违章02_t25.0_16_off.jpg,违章02,24.99,1176,321,1204,329,hsv,off,0
违章02/违章02_t25.0_17_off.jpg,违章02,24.99,790,665,799,686,hsv,off,0
违章02/违章02_t25.2_0_walk.jpg,违章02,25.22,952,61,962,75,hsv,walk,0
违章02/违章02_t25.2_1_off.jpg,违章02,25.22,221,80,241,99,hsv,off,0
违章02/违章02_t25.2_2_off.jpg,违章02,25.22,182,83,190,96,hsv,off,0
违章02/违章02_t25.2_3_off.jpg,违章02,25.22,1268,85,1280,99,hsv,off,0
违章02/违章02_t25.2_4_off.jpg,违章02,25.22,754,127,765,155,hsv,off,0
违章02/违章02_t25.2_5_off.jpg,违章02,25.22,657,132,674,153,hsv,off,0
违章02/违章02_t25.2_6_off.jpg,违章02,25.22,642,152,660,168,hsv,off,0
违章02/违章02_t25.2_7_off.jpg,违章02,25.22,22,161,43,176,hsv,off,0
违章02/违章02_t25.2_8_off.jpg,违章02,25.22,1246,230,1280,262,hsv,off,0
违章02/违章02_t25.5_1_off.jpg,违章02,25.46,223,81,240,97,hsv,off,0
违章02/违章02_t25.5_2_off.jpg,违章02,25.46,180,83,193,96,hsv,off,0
违章02/违章02_t25.5_3_off.jpg,违章02,25.46,753,126,763,155,hsv,off,0
违章02/违章02_t25.5_5_off.jpg,违章02,25.46,688,151,697,161,hsv,off,0
违章02/违章02_t25.5_7_off.jpg,违章02,25.46,691,171,709,179,hsv,off,0
违章02/违章02_t25.5_8_off.jpg,违章02,25.46,231,181,246,200,hsv,off,0
违章02/违章02_t25.7_1_off.jpg,违章02,25.69,223,82,240,98,hsv,off,0
违章02/违章02_t25.7_2_off.jpg,违章02,25.69,181,84,189,95,hsv,off,0
违章02/违章02_t25.7_5_off.jpg,违章02,25.69,733,152,744,164,hsv,off,0
违章02/违章02_t25.9_0_off.jpg,违章02,25.93,226,82,246,101,hsv,off,0
违章02/违章02_t25.9_1_off.jpg,违章02,25.93,181,85,199,99,hsv,off,0
违章02/违章02_t25.9_3_walk.jpg,违章02,25.93,809,142,818,150,hsv,walk,0
违章02/违章02_t25.9_4_off.jpg,违章02,25.93,785,149,801,167,hsv,off,0
违章02/违章02_t26.2_0_off.jpg,违章02,26.17,234,83,254,103,hsv,off,0
违章02/违章02_t26.2_1_off.jpg,违章02,26.17,188,87,204,99,hsv,off,0
违章02/违章02_t26.2_4_off.jpg,违章02,26.17,829,153,860,185,hsv,off,0
违章02/违章02_t26.4_0_off.jpg,违章02,26.4,240,88,262,106,hsv,off,0
违章02/违章02_t26.4_1_off.jpg,违章02,26.4,196,92,215,105,hsv,off,0
违章02/违章02_t26.4_2_off.jpg,违章02,26.4,773,134,783,160,hsv,off,0
违章02/违章02_t26.4_3_walk.jpg,违章02,26.4,909,140,941,159,hsv,walk,0
违章02/违章02_t26.4_4_off.jpg,违章02,26.4,902,151,920,165,hsv,off,0
违章02/违章02_t26.4_5_off.jpg,违章02,26.4,939,155,948,165,hsv,off,0
违章02/违章02_t26.4_6_off.jpg,违章02,26.4,912,161,926,178,hsv,off,0
违章02/违章02_t26.4_8_off.jpg,违章02,26.4,911,183,926,193,hsv,off,0
违章02/违章02_t26.6_0_off.jpg,违章02,26.64,250,91,270,109,hsv,off,0
违章02/违章02_t26.6_1_off.jpg,违章02,26.64,204,95,221,110,hsv,off,0
违章02/违章02_t26.6_2_off.jpg,违章02,26.64,1011,127,1060,149,hsv,off,0
违章02/违章02_t26.6_3_off.jpg,违章02,26.64,780,138,792,165,hsv,off,0
违章02/违章02_t26.6_4_walk.jpg,违章02,26.64,1003,144,1019,155,hsv,walk,0
违章02/违章02_t26.6_5_off.jpg,违章02,26.64,1021,152,1033,164,hsv,off,0
违章02/违章02_t26.6_6_off.jpg,违章02,26.64,1042,152,1057,174,hsv,off,0
违章02/违章02_t26.6_8_off.jpg,违章02,26.64,1015,176,1036,187,hsv,off,0
违章02/违章02_t26.6_9_off.jpg,违章02,26.64,964,194,985,205,hsv,off,0
违章02/违章02_t26.6_10_off.jpg,违章02,26.64,997,194,1010,205,hsv,off,0
违章02/违章02_t26.9_0_off.jpg,违章02,26.87,260,94,279,113,hsv,off,0
违章02/违章02_t26.9_2_off.jpg,违章02,26.87,220,100,230,110,hsv,off,0
违章02/违章02_t26.9_3_off.jpg,违章02,26.87,1192,122,1238,148,hsv,off,0
违章02/违章02_t26.9_5_walk.jpg,违章02,26.87,787,143,799,170,hsv,walk,0
违章02/违章02_t26.9_7_off.jpg,违章02,26.87,1228,148,1247,178,hsv,off,0
违章02/违章02_t26.9_8_off.jpg,违章02,26.87,1205,153,1218,165,hsv,off,0
违章02/违章02_t26.9_10_off.jpg,违章02,26.87,1127,200,1155,215,hsv,off,0
违章02/违章02_t26.9_12_off.jpg,违章02,26.87,261,208,278,223,hsv,off,0
违章02/违章02_t27.1_0_off.jpg,违章02,27.11,262,100,282,120,hsv,off,0
违章02/违章02_t27.1_1_off.jpg,违章02,27.11,224,103,245,116,hsv,off,0
违章02/违章02_t27.1_2_walk.jpg,违章02,27.11,789,151,800,177,hsv,walk,0
违章02/违章02_t27.3_1_off.jpg,违章02,27.34,263,110,272,126,hsv,off,0
违章02/违章02_t27.3_2_off.jpg,违章02,27.34,225,112,240,126,hsv,off,0
违章02/违章02_t27.3_3_off.jpg,违章02,27.34,790,158,801,182,hsv,off,0
违章02/违章02_t27.3_4_off.jpg,违章02,27.34,1200,512,1222,527,hsv,off,0
违章02/违章02_t27.6_0_off.jpg,违章02,27.58,223,115,241,132,hsv,off,0
违章02/违章02_t27.6_1_off.jpg,违章02,27.58,261,114,286,131,hsv,off,0
违章02/违章02_t27.6_3_walk.jpg,违章02,27.58,791,166,803,192,hsv,walk,0
违章02/违章02_t27.6_4_off.jpg,违章02,27.58,318,228,329,236,hsv,off,0
违章02/违章02_t27.8_0_off.jpg,违章02,27.82,264,119,289,138,hsv,off,0
违章02/违章02_t27.8_1_off.jpg,违章02,27.82,225,120,253,138,hsv,off,0
违章02/违章02_t27.8_2_walk.jpg,违章02,27.82,793,172,804,199,hsv,walk,0
违章02/违章02_t27.8_4_off.jpg,违章02,27.82,988,668,1005,690,hsv,off,0
违章02/违章02_t28.5_1_off.jpg,违章02,28.52,267,131,287,152,hsv,off,0
违章02/违章02_t28.5_2_off.jpg,违章02,28.52,223,132,242,151,hsv,off,0
违章02/违章02_t28.5_4_off.jpg,违章02,28.52,788,185,800,210,hsv,off,0
违章02/违章02_t28.5_5_off.jpg,违章02,28.52,610,224,640,238,hsv,off,0
违章02/违章02_t28.5_6_off.jpg,违章02,28.52,564,226,572,244,hsv,off,0
违章02/违章02_t28.5_7_off.jpg,违章02,28.52,599,231,620,243,hsv,off,0
违章02/违章02_t28.5_8_off.jpg,违章02,28.52,1058,239,1070,254,hsv,off,0
违章02/违章02_t28.5_9_off.jpg,违章02,28.52,582,247,607,265,hsv,off,0
违章02/违章02_t28.5_10_off.jpg,违章02,28.52,1045,250,1086,293,hsv,off,0
违章02/违章02_t28.5_11_off.jpg,违章02,28.52,618,254,635,263,hsv,off,0
违章02/违章02_t30.2_1_off.jpg,违章02,30.17,256,138,277,161,hsv,off,0
违章02/违章02_t30.2_2_off.jpg,违章02,30.17,194,147,205,157,hsv,off,0
违章02/违章02_t30.2_3_off.jpg,违章02,30.17,213,146,235,160,hsv,off,0
违章02/违章02_t30.2_4_off.jpg,违章02,30.17,281,171,304,188,hsv,off,0
违章02/违章02_t30.2_5_off.jpg,违章02,30.17,346,189,354,197,hsv,off,0
违章02/违章02_t30.2_6_off.jpg,违章02,30.17,358,188,367,198,hsv,off,0
违章02/违章02_t30.2_7_off.jpg,违章02,30.17,781,195,791,222,hsv,off,0
违章02/违章02_t30.2_8_off.jpg,违章02,30.17,334,212,352,226,hsv,off,0
违章02/违章02_t30.2_9_off.jpg,违章02,30.17,456,244,470,267,hsv,off,0
违章02/违章02_t30.4_1_off.jpg,违章02,30.41,255,142,275,162,hsv,off,0
违章02/违章02_t30.4_2_off.jpg,违章02,30.41,211,144,240,160,hsv,off,0
违章02/违章02_t30.4_3_off.jpg,违章02,30.41,371,169,439,244,hsv,off,0
违章02/违章02_t30.4_5_off.jpg,违章02,30.41,438,184,450,192,hsv,off,0
违章02/违章02_t30.4_6_off.jpg,违章02,30.41,416,186,425,196,hsv,off,0
违章02/违章02_t30.4_7_off.jpg,违章02,30.41,778,198,788,223,hsv,off,0
违章02/违章02_t30.4_8_off.jpg,违章02,30.41,428,214,450,228,hsv,off,0
违章02/违章02_t30.6_1_off.jpg,违章02,30.64,254,140,274,162,hsv,off,0
违章02/违章02_t30.6_2_off.jpg,违章02,30.64,211,144,240,160,hsv,off,0
违章02/违章02_t30.6_4_off.jpg,违章02,30.64,497,171,517,198,hsv,off,0
违章02/违章02_t30.6_5_off.jpg,违章02,30.64,510,189,580,256,hsv,off,0
违章02/违章02_t30.6_6_off.jpg,违章02,30.64,552,188,584,201,hsv,off,0
违章02/违章02_t30.6_7_off.jpg,违章02,30.64,777,198,788,223,hsv,off,0
违章02/违章02_t30.9_0_walk.jpg,违章02,30.88,970,134,979,145,hsv,walk,0
违章02/违章02_t30.9_1_off.jpg,违章02,30.88,252,140,273,162,hsv,off,0
违章02/违章02_t30.9_2_off.jpg,违章02,30.88,208,144,238,160,hsv,off,0
违章02/违章02_t30.9_3_off.jpg,违章02,30.88,628,167,649,194,hsv,off,0
违章02/违章02_t30.9_4_off.jpg,违章02,30.88,643,184,718,260,hsv,off,0
违章02/违章02_t30.9_5_off.jpg,违章02,30.88,692,184,724,198,hsv,off,0
违章02/违章02_t30.9_6_off.jpg,违章02,30.88,775,198,786,222,hsv,off,0
违章02/违章02_t30.9_8_off.jpg,违章02,30.88,659,691,667,702,hsv,off,0
违章02/违章02_t31.1_0_off.jpg,违章02,31.12,251,141,271,161,hsv,off,0
违章02/违章02_t31.1_1_off.jpg,违章02,31.12,201,144,226,160,hsv,off,0
违章02/违章02_t31.1_2_off.jpg,违章02,31.12,794,180,886,269,hsv,off,0
违章02/违章02_t31.1_3_off.jpg,违章02,31.12,854,181,882,201,hsv,off,0
违章02/违章02_t31.1_4_walk.jpg,违章02,31.12,884,183,896,194,hsv,walk,0
违章02/违章02_t31.1_5_off.jpg,违章02,31.12,684,203,692,211,hsv,off,0
违章02/违章02_t31.4_0_walk.jpg,违章02,31.35,966,134,975,143,hsv,walk,0
违章02/违章02_t31.4_1_off.jpg,违章02,31.35,203,143,233,160,hsv,off,0
违章02/违章02_t31.4_2_off.jpg,违章02,31.35,245,142,270,164,hsv,off,0
违章02/违章02_t31.4_4_off.jpg,违章02,31.35,180,145,195,159,hsv,off,0
违章02/违章02_t31.4_5_off.jpg,违章02,31.35,980,155,1015,195,hsv,off,0
违章02/违章02_t31.4_6_off.jpg,违章02,31.35,987,175,1104,276,hsv,off,0
违章02/违章02_t31.4_8_off.jpg,违章02,31.35,1067,189,1085,206,hsv,off,0
违章02/违章02_t31.4_9_off.jpg,违章02,31.35,771,195,782,220,hsv,off,0
违章02/违章02_t31.8_0_walk.jpg,违章02,31.82,959,131,968,143,hsv,walk,0
违章02/违章02_t31.8_1_off.jpg,违章02,31.82,236,140,262,161,hsv,off,0
违章02/违章02_t31.8_2_off.jpg,违章02,31.82,196,143,226,159,hsv,off,0
违章02/违章02_t31.8_4_off.jpg,违章02,31.82,764,194,776,218,hsv,off,0
违章02/违章02_t31.8_5_off.jpg,违章02,31.82,1019,216,1038,233,hsv,off,0
违章02/违章02_t32.1_1_off.jpg,违章02,32.06,228,138,256,160,hsv,off,0
违章02/违章02_t32.1_2_off.jpg,违章02,32.06,168,147,181,157,hsv,off,0
违章02/违章02_t32.1_3_off.jpg,违章02,32.06,759,193,771,217,hsv,off,0
违章02/违章02_t32.1_4_off.jpg,违章02,32.06,1021,216,1041,236,hsv,off,0
违章02/违章02_t32.1_5_off.jpg,违章02,32.06,247,242,263,255,hsv,off,0
违章02/违章02_t32.3_0_walk.jpg,违章02,32.29,950,130,958,142,hsv,walk,0
违章02/违章02_t32.3_1_off.jpg,违章02,32.29,185,138,216,159,hsv,off,0
违章02/违章02_t32.3_2_off.jpg,违章02,32.29,226,140,251,159,hsv,off,0
违章02/违章02_t32.3_4_off.jpg,违章02,32.29,756,194,767,219,hsv,off,0
违章02/违章02_t32.3_5_off.jpg,违章02,32.29,1020,217,1043,240,hsv,off,0
违章02/违章02_t32.5_0_walk.jpg,违章02,32.53,945,130,953,140,hsv,walk,0
违章02/违章02_t32.5_1_off.jpg,违章02,32.53,223,134,246,158,hsv,off,0
违章02/违章02_t32.5_2_off.jpg,违章02,32.53,179,136,212,157,hsv,off,0
违章02/违章02_t32.5_5_off.jpg,违章02,32.53,751,192,762,215,hsv,off,0
违章02/违章02_t32.5_6_off.jpg,违章02,32.53,1024,216,1045,239,hsv,off,0
违章02/违章02_t32.8_1_off.jpg,违章02,32.77,218,134,243,158,hsv,off,0
违章02/违章02_t32.8_2_off.jpg,违章02,32.77,175,139,194,156,hsv,off,0
违章02/违章02_t32.8_4_off.jpg,违章02,32.77,749,190,758,214,hsv,off,0
违章02/违章02_t32.8_5_off.jpg,违章02,32.77,1028,214,1048,240,hsv,off,0
违章02/违章02_t33.0_0_walk.jpg,违章02,33.0,938,126,947,139,hsv,walk,0
违章02/违章02_t33.0_1_off.jpg,违章02,33.0,218,133,239,155,hsv,off,0
违章02/违章02_t33.0_2_off.jpg,违章02,33.0,173,137,190,154,hsv,off,0
违章02/违章02_t33.0_4_off.jpg,违章02,33.0,745,190,755,213,hsv,off,0
违章02/违章02_t33.0_5_off.jpg,违章02,33.0,1029,215,1046,239,hsv,off,0
违章02/违章02_t33.2_1_off.jpg,违章02,33.24,165,132,198,153,hsv,off,0
违章02/违章02_t33.2_2_off.jpg,违章02,33.24,211,132,237,154,hsv,off,0
违章02/违章02_t33.2_3_off.jpg,违章02,33.24,144,142,153,152,hsv,off,0
违章02/违章02_t33.2_4_off.jpg,违章02,33.24,743,190,755,214,hsv,off,0
违章02/违章02_t33.2_5_off.jpg,违章02,33.24,1031,215,1049,238,hsv,off,0
违章02/违章02_t33.5_0_walk.jpg,违章02,33.47,935,125,943,136,hsv,walk,0
违章02/违章02_t33.5_1_off.jpg,违章02,33.47,163,130,197,151,hsv,off,0
违章02/违章02_t33.5_2_off.jpg,违章02,33.47,144,132,153,142,hsv,off,0
违章02/违章02_t33.5_3_off.jpg,违章02,33.47,742,187,753,211,hsv,off,0
违章02/违章02_t33.5_4_off.jpg,违章02,33.47,1031,210,1048,237,hsv,off,0
违章02/违章02_t33.5_5_off.jpg,违章02,33.47,168,438,207,453,hsv,off,0
违章02/违章02_t33.9_1_off.jpg,违章02,33.94,206,127,231,149,hsv,off,0
违章02/违章02_t33.9_2_off.jpg,违章02,33.94,159,130,195,148,hsv,off,0
违章02/违章02_t33.9_3_off.jpg,违章02,33.94,740,185,751,208,hsv,off,0
违章02/违章02_t33.9_4_off.jpg,违章02,33.94,1025,208,1043,234,hsv,off,0
违章02/违章02_t34.2_1_off.jpg,违章02,34.18,207,126,230,148,hsv,off,0
违章02/违章02_t34.2_2_off.jpg,违章02,34.18,135,129,156,149,hsv,off,0
违章02/违章02_t34.2_4_off.jpg,违章02,34.18,738,182,750,209,hsv,off,0
违章02/违章02_t34.2_5_off.jpg,违章02,34.18,1018,209,1037,233,hsv,off,0
违章02/违章02_t34.2_7_off.jpg,违章02,34.18,125,237,167,257,hsv,off,0
违章02/违章02_t34.2_8_off.jpg,违章02,34.18,335,648,353,681,hsv,off,0
违章02/违章02_t34.4_1_off.jpg,违章02,34.42,202,126,228,147,hsv,off,0
违章02/违章02_t34.4_2_off.jpg,违章02,34.42,134,129,153,146,hsv,off,0
违章02/违章02_t34.4_3_off.jpg,违章02,34.42,161,128,192,147,hsv,off,0
违章02/违章02_t34.4_5_off.jpg,违章02,34.42,736,181,748,207,hsv,off,0
违章02/违章02_t34.4_6_off.jpg,违章02,34.42,1014,207,1034,232,hsv,off,0
违章02/违章02_t34.4_10_off.jpg,违章02,34.42,281,244,296,254,hsv,off,0
违章02/违章02_t34.4_11_off.jpg,违章02,34.42,264,255,281,264,hsv,off,0
违章02/违章02_t34.4_13_off.jpg,违章02,34.42,492,683,512,717,hsv,off,0
违章02/违章02_t34.6_1_off.jpg,违章02,34.65,200,124,226,146,hsv,off,0
违章02/违章02_t34.6_3_off.jpg,违章02,34.65,735,181,746,205,hsv,off,0
违章02/违章02_t34.6_4_off.jpg,违章02,34.65,1009,204,1027,229,hsv,off,0
违章02/违章02_t34.6_5_off.jpg,违章02,34.65,372,216,397,237,hsv,off,0
违章02/违章02_t34.6_7_off.jpg,违章02,34.65,425,236,446,244,hsv,off,0
违章02/违章02_t34.6_8_off.jpg,违章02,34.65,393,245,447,272,hsv,off,0
违章02/违章02_t34.9_1_off.jpg,违章02,34.89,197,123,224,144,hsv,off,0
违章02/违章02_t34.9_4_off.jpg,违章02,34.89,733,178,745,201,hsv,off,0
违章02/违章02_t34.9_5_off.jpg,违章02,34.89,1012,203,1020,224,hsv,off,0
违章02/违章02_t34.9_6_off.jpg,违章02,34.89,557,215,576,223,hsv,off,0
违章02/违章02_t34.9_7_off.jpg,违章02,34.89,525,217,560,233,hsv,off,0
违章02/违章02_t34.9_8_off.jpg,违章02,34.89,572,219,587,231,hsv,off,0
违章02/违章02_t34.9_9_off.jpg,违章02,34.89,585,232,607,247,hsv,off,0
违章02/违章02_t34.9_10_off.jpg,违章02,34.89,536,234,606,278,hsv,off,0
违章02/违章02_t35.1_1_off.jpg,违章02,35.12,154,121,184,141,hsv,off,0
违章02/违章02_t35.1_2_off.jpg,违章02,35.12,196,121,221,143,hsv,off,0
违章02/违章02_t35.1_4_off.jpg,违章02,35.12,722,194,730,207,hsv,off,0
违章02/违章02_t35.1_5_off.jpg,违章02,35.12,689,209,781,285,hsv,off,0
违章02/违章02_t35.1_6_off.jpg,违章02,35.12,754,233,783,250,hsv,off,0
违章02/违章02_t35.1_8_off.jpg,违章02,35.12,804,568,813,578,hsv,off,0
违章02/违章02_t35.1_9_off.jpg,违章02,35.12,512,606,520,620,hsv,off,0
违章02/违章02_t35.4_0_walk.jpg,违章02,35.36,923,110,931,122,hsv,walk,0
违章02/违章02_t35.4_1_off.jpg,违章02,35.36,193,119,218,144,hsv,off,0
违章02/违章02_t35.4_2_off.jpg,违章02,35.36,149,120,184,140,hsv,off,0
违章02/违章02_t35.4_3_off.jpg,违章02,35.36,730,174,740,198,hsv,off,0
违章02/违章02_t35.4_4_off.jpg,违章02,35.36,884,210,998,295,hsv,off,0
违章02/违章02_t35.4_5_off.jpg,违章02,35.36,199,224,228,249,hsv,off,0
违章02/违章02_t35.4_6_off.jpg,违章02,35.36,891,266,900,280,hsv,off,0
违章02/违章02_t35.4_7_off.jpg,违章02,35.36,165,301,174,318,hsv,off,0
违章02/违章02_t35.4_8_off.jpg,违章02,35.36,1077,387,1222,465,hsv,off,0
违章02/违章02_t35.4_11_off.jpg,违章02,35.36,1059,643,1067,652,hsv,off,0
违章02/违章02_t35.4_12_off.jpg,违章02,35.36,668,648,676,660,hsv,off,0
违章02/违章02_t35.6_1_off.jpg,违章02,35.59,191,118,217,141,hsv,off,0
违章02/违章02_t35.6_2_off.jpg,违章02,35.59,728,170,738,195,hsv,off,0
违章02/违章02_t35.6_3_off.jpg,违章02,35.59,1233,206,1246,216,hsv,off,0
违章02/违章02_t35.6_4_off.jpg,违章02,35.59,1144,211,1280,315,hsv,off,0
违章02/违章02_t35.6_5_off.jpg,违章02,35.59,1188,215,1220,236,hsv,off,0
违章02/违章02_t35.6_6_off.jpg,违章02,35.59,1271,228,1280,252,hsv,off,0
违章02/违章02_t35.6_9_off.jpg,违章02,35.59,164,300,172,321,hsv,off,0
违章02/违章02_t35.6_11_off.jpg,违章02,35.59,839,705,848,720,hsv,off,0
违章02/违章02_t35.8_1_off.jpg,违章02,35.83,190,118,215,142,hsv,off,0
违章02/违章02_t35.8_2_off.jpg,违章02,35.83,727,171,737,197,hsv,off,0
违章02/违章02_t35.8_3_off.jpg,违章02,35.83,989,199,1007,210,hsv,off,0
违章02/违章02_t35.8_4_off.jpg,违章02,35.83,163,303,172,321,hsv,off,0
违章02/违章02_t36.1_1_off.jpg,违章02,36.07,190,118,215,143,hsv,off,0
违章02/违章02_t36.1_2_off.jpg,违章02,36.07,727,171,738,197,hsv,off,0
违章02/违章02_t36.1_3_off.jpg,违章02,36.07,991,198,1004,212,hsv,off,0
违章02/违章02_t36.1_4_off.jpg,违章02,36.07,161,304,171,324,hsv,off,0
违章02/违章02_t37.2_0_walk.jpg,违章02,37.24,927,107,936,116,hsv,walk,0
违章02/违章02_t37.2_1_off.jpg,违章02,37.24,159,125,178,139,hsv,off,0
违章02/违章02_t37.2_2_off.jpg,违章02,37.24,734,171,744,194,hsv,off,0
违章02/违章02_t37.2_3_off.jpg,违章02,37.24,1006,197,1014,213,hsv,off,0
违章02/违章02_t40.3_0_walk.jpg,违章02,40.31,967,115,975,127,hsv,walk,0
违章02/违章02_t40.3_1_off.jpg,违章02,40.31,241,125,267,144,hsv,off,0
违章02/违章02_t40.3_4_off.jpg,违章02,40.31,200,129,218,144,hsv,off,0
违章02/违章02_t40.3_5_off.jpg,违章02,40.31,655,132,668,141,hsv,off,0
违章02/违章02_t40.3_6_off.jpg,违章02,40.31,491,159,504,167,hsv,off,0
违章02/违章02_t40.3_7_off.jpg,违章02,40.31,770,179,780,202,hsv,off,0
违章02/违章02_t40.3_8_off.jpg,违章02,40.31,263,228,272,238,hsv,off,0
违章02/违章02_t40.3_9_off.jpg,违章02,40.31,655,542,742,574,hsv,off,0
违章02/违章02_t40.5_1_off.jpg,违章02,40.54,244,125,267,144,hsv,off,0
违章02/违章02_t40.5_2_off.jpg,违章02,40.54,203,127,233,143,hsv,off,0
违章02/违章02_t40.5_4_off.jpg,违章02,40.54,180,130,194,141,hsv,off,0
违章02/违章02_t40.5_5_off.jpg,违章02,40.54,768,177,783,186,hsv,off,0
违章02/违章02_t40.5_6_off.jpg,违章02,40.54,261,226,275,239,hsv,off,0
违章02/违章02_t40.5_7_off.jpg,违章02,40.54,697,506,740,538,hsv,off,0
违章02/违章02_t40.5_8_off.jpg,违章02,40.54,673,513,688,524,hsv,off,0
违章02/违章02_t40.5_9_off.jpg,违章02,40.54,288,545,317,561,hsv,off,0
违章02/违章02_t40.5_10_off.jpg,违章02,40.54,736,547,752,567,hsv,off,0
违章02/违章02_t40.8_0_walk.jpg,违章02,40.78,971,114,980,126,hsv,walk,0
违章02/违章02_t40.8_1_off.jpg,违章02,40.78,206,124,235,142,hsv,off,0
违章02/违章02_t40.8_2_off.jpg,违章02,40.78,246,124,271,143,hsv,off,0
违章02/违章02_t40.8_5_off.jpg,违章02,40.78,248,238,257,248,hsv,off,0
违章02/违章02_t40.8_6_off.jpg,违章02,40.78,672,365,749,451,hsv,off,0
违章02/违章02_t40.8_7_off.jpg,违章02,40.78,686,486,711,506,hsv,off,0
违章02/违章02_t40.8_8_off.jpg,违章02,40.78,710,525,719,538,hsv,off,0
违章02/违章02_t41.0_0_walk.jpg,违章02,41.02,972,112,981,126,hsv,walk,0
违章02/违章02_t41.0_1_off.jpg,违章02,41.02,251,118,272,144,hsv,off,0
违章02/违章02_t41.0_3_off.jpg,违章02,41.02,207,122,237,141,hsv,off,0
违章02/违章02_t41.0_5_off.jpg,违章02,41.02,860,151,869,163,hsv,off,0
违章02/违章02_t41.0_7_off.jpg,违章02,41.02,776,176,787,203,hsv,off,0
违章02/违章02_t41.0_8_off.jpg,违章02,41.02,656,350,718,433,hsv,off,0
违章02/违章02_t41.0_9_off.jpg,违章02,41.02,669,463,688,478,hsv,off,0
违章02/违章02_t41.0_10_off.jpg,违章02,41.02,682,496,692,505,hsv,off,0
违章02/违章02_t41.0_11_off.jpg,违章02,41.02,441,686,473,705,hsv,off,0
违章02/违章02_t41.2_0_walk.jpg,违章02,41.25,973,112,982,126,hsv,walk,0
违章02/违章02_t41.2_1_off.jpg,违章02,41.25,254,117,273,143,hsv,off,0
违章02/违章02_t41.2_2_off.jpg,违章02,41.25,207,120,238,140,hsv,off,0
违章02/违章02_t41.2_7_off.jpg,违章02,41.25,776,176,788,202,hsv,off,0
违章02/违章02_t41.2_9_off.jpg,违章02,41.25,149,207,169,231,hsv,off,0
违章02/违章02_t41.2_11_off.jpg,违章02,41.25,198,487,234,502,hsv,off,0
违章02/违章02_t41.2_13_off.jpg,违章02,41.25,481,661,510,679,hsv,off,0
违章02/违章02_t41.5_1_off.jpg,违章02,41.49,254,116,273,141,hsv,off,0
违章02/违章02_t41.5_2_off.jpg,违章02,41.49,203,120,238,138,hsv,off,0
违章02/违章02_t41.5_7_off.jpg,违章02,41.49,777,175,788,201,hsv,off,0
违章02/违章02_t41.5_10_off.jpg,违章02,41.49,163,207,199,239,hsv,off,0
违章02/违章02_t41.5_12_off.jpg,违章02,41.49,175,473,213,487,hsv,off,0
违章02/违章02_t41.5_14_off.jpg,违章02,41.49,506,587,531,603,hsv,off,0
违章02/违章02_t41.7_0_off.jpg,违章02,41.72,996,49,1006,60,hsv,off,0
违章02/违章02_t41.7_1_walk.jpg,违章02,41.72,974,111,984,122,hsv,walk,0
违章02/违章02_t41.7_2_off.jpg,违章02,41.72,255,115,273,148,hsv,off,0
违章02/违章02_t41.7_3_off.jpg,违章02,41.72,208,118,239,138,hsv,off,0
违章02/违章02_t41.7_5_off.jpg,违章02,41.72,185,121,206,133,hsv,off,0
违章02/违章02_t41.7_6_off.jpg,违章02,41.72,777,174,788,201,hsv,off,0
违章02/违章02_t41.7_9_off.jpg,违章02,41.72,192,204,229,256,hsv,off,0
违章02/违章02_t41.7_10_off.jpg,违章02,41.72,155,461,192,475,hsv,off,0
违章02/违章02_t41.7_12_off.jpg,违章02,41.72,502,531,524,545,hsv,off,0
违章02/违章02_t42.0_0_walk.jpg,违章02,41.96,973,108,982,120,hsv,walk,0
违章02/违章02_t42.0_1_off.jpg,违章02,41.96,254,115,274,140,hsv,off,0
违章02/违章02_t42.0_2_off.jpg,违章02,41.96,203,118,239,137,hsv,off,0
违章02/违章02_t42.0_4_off.jpg,违章02,41.96,181,120,200,138,hsv,off,0
违章02/违章02_t42.0_5_off.jpg,违章02,41.96,777,173,788,201,hsv,off,0
违章02/违章02_t42.0_8_off.jpg,违章02,41.96,218,207,252,268,hsv,off,0
违章02/违章02_t42.0_9_off.jpg,违章02,41.96,131,448,166,461,hsv,off,0
违章02/违章02_t42.2_0_walk.jpg,违章02,42.19,974,108,984,120,hsv,walk,0
违章02/违章02_t42.2_1_off.jpg,违章02,42.19,247,112,273,140,hsv,off,0
违章02/违章02_t42.2_2_off.jpg,违章02,42.19,208,114,238,135,hsv,off,0
违章02/违章02_t42.2_4_off.jpg,违章02,42.19,777,170,787,198,hsv,off,0
违章02/违章02_t42.2_7_off.jpg,违章02,42.19,225,337,246,354,hsv,off,0
违章02/违章02_t42.2_8_off.jpg,违章02,42.19,104,436,140,447,hsv,off,0
违章02/违章02_t42.4_0_walk.jpg,违章02,42.43,972,107,982,118,hsv,walk,0
违章02/违章02_t42.4_1_off.jpg,违章02,42.43,250,111,271,136,hsv,off,0
违章02/违章02_t42.4_2_off.jpg,违章02,42.43,206,113,236,135,hsv,off,0
违章02/违章02_t42.4_4_off.jpg,违章02,42.43,558,168,566,179,hsv,off,0
违章02/违章02_t42.4_5_off.jpg,违章02,42.43,775,170,786,197,hsv,off,0
违章02/违章02_t42.4_6_off.jpg,违章02,42.43,144,281,172,332,hsv,off,0
违章02/违章02_t42.4_7_off.jpg,违章02,42.43,185,327,205,345,hsv,off,0
违章02/违章02_t42.4_8_off.jpg,违章02,42.43,77,425,112,436,hsv,off,0
违章02/违章02_t42.7_0_walk.jpg,违章02,42.67,970,106,980,118,hsv,walk,0
违章02/违章02_t42.7_1_off.jpg,违章02,42.67,244,111,270,135,hsv,off,0
违章02/违章02_t42.7_2_off.jpg,违章02,42.67,185,113,196,129,hsv,off,0
违章02/违章02_t42.7_3_off.jpg,违章02,42.67,204,112,234,133,hsv,off,0
违章02/违章02_t42.7_5_off.jpg,违章02,42.67,773,170,784,197,hsv,off,0
违章02/违章02_t42.7_6_off.jpg,违章02,42.67,317,180,336,194,hsv,off,0
违章02/违章02_t42.7_7_off.jpg,违章02,42.67,125,306,144,324,hsv,off,0
违章02/违章02_t42.7_8_off.jpg,违章02,42.67,67,411,96,421,hsv,off,0
违章02/违章02_t42.7_9_off.jpg,违章02,42.67,412,429,425,439,hsv,off,0
违章02/违章02_t42.7_10_off.jpg,违章02,42.67,408,539,423,552,hsv,off,0
违章02/违章02_t42.9_0_walk.jpg,违章02,42.9,969,104,978,116,hsv,walk,0
违章02/违章02_t42.9_1_off.jpg,违章02,42.9,202,111,232,131,hsv,off,0
违章02/违章02_t42.9_2_off.jpg,违章02,42.9,240,110,268,133,hsv,off,0
违章02/违章02_t42.9_3_off.jpg,违章02,42.9,184,113,193,128,hsv,off,0
违章02/违章02_t42.9_5_off.jpg,违章02,42.9,771,169,782,191,hsv,off,0
违章02/违章02_t42.9_6_off.jpg,违章02,42.9,340,184,361,194,hsv,off,0
违章02/违章02_t42.9_7_off.jpg,违章02,42.9,58,300,76,316,hsv,off,0
违章02/违章02_t42.9_8_off.jpg,违章02,42.9,350,405,360,414,hsv,off,0
违章02/违章02_t43.1_1_off.jpg,违章02,43.14,200,112,232,127,hsv,off,0
违章02/违章02_t43.1_2_off.jpg,违章02,43.14,240,112,265,129,hsv,off,0
违章02/违章02_t43.1_4_off.jpg,违章02,43.14,769,168,780,193,hsv,off,0
违章02/违章02_t43.1_5_off.jpg,违章02,43.14,365,179,379,190,hsv,off,0
违章02/违章02_t43.1_6_off.jpg,违章02,43.14,242,227,260,242,hsv,off,0
违章02/违章02_t43.1_8_off.jpg,违章02,43.14,1,289,15,301,hsv,off,0
违章02/违章02_t43.1_9_off.jpg,违章02,43.14,288,390,297,399,hsv,off,0
违章02/违章02_t43.4_0_walk.jpg,违章02,43.37,967,105,975,115,hsv,walk,0
违章02/违章02_t43.4_1_off.jpg,违章02,43.37,200,112,231,131,hsv,off,0
违章02/违章02_t43.4_2_off.jpg,违章02,43.37,239,112,265,136,hsv,off,0
违章02/违章02_t43.4_3_off.jpg,违章02,43.37,181,114,193,128,hsv,off,0
违章02/违章02_t43.4_4_off.jpg,违章02,43.37,537,167,546,180,hsv,off,0
违章02/违章02_t43.4_5_off.jpg,违章02,43.37,769,167,781,192,hsv,off,0
违章02/违章02_t43.4_6_off.jpg,违章02,43.37,248,233,260,242,hsv,off,0
违章02/违章02_t43.4_7_off.jpg,违章02,43.37,208,288,216,311,hsv,off,0
违章02/违章02_t43.6_1_off.jpg,违章02,43.61,200,113,231,132,hsv,off,0
违章02/违章02_t43.6_2_off.jpg,违章02,43.61,240,112,265,137,hsv,off,0
违章02/违章02_t43.6_3_off.jpg,违章02,43.61,533,167,542,184,hsv,off,0
违章02/违章02_t43.6_4_off.jpg,违章02,43.61,769,167,781,191,hsv,off,0
违章02/违章02_t43.6_6_off.jpg,违章02,43.61,239,229,260,242,hsv,off,0
违章02/违章02_t43.8_1_off.jpg,违章02,43.84,176,113,193,128,hsv,off,0
违章02/违章02_t43.8_2_off.jpg,违章02,43.84,201,113,230,132,hsv,off,0
违章02/违章02_t43.8_3_off.jpg,违章02,43.84,240,112,266,137,hsv,off,0
违章02/违章02_t43.8_4_off.jpg,违章02,43.84,531,165,541,178,hsv,off,0
违章02/违章02_t43.8_5_off.jpg,违章02,43.84,770,167,781,191,hsv,off,0
违章02/违章02_t43.8_6_off.jpg,违章02,43.84,0,209,66,252,hsv,off,0
违章02/违章02_t43.8_7_off.jpg,违章02,43.84,64,226,106,254,hsv,off,0
违章02/违章02_t44.1_1_off.jpg,违章02,44.08,201,113,228,133,hsv,off,0
违章02/违章02_t44.1_2_off.jpg,违章02,44.08,241,113,267,134,hsv,off,0
违章02/违章02_t44.1_4_off.jpg,违章02,44.08,770,166,782,192,hsv,off,0
违章02/违章02_t44.1_5_off.jpg,违章02,44.08,0,209,23,240,hsv,off,0
违章02/违章02_t44.1_6_off.jpg,违章02,44.08,0,243,66,385,hsv,off,0
违章02/违章02_t44.1_8_off.jpg,违章02,44.08,110,357,121,365,hsv,off,0
违章02/违章02_t44.3_1_off.jpg,违章02,44.32,179,115,194,135,hsv,off,0
违章02/违章02_t44.3_2_off.jpg,违章02,44.32,203,114,229,134,hsv,off,0
违章02/违章02_t44.3_3_off.jpg,违章02,44.32,241,114,267,138,hsv,off,0
违章02/违章02_t44.3_6_off.jpg,违章02,44.32,771,167,782,192,hsv,off,0
违章02/违章02_t44.3_7_off.jpg,违章02,44.32,69,349,81,357,hsv,off,0
违章02/违章02_t44.3_9_off.jpg,违章02,44.32,63,430,82,441,hsv,off,0
违章02/违章02_t44.5_1_off.jpg,违章02,44.55,203,115,231,135,hsv,off,0
违章02/违章02_t44.5_2_off.jpg,违章02,44.55,247,114,268,137,hsv,off,0
违章02/违章02_t44.5_3_off.jpg,违章02,44.55,182,116,195,130,hsv,off,0
违章02/违章02_t44.5_5_off.jpg,违章02,44.55,773,168,784,192,hsv,off,0
违章02/违章02_t44.5_6_off.jpg,违章02,44.55,35,343,45,351,hsv,off,0
违章02/违章02_t45.0_0_walk.jpg,违章02,45.02,972,106,981,116,hsv,walk,0
违章02/违章02_t45.0_1_off.jpg,违章02,45.02,246,114,271,139,hsv,off,0
违章02/违章02_t45.0_2_off.jpg,违章02,45.02,206,117,234,137,hsv,off,0
违章02/违章02_t45.0_4_off.jpg,违章02,45.02,477,161,504,186,hsv,off,0
违章02/违章02_t45.0_5_off.jpg,违章02,45.02,775,170,784,193,hsv,off,0
违章02/违章02_t45.0_6_off.jpg,违章02,45.02,1090,207,1102,215,hsv,off,0
违章02/违章02_t45.0_7_off.jpg,违章02,45.02,216,294,226,318,hsv,off,0
违章02/违章02_t45.3_1_off.jpg,违章02,45.26,207,118,236,138,hsv,off,0
违章02/违章02_t45.3_3_off.jpg,违章02,45.26,776,170,786,193,hsv,off,0
违章02/违章02_t45.3_5_off.jpg,违章02,45.26,55,223,71,234,hsv,off,0
违章02/违章02_t45.3_6_off.jpg,违章02,45.26,216,294,226,318,hsv,off,0
违章02/违章02_t45.5_1_off.jpg,违章02,45.49,246,115,271,138,hsv,off,0
违章02/违章02_t45.5_2_off.jpg,违章02,45.49,206,116,235,137,hsv,off,0
违章02/违章02_t45.5_4_off.jpg,违章02,45.49,775,169,786,192,hsv,off,0
违章02/违章02_t45.5_5_off.jpg,违章02,45.49,213,292,226,320,hsv,off,0
违章02/违章02_t46.0_1_off.jpg,违章02,45.97,206,113,236,135,hsv,off,0
违章02/违章02_t46.0_3_off.jpg,违章02,45.97,775,167,785,192,hsv,off,0
违章02/违章02_t46.0_4_off.jpg,违章02,45.97,213,287,227,316,hsv,off,0
违章02/违章02_t46.2_1_off.jpg,违章02,46.2,207,113,237,134,hsv,off,0
违章02/违章02_t46.2_3_off.jpg,违章02,46.2,775,166,787,189,hsv,off,0
违章02/违章02_t46.4_0_walk.jpg,违章02,46.44,974,101,982,111,hsv,walk,0
违章02/违章02_t46.4_1_off.jpg,违章02,46.44,207,112,235,133,hsv,off,0
违章02/违章02_t46.4_2_off.jpg,违章02,46.44,776,165,787,190,hsv,off,0
违章02/违章02_t46.4_3_off.jpg,违章02,46.44,1059,202,1068,210,hsv,off,0
违章02/违章02_t46.7_0_walk.jpg,违章02,46.67,975,96,983,108,hsv,walk,0
违章02/违章02_t46.7_1_off.jpg,违章02,46.67,249,109,273,134,hsv,off,0
违章02/违章02_t46.7_3_off.jpg,违章02,46.67,777,163,788,188,hsv,off,0
违章02/违章02_t46.7_4_off.jpg,违章02,46.67,183,346,194,354,hsv,off,0
违章02/违章02_t46.9_1_off.jpg,违章02,46.91,246,109,273,131,hsv,off,0
违章02/违章02_t46.9_2_off.jpg,违章02,46.91,207,111,237,129,hsv,off,0
违章02/违章02_t46.9_3_off.jpg,违章02,46.91,180,113,200,132,hsv,off,0
违章02/违章02_t46.9_4_off.jpg,违章02,46.91,252,136,268,144,hsv,off,0
违章02/违章02_t46.9_5_off.jpg,违章02,46.91,776,160,787,187,hsv,off,0
违章02/违章02_t47.1_0_walk.jpg,违章02,47.14,975,96,983,106,hsv,walk,0
违章02/违章02_t47.1_1_off.jpg,违章02,47.14,246,108,273,131,hsv,off,0
违章02/违章02_t47.1_2_off.jpg,违章02,47.14,208,110,237,129,hsv,off,0
违章02/违章02_t47.1_4_off.jpg,违章02,47.14,777,159,788,187,hsv,off,0
违章02/违章02_t47.4_0_walk.jpg,违章02,47.38,976,95,984,103,hsv,walk,0
违章02/违章02_t47.4_1_off.jpg,违章02,47.38,248,108,273,131,hsv,off,0
违章02/违章02_t47.4_2_off.jpg,违章02,47.38,208,111,236,128,hsv,off,0
违章02/违章02_t47.4_4_off.jpg,违章02,47.38,452,153,485,179,hsv,off,0
违章02/违章02_t47.4_5_off.jpg,违章02,47.38,778,160,789,184,hsv,off,0
违章02/违章02_t47.4_6_off.jpg,违章02,47.38,273,189,309,210,hsv,off,0
违章02/违章02_t47.6_1_off.jpg,违章02,47.62,247,108,273,130,hsv,off,0
违章02/违章02_t47.6_2_off.jpg,违章02,47.62,208,112,236,128,hsv,off,0
违章02/违章02_t47.6_4_off.jpg,违章02,47.62,778,159,789,186,hsv,off,0
违章02/违章02_t47.6_5_off.jpg,违章02,47.62,286,190,315,201,hsv,off,0
违章02/违章02_t47.9_1_off.jpg,违章02,47.85,253,107,273,130,hsv,off,0
违章02/违章02_t47.9_2_off.jpg,违章02,47.85,180,113,192,129,hsv,off,0
违章02/违章02_t47.9_3_off.jpg,违章02,47.85,207,112,237,129,hsv,off,0
违章02/违章02_t47.9_6_off.jpg,违章02,47.85,777,159,786,185,hsv,off,0
违章02/违章02_t47.9_7_off.jpg,违章02,47.85,0,189,15,200,hsv,off,0
违章02/违章02_t47.9_8_off.jpg,违章02,47.85,297,190,317,199,hsv,off,0
违章02/违章02_t47.9_9_off.jpg,违章02,47.85,218,287,228,309,hsv,off,0
违章02/违章02_t48.1_1_off.jpg,违章02,48.09,252,107,272,130,hsv,off,0
违章02/违章02_t48.1_2_off.jpg,违章02,48.09,206,111,234,129,hsv,off,0
违章02/违章02_t48.1_4_off.jpg,违章02,48.09,182,114,191,123,hsv,off,0
违章02/违章02_t48.1_5_off.jpg,违章02,48.09,188,119,199,128,hsv,off,0
违章02/违章02_t48.1_7_off.jpg,违章02,48.09,776,160,786,185,hsv,off,0
违章02/违章02_t48.1_8_off.jpg,违章02,48.09,34,185,46,198,hsv,off,0
违章02/违章02_t48.1_9_off.jpg,违章02,48.09,303,187,325,197,hsv,off,0
违章02/违章02_t48.1_10_off.jpg,违章02,48.09,214,289,227,309,hsv,off,0
违章02/违章02_t48.3_1_off.jpg,违章02,48.32,245,105,271,129,hsv,off,0
违章02/违章02_t48.3_3_off.jpg,违章02,48.32,775,159,784,184,hsv,off,0
违章02/违章02_t48.3_4_off.jpg,违章02,48.32,216,286,225,308,hsv,off,0
违章02/违章02_t48.6_2_off.jpg,违章02,48.56,774,158,785,185,hsv,off,0
违章02/违章02_t48.6_3_off.jpg,违章02,48.56,215,287,225,307,hsv,off,0
违章02/违章02_t48.8_0_walk.jpg,违章02,48.79,970,96,979,104,hsv,walk,0
违章02/违章02_t48.8_3_off.jpg,违章02,48.79,773,158,784,185,hsv,off,0
违章02/违章02_t48.8_4_off.jpg,违章02,48.79,214,286,223,306,hsv,off,0
违章02/违章02_t49.0_1_off.jpg,违章02,49.03,244,107,267,130,hsv,off,0
违章02/违章02_t49.0_2_off.jpg,违章02,49.03,195,108,232,129,hsv,off,0
违章02/违章02_t49.0_4_off.jpg,违章02,49.03,442,153,468,178,hsv,off,0
违章02/违章02_t49.0_5_off.jpg,违章02,49.03,773,158,783,183,hsv,off,0
违章02/违章02_t49.3_1_off.jpg,违章02,49.27,244,106,267,130,hsv,off,0
违章02/违章02_t49.3_2_off.jpg,违章02,49.27,200,108,232,133,hsv,off,0
违章02/违章02_t49.3_3_off.jpg,违章02,49.27,174,112,195,126,hsv,off,0
违章02/违章02_t49.3_5_off.jpg,违章02,49.27,101,341,116,358,hsv,off,0
违章02/违章02_t49.5_1_off.jpg,违章02,49.5,244,106,266,131,hsv,off,0
违章02/违章02_t49.5_2_off.jpg,违章02,49.5,200,108,231,128,hsv,off,0
违章02/违章02_t49.5_3_off.jpg,违章02,49.5,174,112,194,127,hsv,off,0
违章02/违章02_t49.5_5_off.jpg,违章02,49.5,133,335,149,352,hsv,off,0
违章02/违章02_t49.7_1_off.jpg,违章02,49.74,244,105,266,129,hsv,off,0
违章02/违章02_t49.7_2_off.jpg,违章02,49.74,199,107,231,128,hsv,off,0
违章02/违章02_t49.7_4_off.jpg,违章02,49.74,158,329,174,346,hsv,off,0
违章02/违章02_t50.0_0_walk.jpg,违章02,49.97,967,93,975,103,hsv,walk,0
违章02/违章02_t50.0_4_off.jpg,违章02,49.97,394,149,428,178,hsv,off,0
违章02/违章02_t50.2_0_walk.jpg,违章02,50.21,966,92,974,102,hsv,walk,0
违章02/违章02_t50.2_2_off.jpg,违章02,50.21,175,112,190,125,hsv,off,0
违章02/违章02_t50.2_3_off.jpg,违章02,50.21,375,151,409,179,hsv,off,0
违章02/违章02_t50.2_4_off.jpg,违章02,50.21,769,157,780,183,hsv,off,0
违章02/违章02_t50.5_2_off.jpg,违章02,50.45,175,112,189,124,hsv,off,0
违章02/违章02_t50.5_3_off.jpg,违章02,50.45,768,157,780,183,hsv,off,0
违章02/违章02_t50.5_4_off.jpg,违章02,50.45,0,159,9,167,hsv,off,0
违章02/违章02_t50.9_1_off.jpg,违章02,50.92,197,105,224,128,hsv,off,0
违章02/违章02_t50.9_2_off.jpg,违章02,50.92,240,106,262,129,hsv,off,0
违章02/违章02_t50.9_3_off.jpg,违章02,50.92,177,112,186,124,hsv,off,0
违章02/违章02_t50.9_6_off.jpg,违章02,50.92,297,150,334,182,hsv,off,0
违章02/违章02_t50.9_7_off.jpg,违章02,50.92,768,158,778,181,hsv,off,0
违章02/违章02_t50.9_8_off.jpg,违章02,50.92,163,230,175,240,hsv,off,0
违章02/违章02_t51.1_0_walk.jpg,违章02,51.15,963,92,972,103,hsv,walk,0
违章02/违章02_t51.1_1_off.jpg,违章02,51.15,195,107,225,128,hsv,off,0
违章02/违章02_t51.1_2_off.jpg,违章02,51.15,237,108,261,129,hsv,off,0
违章02/违章02_t51.1_6_off.jpg,违章02,51.15,767,158,777,181,hsv,off,0
违章02/违章02_t51.1_7_off.jpg,违章02,51.15,160,223,174,240,hsv,off,0
违章02/违章02_t51.4_0_walk.jpg,违章02,51.39,962,92,971,101,hsv,walk,0
违章02/违章02_t51.4_1_off.jpg,违章02,51.39,239,109,261,130,hsv,off,0
违章02/违章02_t51.4_3_off.jpg,违章02,51.39,213,155,254,186,hsv,off,0
违章02/违章02_t51.4_4_off.jpg,违章02,51.39,766,158,776,181,hsv,off,0
违章02/违章02_t51.6_0_walk.jpg,违章02,51.62,961,91,970,103,hsv,walk,0
违章02/违章02_t51.6_1_off.jpg,违章02,51.62,238,109,260,131,hsv,off,0
违章02/违章02_t51.6_3_off.jpg,违章02,51.62,176,156,218,188,hsv,off,0
违章02/违章02_t51.6_4_off.jpg,违章02,51.62,764,159,774,182,hsv,off,0
违章02/违章02_t51.6_6_off.jpg,违章02,51.62,1120,196,1129,207,hsv,off,0
违章02/违章02_t51.6_7_off.jpg,违章02,51.62,1117,197,1177,245,hsv,off,0
违章02/违章02_t51.6_8_off.jpg,违章02,51.62,1127,220,1241,282,hsv,off,0
违章02/违章02_t51.6_9_off.jpg,违章02,51.62,165,262,210,318,hsv,off,0
违章02/违章02_t51.6_13_off.jpg,违章02,51.62,1223,544,1248,564,hsv,off,0
违章02/违章02_t51.6_14_off.jpg,违章02,51.62,1157,554,1172,567,hsv,off,0
违章02/违章02_t51.9_1_off.jpg,违章02,51.86,236,106,256,132,hsv,off,0
违章02/违章02_t51.9_4_off.jpg,违章02,51.86,762,159,773,181,hsv,off,0
违章02/违章02_t51.9_5_off.jpg,违章02,51.86,867,189,875,204,hsv,off,0
违章02/违章02_t51.9_6_off.jpg,违章02,51.86,867,192,912,239,hsv,off,0
违章02/违章02_t51.9_7_off.jpg,违章02,51.86,890,213,958,264,hsv,off,0
违章02/违章02_t51.9_8_off.jpg,违章02,51.86,135,266,179,342,hsv,off,0
违章02/违章02_t51.9_9_off.jpg,违章02,51.86,200,288,211,309,hsv,off,0
违章02/违章02_t51.9_10_off.jpg,违章02,51.86,84,333,95,344,hsv,off,0
违章02/违章02_t51.9_11_off.jpg,违章02,51.86,88,359,99,385,hsv,off,0
违章02/违章02_t51.9_12_off.jpg,违章02,51.86,942,443,967,455,hsv,off,0
违章02/违章02_t51.9_13_off.jpg,违章02,51.86,974,464,989,476,hsv,off,0
违章02/违章02_t51.9_17_off.jpg,违章02,51.86,780,679,791,695,hsv,off,0
违章02/违章02_t51.9_18_off.jpg,违章02,51.86,839,688,872,701,hsv,off,0
违章02/违章02_t51.9_19_off.jpg,违章02,51.86,779,699,790,708,hsv,off,0
违章02/违章02_t51.9_20_off.jpg,违章02,51.86,1209,705,1222,720,hsv,off,0
违章02/违章02_t52.1_1_off.jpg,违章02,52.1,233,107,256,131,hsv,off,0
违章02/违章02_t52.1_2_off.jpg,违章02,52.1,189,112,217,130,hsv,off,0
违章02/违章02_t52.1_5_off.jpg,违章02,52.1,760,159,772,185,hsv,off,0
违章02/违章02_t52.1_6_off.jpg,违章02,52.1,682,192,725,233,hsv,off,0
违章02/违章02_t52.1_7_off.jpg,违章02,52.1,707,209,758,251,hsv,off,0
违章02/违章02_t52.1_9_off.jpg,违章02,52.1,110,277,150,353,hsv,off,0
违章02/违章02_t52.1_10_off.jpg,违章02,52.1,199,289,211,309,hsv,off,0
违章02/违章02_t52.1_11_off.jpg,违章02,52.1,42,339,56,353,hsv,off,0
违章02/违章02_t52.1_12_off.jpg,违章02,52.1,50,371,60,394,hsv,off,0
违章02/违章02_t52.1_13_off.jpg,违章02,52.1,759,405,773,414,hsv,off,0
违章02/违章02_t52.1_16_off.jpg,违章02,52.1,621,626,645,660,hsv,off,0
违章02/违章02_t52.8_0_walk.jpg,违章02,52.8,956,91,964,105,hsv,walk,0
违章02/违章02_t52.8_1_off.jpg,违章02,52.8,228,111,254,131,hsv,off,0
违章02/违章02_t52.8_3_off.jpg,违章02,52.8,188,113,213,130,hsv,off,0
违章02/违章02_t52.8_4_off.jpg,违章02,52.8,760,159,771,182,hsv,off,0
违章02/违章02_t52.8_5_off.jpg,违章02,52.8,201,289,209,308,hsv,off,0
违章02/违章02_t52.8_6_off.jpg,违章02,52.8,24,295,47,320,hsv,off,0
违章02/违章02_t52.8_7_off.jpg,违章02,52.8,20,307,28,327,hsv,off,0
违章02/违章02_t52.8_8_off.jpg,违章02,52.8,39,332,61,370,hsv,off,0
违章02/违章02_t52.8_10_off.jpg,违章02,52.8,28,381,49,405,hsv,off,0
违章02/违章02_t52.8_11_off.jpg,违章02,52.8,12,382,25,398,hsv,off,0
违章02/违章02_t52.8_12_off.jpg,违章02,52.8,443,383,468,399,hsv,off,0
违章02/违章02_t52.8_13_off.jpg,违章02,52.8,460,439,490,449,hsv,off,0
违章02/违章02_t52.8_15_off.jpg,违章02,52.8,301,526,318,548,hsv,off,0
违章02/违章02_t53.0_1_off.jpg,违章02,53.04,233,110,254,131,hsv,off,0
违章02/违章02_t53.0_2_off.jpg,违章02,53.04,188,113,214,130,hsv,off,0
违章02/违章02_t53.0_4_off.jpg,违章02,53.04,761,159,772,181,hsv,off,0
违章02/违章02_t53.0_5_off.jpg,违章02,53.04,182,244,276,350,hsv,off,0
违章02/违章02_t53.0_6_off.jpg,违章02,53.04,5,304,24,324,hsv,off,0
违章02/违章02_t53.0_7_off.jpg,违章02,53.04,0,313,8,338,hsv,off,0
违章02/违章02_t53.0_8_off.jpg,违章02,53.04,18,341,40,377,hsv,off,0
违章02/违章02_t53.0_9_off.jpg,违章02,53.04,9,359,18,371,hsv,off,0
违章02/违章02_t53.0_10_off.jpg,违章02,53.04,357,370,377,385,hsv,off,0
违章02/违章02_t53.0_11_off.jpg,违章02,53.04,9,388,29,422,hsv,off,0
违章02/违章02_t53.0_12_off.jpg,违章02,53.04,374,423,393,431,hsv,off,0
违章02/违章02_t53.0_13_off.jpg,违章02,53.04,237,505,252,524,hsv,off,0
违章02/违章02_t53.3_1_off.jpg,违章02,53.27,233,111,254,132,hsv,off,0
违章02/违章02_t53.3_2_off.jpg,违章02,53.27,188,113,209,130,hsv,off,0
违章02/违章02_t53.3_3_off.jpg,违章02,53.27,761,159,772,181,hsv,off,0
违章02/违章02_t53.3_4_off.jpg,违章02,53.27,135,245,216,342,hsv,off,0
违章02/违章02_t53.3_5_off.jpg,违章02,53.27,0,310,12,323,hsv,off,0
违章02/违章02_t53.3_6_off.jpg,违章02,53.27,0,350,15,377,hsv,off,0
违章02/违章02_t53.3_7_off.jpg,违章02,53.27,285,355,308,371,hsv,off,0
违章02/违章02_t53.3_9_off.jpg,违章02,53.27,305,407,320,415,hsv,off,0
违章02/违章02_t53.3_10_off.jpg,违章02,53.27,3,416,14,434,hsv,off,0
违章02/违章02_t53.5_1_off.jpg,违章02,53.51,234,110,254,130,hsv,off,0
违章02/违章02_t53.5_2_off.jpg,违章02,53.51,189,114,208,129,hsv,off,0
违章02/违章02_t53.5_3_off.jpg,违章02,53.51,761,159,772,181,hsv,off,0
违章02/违章02_t53.5_4_off.jpg,违章02,53.51,106,243,179,337,hsv,off,0
违章02/违章02_t53.5_5_off.jpg,违章02,53.51,244,346,264,358,hsv,off,0
违章02/违章02_t53.5_8_off.jpg,违章02,53.51,0,430,15,446,hsv,off,0
违章02/违章02_t54.0_1_off.jpg,违章02,53.98,230,111,254,132,hsv,off,0
违章02/违章02_t54.0_2_off.jpg,违章02,53.98,161,115,171,128,hsv,off,0
违章02/违章02_t54.0_3_off.jpg,违章02,53.98,188,115,219,132,hsv,off,0
违章02/违章02_t54.0_5_off.jpg,违章02,53.98,761,159,772,184,hsv,off,0
违章02/违章02_t54.0_7_off.jpg,违章02,53.98,233,219,242,227,hsv,off,0
违章02/违章02_t54.0_8_off.jpg,违章02,53.98,75,230,142,320,hsv,off,0
违章02/违章02_t54.0_9_off.jpg,违章02,53.98,2,338,30,360,hsv,off,0
违章02/违章02_t54.0_10_off.jpg,违章02,53.98,16,380,38,426,hsv,off,0
违章02/违章02_t54.0_11_off.jpg,违章02,53.98,28,425,39,449,hsv,off,0
违章02/违章02_t54.2_1_off.jpg,违章02,54.22,232,111,254,132,hsv,off,0
违章02/违章02_t54.2_3_off.jpg,违章02,54.22,188,115,219,132,hsv,off,0
违章02/违章02_t54.2_5_off.jpg,违章02,54.22,761,159,771,182,hsv,off,0
违章02/违章02_t54.2_6_off.jpg,违章02,54.22,246,214,262,223,hsv,off,0
违章02/违章02_t54.2_7_off.jpg,违章02,54.22,34,341,46,359,hsv,off,0
违章02/违章02_t54.2_8_off.jpg,违章02,54.22,18,342,31,356,hsv,off,0
违章02/违章02_t54.2_9_off.jpg,违章02,54.22,19,381,36,410,hsv,off,0
违章02/违章02_t54.2_10_off.jpg,违章02,54.22,40,399,48,419,hsv,off,0
违章02/违章02_t54.2_12_off.jpg,违章02,54.22,17,437,26,456,hsv,off,0
违章02/违章02_t54.5_1_off.jpg,违章02,54.45,228,110,254,131,hsv,off,0
违章02/违章02_t54.5_2_off.jpg,违章02,54.45,189,114,219,132,hsv,off,0
违章02/违章02_t54.5_3_off.jpg,违章02,54.45,164,116,172,128,hsv,off,0
违章02/违章02_t54.5_4_off.jpg,违章02,54.45,761,158,771,183,hsv,off,0
违章02/违章02_t54.5_5_off.jpg,违章02,54.45,246,213,262,234,hsv,off,0
违章02/违章02_t54.5_6_off.jpg,违章02,54.45,41,341,56,364,hsv,off,0
违章02/违章02_t54.5_7_off.jpg,违章02,54.45,59,342,70,357,hsv,off,0
违章02/违章02_t54.5_8_off.jpg,违章02,54.45,35,351,45,360,hsv,off,0
违章02/违章02_t54.5_9_off.jpg,违章02,54.45,50,428,61,438,hsv,off,0
违章02/违章02_t54.5_10_off.jpg,违章02,54.45,39,442,54,456,hsv,off,0
违章02/违章02_t54.5_11_off.jpg,违章02,54.45,58,494,67,512,hsv,off,0
违章02/违章02_t54.7_1_off.jpg,违章02,54.69,193,112,207,128,hsv,off,0
违章02/违章02_t54.7_2_off.jpg,违章02,54.69,233,112,253,131,hsv,off,0
违章02/违章02_t54.7_5_off.jpg,违章02,54.69,166,212,177,223,hsv,off,0
违章02/违章02_t54.7_6_off.jpg,违章02,54.69,86,352,96,365,hsv,off,0
违章02/违章02_t54.7_7_off.jpg,违章02,54.69,70,354,90,370,hsv,off,0
违章02/违章02_t54.9_1_off.jpg,违章02,54.92,188,111,216,130,hsv,off,0
违章02/违章02_t54.9_2_off.jpg,违章02,54.92,233,111,252,130,hsv,off,0
违章02/违章02_t54.9_3_off.jpg,违章02,54.92,758,155,768,181,hsv,off,0
违章02/违章02_t54.9_4_off.jpg,违章02,54.92,103,349,127,372,hsv,off,0
违章02/违章02_t54.9_5_off.jpg,违章02,54.92,122,353,133,366,hsv,off,0
违章02/违章02_t54.9_7_off.jpg,违章02,54.92,95,404,112,428,hsv,off,0
违章02/违章02_t54.9_9_off.jpg,违章02,54.92,111,526,119,537,hsv,off,0
违章02/违章02_t55.2_0_walk.jpg,违章02,55.16,955,88,963,97,hsv,walk,0
违章02/违章02_t55.2_1_off.jpg,违章02,55.16,186,110,214,127,hsv,off,0
违章02/违章02_t55.2_2_off.jpg,违章02,55.16,225,110,251,129,hsv,off,0
违章02/违章02_t55.2_5_off.jpg,违章02,55.16,758,154,769,179,hsv,off,0
违章02/违章02_t55.2_6_off.jpg,违章02,55.16,155,354,178,378,hsv,off,0
违章02/违章02_t55.2_7_off.jpg,违章02,55.16,175,359,185,371,hsv,off,0
违章02/违章02_t55.2_9_off.jpg,违章02,55.16,0,373,20,390,hsv,off,0
违章02/违章02_t55.2_10_off.jpg,违章02,55.16,164,407,210,422,hsv,off,0
违章02/违章02_t55.4_0_walk.jpg,违章02,55.4,953,87,962,97,hsv,walk,0
违章02/违章02_t55.4_1_off.jpg,违章02,55.4,229,108,249,128,hsv,off,0
违章02/违章02_t55.4_2_off.jpg,违章02,55.4,183,110,202,125,hsv,off,0
违章02/违章02_t55.4_4_off.jpg,违章02,55.4,0,129,22,140,hsv,off,0
违章02/违章02_t55.4_5_off.jpg,违章02,55.4,756,154,767,177,hsv,off,0
违章02/违章02_t55.4_6_off.jpg,违章02,55.4,217,363,240,389,hsv,off,0
违章02/违章02_t55.4_7_off.jpg,违章02,55.4,234,366,246,381,hsv,off,0
违章02/违章02_t55.4_8_off.jpg,违章02,55.4,3,376,57,407,hsv,off,0
违章02/违章02_t55.4_10_off.jpg,违章02,55.4,46,381,89,407,hsv,off,0
违章02/违章02_t55.4_11_off.jpg,违章02,55.4,0,441,47,512,hsv,off,0
违章02/违章02_t55.4_12_off.jpg,违章02,55.4,29,509,90,627,hsv,off,0
违章02/违章02_t55.4_13_off.jpg,违章02,55.4,171,676,179,694,hsv,off,0
违章02/违章02_t55.9_1_off.jpg,违章02,55.87,229,106,249,128,hsv,off,0
违章02/违章02_t55.9_3_off.jpg,违章02,55.87,192,112,203,125,hsv,off,0
违章02/违章02_t55.9_5_off.jpg,违章02,55.87,198,141,208,150,hsv,off,0
违章02/违章02_t55.9_6_off.jpg,违章02,55.87,757,150,767,174,hsv,off,0
违章02/违章02_t55.9_7_off.jpg,违章02,55.87,82,355,169,539,hsv,off,0
违章02/违章02_t55.9_8_off.jpg,违章02,55.87,373,374,398,402,hsv,off,0
违章02/违章02_t55.9_9_off.jpg,违章02,55.87,217,395,279,427,hsv,off,0
违章02/违章02_t55.9_10_off.jpg,违章02,55.87,204,404,217,412,hsv,off,0
违章02/违章02_t55.9_11_off.jpg,违章02,55.87,151,422,162,433,hsv,off,0
违章02/违章02_t55.9_12_off.jpg,违章02,55.87,207,537,282,672,hsv,off,0
违章02/违章02_t55.9_13_off.jpg,违章02,55.87,86,543,95,558,hsv,off,0
违章02/违章02_t55.9_14_off.jpg,违章02,55.87,80,578,119,621,hsv,off,0
违章02/违章02_t55.9_15_off.jpg,违章02,55.87,123,598,152,619,hsv,off,0
违章02/违章02_t55.9_16_off.jpg,违章02,55.87,72,611,86,633,hsv,off,0
违章02/违章02_t55.9_17_off.jpg,违章02,55.87,94,622,133,660,hsv,off,0
违章02/违章02_t56.3_0_walk.jpg,违章02,56.34,953,87,962,98,hsv,walk,0
违章02/违章02_t56.3_1_off.jpg,违章02,56.34,229,113,250,136,hsv,off,0
违章02/违章02_t56.3_2_off.jpg,违章02,56.34,193,116,211,134,hsv,off,0
违章02/违章02_t56.3_5_off.jpg,违章02,56.34,757,155,768,179,hsv,off,0
违章02/违章02_t56.3_6_off.jpg,违章02,56.34,229,217,257,243,hsv,off,0
违章02/违章02_t56.3_7_off.jpg,违章02,56.34,163,248,175,273,hsv,off,0
违章02/违章02_t56.3_8_off.jpg,违章02,56.34,549,382,563,394,hsv,off,0
违章02/违章02_t56.3_9_off.jpg,违章02,56.34,463,389,481,413,hsv,off,0
违章02/违章02_t56.3_10_off.jpg,违章02,56.34,144,404,182,419,hsv,off,0
违章02/违章02_t56.3_11_off.jpg,违章02,56.34,656,407,668,426,hsv,off,0
违章02/违章02_t56.3_13_off.jpg,违章02,56.34,582,429,591,437,hsv,off,0
违章02/违章02_t56.3_14_off.jpg,违章02,56.34,533,440,601,489,hsv,off,0
违章02/违章02_t56.3_16_off.jpg,违章02,56.34,424,682,433,694,hsv,off,0
违章02/违章02_t56.3_17_off.jpg,违章02,56.34,459,687,486,712,hsv,off,0
违章02/违章02_t56.3_18_off.jpg,违章02,56.34,429,688,456,709,hsv,off,0
违章02/违章02_t56.3_19_off.jpg,违章02,56.34,367,690,397,720,hsv,off,0
违章02/违章02_t56.6_0_walk.jpg,违章02,56.57,955,87,963,98,hsv,walk,0
违章02/违章02_t56.6_1_off.jpg,违章02,56.57,232,114,253,138,hsv,off,0
违章02/违章02_t56.6_2_off.jpg,违章02,56.57,195,118,213,138,hsv,off,0
违章02/违章02_t56.6_3_off.jpg,违章02,56.57,760,153,772,179,hsv,off,0
违章02/违章02_t56.6_5_off.jpg,违章02,56.57,243,217,261,240,hsv,off,0
违章02/违章02_t56.6_6_off.jpg,违章02,56.57,764,356,772,364,hsv,off,0
违章02/违章02_t56.6_7_off.jpg,违章02,56.57,712,368,742,405,hsv,off,0
违章02/违章02_t56.6_8_off.jpg,违章02,56.57,841,393,861,426,hsv,off,0
违章02/违章02_t56.6_9_off.jpg,违章02,56.57,756,401,772,409,hsv,off,0
违章02/违章02_t56.6_10_off.jpg,违章02,56.57,136,405,174,417,hsv,off,0
违章02/违章02_t56.6_12_off.jpg,违章02,56.57,634,429,651,461,hsv,off,0
违章02/违章02_t56.6_15_off.jpg,违章02,56.57,761,460,777,472,hsv,off,0
违章02/违章02_t56.6_18_off.jpg,违章02,56.57,716,624,831,720,hsv,off,0
违章02/违章02_t56.6_19_off.jpg,违章02,56.57,778,634,789,644,hsv,off,0
违章02/违章02_t56.6_20_off.jpg,违章02,56.57,954,656,962,668,hsv,off,0
违章02/违章02_t56.8_0_walk.jpg,违章02,56.81,958,82,967,95,hsv,walk,0
违章02/违章02_t56.8_1_off.jpg,违章02,56.81,229,115,254,137,hsv,off,0
违章02/违章02_t56.8_2_off.jpg,违章02,56.81,184,120,220,136,hsv,off,0
违章02/违章02_t56.8_4_off.jpg,违章02,56.81,734,167,748,175,hsv,off,0
违章02/违章02_t56.8_5_off.jpg,违章02,56.81,162,232,187,266,hsv,off,0
违章02/违章02_t56.8_6_off.jpg,违章02,56.81,13,240,48,288,hsv,off,0
违章02/违章02_t56.8_7_off.jpg,违章02,56.81,1000,363,1016,376,hsv,off,0
违章02/违章02_t56.8_8_off.jpg,违章02,56.81,941,365,993,419,hsv,off,0
违章02/违章02_t56.8_9_off.jpg,违章02,56.81,129,400,179,415,hsv,off,0
违章02/违章02_t56.8_10_off.jpg,违章02,56.81,1100,407,1125,443,hsv,off,0
违章02/违章02_t56.8_13_off.jpg,违章02,56.81,1011,483,1027,499,hsv,off,0
违章02/违章02_t56.8_14_off.jpg,违章02,56.81,1013,502,1050,527,hsv,off,0
违章02/违章02_t56.8_15_off.jpg,违章02,56.81,1025,529,1054,585,hsv,off,0
违章02/违章02_t56.8_16_off.jpg,违章02,56.81,998,593,1022,608,hsv,off,0
违章02/违章02_t56.8_17_off.jpg,违章02,56.81,1025,599,1038,613,hsv,off,0
违章02/违章02_t56.8_19_off.jpg,违章02,56.81,1050,628,1098,720,hsv,off,0
违章02/违章02_t56.8_20_off.jpg,违章02,56.81,946,634,970,683,hsv,off,0
违章02/违章02_t56.8_21_off.jpg,违章02,56.81,1208,640,1226,664,hsv,off,0
违章02/违章02_t56.8_22_off.jpg,违章02,56.81,892,663,962,720,hsv,off,0
违章02/违章02_t56.8_23_off.jpg,违章02,56.81,1038,693,1048,708,hsv,off,0
违章02/违章02_t56.8_24_off.jpg,违章02,56.81,887,695,900,707,hsv,off,0
违章02/违章02_t56.8_25_off.jpg,违章02,56.81,1100,700,1117,720,hsv,off,0
违章02/违章02_t56.8_26_off.jpg,违章02,56.81,1022,712,1033,720,hsv,off,0
违章02/违章02_t57.3_0_walk.jpg,违章02,57.28,956,79,965,91,hsv,walk,0
违章02/违章02_t57.3_1_off.jpg,违章02,57.28,228,115,252,135,hsv,off,0
违章02/违章02_t57.3_2_off.jpg,违章02,57.28,182,121,205,136,hsv,off,0
违章02/违章02_t57.3_3_off.jpg,违章02,57.28,760,150,772,175,hsv,off,0
违章02/违章02_t57.3_4_off.jpg,违章02,57.28,155,237,166,255,hsv,off,0
违章02/违章02_t57.3_5_off.jpg,违章02,57.28,202,304,211,314,hsv,off,0
违章02/违章02_t57.3_6_off.jpg,违章02,57.28,119,396,168,411,hsv,off,0
违章02/违章02_t59.6_1_off.jpg,违章02,59.64,203,107,227,128,hsv,off,0
违章02/违章02_t59.6_3_off.jpg,违章02,59.64,158,114,179,129,hsv,off,0
违章02/违章02_t59.6_6_off.jpg,违章02,59.64,739,136,750,162,hsv,off,0
违章02/违章02_t59.6_7_off.jpg,违章02,59.64,500,179,510,198,hsv,off,0
违章02/违章02_t59.6_8_off.jpg,违章02,59.64,516,194,532,206,hsv,off,0
违章02/违章02_t59.6_9_off.jpg,违章02,59.64,546,195,568,206,hsv,off,0
违章02/违章02_t59.6_10_off.jpg,违章02,59.64,505,216,562,240,hsv,off,0
违章02/违章02_t59.6_11_off.jpg,违章02,59.64,114,226,139,272,hsv,off,0
违章02/违章02_t59.6_13_off.jpg,违章02,59.64,170,262,178,284,hsv,off,0
违章02/违章02_t59.6_14_off.jpg,违章02,59.64,177,290,185,307,hsv,off,0
违章02/违章02_t59.9_1_off.jpg,违章02,59.87,200,107,223,129,hsv,off,0
违章02/违章02_t59.9_2_off.jpg,违章02,59.87,156,113,175,130,hsv,off,0
违章02/违章02_t59.9_5_off.jpg,违章02,59.87,737,138,748,160,hsv,off,0
违章02/违章02_t59.9_6_off.jpg,违章02,59.87,700,150,709,159,hsv,off,0
违章02/违章02_t59.9_7_off.jpg,违章02,59.87,650,169,662,183,hsv,off,0
违章02/违章02_t59.9_8_off.jpg,违章02,59.87,647,180,716,240,hsv,off,0
违章02/违章02_t59.9_9_off.jpg,违章02,59.87,702,189,727,203,hsv,off,0
违章02/违章02_t59.9_10_off.jpg,违章02,59.87,110,226,139,269,hsv,off,0
违章02/违章02_t59.9_13_off.jpg,违章02,59.87,176,290,185,313,hsv,off,0
违章02/违章02_t59.9_14_off.jpg,违章02,59.87,67,386,117,403,hsv,off,0
违章02/违章02_t60.1_0_off.jpg,违章02,60.11,926,64,936,76,hsv,off,0
违章02/违章02_t60.1_1_off.jpg,违章02,60.11,192,107,220,129,hsv,off,0
违章02/违章02_t60.1_2_off.jpg,违章02,60.11,147,113,183,130,hsv,off,0
违章02/违章02_t60.1_4_off.jpg,违章02,60.11,734,134,745,162,hsv,off,0
违章02/违章02_t60.1_6_off.jpg,违章02,60.11,864,158,884,167,hsv,off,0
违章02/违章02_t60.1_7_off.jpg,违章02,60.11,840,165,853,175,hsv,off,0
违章02/违章02_t60.1_8_off.jpg,违章02,60.11,822,174,914,242,hsv,off,0
违章02/违章02_t60.1_9_off.jpg,违章02,60.11,897,179,908,201,hsv,off,0
违章02/违章02_t60.1_10_off.jpg,违章02,60.11,909,190,923,200,hsv,off,0
违章02/违章02_t60.1_11_off.jpg,违章02,60.11,109,217,147,269,hsv,off,0
违章02/违章02_t60.1_12_off.jpg,违章02,60.11,153,288,182,311,hsv,off,0
违章02/违章02_t60.1_13_off.jpg,违章02,60.11,67,382,116,399,hsv,off,0
违章02/违章02_t60.1_14_off.jpg,违章02,60.11,1256,473,1264,482,hsv,off,0
违章02/违章02_t60.4_0_walk.jpg,违章02,60.35,922,64,932,76,hsv,walk,0
违章02/违章02_t60.4_1_off.jpg,违章02,60.35,189,110,217,129,hsv,off,0
违章02/违章02_t60.4_2_off.jpg,违章02,60.35,149,113,167,131,hsv,off,0
违章02/违章02_t60.4_3_off.jpg,违章02,60.35,171,112,180,129,hsv,off,0
违章02/违章02_t60.4_4_off.jpg,违章02,60.35,1183,126,1192,135,hsv,off,0
违章02/违章02_t60.4_5_off.jpg,违章02,60.35,731,135,742,161,hsv,off,0
违章02/违章02_t60.4_7_off.jpg,违章02,60.35,1078,157,1198,253,hsv,off,0
违章02/违章02_t60.4_8_off.jpg,违章02,60.35,1120,166,1132,180,hsv,off,0
违章02/违章02_t60.4_9_off.jpg,违章02,60.35,1178,173,1212,200,hsv,off,0
违章02/违章02_t60.4_10_off.jpg,违章02,60.35,113,218,147,278,hsv,off,0
违章02/违章02_t60.4_11_off.jpg,违章02,60.35,145,287,179,313,hsv,off,0
违章02/违章02_t60.4_12_off.jpg,违章02,60.35,65,380,113,398,hsv,off,0
违章02/违章02_t60.6_0_walk.jpg,违章02,60.58,920,65,928,73,hsv,walk,0
违章02/违章02_t60.6_1_off.jpg,违章02,60.58,192,108,214,131,hsv,off,0
违章02/违章02_t60.6_2_off.jpg,违章02,60.58,145,112,176,132,hsv,off,0
违章02/违章02_t60.6_3_off.jpg,违章02,60.58,119,116,128,129,hsv,off,0
违章02/违章02_t60.6_5_off.jpg,违章02,60.58,728,134,739,161,hsv,off,0
违章02/违章02_t60.6_6_off.jpg,违章02,60.58,115,223,142,273,hsv,off,0
违章02/违章02_t60.6_7_off.jpg,违章02,60.58,142,287,175,314,hsv,off,0
违章02/违章02_t60.6_8_off.jpg,违章02,60.58,63,381,98,394,hsv,off,0
违章02/违章02_t60.6_9_off.jpg,违章02,60.58,101,380,109,389,hsv,off,0
违章02/违章02_t60.8_1_off.jpg,违章02,60.82,189,110,212,133,hsv,off,0
违章02/违章02_t60.8_2_off.jpg,违章02,60.82,143,113,174,133,hsv,off,0
违章02/违章02_t60.8_5_off.jpg,违章02,60.82,725,138,737,162,hsv,off,0
违章02/违章02_t60.8_6_off.jpg,违章02,60.82,110,217,140,274,hsv,off,0
违章02/违章02_t60.8_7_off.jpg,违章02,60.82,142,289,173,314,hsv,off,0
违章02/违章02_t60.8_8_off.jpg,违章02,60.82,60,380,97,394,hsv,off,0
违章02/违章02_t61.5_0_walk.jpg,违章02,61.52,911,71,919,83,hsv,walk,0
违章02/违章02_t61.5_1_off.jpg,违章02,61.52,179,113,205,137,hsv,off,0
违章02/违章02_t61.5_2_off.jpg,违章02,61.52,138,118,169,136,hsv,off,0
违章02/违章02_t61.5_3_off.jpg,违章02,61.52,720,142,730,168,hsv,off,0
违章02/违章02_t61.5_4_off.jpg,违章02,61.52,128,210,172,273,hsv,off,0
违章02/违章02_t61.5_5_off.jpg,违章02,61.52,113,276,167,319,hsv,off,0
违章02/违章02_t61.5_6_off.jpg,违章02,61.52,0,292,19,305,hsv,off,0
违章02/违章02_t61.5_7_off.jpg,违章02,61.52,13,463,23,473,hsv,off,0
违章02/违章02_t61.8_0_walk.jpg,违章02,61.76,911,73,919,83,hsv,walk,0
违章02/违章02_t61.8_1_off.jpg,违章02,61.76,177,112,204,137,hsv,off,0
违章02/违章02_t61.8_2_off.jpg,违章02,61.76,142,119,167,137,hsv,off,0
违章02/违章02_t61.8_4_off.jpg,违章02,61.76,719,143,729,168,hsv,off,0
违章02/违章02_t61.8_5_off.jpg,违章02,61.76,141,208,181,264,hsv,off,0
违章02/违章02_t61.8_6_off.jpg,违章02,61.76,125,272,161,307,hsv,off,0
违章02/违章02_t61.8_7_off.jpg,违章02,61.76,121,284,138,300,hsv,off,0
违章02/违章02_t61.8_8_off.jpg,违章02,61.76,78,297,97,310,hsv,off,0
违章02/违章02_t62.0_1_off.jpg,违章02,62.0,176,113,203,137,hsv,off,0
违章02/违章02_t62.0_2_off.jpg,违章02,62.0,141,119,167,137,hsv,off,0
违章02/违章02_t62.0_4_off.jpg,违章02,62.0,718,144,730,169,hsv,off,0
违章02/违章02_t62.0_5_off.jpg,违章02,62.0,174,303,198,316,hsv,off,0
违章02/违章02_t62.0_6_off.jpg,违章02,62.0,210,495,222,509,hsv,off,0
违章02/违章02_t62.2_1_off.jpg,违章02,62.23,173,114,202,138,hsv,off,0
违章02/违章02_t62.2_2_off.jpg,违章02,62.23,140,119,165,138,hsv,off,0
违章02/违章02_t62.2_5_off.jpg,违章02,62.23,717,146,728,170,hsv,off,0
违章02/违章02_t62.2_6_off.jpg,违章02,62.23,97,240,118,256,hsv,off,0
违章02/违章02_t62.2_7_off.jpg,违章02,62.23,288,309,313,324,hsv,off,0
违章02/违章02_t62.2_8_off.jpg,违章02,62.23,353,337,364,348,hsv,off,0
违章02/违章02_t62.2_9_off.jpg,违章02,62.23,121,352,136,362,hsv,off,0
违章02/违章02_t62.5_0_walk.jpg,违章02,62.47,906,77,914,87,hsv,walk,0
违章02/违章02_t62.5_1_off.jpg,违章02,62.47,132,122,164,140,hsv,off,0
违章02/违章02_t62.5_2_off.jpg,违章02,62.47,715,148,726,170,hsv,off,0
违章02/违章02_t62.5_3_off.jpg,违章02,62.47,96,243,117,257,hsv,off,0
违章02/违章02_t62.5_4_off.jpg,违章02,62.47,152,304,160,320,hsv,off,0
违章02/违章02_t62.5_5_off.jpg,违章02,62.47,413,317,443,336,hsv,off,0
违章02/违章02_t62.5_6_off.jpg,违章02,62.47,483,347,494,357,hsv,off,0
违章02/违章02_t62.5_8_off.jpg,违章02,62.47,468,546,479,556,hsv,off,0
违章02/违章02_t62.5_9_off.jpg,违章02,62.47,572,699,583,711,hsv,off,0
违章02/违章02_t62.7_1_off.jpg,违章02,62.7,175,118,197,144,hsv,off,0
违章02/违章02_t62.7_2_off.jpg,违章02,62.7,713,147,725,174,hsv,off,0
违章02/违章02_t62.7_4_off.jpg,违章02,62.7,89,242,114,258,hsv,off,0
违章02/违章02_t62.7_5_off.jpg,违章02,62.7,150,305,158,324,hsv,off,0
违章02/违章02_t62.7_6_off.jpg,违章02,62.7,551,326,583,346,hsv,off,0
违章02/违章02_t62.7_7_off.jpg,违章02,62.7,627,360,635,370,hsv,off,0
违章02/违章02_t62.7_8_off.jpg,违章02,62.7,41,372,75,410,hsv,off,0
违章02/违章02_t62.7_9_off.jpg,违章02,62.7,69,417,89,450,hsv,off,0
违章02/违章02_t62.7_11_off.jpg,违章02,62.7,43,528,52,544,hsv,off,0
违章02/违章02_t62.9_0_walk.jpg,违章02,62.94,903,79,911,90,hsv,walk,0
违章02/违章02_t62.9_1_off.jpg,违章02,62.94,174,118,196,143,hsv,off,0
违章02/违章02_t62.9_2_off.jpg,违章02,62.94,713,148,724,175,hsv,off,0
违章02/违章02_t62.9_3_off.jpg,违章02,62.94,92,244,112,259,hsv,off,0
违章02/违章02_t62.9_4_off.jpg,违章02,62.94,705,343,746,365,hsv,off,0
违章02/违章02_t62.9_5_off.jpg,违章02,62.94,113,363,148,409,hsv,off,0
违章02/违章02_t62.9_8_off.jpg,违章02,62.94,154,432,175,461,hsv,off,0
违章02/违章02_t62.9_9_off.jpg,违章02,62.94,830,477,839,490,hsv,off,0
违章02/违章02_t62.9_10_off.jpg,违章02,62.94,131,545,139,560,hsv,off,0
违章02/违章02_t63.2_0_walk.jpg,违章02,63.17,900,80,908,90,hsv,walk,0
违章02/违章02_t63.2_1_off.jpg,违章02,63.17,710,148,722,173,hsv,off,0
违章02/违章02_t63.2_3_off.jpg,违章02,63.17,33,227,44,238,hsv,off,0
违章02/违章02_t63.2_4_off.jpg,违章02,63.17,718,228,727,236,hsv,off,0
违章02/违章02_t63.2_5_off.jpg,违章02,63.17,753,292,764,302,hsv,off,0
违章02/违章02_t63.2_6_off.jpg,违章02,63.17,881,362,936,397,hsv,off,0
违章02/违章02_t63.2_7_off.jpg,违章02,63.17,987,396,999,412,hsv,off,0
违章02/违章02_t63.2_8_off.jpg,违章02,63.17,240,445,258,474,hsv,off,0
违章02/违章02_t63.2_9_off.jpg,违章02,63.17,1034,519,1054,544,hsv,off,0
违章02/违章02_t63.2_10_off.jpg,违章02,63.17,215,565,223,580,hsv,off,0
违章02/违章02_t63.4_0_walk.jpg,违章02,63.41,898,80,907,91,hsv,walk,0
违章02/违章02_t63.4_3_off.jpg,违章02,63.41,883,223,901,236,hsv,off,0
违章02/违章02_t63.4_4_off.jpg,违章02,63.41,110,228,122,238,hsv,off,0
违章02/违章02_t63.4_5_off.jpg,违章02,63.41,903,269,914,283,hsv,off,0
违章02/违章02_t63.4_6_off.jpg,违章02,63.41,926,296,938,314,hsv,off,0
违章02/违章02_t63.4_7_off.jpg,违章02,63.41,1233,434,1248,459,hsv,off,0
违章02/违章02_t63.4_8_off.jpg,违章02,63.41,333,459,351,492,hsv,off,0
违章02/违章02_t63.4_9_off.jpg,违章02,63.41,1196,467,1204,480,hsv,off,0
违章02/违章02_t63.4_10_off.jpg,违章02,63.41,307,587,317,609,hsv,off,0
违章02/违章02_t63.6_1_off.jpg,违章02,63.65,163,117,191,142,hsv,off,0
违章02/违章02_t63.6_2_off.jpg,违章02,63.65,121,122,150,143,hsv,off,0
违章02/违章02_t63.6_3_off.jpg,违章02,63.65,182,182,192,202,hsv,off,0
违章02/违章02_t63.6_6_off.jpg,违章02,63.65,187,205,203,221,hsv,off,0
违章02/违章02_t63.6_8_off.jpg,违章02,63.65,1088,223,1110,242,hsv,off,0
违章02/违章02_t63.6_9_off.jpg,违章02,63.65,88,243,102,256,hsv,off,0
违章02/违章02_t63.6_10_off.jpg,违章02,63.65,1122,285,1153,321,hsv,off,0
违章02/违章02_t63.6_11_off.jpg,违章02,63.65,438,481,456,511,hsv,off,0
违章02/违章02_t63.6_12_off.jpg,违章02,63.65,174,537,200,552,hsv,off,0
违章02/违章02_t63.6_13_off.jpg,违章02,63.65,1222,542,1230,550,hsv,off,0
违章02/违章02_t63.6_14_off.jpg,违章02,63.65,414,619,428,643,hsv,off,0
违章02/违章02_t63.9_0_walk.jpg,违章02,63.88,896,79,904,91,hsv,walk,0
违章02/违章02_t63.9_1_off.jpg,违章02,63.88,162,117,190,142,hsv,off,0
违章02/违章02_t63.9_2_off.jpg,违章02,63.88,115,121,152,143,hsv,off,0
违章02/违章02_t63.9_3_off.jpg,违章02,63.88,96,127,113,143,hsv,off,0
违章02/违章02_t63.9_5_off.jpg,违章02,63.88,295,212,317,220,hsv,off,0
违章02/违章02_t63.9_6_off.jpg,违章02,63.88,281,221,300,231,hsv,off,0
违章02/违章02_t63.9_7_off.jpg,违章02,63.88,553,500,571,537,hsv,off,0
违章02/违章02_t63.9_8_off.jpg,违章02,63.88,530,658,545,684,hsv,off,0
违章02/违章02_t64.1_1_off.jpg,违章02,64.12,161,117,188,141,hsv,off,0
违章02/违章02_t64.1_2_off.jpg,违章02,64.12,119,121,150,142,hsv,off,0
违章02/违章02_t64.1_3_off.jpg,违章02,64.12,706,152,714,177,hsv,off,0
违章02/违章02_t64.1_4_off.jpg,违章02,64.12,351,169,364,202,hsv,off,0
违章02/违章02_t64.1_5_off.jpg,违章02,64.12,384,176,400,190,hsv,off,0
违章02/违章02_t64.1_6_off.jpg,违章02,64.12,396,201,412,209,hsv,off,0
违章02/违章02_t64.1_7_off.jpg,违章02,64.12,368,219,392,233,hsv,off,0
违章02/违章02_t64.1_8_off.jpg,违章02,64.12,397,231,411,240,hsv,off,0
违章02/违章02_t64.1_9_off.jpg,违章02,64.12,684,527,701,572,hsv,off,0
违章02/违章02_t64.1_10_off.jpg,违章02,64.12,346,574,361,591,hsv,off,0
违章02/违章02_t64.1_11_off.jpg,违章02,64.12,652,708,664,720,hsv,off,0
违章02/违章02_t64.3_0_walk.jpg,违章02,64.35,896,79,905,92,hsv,walk,0
违章02/违章02_t64.3_1_off.jpg,违章02,64.35,118,119,150,141,hsv,off,0
违章02/违章02_t64.3_2_off.jpg,违章02,64.35,706,151,714,176,hsv,off,0
违章02/违章02_t64.3_3_off.jpg,违章02,64.35,471,166,480,178,hsv,off,0
违章02/违章02_t64.3_4_off.jpg,违章02,64.35,517,167,529,181,hsv,off,0
违章02/违章02_t64.3_5_off.jpg,违章02,64.35,494,168,512,183,hsv,off,0
违章02/违章02_t64.3_6_off.jpg,违章02,64.35,506,195,526,204,hsv,off,0
违章02/违章02_t64.3_7_off.jpg,违章02,64.35,478,206,533,234,hsv,off,0
违章02/违章02_t64.3_8_off.jpg,违章02,64.35,511,230,526,243,hsv,off,0
违章02/违章02_t64.6_0_walk.jpg,违章02,64.59,897,79,905,91,hsv,walk,0
违章02/违章02_t64.6_1_off.jpg,违章02,64.59,164,115,189,139,hsv,off,0
违章02/违章02_t64.6_2_off.jpg,违章02,64.59,105,121,149,140,hsv,off,0
违章02/违章02_t64.6_4_off.jpg,违章02,64.59,707,149,718,175,hsv,off,0
违章02/违章02_t64.6_5_off.jpg,违章02,64.59,615,154,663,189,hsv,off,0
违章02/违章02_t64.6_6_off.jpg,违章02,64.59,667,160,680,178,hsv,off,0
违章02/违章02_t64.6_7_off.jpg,违章02,64.59,599,176,618,198,hsv,off,0
违章02/违章02_t64.6_8_off.jpg,违章02,64.59,654,188,676,202,hsv,off,0
违章02/违章02_t64.6_9_off.jpg,违章02,64.59,612,190,679,242,hsv,off,0
违章02/违章02_t64.6_11_off.jpg,违章02,64.59,1223,349,1235,373,hsv,off,0
违章02/违章02_t64.6_12_off.jpg,违章02,64.59,1250,395,1280,406,hsv,off,0
违章02/违章02_t64.6_14_off.jpg,违章02,64.59,1051,640,1065,668,hsv,off,0
违章02/违章02_t64.8_1_off.jpg,违章02,64.82,165,115,190,137,hsv,off,0
违章02/违章02_t64.8_3_off.jpg,违章02,64.82,811,147,836,167,hsv,off,0
违章02/违章02_t64.8_4_off.jpg,违章02,64.82,841,147,851,156,hsv,off,0
违章02/违章02_t64.8_5_off.jpg,违章02,64.82,708,150,720,176,hsv,off,0
违章02/违章02_t64.8_6_off.jpg,违章02,64.82,793,154,814,169,hsv,off,0
违章02/违章02_t64.8_7_off.jpg,违章02,64.82,758,166,773,187,hsv,off,0
违章02/违章02_t64.8_8_off.jpg,违章02,64.82,826,178,851,195,hsv,off,0
违章02/违章02_t64.8_9_off.jpg,违章02,64.82,780,182,848,237,hsv,off,0
违章02/违章02_t64.8_10_off.jpg,违章02,64.82,141,303,151,318,hsv,off,0
违章02/违章02_t64.8_11_off.jpg,违章02,64.82,1184,315,1193,336,hsv,off,0
违章02/违章02_t64.8_12_off.jpg,违章02,64.82,1197,353,1265,374,hsv,off,0
违章02/违章02_t64.8_14_off.jpg,违章02,64.82,1235,600,1244,610,hsv,off,0
违章02/违章02_t65.1_0_walk.jpg,违章02,65.06,897,80,907,92,hsv,walk,0
违章02/违章02_t65.1_1_off.jpg,违章02,65.06,163,113,192,137,hsv,off,0
违章02/违章02_t65.1_3_off.jpg,违章02,65.06,1021,145,1045,166,hsv,off,0
违章02/违章02_t65.1_4_off.jpg,违章02,65.06,1054,144,1068,154,hsv,off,0
违章02/违章02_t65.1_5_off.jpg,违章02,65.06,710,149,721,177,hsv,off,0
违章02/违章02_t65.1_6_off.jpg,违章02,65.06,1054,158,1065,167,hsv,off,0
违章02/违章02_t65.1_7_off.jpg,违章02,65.06,946,168,966,191,hsv,off,0
违章02/违章02_t65.1_8_off.jpg,违章02,65.06,1034,183,1062,200,hsv,off,0
违章02/违章02_t65.1_9_off.jpg,违章02,65.06,973,185,1068,248,hsv,off,0
违章02/违章02_t65.1_10_off.jpg,违章02,65.06,88,239,107,253,hsv,off,0
违章02/违章02_t65.1_13_off.jpg,违章02,65.06,1256,316,1264,332,hsv,off,0
违章02/违章02_t65.1_14_off.jpg,违章02,65.06,1222,333,1255,345,hsv,off,0
违章02/违章02_t65.3_0_walk.jpg,违章02,65.3,897,80,908,91,hsv,walk,0
违章02/违章02_t65.3_1_off.jpg,违章02,65.3,164,113,191,136,hsv,off,0
违章02/违章02_t65.3_2_off.jpg,违章02,65.3,117,115,154,137,hsv,off,0
违章02/违章02_t65.3_3_off.jpg,违章02,65.3,99,119,112,137,hsv,off,0
违章02/违章02_t65.3_5_off.jpg,违章02,65.3,710,149,721,177,hsv,off,0
违章02/违章02_t65.3_6_off.jpg,违章02,65.3,1212,159,1237,188,hsv,off,0
违章02/违章02_t65.3_7_off.jpg,违章02,65.3,1253,209,1280,240,hsv,off,0
违章02/违章02_t65.3_9_off.jpg,违章02,65.3,87,238,106,255,hsv,off,0
违章02/违章02_t65.5_0_walk.jpg,违章02,65.53,900,80,908,92,hsv,walk,0
违章02/违章02_t65.5_1_off.jpg,违章02,65.53,165,113,193,136,hsv,off,0
违章02/违章02_t65.5_2_off.jpg,违章02,65.53,122,116,152,136,hsv,off,0
违章02/违章02_t65.5_3_off.jpg,违章02,65.53,97,120,113,140,hsv,off,0
违章02/违章02_t65.5_4_off.jpg,违章02,65.53,710,151,721,175,hsv,off,0
违章02/违章02_t65.5_5_off.jpg,违章02,65.53,86,241,107,254,hsv,off,0
违章02/违章02_t65.5_6_off.jpg,违章02,65.53,1188,260,1196,270,hsv,off,0
违章02/违章02_t65.5_7_off.jpg,违章02,65.53,143,297,152,320,hsv,off,0
违章02/违章02_t65.8_1_off.jpg,违章02,65.77,164,112,192,136,hsv,off,0
违章02/违章02_t65.8_2_off.jpg,违章02,65.77,121,115,151,135,hsv,off,0
违章02/违章02_t65.8_3_off.jpg,违章02,65.77,709,150,720,175,hsv,off,0
违章02/违章02_t65.8_5_off.jpg,违章02,65.77,86,240,105,253,hsv,off,0
违章02/违章02_t65.8_6_off.jpg,违章02,65.77,142,307,150,317,hsv,off,0
违章02/违章02_t66.0_0_walk.jpg,违章02,66.0,897,80,907,95,hsv,walk,0
违章02/违章02_t66.0_1_off.jpg,违章02,66.0,164,112,191,136,hsv,off,0
违章02/违章02_t66.0_2_off.jpg,违章02,66.0,96,117,111,132,hsv,off,0
违章02/违章02_t66.0_3_off.jpg,违章02,66.0,116,116,151,135,hsv,off,0
违章02/违章02_t66.0_4_off.jpg,违章02,66.0,709,149,720,173,hsv,off,0
违章02/违章02_t66.0_5_off.jpg,违章02,66.0,83,237,105,252,hsv,off,0
违章02/违章02_t66.2_1_off.jpg,违章02,66.24,164,112,190,136,hsv,off,0
违章02/违章02_t66.2_2_off.jpg,违章02,66.24,115,116,151,135,hsv,off,0
违章02/违章02_t66.2_3_off.jpg,违章02,66.24,708,151,720,174,hsv,off,0
违章02/违章02_t66.2_5_off.jpg,违章02,66.24,84,239,104,252,hsv,off,0
违章02/违章02_t66.2_6_off.jpg,违章02,66.24,141,307,150,315,hsv,off,0
违章02/违章02_t66.5_1_off.jpg,违章02,66.47,125,112,150,134,hsv,off,0
违章02/违章02_t66.5_2_off.jpg,违章02,66.47,160,112,188,136,hsv,off,0
违章02/违章02_t66.5_3_off.jpg,违章02,66.47,96,115,110,136,hsv,off,0
违章02/违章02_t66.5_4_off.jpg,违章02,66.47,707,149,717,176,hsv,off,0
违章02/违章02_t66.5_5_off.jpg,违章02,66.47,141,579,155,608,hsv,off,0
违章02/违章02_t66.7_1_off.jpg,违章02,66.71,125,113,148,130,hsv,off,0
违章02/违章02_t66.7_2_off.jpg,违章02,66.71,160,112,187,136,hsv,off,0
违章02/违章02_t66.7_3_off.jpg,违章02,66.71,96,114,110,130,hsv,off,0
违章02/违章02_t66.7_5_off.jpg,违章02,66.71,706,149,718,176,hsv,off,0
违章02/违章02_t66.7_6_off.jpg,违章02,66.71,312,611,331,643,hsv,off,0
违章02/违章02_t67.0_0_walk.jpg,违章02,66.95,895,80,903,93,hsv,walk,0
违章02/违章02_t67.0_1_off.jpg,违章02,66.95,122,113,146,134,hsv,off,0
违章02/违章02_t67.0_2_off.jpg,违章02,66.95,159,113,186,134,hsv,off,0
违章02/违章02_t67.0_3_off.jpg,违章02,66.95,93,115,108,134,hsv,off,0
违章02/违章02_t67.0_6_off.jpg,违章02,66.95,705,150,716,177,hsv,off,0
违章02/违章02_t67.0_7_off.jpg,违章02,66.95,268,203,281,211,hsv,off,0
违章02/违章02_t67.0_10_off.jpg,违章02,66.95,168,228,177,241,hsv,off,0
违章02/违章02_t67.2_0_walk.jpg,违章02,67.18,894,81,902,93,hsv,walk,0
违章02/违章02_t67.2_1_off.jpg,违章02,67.18,117,113,145,136,hsv,off,0
违章02/违章02_t67.2_2_off.jpg,违章02,67.18,161,113,185,135,hsv,off,0
违章02/违章02_t67.2_3_off.jpg,违章02,67.18,94,115,106,134,hsv,off,0
违章02/违章02_t67.2_5_off.jpg,违章02,67.18,704,150,716,177,hsv,off,0
违章02/违章02_t67.2_6_off.jpg,违章02,67.18,368,176,383,198,hsv,off,0
违章02/违章02_t67.2_7_off.jpg,违章02,67.18,431,206,440,214,hsv,off,0
违章02/违章02_t67.2_8_off.jpg,违章02,67.18,427,219,440,229,hsv,off,0
违章02/违章02_t67.2_9_off.jpg,违章02,67.18,80,240,96,253,hsv,off,0
违章02/违章02_t67.2_10_off.jpg,违章02,67.18,202,453,212,462,hsv,off,0
违章02/违章02_t67.4_0_walk.jpg,违章02,67.42,894,80,902,93,hsv,walk,0
违章02/违章02_t67.4_1_off.jpg,违章02,67.42,115,112,147,135,hsv,off,0
违章02/违章02_t67.4_2_off.jpg,违章02,67.42,157,112,185,135,hsv,off,0
违章02/违章02_t67.4_4_off.jpg,违章02,67.42,28,122,36,134,hsv,off,0
违章02/违章02_t67.4_5_off.jpg,违章02,67.42,704,150,715,177,hsv,off,0
违章02/违章02_t67.4_6_off.jpg,违章02,67.42,584,153,607,180,hsv,off,0
违章02/违章02_t67.4_7_off.jpg,违章02,67.42,541,167,600,227,hsv,off,0
违章02/违章02_t67.4_8_off.jpg,违章02,67.42,610,169,634,177,hsv,off,0
违章02/违章02_t67.4_9_off.jpg,违章02,67.42,608,198,624,214,hsv,off,0
违章02/违章02_t67.4_11_off.jpg,违章02,67.42,602,218,623,234,hsv,off,0
违章02/违章02_t67.4_12_off.jpg,违章02,67.42,78,237,95,246,hsv,off,0
违章02/违章02_t67.4_14_off.jpg,违章02,67.42,661,477,680,488,hsv,off,0
违章02/违章02_t67.7_0_walk.jpg,违章02,67.65,894,79,903,92,hsv,walk,0
违章02/违章02_t67.7_1_off.jpg,违章02,67.65,158,110,185,134,hsv,off,0
违章02/违章02_t67.7_2_off.jpg,违章02,67.65,115,112,136,134,hsv,off,0
违章02/违章02_t67.7_6_off.jpg,违章02,67.65,704,147,716,176,hsv,off,0
违章02/违章02_t67.7_7_off.jpg,违章02,67.65,842,159,860,168,hsv,off,0
违章02/违章02_t67.7_8_off.jpg,违章02,67.65,752,162,769,190,hsv,off,0
违章02/违章02_t67.7_9_off.jpg,违章02,67.65,810,164,829,172,hsv,off,0
违章02/违章02_t67.7_10_off.jpg,违章02,67.65,968,172,979,182,hsv,off,0
违章02/违章02_t67.7_11_off.jpg,违章02,67.65,832,194,850,213,hsv,off,0
违章02/违章02_t67.7_12_off.jpg,违章02,67.65,171,201,183,211,hsv,off,0
违章02/违章02_t67.7_13_off.jpg,违章02,67.65,821,216,846,234,hsv,off,0
违章02/违章02_t67.7_15_off.jpg,违章02,67.65,106,274,129,288,hsv,off,0
违章02/违章02_t67.7_16_off.jpg,违章02,67.65,135,297,145,315,hsv,off,0
违章02/违章02_t67.7_17_off.jpg,违章02,67.65,914,538,933,550,hsv,off,0
违章02/违章02_t67.9_0_walk.jpg,违章02,67.89,893,77,903,91,hsv,walk,0
违章02/违章02_t67.9_2_off.jpg,违章02,67.89,116,112,136,132,hsv,off,0
违章02/违章02_t67.9_4_off.jpg,违章02,67.89,1078,132,1094,140,hsv,off,0
违章02/违章02_t67.9_5_off.jpg,违章02,67.89,982,144,1011,181,hsv,off,0
违章02/违章02_t67.9_6_off.jpg,违章02,67.89,704,146,715,174,hsv,off,0
违章02/违章02_t67.9_7_off.jpg,违章02,67.89,1098,150,1124,161,hsv,off,0
违章02/违章02_t67.9_9_off.jpg,违章02,67.89,1008,169,1078,221,hsv,off,0
违章02/违章02_t67.9_11_off.jpg,违章02,67.89,1088,193,1110,214,hsv,off,0
违章02/违章02_t67.9_12_off.jpg,违章02,67.89,143,207,196,245,hsv,off,0
违章02/违章02_t67.9_13_off.jpg,违章02,67.89,1071,218,1103,237,hsv,off,0
违章02/违章02_t67.9_15_off.jpg,违章02,67.89,121,292,145,317,hsv,off,0
违章02/违章02_t67.9_17_off.jpg,违章02,67.89,1230,635,1242,647,hsv,off,0
违章02/违章02_t68.1_0_walk.jpg,违章02,68.12,894,76,903,90,hsv,walk,0
违章02/违章02_t68.1_1_off.jpg,违章02,68.12,158,108,186,132,hsv,off,0
违章02/违章02_t68.1_2_off.jpg,违章02,68.12,117,111,135,131,hsv,off,0
违章02/违章02_t68.1_4_off.jpg,违章02,68.12,28,116,37,129,hsv,off,0
违章02/违章02_t68.1_5_off.jpg,违章02,68.12,1266,141,1280,166,hsv,off,0
违章02/违章02_t68.1_6_off.jpg,违章02,68.12,704,144,716,173,hsv,off,0
违章02/违章02_t68.1_7_off.jpg,违章02,68.12,972,171,983,179,hsv,off,0
违章02/违章02_t68.1_8_off.jpg,违章02,68.12,133,211,145,231,hsv,off,0
违章02/违章02_t68.1_10_off.jpg,违章02,68.12,80,236,98,248,hsv,off,0
违章02/违章02_t68.1_11_off.jpg,违章02,68.12,134,294,146,315,hsv,off,0
违章02/违章02_t68.1_12_off.jpg,违章02,68.12,48,305,65,313,hsv,off,0
违章02/违章02_t68.4_1_off.jpg,违章02,68.36,160,104,192,129,hsv,off,0
违章02/违章02_t68.4_3_off.jpg,违章02,68.36,168,134,178,142,hsv,off,0
违章02/违章02_t68.4_4_off.jpg,违章02,68.36,129,136,139,144,hsv,off,0
违章02/违章02_t68.4_5_off.jpg,违章02,68.36,705,142,717,171,hsv,off,0
违章02/违章02_t68.4_7_off.jpg,违章02,68.36,80,234,98,246,hsv,off,0
违章02/违章02_t68.4_8_off.jpg,违章02,68.36,147,248,165,260,hsv,off,0
违章02/违章02_t68.4_9_off.jpg,违章02,68.36,973,568,985,581,hsv,off,0
违章02/违章02_t68.6_1_off.jpg,违章02,68.6,162,104,188,128,hsv,off,0
违章02/违章02_t68.6_3_off.jpg,违章02,68.6,131,135,141,143,hsv,off,0
违章02/违章02_t68.6_5_off.jpg,违章02,68.6,706,143,718,170,hsv,off,0
违章02/违章02_t68.6_6_off.jpg,违章02,68.6,109,190,119,198,hsv,off,0
违章02/违章02_t68.6_7_off.jpg,违章02,68.6,96,215,139,249,hsv,off,0
违章02/违章02_t68.6_9_off.jpg,违章02,68.6,142,231,151,248,hsv,off,0
违章02/违章02_t68.6_10_off.jpg,违章02,68.6,122,247,144,269,hsv,off,0
违章02/违章02_t68.6_11_off.jpg,违章02,68.6,111,316,125,354,hsv,off,0
违章02/违章02_t68.6_12_off.jpg,违章02,68.6,94,331,106,356,hsv,off,0
违章02/违章02_t68.8_0_walk.jpg,违章02,68.83,896,74,906,86,hsv,walk,0
违章02/违章02_t68.8_1_off.jpg,违章02,68.83,162,103,187,127,hsv,off,0
违章02/违章02_t68.8_5_off.jpg,违章02,68.83,706,143,718,171,hsv,off,0
违章02/违章02_t68.8_7_off.jpg,违章02,68.83,119,227,140,275,hsv,off,0
违章02/违章02_t68.8_8_off.jpg,违章02,68.83,108,303,131,356,hsv,off,0
违章02/违章02_t68.8_9_off.jpg,违章02,68.83,67,328,83,357,hsv,off,0
违章02/违章02_t69.1_1_off.jpg,违章02,69.07,162,103,186,127,hsv,off,0
违章02/违章02_t69.1_3_off.jpg,违章02,69.07,706,143,717,169,hsv,off,0
违章02/违章02_t69.1_4_off.jpg,违章02,69.07,36,214,110,259,hsv,off,0
违章02/违章02_t69.1_5_off.jpg,违章02,69.07,98,232,112,248,hsv,off,0
违章02/违章02_t69.1_6_off.jpg,违章02,69.07,115,248,134,285,hsv,off,0
违章02/违章02_t69.1_7_off.jpg,违章02,69.07,74,256,92,271,hsv,off,0
违章02/违章02_t69.1_8_off.jpg,违章02,69.07,46,266,64,292,hsv,off,0
违章02/违章02_t69.1_9_off.jpg,违章02,69.07,78,288,86,300,hsv,off,0
违章02/违章02_t69.1_10_off.jpg,违章02,69.07,83,309,98,322,hsv,off,0
违章02/违章02_t69.1_11_off.jpg,违章02,69.07,85,316,118,375,hsv,off,0
违章02/违章02_t69.1_12_off.jpg,违章02,69.07,72,356,80,380,hsv,off,0
违章02/违章02_t69.3_1_off.jpg,违章02,69.3,162,102,185,125,hsv,off,0
违章02/违章02_t69.3_3_off.jpg,违章02,69.3,705,141,716,169,hsv,off,0
违章02/违章02_t69.3_4_off.jpg,违章02,69.3,22,200,32,211,hsv,off,0
违章02/违章02_t69.3_5_off.jpg,违章02,69.3,3,211,93,258,hsv,off,0
违章02/违章02_t69.3_6_off.jpg,违章02,69.3,47,251,108,384,hsv,off,0
违章02/违章02_t69.3_7_off.jpg,违章02,69.3,20,265,38,290,hsv,off,0
违章02/违章02_t69.3_10_off.jpg,违章02,69.3,0,310,42,381,hsv,off,0
违章02/违章02_t69.5_1_off.jpg,违章02,69.54,161,102,185,137,hsv,off,0
违章02/违章02_t69.5_2_off.jpg,违章02,69.54,117,106,145,125,hsv,off,0
违章02/违章02_t69.5_4_off.jpg,违章02,69.54,705,141,716,167,hsv,off,0
违章02/违章02_t69.5_5_off.jpg,违章02,69.54,75,225,99,242,hsv,off,0
违章02/违章02_t69.5_6_off.jpg,违章02,69.54,4,276,15,296,hsv,off,0
违章02/违章02_t69.5_7_off.jpg,违章02,69.54,150,289,161,310,hsv,off,0
违章02/违章02_t69.5_8_off.jpg,违章02,69.54,0,291,8,316,hsv,off,0
违章02/违章02_t69.5_9_off.jpg,违章02,69.54,68,303,92,323,hsv,off,0
违章02/违章02_t69.5_10_off.jpg,违章02,69.54,9,344,31,399,hsv,off,0
违章02/违章02_t69.5_11_off.jpg,违章02,69.54,51,344,96,394,hsv,off,0
违章02/违章02_t70.7_2_off.jpg,违章02,70.72,676,140,687,164,hsv,off,0
违章02/违章02_t70.7_3_off.jpg,违章02,70.72,296,179,306,188,hsv,off,0
违章02/违章02_t70.7_4_off.jpg,违章02,70.72,210,305,224,321,hsv,off,0
违章02/违章02_t71.0_1_off.jpg,违章02,70.95,106,99,133,125,hsv,off,0
违章02/违章02_t71.0_2_off.jpg,违章02,70.95,63,104,84,124,hsv,off,0
违章02/违章02_t71.0_3_off.jpg,违章02,70.95,659,138,670,159,hsv,off,0
违章02/违章02_t71.0_5_off.jpg,违章02,70.95,222,303,238,320,hsv,off,0
违章02/违章02_t74.5_0_off.jpg,违章02,74.49,1247,0,1280,38,hsv,off,0
违章02/违章02_t74.5_1_walk.jpg,违章02,74.49,1040,107,1065,130,hsv,walk,0
违章02/违章02_t74.5_2_off.jpg,违章02,74.49,1071,106,1084,131,hsv,off,0
违章02/违章02_t74.5_3_off.jpg,违章02,74.49,290,122,304,149,hsv,off,0
违章02/违章02_t74.5_5_off.jpg,违章02,74.49,1065,132,1075,145,hsv,off,0
违章02/违章02_t74.5_7_off.jpg,违章02,74.49,1036,223,1052,236,hsv,off,0
违章02/违章02_t74.5_8_off.jpg,违章02,74.49,0,581,29,593,hsv,off,0
违章02/违章02_t74.5_9_off.jpg,违章02,74.49,881,592,918,686,hsv,off,0
违章02/违章02_t74.5_10_off.jpg,违章02,74.49,916,592,954,680,hsv,off,0
违章02/违章02_t74.7_1_off.jpg,违章02,74.72,1243,0,1280,37,hsv,off,0
违章02/违章02_t74.7_3_off.jpg,违章02,74.72,287,122,301,149,hsv,off,0
违章02/违章02_t74.7_4_walk.jpg,违章02,74.72,857,125,880,146,hsv,walk,0
违章02/违章02_t74.7_5_off.jpg,违章02,74.72,876,146,884,159,hsv,off,0
违章02/违章02_t74.7_6_off.jpg,违章02,74.72,1072,146,1089,197,hsv,off,0
违章02/违章02_t74.7_7_off.jpg,违章02,74.72,867,226,876,235,hsv,off,0
违章02/违章02_t74.7_8_off.jpg,违章02,74.72,760,552,825,634,hsv,off,0
违章02/违章02_t74.7_9_off.jpg,违章02,74.72,27,602,49,612,hsv,off,0
违章02/违章02_t74.7_10_off.jpg,违章02,74.72,739,619,748,635,hsv,off,0
违章02/违章02_t79.2_0_off.jpg,违章02,79.2,520,65,528,79,hsv,off,0
违章02/违章02_t79.2_2_off.jpg,违章02,79.2,826,126,866,143,hsv,off,0
违章02/违章02_t79.2_3_off.jpg,违章02,79.2,746,129,769,146,hsv,off,0
违章02/违章02_t79.2_5_off.jpg,违章02,79.2,323,132,336,161,hsv,off,0
违章02/违章02_t79.2_6_off.jpg,违章02,79.2,779,140,790,153,hsv,off,0
违章02/违章02_t79.2_7_off.jpg,违章02,79.2,1109,163,1123,211,hsv,off,0
违章02/违章02_t79.2_8_off.jpg,违章02,79.2,773,164,861,245,hsv,off,0
违章02/违章02_t79.2_9_off.jpg,违章02,79.2,751,168,766,197,hsv,off,0
违章02/违章02_t79.2_10_off.jpg,违章02,79.2,843,175,865,196,hsv,off,0
违章02/违章02_t79.2_11_off.jpg,违章02,79.2,726,180,739,196,hsv,off,0
违章02/违章02_t79.2_12_off.jpg,违章02,79.2,674,236,701,253,hsv,off,0
违章02/违章02_t79.2_13_off.jpg,违章02,79.2,666,246,724,292,hsv,off,0
违章02/违章02_t79.2_14_off.jpg,违章02,79.2,655,265,718,328,hsv,off,0
违章02/违章02_t79.2_15_off.jpg,违章02,79.2,851,270,878,296,hsv,off,0
违章02/违章02_t79.2_17_off.jpg,违章02,79.2,750,296,790,364,hsv,off,0
违章02/违章02_t79.2_18_off.jpg,违章02,79.2,590,298,677,424,hsv,off,0
违章02/违章02_t79.2_20_off.jpg,违章02,79.2,867,303,877,313,hsv,off,0
违章02/违章02_t79.2_21_off.jpg,违章02,79.2,140,316,171,352,hsv,off,0
违章02/违章02_t79.2_22_off.jpg,违章02,79.2,916,323,934,340,hsv,off,0
违章02/违章02_t79.2_26_off.jpg,违章02,79.2,1009,386,1019,395,hsv,off,0
违章02/违章02_t79.2_27_off.jpg,违章02,79.2,675,397,748,460,hsv,off,0
违章02/违章02_t79.2_28_off.jpg,违章02,79.2,616,420,627,428,hsv,off,0
违章02/违章02_t79.2_29_off.jpg,违章02,79.2,620,424,655,442,hsv,off,0
违章02/违章02_t79.2_30_off.jpg,违章02,79.2,549,426,608,459,hsv,off,0
违章02/违章02_t79.2_31_off.jpg,违章02,79.2,594,456,627,477,hsv,off,0
违章02/违章02_t79.2_32_off.jpg,违章02,79.2,658,493,713,520,hsv,off,0
违章02/违章02_t79.2_33_off.jpg,违章02,79.2,572,519,620,535,hsv,off,0
违章02/违章02_t79.2_35_off.jpg,违章02,79.2,442,648,458,658,hsv,off,0
违章02/违章02_t79.2_36_off.jpg,违章02,79.2,621,712,629,720,hsv,off,0
违章02/违章02_t79.4_2_off.jpg,违章02,79.44,1001,107,1009,117,hsv,off,0
违章02/违章02_t79.4_3_off.jpg,违章02,79.44,1019,120,1071,141,hsv,off,0
违章02/违章02_t79.4_5_off.jpg,违章02,79.44,1083,122,1101,131,hsv,off,0
违章02/违章02_t79.4_6_walk.jpg,违章02,79.44,929,124,957,146,hsv,walk,0
违章02/违章02_t79.4_7_off.jpg,违章02,79.44,326,133,338,161,hsv,off,0
违章02/违章02_t79.4_8_off.jpg,违章02,79.44,966,143,980,157,hsv,off,0
违章02/违章02_t79.4_9_off.jpg,违章02,79.44,957,164,1066,255,hsv,off,0
违章02/违章02_t79.4_10_off.jpg,违章02,79.44,1110,164,1125,212,hsv,off,0
违章02/违章02_t79.4_11_off.jpg,违章02,79.44,932,167,942,180,hsv,off,0
违章02/违章02_t79.4_12_off.jpg,违章02,79.44,1042,177,1070,202,hsv,off,0
违章02/违章02_t79.4_13_off.jpg,违章02,79.44,939,181,952,204,hsv,off,0
违章02/违章02_t79.4_14_off.jpg,违章02,79.44,855,248,890,265,hsv,off,0
违章02/违章02_t79.4_15_off.jpg,违章02,79.44,844,257,918,306,hsv,off,0
违章02/违章02_t79.4_16_off.jpg,违章02,79.44,839,279,923,347,hsv,off,0
违章02/违章02_t79.4_18_off.jpg,违章02,79.44,943,314,974,388,hsv,off,0
违章02/违章02_t79.4_19_off.jpg,违章02,79.44,1062,315,1074,330,hsv,off,0
违章02/违章02_t79.4_20_off.jpg,违章02,79.44,142,316,175,353,hsv,off,0
违章02/违章02_t79.4_21_off.jpg,违章02,79.44,987,334,1002,363,hsv,off,0
违章02/违章02_t79.4_22_off.jpg,违章02,79.44,1143,411,1162,423,hsv,off,0
违章02/违章02_t79.4_23_off.jpg,违章02,79.44,911,413,940,422,hsv,off,0
违章02/违章02_t79.4_24_off.jpg,违章02,79.44,883,419,972,493,hsv,off,0
违章02/违章02_t79.4_25_off.jpg,违章02,79.44,701,451,773,489,hsv,off,0
违章02/违章02_t79.4_26_off.jpg,违章02,79.44,774,451,784,459,hsv,off,0
违章02/违章02_t79.4_27_off.jpg,违章02,79.44,779,456,816,475,hsv,off,0
违章02/违章02_t79.4_28_off.jpg,违章02,79.44,748,491,786,512,hsv,off,0
违章02/违章02_t79.4_29_off.jpg,违章02,79.44,877,499,891,508,hsv,off,0
违章02/违章02_t79.4_31_off.jpg,违章02,79.44,997,520,1104,608,hsv,off,0
违章02/违章02_t79.4_32_off.jpg,违章02,79.44,710,547,770,577,hsv,off,0
违章02/违章02_t79.4_33_off.jpg,违章02,79.44,816,548,875,571,hsv,off,0
违章02/违章02_t79.4_34_off.jpg,违章02,79.44,1058,648,1100,660,hsv,off,0
违章02/违章02_t81.3_0_off.jpg,违章02,81.32,324,132,337,160,hsv,off,0
违章02/违章02_t81.3_1_off.jpg,违章02,81.32,695,141,703,149,hsv,off,0
违章02/违章02_t81.3_2_off.jpg,违章02,81.32,709,142,793,217,hsv,off,0
违章02/违章02_t81.3_3_off.jpg,违章02,81.32,698,150,708,163,hsv,off,0
违章02/违章02_t81.3_4_walk.jpg,违章02,81.32,781,150,811,180,hsv,walk,0
违章02/违章02_t81.3_5_off.jpg,违章02,81.32,1108,162,1126,214,hsv,off,0
违章02/违章02_t81.3_6_off.jpg,违章02,81.32,139,315,171,348,hsv,off,0
违章02/违章02_t81.3_7_off.jpg,违章02,81.32,805,547,821,558,hsv,off,0
违章02/违章02_t81.6_0_off.jpg,违章02,81.56,323,131,336,160,hsv,off,0
违章02/违章02_t81.6_2_off.jpg,违章02,81.56,811,160,942,253,hsv,off,0
违章02/违章02_t81.6_3_off.jpg,违章02,81.56,1107,161,1125,213,hsv,off,0
违章02/违章02_t81.6_4_walk.jpg,违章02,81.56,933,197,943,209,hsv,walk,0
违章02/违章02_t81.6_5_off.jpg,违章02,81.56,138,314,170,348,hsv,off,0
违章02/违章02_t88.9_0_off.jpg,违章02,88.87,1233,0,1276,37,hsv,off,0
违章02/违章02_t88.9_3_off.jpg,违章02,88.87,280,110,294,138,hsv,off,0
违章02/违章02_t88.9_4_off.jpg,违章02,88.87,1066,144,1081,194,hsv,off,0
违章02/违章02_t88.9_6_off.jpg,违章02,88.87,89,295,121,330,hsv,off,0
违章02/违章02_t89.1_0_off.jpg,违章02,89.1,1233,0,1275,37,hsv,off,0
违章02/违章02_t89.1_1_off.jpg,违章02,89.1,474,65,495,74,hsv,off,0
违章02/违章02_t89.1_3_off.jpg,违章02,89.1,279,110,293,138,hsv,off,0
违章02/违章02_t89.1_4_off.jpg,违章02,89.1,1065,144,1081,193,hsv,off,0
违章02/违章02_t89.1_6_off.jpg,违章02,89.1,88,294,121,329,hsv,off,0
违章02/违章02_t92.9_0_off.jpg,违章02,92.88,1228,0,1273,46,hsv,off,0
违章02/违章02_t92.9_3_off.jpg,违章02,92.88,272,105,288,135,hsv,off,0
违章02/违章02_t92.9_5_off.jpg,违章02,92.88,81,289,113,321,hsv,off,0
违章02/违章02_t93.1_0_off.jpg,违章02,93.11,1228,0,1272,48,hsv,off,0
违章02/违章02_t93.1_1_off.jpg,违章02,93.11,477,30,485,39,hsv,off,0
违章02/违章02_t93.1_2_off.jpg,违章02,93.11,478,64,490,74,hsv,off,0
违章02/违章02_t93.1_4_off.jpg,违章02,93.11,272,105,287,134,hsv,off,0
违章02/违章02_t93.1_5_off.jpg,违章02,93.11,79,147,93,155,hsv,off,0
违章02/违章02_t93.1_6_off.jpg,违章02,93.11,1059,151,1075,201,hsv,off,0
违章02/违章02_t93.1_8_off.jpg,违章02,93.11,80,288,111,321,hsv,off,0
违章02/违章02_t102.8_0_off.jpg,违章02,102.78,1208,0,1254,57,hsv,off,0
违章02/违章02_t102.8_1_off.jpg,违章02,102.78,256,107,270,136,hsv,off,0
违章02/违章02_t102.8_2_stand.jpg,违章02,102.78,1040,159,1056,207,hsv,stand,0
违章02/违章02_t102.8_4_off.jpg,违章02,102.78,58,291,91,324,hsv,off,0
违章02/违章02_t103.0_0_off.jpg,违章02,103.01,1203,0,1248,57,hsv,off,0
违章02/违章02_t103.0_2_off.jpg,违章02,103.01,251,108,266,135,hsv,off,0
违章02/违章02_t103.0_3_stand.jpg,违章02,103.01,1036,158,1054,208,hsv,stand,0
违章02/违章02_t103.0_5_off.jpg,违章02,103.01,54,292,87,324,hsv,off,0
违章02/违章02_t103.2_0_off.jpg,违章02,103.25,1200,0,1246,58,hsv,off,0
违章02/违章02_t103.2_1_off.jpg,违章02,103.25,455,79,468,87,hsv,off,0
违章02/违章02_t103.2_2_off.jpg,违章02,103.25,247,110,263,138,hsv,off,0
违章02/违章02_t103.2_3_stand.jpg,违章02,103.25,1032,158,1051,209,hsv,stand,0
违章02/违章02_t103.2_4_off.jpg,违章02,103.25,50,293,84,327,hsv,off,0
违章02/违章02_t103.7_0_off.jpg,违章02,103.72,1190,0,1237,61,hsv,off,0
违章02/违章02_t103.7_1_off.jpg,违章02,103.72,238,111,255,139,hsv,off,0
违章02/违章02_t103.7_2_stand.jpg,违章02,103.72,992,153,1001,164,hsv,stand,0
违章02/违章02_t103.7_3_off.jpg,违章02,103.72,1036,162,1052,211,hsv,off,0
违章02/违章02_t103.7_4_off.jpg,违章02,103.72,41,295,75,331,hsv,off,0
违章02/违章02_t104.7_0_off.jpg,违章02,104.66,1159,0,1205,66,hsv,off,0
违章02/违章02_t104.7_2_off.jpg,违章02,104.66,212,113,228,142,hsv,off,0
违章02/违章02_t104.7_3_stand.jpg,违章02,104.66,987,159,1014,173,hsv,stand,0
违章02/违章02_t104.7_4_off.jpg,违章02,104.66,1158,167,1178,217,hsv,off,0
违章02/违章02_t104.7_5_off.jpg,违章02,104.66,24,305,60,339,hsv,off,0
违章02/违章02_t105.1_0_off.jpg,违章02,105.13,1108,3,1159,77,hsv,off,0
违章02/违章02_t105.1_3_off.jpg,违章02,105.13,1120,112,1206,194,hsv,off,0
违章02/违章02_t105.1_4_off.jpg,违章02,105.13,162,114,179,145,hsv,off,0
违章02/违章02_t105.1_6_off.jpg,违章02,105.13,1097,135,1122,169,hsv,off,0
违章02/违章02_t105.1_8_off.jpg,违章02,105.13,1063,167,1077,183,hsv,off,0
违章02/违章02_t105.1_10_off.jpg,违章02,105.13,1258,178,1280,226,hsv,off,0
违章02/违章02_t105.1_11_off.jpg,违章02,105.13,110,314,147,350,hsv,off,0
违章02/违章02_t105.4_0_off.jpg,违章02,105.37,1033,18,1074,88,hsv,off,0
违章02/违章02_t105.4_1_off.jpg,违章02,105.37,305,29,320,49,hsv,off,0
违章02/违章02_t105.4_2_off.jpg,违章02,105.37,312,75,326,95,hsv,off,0
违章02/违章02_t105.4_4_off.jpg,违章02,105.37,82,110,98,142,hsv,off,0
违章02/违章02_t105.4_5_off.jpg,违章02,105.37,1176,110,1211,176,hsv,off,0
违章02/违章02_t105.4_6_off.jpg,违章02,105.37,1044,122,1123,201,hsv,off,0
违章02/违章02_t105.4_8_off.jpg,违章02,105.37,1024,144,1046,177,hsv,off,0
违章02/违章02_t105.4_9_off.jpg,违章02,105.37,991,174,1005,191,hsv,off,0
违章02/违章02_t105.4_11_off.jpg,违章02,105.37,1264,188,1280,236,hsv,off,0
违章02/违章02_t105.4_13_off.jpg,违章02,105.37,154,318,196,354,hsv,off,0
违章02/违章02_t105.6_0_off.jpg,违章02,105.6,937,29,976,96,hsv,off,0
违章02/违章02_t105.6_3_stand.jpg,违章02,105.6,918,108,928,128,hsv,stand,0
违章02/违章02_t105.6_4_off.jpg,违章02,105.6,113,113,121,122,hsv,off,0
违章02/违章02_t105.6_5_off.jpg,违章02,105.6,1062,119,1177,214,hsv,off,0
违章02/违章02_t105.6_6_off.jpg,违章02,105.6,927,127,1016,206,hsv,off,0
违章02/违章02_t105.6_12_off.jpg,违章02,105.6,1236,194,1260,244,hsv,off,0
违章02/违章02_t105.6_13_off.jpg,违章02,105.6,199,321,250,358,hsv,off,0
违章02/违章02_t105.8_0_off.jpg,违章02,105.84,72,6,88,29,hsv,off,0
违章02/违章02_t105.8_1_off.jpg,违章02,105.84,833,35,868,98,hsv,off,0
违章02/违章02_t105.8_2_off.jpg,违章02,105.84,80,57,96,77,hsv,off,0
违章02/违章02_t105.8_4_off.jpg,违章02,105.84,1119,116,1128,124,hsv,off,0
违章02/违章02_t105.8_6_stand.jpg,违章02,105.84,824,130,898,171,hsv,stand,0
违章02/违章02_t105.8_8_off.jpg,违章02,105.84,1192,203,1214,250,hsv,off,0
违章02/违章02_t105.8_10_off.jpg,违章02,105.84,259,324,324,362,hsv,off,0
违章02/违章02_t106.1_0_off.jpg,违章02,106.08,728,37,762,101,hsv,off,0
违章02/违章02_t106.1_2_off.jpg,违章02,106.08,720,133,779,161,hsv,off,0
违章02/违章02_t106.1_3_off.jpg,违章02,106.08,1136,209,1160,256,hsv,off,0
违章02/违章02_t106.1_4_off.jpg,违章02,106.08,336,320,422,369,hsv,off,0
违章02/违章02_t106.3_0_off.jpg,违章02,106.31,617,37,650,101,hsv,off,0
违章02/违章02_t106.3_1_off.jpg,违章02,106.31,594,108,608,140,hsv,off,0
违章02/违章02_t106.3_3_off.jpg,违章02,106.31,610,132,650,167,hsv,off,0
违章02/违章02_t106.3_6_off.jpg,违章02,106.31,1073,208,1102,241,hsv,off,0
违章02/违章02_t106.5_0_off.jpg,违章02,106.55,469,103,511,141,hsv,off,0
违章02/违章02_t106.5_2_stand.jpg,违章02,106.55,937,140,946,148,hsv,stand,0
违章02/违章02_t106.5_3_off.jpg,违章02,106.55,503,142,521,178,hsv,off,0
违章02/违章02_t106.5_5_off.jpg,违章02,106.55,895,151,913,164,hsv,off,0
违章02/违章02_t106.5_7_off.jpg,违章02,106.55,871,161,928,183,hsv,off,0
违章02/违章02_t106.5_8_off.jpg,违章02,106.55,471,175,491,192,hsv,off,0
违章02/违章02_t106.5_10_off.jpg,违章02,106.55,523,190,549,200,hsv,off,0
违章02/违章02_t106.5_11_off.jpg,违章02,106.55,621,213,642,242,hsv,off,0
违章02/违章02_t106.5_12_off.jpg,违章02,106.55,138,342,159,359,hsv,off,0
违章02/违章02_t106.5_14_off.jpg,违章02,106.55,297,356,322,365,hsv,off,0
违章02/违章02_t106.5_15_off.jpg,违章02,106.55,105,374,119,384,hsv,off,0
违章02/违章02_t106.5_17_off.jpg,违章02,106.55,274,378,302,390,hsv,off,0
违章02/违章02_t106.8_0_off.jpg,违章02,106.78,371,97,404,136,hsv,off,0
违章02/违章02_t106.8_4_off.jpg,违章02,106.78,753,144,847,179,hsv,off,0
违章02/违章02_t106.8_5_stand.jpg,违章02,106.78,868,168,876,177,hsv,stand,0
违章02/违章02_t106.8_6_off.jpg,违章02,106.78,378,172,391,189,hsv,off,0
违章02/违章02_t106.8_7_off.jpg,违章02,106.78,555,194,582,202,hsv,off,0
违章02/违章02_t106.8_9_off.jpg,违章02,106.78,1254,265,1280,279,hsv,off,0
违章02/违章02_t106.8_11_off.jpg,违章02,106.78,0,350,16,366,hsv,off,0
违章02/违章02_t106.8_12_off.jpg,违章02,106.78,168,361,199,371,hsv,off,0
违章02/违章02_t106.8_14_off.jpg,违章02,106.78,145,384,168,397,hsv,off,0
违章02/违章02_t107.0_0_off.jpg,违章02,107.02,342,29,368,93,hsv,off,0
违章02/违章02_t107.0_4_off.jpg,违章02,107.02,653,143,754,174,hsv,off,0
违章02/违章02_t107.0_5_stand.jpg,违章02,107.02,778,157,834,179,hsv,stand,0
违章02/违章02_t107.0_7_off.jpg,违章02,107.02,1164,256,1215,277,hsv,off,0
违章02/违章02_t107.0_8_off.jpg,违章02,107.02,464,276,480,288,hsv,off,0
违章02/违章02_t107.0_9_off.jpg,违章02,107.02,56,371,80,380,hsv,off,0
违章02/违章02_t107.0_10_off.jpg,违章02,107.02,22,396,51,410,hsv,off,0
违章02/违章02_t109.1_0_off.jpg,违章02,109.14,553,104,582,155,hsv,off,0
违章02/违章02_t109.1_3_off.jpg,违章02,109.14,484,161,502,183,hsv,off,0
违章02/违章02_t109.1_4_off.jpg,违章02,109.14,536,161,560,183,hsv,off,0
违章02/违章02_t109.1_5_stand.jpg,违章02,109.14,871,190,901,212,hsv,stand,0
违章02/违章02_t109.1_6_off.jpg,违章02,109.14,792,194,867,236,hsv,off,0
违章02/违章02_t109.1_8_off.jpg,违章02,109.14,223,204,351,244,hsv,off,0
违章02/违章02_t109.1_9_off.jpg,违章02,109.14,887,212,907,229,hsv,off,0
违章02/违章02_t109.1_10_off.jpg,违章02,109.14,945,222,971,230,hsv,off,0
违章02/违章02_t109.1_12_off.jpg,违章02,109.14,407,242,431,252,hsv,off,0
违章02/违章02_t109.1_13_off.jpg,违章02,109.14,963,276,996,289,hsv,off,0
违章02/违章02_t109.4_1_off.jpg,违章02,109.38,639,110,672,158,hsv,off,0
违章02/违章02_t109.4_2_off.jpg,违章02,109.38,584,162,650,187,hsv,off,0
违章02/违章02_t109.4_5_off.jpg,违章02,109.38,839,194,932,236,hsv,off,0
违章02/违章02_t109.4_8_off.jpg,违章02,109.38,966,222,976,230,hsv,off,0
违章02/违章02_t109.4_9_off.jpg,违章02,109.38,1022,223,1042,231,hsv,off,0
违章02/违章02_t109.4_11_off.jpg,违章02,109.38,1059,274,1090,287,hsv,off,0
违章02/违章02_t109.4_13_off.jpg,违章02,109.38,1229,285,1264,299,hsv,off,0
违章02/违章02_t109.4_14_off.jpg,违章02,109.38,31,440,43,450,hsv,off,0
违章02/违章02_t109.6_0_off.jpg,违章02,109.61,725,106,761,155,hsv,off,0
违章02/违章02_t109.6_2_off.jpg,违章02,109.61,663,159,739,182,hsv,off,0
违章02/违章02_t109.6_3_off.jpg,违章02,109.61,798,175,869,197,hsv,off,0
违章02/违章02_t109.6_5_stand.jpg,违章02,109.61,905,178,915,186,hsv,stand,0
违章02/违章02_t109.6_6_off.jpg,违章02,109.61,891,189,1005,230,hsv,off,0
违章02/违章02_t109.6_7_off.jpg,违章02,109.61,1030,193,1046,204,hsv,off,0
违章02/违章02_t109.6_8_off.jpg,违章02,109.61,1042,217,1050,225,hsv,off,0
违章02/违章02_t109.6_9_off.jpg,违章02,109.61,1094,219,1119,227,hsv,off,0
违章02/违章02_t109.6_10_off.jpg,违章02,109.61,665,233,689,244,hsv,off,0
违章02/违章02_t109.6_11_off.jpg,违章02,109.61,75,237,117,252,hsv,off,0
违章02/违章02_t109.6_12_off.jpg,违章02,109.61,1157,269,1184,281,hsv,off,0
违章02/违章02_t109.6_14_off.jpg,违章02,109.61,96,422,114,435,hsv,off,0
违章02/违章02_t109.6_16_off.jpg,违章02,109.61,0,450,32,465,hsv,off,0
违章02/违章02_t109.8_0_stand.jpg,违章02,109.85,803,108,838,154,hsv,stand,0
违章02/违章02_t109.8_1_off.jpg,违章02,109.85,737,161,810,184,hsv,off,0
违章02/违章02_t109.8_2_off.jpg,违章02,109.85,939,181,1055,227,hsv,off,0
违章02/违章02_t109.8_3_off.jpg,违章02,109.85,564,190,614,234,hsv,off,0
违章02/违章02_t109.8_4_off.jpg,违章02,109.85,991,204,1024,229,hsv,off,0
违章02/违章02_t109.8_8_off.jpg,违章02,109.85,773,232,796,242,hsv,off,0
违章02/违章02_t109.8_9_off.jpg,违章02,109.85,1241,267,1267,279,hsv,off,0
违章02/违章02_t109.8_11_off.jpg,违章02,109.85,80,419,98,428,hsv,off,0
违章02/违章02_t109.8_13_off.jpg,违章02,109.85,50,444,81,457,hsv,off,0
违章02/违章02_t110.1_0_stand.jpg,违章02,110.08,872,114,900,157,hsv,stand,0
违章02/违章02_t110.1_1_off.jpg,违章02,110.08,797,163,870,188,hsv,off,0
违章02/违章02_t110.1_2_off.jpg,违章02,110.08,580,185,607,219,hsv,off,0
违章02/违章02_t110.1_3_off.jpg,违章02,110.08,1033,205,1041,215,hsv,off,0
违章02/违章02_t110.1_4_off.jpg,违章02,110.08,1047,205,1104,227,hsv,off,0
违章02/违章02_t110.1_5_off.jpg,违章02,110.08,1156,216,1171,228,hsv,off,0
违章02/违章02_t110.1_6_off.jpg,违章02,110.08,1228,218,1236,227,hsv,off,0
违章02/违章02_t110.1_8_off.jpg,违章02,110.08,860,233,882,242,hsv,off,0
违章02/违章02_t110.1_9_off.jpg,违章02,110.08,203,394,239,415,hsv,off,0
违章02/违章02_t110.3_0_stand.jpg,违章02,110.32,919,115,945,157,hsv,stand,0
违章02/违章02_t110.3_1_off.jpg,违章02,110.32,302,152,313,177,hsv,off,0
违章02/违章02_t110.3_2_off.jpg,违章02,110.32,852,161,923,188,hsv,off,0
违章02/违章02_t110.3_4_off.jpg,违章02,110.32,901,176,911,187,hsv,off,0
违章02/违章02_t110.3_6_off.jpg,违章02,110.32,1093,203,1115,215,hsv,off,0
违章02/违章02_t110.3_7_off.jpg,违章02,110.32,1116,213,1135,222,hsv,off,0
违章02/违章02_t110.3_8_off.jpg,违章02,110.32,1247,217,1266,225,hsv,off,0
违章02/违章02_t110.3_9_off.jpg,违章02,110.32,1269,216,1277,226,hsv,off,0
违章02/违章02_t110.3_13_off.jpg,违章02,110.32,494,368,521,386,hsv,off,0
违章03/违章03_t0.0_0_off.jpg,违章03,0.0,1232,63,1280,81,hsv,off,0
违章03/违章03_t0.0_1_off.jpg,违章03,0.0,602,86,614,112,hsv,off,0
违章03/违章03_t0.0_2_stand.jpg,违章03,0.0,1036,98,1045,108,hsv,stand,0
违章03/违章03_t0.0_3_off.jpg,违章03,0.0,713,133,731,148,hsv,off,0
违章03/违章03_t0.0_4_off.jpg,违章03,0.0,404,135,439,145,hsv,off,0
违章03/违章03_t0.0_5_off.jpg,违章03,0.0,339,208,348,218,hsv,off,0
违章03/违章03_t0.5_0_stand.jpg,违章03,0.47,1113,32,1121,48,hsv,stand,0
违章03/违章03_t0.5_1_off.jpg,违章03,0.47,1230,57,1280,77,hsv,off,0
违章03/违章03_t0.5_2_off.jpg,违章03,0.47,598,80,611,107,hsv,off,0
违章03/违章03_t0.5_3_off.jpg,违章03,0.47,0,109,36,145,hsv,off,0
违章03/违章03_t0.5_4_off.jpg,违章03,0.47,32,145,91,172,hsv,off,0
违章03/违章03_t0.5_6_off.jpg,违章03,0.47,1247,310,1256,318,hsv,off,0
违章03/违章03_t0.9_0_off.jpg,违章03,0.94,691,3,704,15,hsv,off,0
违章03/违章03_t0.9_1_stand.jpg,违章03,0.94,888,16,904,27,hsv,stand,0
违章03/违章03_t0.9_2_off.jpg,违章03,0.94,1180,22,1200,48,hsv,off,0
违章03/违章03_t0.9_3_off.jpg,违章03,0.94,1140,62,1191,77,hsv,off,0
违章03/违章03_t0.9_4_off.jpg,违章03,0.94,605,78,617,105,hsv,off,0
违章03/违章03_t0.9_5_off.jpg,违章03,0.94,224,85,280,131,hsv,off,0
违章03/违章03_t0.9_6_off.jpg,违章03,0.94,1086,105,1120,125,hsv,off,0
违章03/违章03_t0.9_7_off.jpg,违章03,0.94,0,126,32,145,hsv,off,0
违章03/违章03_t0.9_8_off.jpg,违章03,0.94,240,127,348,172,hsv,off,0
违章03/违章03_t0.9_10_off.jpg,违章03,0.94,797,150,808,162,hsv,off,0
违章03/违章03_t0.9_11_off.jpg,违章03,0.94,130,171,197,195,hsv,off,0
违章03/违章03_t1.2_0_off.jpg,违章03,1.18,358,74,423,125,hsv,off,0
违章03/违章03_t1.2_1_off.jpg,违章03,1.18,606,77,619,104,hsv,off,0
违章03/违章03_t1.2_3_off.jpg,违章03,1.18,1035,136,1045,147,hsv,off,0
违章03/违章03_t1.2_4_off.jpg,违章03,1.18,474,145,584,182,hsv,off,0
违章03/违章03_t1.2_6_off.jpg,违章03,1.18,210,166,326,215,hsv,off,0
违章03/违章03_t1.9_0_stand.jpg,违章03,1.89,911,20,1025,89,hsv,stand,0
违章03/违章03_t1.9_1_off.jpg,违章03,1.89,620,79,632,105,hsv,off,0
违章03/违章03_t1.9_2_off.jpg,违章03,1.89,601,122,622,148,hsv,off,0
违章03/违章03_t1.9_3_off.jpg,违章03,1.89,998,135,1011,146,hsv,off,0
违章03/违章03_t1.9_4_off.jpg,违章03,1.89,607,138,625,154,hsv,off,0
违章03/违章03_t2.1_0_off.jpg,违章03,2.12,1174,0,1280,71,hsv,off,0
违章03/违章03_t2.1_4_off.jpg,违章03,2.12,623,78,635,104,hsv,off,0
违章03/违章03_t2.1_5_off.jpg,违章03,2.12,532,115,624,144,hsv,off,0
违章03/违章03_t2.4_0_stand.jpg,违章03,2.36,906,0,928,16,hsv,stand,0
违章03/违章03_t2.4_1_off.jpg,违章03,2.36,628,80,639,106,hsv,off,0
违章03/违章03_t2.4_2_off.jpg,违章03,2.36,682,101,899,169,hsv,off,0
违章03/违章03_t2.4_3_off.jpg,违章03,2.36,435,204,458,212,hsv,off,0
违章03/违章03_t2.6_0_stand.jpg,违章03,2.59,1001,15,1020,34,hsv,stand,0
违章03/违章03_t2.6_1_off.jpg,违章03,2.59,632,79,644,103,hsv,off,0
违章03/违章03_t2.6_2_off.jpg,违章03,2.59,512,86,632,123,hsv,off,0
违章03/违章03_t2.6_3_off.jpg,违章03,2.59,335,98,492,174,hsv,off,0
违章03/违章03_t2.6_4_off.jpg,违章03,2.59,1271,105,1280,118,hsv,off,0
违章03/违章03_t2.6_5_off.jpg,违章03,2.59,1269,118,1280,130,hsv,off,0
违章03/违章03_t2.6_8_off.jpg,违章03,2.59,488,212,512,221,hsv,off,0
违章03/违章03_t2.8_0_stand.jpg,违章03,2.83,952,45,961,58,hsv,stand,0
违章03/违章03_t2.8_1_off.jpg,违章03,2.83,637,82,649,112,hsv,off,0
违章03/违章03_t3.1_1_off.jpg,违章03,3.06,1064,34,1075,50,hsv,off,0
违章03/违章03_t3.1_3_off.jpg,违章03,3.06,487,311,512,335,hsv,off,0
违章03/违章03_t3.3_1_off.jpg,违章03,3.3,1184,25,1196,41,hsv,off,0
违章03/违章03_t3.3_2_off.jpg,违章03,3.3,645,80,656,111,hsv,off,0
违章03/违章03_t3.3_4_off.jpg,违章03,3.3,300,178,316,186,hsv,off,0
违章03/违章03_t3.5_1_off.jpg,违章03,3.54,524,82,661,199,hsv,off,0
违章03/违章03_t3.5_2_off.jpg,违章03,3.54,1222,84,1280,113,hsv,off,0
违章03/违章03_t3.5_4_off.jpg,违章03,3.54,331,178,343,186,hsv,off,0
违章03/违章03_t3.5_5_off.jpg,违章03,3.54,880,325,889,347,hsv,off,0
违章03/违章03_t3.5_6_off.jpg,违章03,3.54,922,327,969,358,hsv,off,0
违章03/违章03_t3.8_0_stand.jpg,违章03,3.77,1027,0,1037,11,hsv,stand,0
违章03/违章03_t3.8_1_off.jpg,违章03,3.77,578,83,595,101,hsv,off,0
违章03/违章03_t3.8_2_off.jpg,违章03,3.77,653,87,664,115,hsv,off,0
违章03/违章03_t3.8_3_off.jpg,违章03,3.77,619,109,648,124,hsv,off,0
违章03/违章03_t3.8_4_off.jpg,违章03,3.77,527,115,636,157,hsv,off,0
违章03/违章03_t3.8_6_off.jpg,违章03,3.77,1112,295,1148,306,hsv,off,0
违章03/违章03_t3.8_7_off.jpg,违章03,3.77,1172,331,1184,365,hsv,off,0
违章03/违章03_t4.7_0_stand.jpg,违章03,4.71,1032,0,1044,11,hsv,stand,0
违章03/违章03_t4.7_1_off.jpg,违章03,4.71,780,77,862,158,hsv,off,0
违章03/违章03_t4.7_2_off.jpg,违章03,4.71,704,89,722,109,hsv,off,0
违章03/违章03_t4.7_3_off.jpg,违章03,4.71,657,100,668,127,hsv,off,0
违章03/违章03_t4.7_4_off.jpg,违章03,4.71,738,116,770,134,hsv,off,0
违章03/违章03_t4.7_6_off.jpg,违章03,4.71,683,130,694,146,hsv,off,0
违章03/违章03_t4.7_7_off.jpg,违章03,4.71,707,138,721,161,hsv,off,0
违章03/违章03_t4.7_8_off.jpg,违章03,4.71,683,148,706,161,hsv,off,0
违章03/违章03_t6.8_0_stand.jpg,违章03,6.84,1036,109,1050,119,hsv,stand,0
违章03/违章03_t6.8_1_off.jpg,违章03,6.84,370,182,400,191,hsv,off,0
违章03/违章03_t8.0_1_off.jpg,违章03,8.01,850,64,870,85,hsv,off,0
违章03/违章03_t8.0_2_off.jpg,违章03,8.01,779,81,867,175,hsv,off,0
违章03/违章03_t8.0_3_off.jpg,违章03,8.01,710,102,723,127,hsv,off,0
违章03/违章03_t8.0_4_off.jpg,违章03,8.01,661,113,673,141,hsv,off,0
违章03/违章03_t8.0_5_off.jpg,违章03,8.01,742,132,777,149,hsv,off,0
违章03/违章03_t8.2_0_stand.jpg,违章03,8.25,848,65,869,75,hsv,stand,0
违章03/违章03_t8.2_1_off.jpg,违章03,8.25,856,76,864,84,hsv,off,0
违章03/违章03_t8.2_2_off.jpg,违章03,8.25,709,103,722,127,hsv,off,0
违章03/违章03_t8.2_3_off.jpg,违章03,8.25,782,105,865,177,hsv,off,0
违章03/违章03_t8.2_4_off.jpg,违章03,8.25,660,113,673,142,hsv,off,0
违章03/违章03_t8.2_5_off.jpg,违章03,8.25,630,124,638,132,hsv,off,0
违章03/违章03_t8.2_6_off.jpg,违章03,8.25,872,139,888,161,hsv,off,0
违章03/违章03_t8.2_7_off.jpg,违章03,8.25,1004,170,1030,178,hsv,off,0
违章03/违章03_t8.5_0_stand.jpg,违章03,8.49,852,67,868,76,hsv,stand,0
违章03/违章03_t8.5_2_off.jpg,违章03,8.49,816,86,864,144,hsv,off,0
违章03/违章03_t8.5_3_off.jpg,违章03,8.49,658,115,672,143,hsv,off,0
违章03/违章03_t8.5_4_off.jpg,违章03,8.49,786,152,812,175,hsv,off,0
违章03/违章03_t8.5_6_off.jpg,违章03,8.49,1266,366,1280,379,hsv,off,0
违章03/违章03_t8.7_0_stand.jpg,违章03,8.72,847,68,867,80,hsv,stand,0
违章03/违章03_t8.7_1_off.jpg,违章03,8.72,855,79,864,87,hsv,off,0
违章03/违章03_t8.7_2_off.jpg,违章03,8.72,660,117,672,144,hsv,off,0
违章03/违章03_t8.7_3_off.jpg,违章03,8.72,1099,119,1237,174,hsv,off,0
违章03/违章03_t8.7_4_off.jpg,违章03,8.72,890,144,901,162,hsv,off,0
违章03/违章03_t8.7_5_off.jpg,违章03,8.72,533,169,551,178,hsv,off,0
违章03/违章03_t9.0_1_off.jpg,违章03,8.96,851,71,861,79,hsv,off,0
违章03/违章03_t9.0_3_off.jpg,违章03,8.96,658,119,669,144,hsv,off,0
违章03/违章03_t9.0_4_off.jpg,违章03,8.96,1096,122,1237,177,hsv,off,0
违章03/违章03_t9.0_5_off.jpg,违章03,8.96,387,354,403,364,hsv,off,0
违章03/违章03_t9.0_6_off.jpg,违章03,8.96,364,361,373,373,hsv,off,0
违章03/违章03_t9.9_0_stand.jpg,违章03,9.9,944,36,952,49,hsv,stand,0
违章03/违章03_t9.9_1_off.jpg,违章03,9.9,934,71,953,80,hsv,off,0
违章03/违章03_t9.9_2_off.jpg,违章03,9.9,1093,158,1114,172,hsv,off,0
违章03/违章03_t9.9_3_off.jpg,违章03,9.9,740,169,832,202,hsv,off,0
违章03/违章03_t10.4_0_off.jpg,违章03,10.37,846,32,856,49,hsv,off,0
违章03/违章03_t10.4_1_stand.jpg,违章03,10.37,935,71,953,83,hsv,stand,0
违章03/违章03_t10.4_2_off.jpg,违章03,10.37,1225,112,1234,121,hsv,off,0
违章03/违章03_t10.4_3_off.jpg,违章03,10.37,1193,120,1223,132,hsv,off,0
违章03/违章03_t10.4_4_off.jpg,违章03,10.37,498,200,522,208,hsv,off,0
违章03/违章03_t10.4_5_off.jpg,违章03,10.37,235,259,267,278,hsv,off,0
违章03/违章03_t10.6_1_off.jpg,违章03,10.61,394,269,410,288,hsv,off,0
违章03/违章03_t10.6_2_off.jpg,违章03,10.61,411,270,431,286,hsv,off,0
违章03/违章03_t10.6_3_off.jpg,违章03,10.61,430,273,441,285,hsv,off,0
违章03/违章03_t11.1_0_stand.jpg,违章03,11.08,933,69,953,83,hsv,stand,0
违章03/违章03_t11.1_1_off.jpg,违章03,11.08,652,124,663,150,hsv,off,0
违章03/违章03_t11.1_2_off.jpg,违章03,11.08,842,287,871,316,hsv,off,0
违章03/违章03_t11.1_3_off.jpg,违章03,11.08,863,292,901,316,hsv,off,0
违章03/违章03_t11.3_0_off.jpg,违章03,11.31,847,33,856,47,hsv,off,0
违章03/违章03_t11.3_1_stand.jpg,违章03,11.31,936,32,948,45,hsv,stand,0
违章03/违章03_t11.3_2_off.jpg,违章03,11.31,934,70,949,85,hsv,off,0
违章03/违章03_t11.3_3_off.jpg,违章03,11.31,652,125,663,150,hsv,off,0
违章03/违章03_t11.3_4_off.jpg,违章03,11.31,1175,294,1187,303,hsv,off,0
违章03/违章03_t11.3_5_off.jpg,违章03,11.31,1196,298,1252,339,hsv,off,0
违章03/违章03_t11.3_7_off.jpg,违章03,11.31,1158,508,1169,516,hsv,off,0
违章03/违章03_t11.3_8_off.jpg,违章03,11.31,1169,515,1192,528,hsv,off,0
违章03/违章03_t11.6_0_stand.jpg,违章03,11.55,937,31,948,40,hsv,stand,0
违章03/违章03_t11.6_1_off.jpg,违章03,11.55,847,34,856,50,hsv,off,0
违章03/违章03_t11.6_2_off.jpg,违章03,11.55,1218,45,1234,53,hsv,off,0
违章03/违章03_t11.6_3_off.jpg,违章03,11.55,700,111,714,129,hsv,off,0
违章03/违章03_t11.6_4_off.jpg,违章03,11.55,653,121,664,150,hsv,off,0
违章03/违章03_t11.6_5_off.jpg,违章03,11.55,552,209,565,217,hsv,off,0
违章03/违章03_t11.6_6_off.jpg,违章03,11.55,1072,240,1097,250,hsv,off,0
违章03/违章03_t11.8_0_stand.jpg,违章03,11.79,929,71,945,84,hsv,stand,0
违章03/违章03_t11.8_1_off.jpg,违章03,11.79,652,123,664,150,hsv,off,0
违章03/违章03_t11.8_2_off.jpg,违章03,11.79,604,208,616,216,hsv,off,0
违章03/违章03_t12.0_0_stand.jpg,违章03,12.02,933,70,951,83,hsv,stand,0
违章03/违章03_t12.0_1_off.jpg,违章03,12.02,651,121,663,148,hsv,off,0
违章03/违章03_t12.3_0_stand.jpg,违章03,12.26,940,31,950,42,hsv,stand,0
违章03/违章03_t12.3_1_off.jpg,违章03,12.26,930,69,951,83,hsv,off,0
违章03/违章03_t12.3_2_off.jpg,违章03,12.26,652,122,662,147,hsv,off,0
违章03/违章03_t12.7_1_off.jpg,违章03,12.73,652,120,663,147,hsv,off,0
违章03/违章03_t13.2_0_stand.jpg,违章03,13.2,1026,102,1038,111,hsv,stand,0
违章03/违章03_t13.2_1_off.jpg,违章03,13.2,652,118,663,144,hsv,off,0
违章03/违章03_t13.2_2_off.jpg,违章03,13.2,920,181,942,199,hsv,off,0
违章03/违章03_t13.2_3_off.jpg,违章03,13.2,476,233,501,242,hsv,off,0
违章03/违章03_t13.2_4_off.jpg,违章03,13.2,107,291,149,313,hsv,off,0
违章03/违章03_t13.7_0_off.jpg,违章03,13.67,49,82,67,112,hsv,off,0
违章03/违章03_t13.7_2_off.jpg,违章03,13.67,945,112,965,128,hsv,off,0
违章03/违章03_t13.7_3_off.jpg,违章03,13.67,653,118,664,144,hsv,off,0
违章03/违章03_t13.7_5_off.jpg,违章03,13.67,0,172,52,219,hsv,off,0
违章03/违章03_t13.9_0_off.jpg,违章03,13.91,94,74,115,111,hsv,off,0
违章03/违章03_t13.9_1_off.jpg,违章03,13.91,1228,95,1252,124,hsv,off,0
违章03/违章03_t13.9_2_stand.jpg,违章03,13.91,945,112,964,126,hsv,stand,0
违章03/违章03_t13.9_3_off.jpg,违章03,13.91,653,118,663,146,hsv,off,0
违章03/违章03_t13.9_6_off.jpg,违章03,13.91,0,172,99,220,hsv,off,0
违章03/违章03_t13.9_7_off.jpg,违章03,13.91,629,328,730,367,hsv,off,0
违章03/违章03_t14.1_0_stand.jpg,违章03,14.14,949,111,970,119,hsv,stand,0
违章03/违章03_t14.1_1_off.jpg,违章03,14.14,654,119,664,146,hsv,off,0
违章03/违章03_t14.1_3_off.jpg,违章03,14.14,1150,129,1280,182,hsv,off,0
违章03/违章03_t14.1_7_off.jpg,违章03,14.14,880,348,1025,395,hsv,off,0
违章03/违章03_t14.4_0_off.jpg,违章03,14.38,12,60,43,105,hsv,off,0
违章03/违章03_t14.4_1_off.jpg,违章03,14.38,203,73,221,109,hsv,off,0
违章03/违章03_t14.4_2_stand.jpg,违章03,14.38,953,88,962,96,hsv,stand,0
违章03/违章03_t14.4_4_off.jpg,违章03,14.38,653,118,663,146,hsv,off,0
违章03/违章03_t14.4_5_off.jpg,违章03,14.38,1214,130,1280,184,hsv,off,0
违章03/违章03_t14.4_6_off.jpg,违章03,14.38,480,158,503,176,hsv,off,0
违章03/违章03_t14.4_7_off.jpg,违章03,14.38,1010,163,1023,171,hsv,off,0
违章03/违章03_t14.6_0_off.jpg,违章03,14.61,0,13,26,21,hsv,off,0
违章03/违章03_t14.6_1_off.jpg,违章03,14.61,70,57,103,105,hsv,off,0
违章03/违章03_t14.6_3_off.jpg,违章03,14.61,652,120,664,146,hsv,off,0
违章03/违章03_t14.6_4_off.jpg,违章03,14.61,1042,129,1054,140,hsv,off,0
违章03/违章03_t14.6_5_off.jpg,违章03,14.61,523,138,638,191,hsv,off,0
违章03/违章03_t14.6_6_off.jpg,违章03,14.61,1073,162,1085,172,hsv,off,0
违章03/违章03_t14.8_0_off.jpg,违章03,14.85,135,52,165,104,hsv,off,0
违章03/违章03_t14.8_2_off.jpg,违章03,14.85,1035,117,1045,126,hsv,off,0
违章03/违章03_t14.8_3_off.jpg,违章03,14.85,652,118,663,146,hsv,off,0
违章03/违章03_t14.8_4_off.jpg,违章03,14.85,431,142,508,179,hsv,off,0
违章03/违章03_t14.8_5_off.jpg,违章03,14.85,1137,162,1151,171,hsv,off,0
违章03/违章03_t15.1_0_off.jpg,违章03,15.09,198,48,231,101,hsv,off,0
违章03/违章03_t15.1_1_stand.jpg,违章03,15.09,952,88,961,97,hsv,stand,0
违章03/违章03_t15.1_2_off.jpg,违章03,15.09,946,111,964,119,hsv,off,0
违章03/违章03_t15.1_3_off.jpg,违章03,15.09,651,118,663,147,hsv,off,0
违章03/违章03_t15.1_5_off.jpg,违章03,15.09,438,138,504,164,hsv,off,0
违章03/违章03_t15.1_6_off.jpg,违章03,15.09,522,139,557,185,hsv,off,0
违章03/违章03_t15.1_7_off.jpg,违章03,15.09,617,143,643,153,hsv,off,0
违章03/违章03_t15.1_8_off.jpg,违章03,15.09,556,144,631,182,hsv,off,0
违章03/违章03_t15.1_9_off.jpg,违章03,15.09,678,153,688,165,hsv,off,0
违章03/违章03_t15.1_10_off.jpg,违章03,15.09,699,161,712,182,hsv,off,0
违章03/违章03_t15.1_11_off.jpg,违章03,15.09,1204,161,1219,171,hsv,off,0
违章03/违章03_t15.3_1_off.jpg,违章03,15.32,652,117,663,146,hsv,off,0
违章03/违章03_t15.3_2_off.jpg,违章03,15.32,1027,117,1045,139,hsv,off,0
违章03/违章03_t15.3_4_off.jpg,违章03,15.32,731,141,766,159,hsv,off,0
违章03/违章03_t15.3_5_off.jpg,违章03,15.32,615,143,642,154,hsv,off,0
违章03/违章03_t15.3_6_off.jpg,违章03,15.32,530,144,631,183,hsv,off,0
违章03/违章03_t15.3_7_off.jpg,违章03,15.32,699,161,712,181,hsv,off,0
违章03/违章03_t15.6_0_off.jpg,违章03,15.56,340,36,372,93,hsv,off,0
违章03/违章03_t15.6_1_stand.jpg,违章03,15.56,953,88,962,96,hsv,stand,0
违章03/违章03_t15.6_4_off.jpg,违章03,15.56,652,118,663,146,hsv,off,0
违章03/违章03_t15.6_5_off.jpg,违章03,15.56,1038,128,1048,139,hsv,off,0
违章03/违章03_t15.6_6_off.jpg,违章03,15.56,730,141,765,158,hsv,off,0
违章03/违章03_t15.6_7_off.jpg,违章03,15.56,615,143,642,153,hsv,off,0
违章03/违章03_t15.6_8_off.jpg,违章03,15.56,545,144,594,160,hsv,off,0
违章03/违章03_t15.6_9_off.jpg,违章03,15.56,676,152,686,165,hsv,off,0
违章03/违章03_t15.6_10_off.jpg,违章03,15.56,768,157,813,181,hsv,off,0
违章03/违章03_t15.6_11_off.jpg,违章03,15.56,617,171,631,182,hsv,off,0
违章03/违章03_t15.8_1_off.jpg,违章03,15.79,417,31,450,91,hsv,off,0
违章03/违章03_t15.8_2_off.jpg,违章03,15.79,771,105,854,184,hsv,off,0
违章03/违章03_t15.8_4_off.jpg,违章03,15.79,698,110,713,135,hsv,off,0
违章03/违章03_t15.8_6_off.jpg,违章03,15.79,580,112,590,128,hsv,off,0
违章03/违章03_t15.8_7_off.jpg,违章03,15.79,652,118,662,146,hsv,off,0
违章03/违章03_t15.8_9_off.jpg,违章03,15.79,730,140,764,157,hsv,off,0
违章03/违章03_t15.8_10_off.jpg,违章03,15.79,677,155,688,165,hsv,off,0
违章03/违章03_t15.8_11_off.jpg,违章03,15.79,699,159,712,181,hsv,off,0
违章03/违章03_t15.8_14_off.jpg,违章03,15.79,385,395,397,403,hsv,off,0
违章03/违章03_t15.8_15_off.jpg,违章03,15.79,359,403,373,413,hsv,off,0
违章03/违章03_t16.0_0_off.jpg,违章03,16.03,499,27,530,89,hsv,off,0
违章03/违章03_t16.0_2_off.jpg,违章03,16.03,945,107,960,115,hsv,off,0
违章03/违章03_t16.0_3_off.jpg,违章03,16.03,698,111,713,135,hsv,off,0
违章03/违章03_t16.0_4_off.jpg,违章03,16.03,770,114,854,184,hsv,off,0
违章03/违章03_t16.0_5_off.jpg,违章03,16.03,652,118,663,147,hsv,off,0
违章03/违章03_t16.0_7_off.jpg,违章03,16.03,731,140,764,157,hsv,off,0
违章03/违章03_t16.0_10_off.jpg,违章03,16.03,545,416,561,428,hsv,off,0
违章03/违章03_t16.0_11_off.jpg,违章03,16.03,522,428,535,437,hsv,off,0
违章03/违章03_t17.0_0_stand.jpg,违章03,16.97,886,0,917,72,hsv,stand,0
违章03/违章03_t17.0_1_off.jpg,违章03,16.97,776,29,801,47,hsv,off,0
违章03/违章03_t17.0_2_off.jpg,违章03,16.97,167,129,241,169,hsv,off,0
违章03/违章03_t17.0_4_off.jpg,违章03,16.97,1088,148,1129,185,hsv,off,0
违章03/违章03_t17.0_5_off.jpg,违章03,16.97,448,174,473,187,hsv,off,0
违章03/违章03_t17.2_0_stand.jpg,违章03,17.21,1006,0,1034,66,hsv,stand,0
违章03/违章03_t17.2_1_off.jpg,违章03,17.21,783,27,805,44,hsv,off,0
违章03/违章03_t17.2_2_off.jpg,违章03,17.21,123,47,132,65,hsv,off,0
违章03/违章03_t17.2_4_off.jpg,违章03,17.21,373,129,402,149,hsv,off,0
违章03/违章03_t17.2_5_off.jpg,违章03,17.21,222,132,298,185,hsv,off,0
违章03/违章03_t17.2_6_off.jpg,违章03,17.21,1122,137,1191,166,hsv,off,0
违章03/违章03_t17.2_7_off.jpg,违章03,17.21,514,182,535,195,hsv,off,0
违章03/违章03_t17.2_8_off.jpg,违章03,17.21,0,191,25,217,hsv,off,0
违章03/违章03_t17.2_9_off.jpg,违章03,17.21,221,273,246,283,hsv,off,0
违章03/违章03_t17.4_0_off.jpg,违章03,17.44,788,27,810,39,hsv,off,0
违章03/违章03_t17.4_1_off.jpg,违章03,17.44,172,44,182,66,hsv,off,0
违章03/违章03_t17.4_2_stand.jpg,违章03,17.44,956,55,969,69,hsv,stand,0
违章03/违章03_t17.4_3_off.jpg,违章03,17.44,502,128,518,148,hsv,off,0
违章03/违章03_t17.4_4_off.jpg,违章03,17.44,277,132,358,186,hsv,off,0
违章03/违章03_t17.4_5_off.jpg,违章03,17.44,0,175,63,219,hsv,off,0
违章03/违章03_t17.4_6_off.jpg,违章03,17.44,568,192,592,205,hsv,off,0
违章03/违章03_t17.4_7_off.jpg,违章03,17.44,366,279,395,306,hsv,off,0
违章03/违章03_t17.7_0_off.jpg,违章03,17.68,789,26,816,45,hsv,off,0
违章03/违章03_t17.7_2_off.jpg,违章03,17.68,696,123,746,165,hsv,off,0
违章03/违章03_t17.7_3_off.jpg,违章03,17.68,507,127,530,144,hsv,off,0
违章03/违章03_t17.7_5_off.jpg,违章03,17.68,610,162,620,172,hsv,off,0
违章03/违章03_t17.7_6_off.jpg,违章03,17.68,528,217,550,262,hsv,off,0
违章03/违章03_t17.9_0_off.jpg,违章03,17.92,281,23,289,49,hsv,off,0
违章03/违章03_t17.9_1_off.jpg,违章03,17.92,805,26,817,46,hsv,off,0
违章03/违章03_t17.9_3_off.jpg,违章03,17.92,676,118,687,147,hsv,off,0
违章03/违章03_t17.9_4_off.jpg,违章03,17.92,519,169,527,177,hsv,off,0
违章03/违章03_t17.9_5_off.jpg,违章03,17.92,701,176,792,203,hsv,off,0
违章03/违章03_t17.9_6_off.jpg,违章03,17.92,700,219,724,272,hsv,off,0
违章03/违章03_t18.1_0_stand.jpg,违章03,18.15,976,54,988,63,hsv,stand,0
违章03/违章03_t18.1_1_off.jpg,违章03,18.15,977,79,996,96,hsv,off,0
违章03/违章03_t18.1_2_off.jpg,违章03,18.15,1243,103,1258,114,hsv,off,0
违章03/违章03_t18.1_3_off.jpg,违章03,18.15,1259,102,1270,114,hsv,off,0
违章03/违章03_t18.1_6_off.jpg,违章03,18.15,588,170,682,270,hsv,off,0
违章03/违章03_t18.1_7_off.jpg,违章03,18.15,393,215,412,225,hsv,off,0
违章03/违章03_t18.1_9_off.jpg,违章03,18.15,920,303,953,357,hsv,off,0
违章03/违章03_t18.1_10_off.jpg,违章03,18.15,951,314,1011,337,hsv,off,0
违章03/违章03_t18.4_1_off.jpg,违章03,18.39,807,32,832,50,hsv,off,0
违章03/违章03_t18.4_2_off.jpg,违章03,18.39,882,38,890,50,hsv,off,0
违章03/违章03_t18.4_3_stand.jpg,违章03,18.39,988,56,998,64,hsv,stand,0
违章03/违章03_t18.4_4_off.jpg,违章03,18.39,50,68,76,113,hsv,off,0
违章03/违章03_t18.4_5_off.jpg,违章03,18.39,226,171,267,183,hsv,off,0
违章03/违章03_t18.4_6_off.jpg,违章03,18.39,553,212,588,267,hsv,off,0
违章03/违章03_t18.4_8_off.jpg,违章03,18.39,1218,336,1280,363,hsv,off,0
违章03/违章03_t18.6_0_off.jpg,违章03,18.62,814,34,839,56,hsv,off,0
违章03/违章03_t18.6_1_stand.jpg,违章03,18.62,1000,58,1016,68,hsv,stand,0
违章03/违章03_t18.6_2_off.jpg,违章03,18.62,99,71,124,117,hsv,off,0
违章03/违章03_t18.6_4_off.jpg,违章03,18.62,695,130,707,158,hsv,off,0
违章03/违章03_t18.6_5_off.jpg,违章03,18.62,795,170,805,193,hsv,off,0
违章03/违章03_t18.6_6_off.jpg,违章03,18.62,936,172,961,188,hsv,off,0
违章03/违章03_t18.6_7_off.jpg,违章03,18.62,247,190,266,200,hsv,off,0
违章03/违章03_t18.9_0_stand.jpg,违章03,18.86,820,38,848,58,hsv,stand,0
违章03/违章03_t18.9_1_off.jpg,违章03,18.86,145,73,173,120,hsv,off,0
违章03/违章03_t18.9_2_off.jpg,违章03,18.86,873,175,884,199,hsv,off,0
违章03/违章03_t18.9_3_off.jpg,违章03,18.86,692,274,705,282,hsv,off,0
违章03/违章03_t19.1_0_stand.jpg,违章03,19.09,1017,71,1026,81,hsv,stand,0
违章03/违章03_t19.1_1_off.jpg,违章03,19.09,192,74,221,122,hsv,off,0
违章03/违章03_t19.1_2_off.jpg,违章03,19.09,1015,95,1031,104,hsv,off,0
违章03/违章03_t19.1_3_off.jpg,违章03,19.09,1155,133,1280,190,hsv,off,0
违章03/违章03_t19.1_4_off.jpg,违章03,19.09,702,142,720,169,hsv,off,0
违章03/违章03_t19.1_6_off.jpg,违章03,19.09,950,179,963,204,hsv,off,0
违章03/违章03_t19.3_0_off.jpg,违章03,19.33,833,47,856,65,hsv,off,0
违章03/违章03_t19.3_1_off.jpg,违章03,19.33,905,51,918,71,hsv,off,0
违章03/违章03_t19.3_2_stand.jpg,违章03,19.33,1022,70,1032,79,hsv,stand,0
违章03/违章03_t19.3_3_off.jpg,违章03,19.33,237,76,266,124,hsv,off,0
违章03/违章03_t19.3_4_off.jpg,违章03,19.33,1017,96,1037,104,hsv,off,0
违章03/违章03_t19.3_5_off.jpg,违章03,19.33,1246,135,1280,162,hsv,off,0
违章03/违章03_t19.3_6_off.jpg,违章03,19.33,713,145,723,171,hsv,off,0
违章03/违章03_t19.3_7_off.jpg,违章03,19.33,1025,183,1038,209,hsv,off,0
违章03/违章03_t19.3_9_off.jpg,违章03,19.33,659,264,710,284,hsv,off,0
违章03/违章03_t19.6_0_off.jpg,违章03,19.57,835,51,861,69,hsv,off,0
违章03/违章03_t19.6_1_stand.jpg,违章03,19.57,1028,71,1039,80,hsv,stand,0
违章03/违章03_t19.6_2_off.jpg,违章03,19.57,282,75,312,127,hsv,off,0
违章03/违章03_t19.6_3_off.jpg,违章03,19.57,1024,98,1046,106,hsv,off,0
违章03/违章03_t19.6_4_off.jpg,违章03,19.57,742,160,752,168,hsv,off,0
违章03/违章03_t19.6_6_off.jpg,违章03,19.57,1094,193,1105,213,hsv,off,0
违章03/违章03_t19.8_0_off.jpg,违章03,19.8,836,53,863,72,hsv,off,0
违章03/违章03_t19.8_1_stand.jpg,违章03,19.8,912,58,924,70,hsv,stand,0
违章03/违章03_t19.8_2_off.jpg,违章03,19.8,1032,72,1044,84,hsv,off,0
违章03/违章03_t19.8_3_off.jpg,违章03,19.8,329,74,356,127,hsv,off,0
违章03/违章03_t19.8_4_off.jpg,违章03,19.8,1025,97,1048,116,hsv,off,0
违章03/违章03_t19.8_5_off.jpg,违章03,19.8,600,177,612,186,hsv,off,0
违章03/违章03_t19.8_7_off.jpg,违章03,19.8,1161,195,1174,215,hsv,off,0
违章03/违章03_t20.0_0_off.jpg,违章03,20.04,853,0,862,9,hsv,off,0
违章03/违章03_t20.0_1_off.jpg,违章03,20.04,840,54,863,74,hsv,off,0
违章03/违章03_t20.0_2_off.jpg,违章03,20.04,368,72,398,126,hsv,off,0
违章03/违章03_t20.0_3_stand.jpg,违章03,20.04,1033,75,1048,87,hsv,stand,0
违章03/违章03_t20.0_4_off.jpg,违章03,20.04,1024,99,1047,119,hsv,off,0
违章03/违章03_t20.0_5_off.jpg,违章03,20.04,1237,141,1280,169,hsv,off,0
违章03/违章03_t20.0_6_off.jpg,违章03,20.04,721,152,732,180,hsv,off,0
违章03/违章03_t20.0_7_off.jpg,违章03,20.04,1224,188,1243,217,hsv,off,0
违章03/违章03_t20.0_9_off.jpg,违章03,20.04,1238,214,1280,248,hsv,off,0
违章03/违章03_t20.3_0_off.jpg,违章03,20.27,855,0,864,9,hsv,off,0
违章03/违章03_t20.3_1_off.jpg,违章03,20.27,843,54,867,72,hsv,off,0
违章03/违章03_t20.3_2_off.jpg,违章03,20.27,409,70,439,126,hsv,off,0
违章03/违章03_t20.3_3_stand.jpg,违章03,20.27,1040,74,1054,84,hsv,stand,0
违章03/违章03_t20.3_4_off.jpg,违章03,20.27,724,149,735,175,hsv,off,0
违章03/违章03_t20.3_5_off.jpg,违章03,20.27,88,167,100,178,hsv,off,0
违章03/违章03_t20.3_6_off.jpg,违章03,20.27,66,168,75,192,hsv,off,0
违章03/违章03_t20.3_7_off.jpg,违章03,20.27,1152,188,1280,330,hsv,off,0
违章03/违章03_t20.3_8_off.jpg,违章03,20.27,426,224,457,234,hsv,off,0
违章03/违章03_t20.5_0_off.jpg,违章03,20.51,857,0,865,9,hsv,off,0
违章03/违章03_t20.5_3_off.jpg,违章03,20.51,844,57,854,72,hsv,off,0
违章03/违章03_t20.5_4_off.jpg,违章03,20.51,445,69,474,124,hsv,off,0
违章03/违章03_t20.5_5_stand.jpg,违章03,20.51,1040,73,1050,86,hsv,stand,0
违章03/违章03_t20.5_6_off.jpg,违章03,20.51,1027,104,1049,123,hsv,off,0
违章03/违章03_t20.5_7_off.jpg,违章03,20.51,943,187,954,197,hsv,off,0
违章03/违章03_t20.5_8_off.jpg,违章03,20.51,435,224,464,234,hsv,off,0
违章03/违章03_t20.5_9_off.jpg,违章03,20.51,0,237,13,248,hsv,off,0
违章03/违章03_t20.5_10_off.jpg,违章03,20.51,61,300,77,317,hsv,off,0
违章03/违章03_t20.7_0_off.jpg,违章03,20.74,477,66,507,121,hsv,off,0
违章03/违章03_t20.7_2_off.jpg,违章03,20.74,1026,98,1049,124,hsv,off,0
违章03/违章03_t20.7_3_off.jpg,违章03,20.74,98,169,116,193,hsv,off,0
违章03/违章03_t20.7_4_off.jpg,违章03,20.74,68,170,80,193,hsv,off,0
违章03/违章03_t20.7_6_off.jpg,违章03,20.74,449,222,477,230,hsv,off,0
违章03/违章03_t20.7_7_off.jpg,违章03,20.74,20,238,43,251,hsv,off,0
违章03/违章03_t20.7_8_off.jpg,违章03,20.74,104,303,124,327,hsv,off,0
违章03/违章03_t21.0_2_off.jpg,违章03,20.98,508,64,538,119,hsv,off,0
违章03/违章03_t21.0_3_stand.jpg,违章03,20.98,1038,78,1048,86,hsv,stand,0
违章03/违章03_t21.0_4_off.jpg,违章03,20.98,1033,106,1046,116,hsv,off,0
违章03/违章03_t21.0_5_off.jpg,违章03,20.98,215,169,245,190,hsv,off,0
违章03/违章03_t21.0_6_off.jpg,违章03,20.98,116,170,136,195,hsv,off,0
违章03/违章03_t21.0_7_off.jpg,违章03,20.98,460,224,488,234,hsv,off,0
违章03/违章03_t21.0_8_off.jpg,违章03,20.98,81,227,92,263,hsv,off,0
违章03/违章03_t21.0_9_off.jpg,违章03,20.98,49,241,73,252,hsv,off,0
违章03/违章03_t21.0_10_off.jpg,违章03,20.98,0,350,56,386,hsv,off,0
违章03/违章03_t21.0_11_off.jpg,违章03,20.98,0,393,16,415,hsv,off,0
违章03/违章03_t21.2_3_off.jpg,违章03,21.22,536,62,567,118,hsv,off,0
违章03/违章03_t21.2_4_stand.jpg,违章03,21.22,1039,77,1048,86,hsv,stand,0
违章03/违章03_t21.2_5_off.jpg,违章03,21.22,685,83,704,117,hsv,off,0
违章03/违章03_t21.2_6_off.jpg,违章03,21.22,1033,106,1053,114,hsv,off,0
违章03/违章03_t21.2_8_off.jpg,违章03,21.22,233,169,288,200,hsv,off,0
违章03/违章03_t21.2_9_off.jpg,违章03,21.22,204,172,216,188,hsv,off,0
违章03/违章03_t21.2_10_off.jpg,违章03,21.22,475,226,500,237,hsv,off,0
违章03/违章03_t21.2_11_off.jpg,违章03,21.22,0,354,92,420,hsv,off,0
违章03/违章03_t21.4_0_stand.jpg,违章03,21.45,1041,75,1050,85,hsv,stand,0
违章03/违章03_t21.4_1_off.jpg,违章03,21.45,1038,105,1056,113,hsv,off,0
违章03/违章03_t21.4_2_off.jpg,违章03,21.45,1164,140,1280,222,hsv,off,0
违章03/违章03_t21.4_3_off.jpg,违章03,21.45,252,169,336,202,hsv,off,0
违章03/违章03_t21.4_4_off.jpg,违章03,21.45,222,171,237,191,hsv,off,0
违章03/违章03_t21.4_6_off.jpg,违章03,21.45,481,227,498,237,hsv,off,0
违章03/违章03_t21.4_7_off.jpg,违章03,21.45,105,229,122,239,hsv,off,0
违章03/违章03_t21.4_8_off.jpg,违章03,21.45,107,243,130,255,hsv,off,0
违章03/违章03_t21.4_9_off.jpg,违章03,21.45,1252,252,1280,267,hsv,off,0
违章03/违章03_t21.4_12_off.jpg,违章03,21.45,0,359,130,429,hsv,off,0
违章03/违章03_t21.7_0_stand.jpg,违章03,21.69,958,0,993,116,hsv,stand,0
违章03/违章03_t21.7_2_off.jpg,违章03,21.69,1041,73,1051,85,hsv,off,0
违章03/违章03_t21.7_3_off.jpg,违章03,21.69,1037,105,1058,114,hsv,off,0
违章03/违章03_t21.7_4_off.jpg,违章03,21.69,94,173,147,216,hsv,off,0
违章03/违章03_t21.7_5_off.jpg,违章03,21.69,240,172,253,189,hsv,off,0
违章03/违章03_t21.7_6_off.jpg,违章03,21.69,113,230,137,239,hsv,off,0
违章03/违章03_t21.7_7_off.jpg,违章03,21.69,501,230,512,238,hsv,off,0
违章03/违章03_t21.7_8_off.jpg,违章03,21.69,135,244,158,256,hsv,off,0
违章03/违章03_t21.7_9_off.jpg,违章03,21.69,243,290,262,298,hsv,off,0
违章03/违章03_t21.7_10_off.jpg,违章03,21.69,56,365,70,375,hsv,off,0
违章03/违章03_t21.9_0_stand.jpg,违章03,21.92,982,0,1018,102,hsv,stand,0
违章03/违章03_t21.9_3_off.jpg,违章03,21.92,633,66,655,116,hsv,off,0
违章03/违章03_t21.9_4_off.jpg,违章03,21.92,1043,72,1053,82,hsv,off,0
违章03/违章03_t21.9_6_off.jpg,违章03,21.92,107,172,162,216,hsv,off,0
违章03/违章03_t21.9_7_off.jpg,违章03,21.92,257,172,270,188,hsv,off,0
违章03/违章03_t21.9_8_off.jpg,违章03,21.92,138,231,152,241,hsv,off,0
违章03/违章03_t21.9_9_off.jpg,违章03,21.92,535,236,552,244,hsv,off,0
违章03/违章03_t21.9_10_off.jpg,违章03,21.92,158,244,184,257,hsv,off,0
违章03/违章03_t21.9_11_off.jpg,违章03,21.92,273,290,303,311,hsv,off,0
违章03/违章03_t21.9_12_off.jpg,违章03,21.92,96,369,104,378,hsv,off,0
违章03/违章03_t22.4_0_stand.jpg,违章03,22.39,1027,0,1057,90,hsv,stand,0
违章03/违章03_t22.4_2_off.jpg,违章03,22.39,74,160,103,189,hsv,off,0
违章03/违章03_t22.4_3_off.jpg,违章03,22.39,136,172,192,217,hsv,off,0
违章03/违章03_t22.4_4_off.jpg,违章03,22.39,335,291,367,324,hsv,off,0
违章03/违章03_t22.6_0_stand.jpg,违章03,22.63,1035,0,1072,90,hsv,stand,0
违章03/违章03_t22.6_3_off.jpg,违章03,22.63,226,170,250,198,hsv,off,0
违章03/违章03_t22.6_4_off.jpg,违章03,22.63,332,200,405,229,hsv,off,0
违章03/违章03_t22.6_6_off.jpg,违章03,22.63,345,296,359,307,hsv,off,0
违章03/违章03_t22.6_7_off.jpg,违章03,22.63,368,296,399,327,hsv,off,0
违章03/违章03_t22.6_8_off.jpg,违章03,22.63,209,386,240,396,hsv,off,0
违章03/违章03_t22.6_9_off.jpg,违章03,22.63,0,437,31,457,hsv,off,0
违章03/违章03_t22.9_0_stand.jpg,违章03,22.87,1047,0,1085,93,hsv,stand,0
违章03/违章03_t22.9_1_off.jpg,违章03,22.87,754,73,774,111,hsv,off,0
违章03/违章03_t22.9_2_off.jpg,违章03,22.87,730,157,740,179,hsv,off,0
违章03/违章03_t22.9_3_off.jpg,违章03,22.87,164,171,222,214,hsv,off,0
违章03/违章03_t22.9_4_off.jpg,违章03,22.87,241,170,266,199,hsv,off,0
违章03/违章03_t22.9_5_off.jpg,违章03,22.87,350,200,428,229,hsv,off,0
违章03/违章03_t22.9_6_off.jpg,违章03,22.87,380,299,395,308,hsv,off,0
违章03/违章03_t22.9_7_off.jpg,违章03,22.87,405,299,435,331,hsv,off,0
违章03/违章03_t22.9_8_off.jpg,违章03,22.87,167,347,178,358,hsv,off,0
违章03/违章03_t22.9_9_off.jpg,违章03,22.87,252,391,277,401,hsv,off,0
违章03/违章03_t23.1_0_off.jpg,违章03,23.1,1058,0,1096,98,hsv,off,0
违章03/违章03_t23.1_4_off.jpg,违章03,23.1,729,154,741,179,hsv,off,0
违章03/违章03_t23.1_5_off.jpg,违章03,23.1,177,171,236,211,hsv,off,0
违章03/违章03_t23.1_6_off.jpg,违章03,23.1,256,170,280,200,hsv,off,0
违章03/违章03_t23.1_7_off.jpg,违章03,23.1,366,200,447,230,hsv,off,0
违章03/违章03_t23.1_8_off.jpg,违章03,23.1,0,279,22,291,hsv,off,0
违章03/违章03_t23.1_9_off.jpg,违章03,23.1,398,286,411,298,hsv,off,0
违章03/违章03_t23.1_10_off.jpg,违章03,23.1,412,298,472,336,hsv,off,0
违章03/违章03_t23.1_12_off.jpg,违章03,23.1,417,382,426,390,hsv,off,0
违章03/违章03_t23.3_0_stand.jpg,违章03,23.34,1066,0,1104,118,hsv,stand,0
违章03/违章03_t23.3_5_off.jpg,违章03,23.34,891,135,935,213,hsv,off,0
违章03/违章03_t23.3_6_off.jpg,违章03,23.34,729,154,741,180,hsv,off,0
违章03/违章03_t23.3_7_off.jpg,违章03,23.34,187,169,248,204,hsv,off,0
违章03/违章03_t23.3_8_off.jpg,违章03,23.34,268,168,293,199,hsv,off,0
违章03/违章03_t23.3_9_off.jpg,违章03,23.34,381,200,461,230,hsv,off,0
违章03/违章03_t23.3_11_off.jpg,违章03,23.34,0,280,56,297,hsv,off,0
违章03/违章03_t23.3_12_off.jpg,违章03,23.34,355,281,406,296,hsv,off,0
违章03/违章03_t23.3_13_off.jpg,违章03,23.34,409,292,444,306,hsv,off,0
违章03/违章03_t23.3_14_off.jpg,违章03,23.34,127,317,167,329,hsv,off,0
违章03/违章03_t23.3_15_off.jpg,违章03,23.34,461,388,471,396,hsv,off,0
违章03/违章03_t23.3_16_off.jpg,违章03,23.34,320,400,360,412,hsv,off,0
违章03/违章03_t23.8_1_off.jpg,违章03,23.81,460,16,484,24,hsv,off,0
违章03/违章03_t23.8_2_stand.jpg,违章03,23.81,925,108,934,120,hsv,stand,0
违章03/违章03_t23.8_5_off.jpg,违章03,23.81,908,127,916,145,hsv,off,0
违章03/违章03_t23.8_6_off.jpg,违章03,23.81,909,149,939,174,hsv,off,0
违章03/违章03_t23.8_7_off.jpg,违章03,23.81,730,155,742,181,hsv,off,0
违章03/违章03_t23.8_8_off.jpg,违章03,23.81,202,169,266,194,hsv,off,0
违章03/违章03_t23.8_9_off.jpg,违章03,23.81,286,168,311,198,hsv,off,0
违章03/违章03_t23.8_10_off.jpg,违章03,23.81,403,200,491,230,hsv,off,0
违章03/违章03_t23.8_12_off.jpg,违章03,23.81,1146,266,1157,290,hsv,off,0
违章03/违章03_t23.8_13_off.jpg,违章03,23.81,154,285,168,305,hsv,off,0
违章03/违章03_t23.8_14_off.jpg,违章03,23.81,502,345,523,356,hsv,off,0
违章03/违章03_t23.8_15_off.jpg,违章03,23.81,596,357,626,422,hsv,off,0
违章03/违章03_t23.8_16_off.jpg,违章03,23.81,561,400,571,408,hsv,off,0
违章03/违章03_t23.8_17_off.jpg,违章03,23.81,418,413,463,427,hsv,off,0
违章03/违章03_t24.0_2_off.jpg,违章03,24.04,731,155,742,181,hsv,off,0
违章03/违章03_t24.0_4_off.jpg,违章03,24.04,207,169,271,191,hsv,off,0
违章03/违章03_t24.0_8_off.jpg,违章03,24.04,188,275,211,308,hsv,off,0
违章03/违章03_t24.0_9_off.jpg,违章03,24.04,528,352,539,360,hsv,off,0
违章03/违章03_t24.0_10_off.jpg,违章03,24.04,619,405,627,413,hsv,off,0
违章03/违章03_t24.0_12_off.jpg,违章03,24.04,477,420,520,433,hsv,off,0
违章03/违章03_t24.3_3_off.jpg,违章03,24.28,1070,128,1082,151,hsv,off,0
违章03/违章03_t24.3_4_off.jpg,违章03,24.28,918,152,934,168,hsv,off,0
违章03/违章03_t24.3_5_off.jpg,违章03,24.28,727,154,741,181,hsv,off,0
违章03/违章03_t24.3_6_off.jpg,违章03,24.28,208,168,272,188,hsv,off,0
违章03/违章03_t24.3_7_off.jpg,违章03,24.28,484,289,710,357,hsv,off,0
违章03/违章03_t24.3_8_off.jpg,违章03,24.28,428,365,439,375,hsv,off,0
违章03/违章03_t24.3_9_off.jpg,违章03,24.28,1102,408,1113,418,hsv,off,0
违章03/违章03_t24.3_10_off.jpg,违章03,24.28,681,413,690,421,hsv,off,0
违章03/违章03_t24.3_11_off.jpg,违章03,24.28,540,428,582,441,hsv,off,0
违章03/违章03_t24.3_12_off.jpg,违章03,24.28,725,451,734,462,hsv,off,0
违章03/违章03_t26.4_1_stand.jpg,违章03,26.4,918,106,934,115,hsv,stand,0
违章03/违章03_t26.4_2_off.jpg,违章03,26.4,919,116,930,125,hsv,off,0
违章03/违章03_t26.4_3_off.jpg,违章03,26.4,1105,134,1125,154,hsv,off,0
违章03/违章03_t26.4_5_off.jpg,违章03,26.4,723,153,737,178,hsv,off,0
违章03/违章03_t26.4_8_off.jpg,违章03,26.4,400,194,494,226,hsv,off,0
违章03/违章03_t26.4_9_off.jpg,违章03,26.4,290,201,299,214,hsv,off,0
违章03/违章03_t26.4_10_off.jpg,违章03,26.4,796,204,834,215,hsv,off,0
违章03/违章03_t26.4_13_off.jpg,违章03,26.4,442,342,488,379,hsv,off,0
违章03/违章03_t26.4_14_off.jpg,违章03,26.4,863,356,873,364,hsv,off,0
违章03/违章03_t26.4_15_off.jpg,违章03,26.4,870,360,882,370,hsv,off,0
违章03/违章03_t26.4_16_off.jpg,违章03,26.4,897,364,926,375,hsv,off,0
违章03/违章03_t26.6_1_stand.jpg,违章03,26.64,920,106,933,114,hsv,stand,0
违章03/违章03_t26.6_3_off.jpg,违章03,26.64,915,150,929,167,hsv,off,0
违章03/违章03_t26.6_4_off.jpg,违章03,26.64,722,153,736,178,hsv,off,0
违章03/违章03_t26.6_6_off.jpg,违章03,26.64,376,163,395,188,hsv,off,0
违章03/违章03_t26.6_7_off.jpg,违章03,26.64,399,193,492,226,hsv,off,0
违章03/违章03_t26.6_8_off.jpg,违章03,26.64,290,201,299,213,hsv,off,0
违章03/违章03_t26.6_11_off.jpg,违章03,26.64,637,305,655,314,hsv,off,0
违章03/违章03_t26.6_12_off.jpg,违章03,26.64,663,333,678,346,hsv,off,0
违章03/违章03_t26.9_3_off.jpg,违章03,26.87,723,153,735,177,hsv,off,0
违章03/违章03_t26.9_5_off.jpg,违章03,26.87,375,161,394,188,hsv,off,0
违章03/违章03_t26.9_6_off.jpg,违章03,26.87,399,193,496,225,hsv,off,0
违章03/违章03_t26.9_7_off.jpg,违章03,26.87,290,201,299,213,hsv,off,0
违章03/违章03_t26.9_9_off.jpg,违章03,26.87,1240,246,1255,254,hsv,off,0
违章03/违章03_t26.9_10_off.jpg,违章03,26.87,1180,270,1195,278,hsv,off,0
违章03/违章03_t26.9_11_off.jpg,违章03,26.87,1105,273,1136,287,hsv,off,0
违章03/违章03_t26.9_12_off.jpg,违章03,26.87,1156,280,1171,289,hsv,off,0
违章03/违章03_t26.9_13_off.jpg,违章03,26.87,1023,288,1161,366,hsv,off,0
违章03/违章03_t26.9_14_off.jpg,违章03,26.87,864,315,896,325,hsv,off,0
违章03/违章03_t26.9_15_off.jpg,违章03,26.87,843,327,855,367,hsv,off,0
违章03/违章03_t26.9_16_off.jpg,违章03,26.87,1040,364,1058,374,hsv,off,0
违章03/违章03_t27.1_2_off.jpg,违章03,27.11,721,152,735,179,hsv,off,0
违章03/违章03_t27.1_3_off.jpg,违章03,27.11,1048,154,1061,162,hsv,off,0
违章03/违章03_t27.1_4_off.jpg,违章03,27.11,376,161,390,181,hsv,off,0
违章03/违章03_t27.1_5_off.jpg,违章03,27.11,287,163,311,193,hsv,off,0
违章03/违章03_t27.1_6_off.jpg,违章03,27.11,201,165,264,215,hsv,off,0
违章03/违章03_t27.1_7_off.jpg,违章03,27.11,1013,171,1043,181,hsv,off,0
违章03/违章03_t27.1_8_off.jpg,违章03,27.11,400,192,494,225,hsv,off,0
违章03/违章03_t27.1_9_off.jpg,违章03,27.11,291,201,300,213,hsv,off,0
违章03/违章03_t27.1_10_off.jpg,违章03,27.11,233,228,249,244,hsv,off,0
违章03/违章03_t27.1_11_off.jpg,违章03,27.11,1211,368,1280,404,hsv,off,0
违章03/违章03_t27.1_12_off.jpg,违章03,27.11,245,375,261,383,hsv,off,0
违章03/违章03_t27.3_3_stand.jpg,违章03,27.34,913,104,931,118,hsv,stand,0
违章03/违章03_t27.3_4_off.jpg,违章03,27.34,917,114,925,124,hsv,off,0
违章03/违章03_t27.3_5_off.jpg,违章03,27.34,724,152,734,177,hsv,off,0
违章03/违章03_t27.3_7_off.jpg,违章03,27.34,404,193,502,225,hsv,off,0
违章03/违章03_t27.3_9_off.jpg,违章03,27.34,383,390,401,400,hsv,off,0
违章03/违章03_t27.3_10_off.jpg,违章03,27.34,360,395,378,406,hsv,off,0
违章03/违章03_t27.6_1_stand.jpg,违章03,27.58,918,105,930,114,hsv,stand,0
违章03/违章03_t27.6_2_off.jpg,违章03,27.58,917,116,926,124,hsv,off,0
违章03/违章03_t27.6_3_off.jpg,违章03,27.58,1040,141,1049,153,hsv,off,0
违章03/违章03_t27.6_4_off.jpg,违章03,27.58,723,150,734,177,hsv,off,0
违章03/违章03_t27.6_6_off.jpg,违章03,27.58,331,161,354,178,hsv,off,0
违章03/违章03_t27.6_7_off.jpg,违章03,27.58,1071,166,1121,185,hsv,off,0
违章03/违章03_t27.6_9_off.jpg,违章03,27.58,511,410,551,426,hsv,off,0
违章03/违章03_t27.8_1_stand.jpg,违章03,27.82,962,58,982,112,hsv,stand,0
违章03/违章03_t27.8_4_off.jpg,违章03,27.82,723,152,734,178,hsv,off,0
违章03/违章03_t27.8_5_off.jpg,违章03,27.82,749,417,758,430,hsv,off,0
违章03/违章03_t27.8_6_off.jpg,违章03,27.82,704,428,735,451,hsv,off,0
违章03/违章03_t27.8_7_off.jpg,违章03,27.82,458,476,468,487,hsv,off,0
违章03/违章03_t29.2_1_stand.jpg,违章03,29.23,844,56,865,75,hsv,stand,0
违章03/违章03_t29.2_2_off.jpg,违章03,29.23,471,154,578,196,hsv,off,0
违章03/违章03_t29.2_3_off.jpg,违章03,29.23,334,159,360,191,hsv,off,0
违章03/违章03_t29.2_4_off.jpg,违章03,29.23,430,159,446,180,hsv,off,0
违章03/违章03_t29.5_2_stand.jpg,违章03,29.47,845,55,872,74,hsv,stand,0
违章03/违章03_t29.7_2_stand.jpg,违章03,29.7,846,55,873,74,hsv,stand,0
违章03/违章03_t29.7_6_off.jpg,违章03,29.7,1038,166,1077,187,hsv,off,0
违章03/违章03_t29.9_0_stand.jpg,违章03,29.94,844,56,871,74,hsv,stand,0
违章03/违章03_t29.9_4_off.jpg,违章03,29.94,1090,130,1115,155,hsv,off,0
违章03/违章03_t29.9_7_off.jpg,违章03,29.94,1054,165,1108,186,hsv,off,0
违章03/违章03_t29.9_8_off.jpg,违章03,29.94,605,181,628,192,hsv,off,0
违章03/违章03_t30.2_1_off.jpg,违章03,30.17,846,57,872,76,hsv,off,0
违章03/违章03_t30.2_3_off.jpg,违章03,30.17,497,191,570,226,hsv,off,0
违章03/违章03_t30.4_0_stand.jpg,违章03,30.41,860,0,868,10,hsv,stand,0
违章03/违章03_t30.4_1_off.jpg,违章03,30.41,846,57,871,76,hsv,off,0
违章03/违章03_t30.4_3_off.jpg,违章03,30.41,1159,130,1167,153,hsv,off,0
违章03/违章03_t30.4_4_off.jpg,违章03,30.41,1091,133,1114,155,hsv,off,0
违章03/违章03_t30.4_5_off.jpg,违章03,30.41,1149,164,1175,178,hsv,off,0
违章03/违章03_t30.4_6_off.jpg,违章03,30.41,1087,166,1155,216,hsv,off,0
违章03/违章03_t30.4_7_off.jpg,违章03,30.41,75,184,186,238,hsv,off,0
违章03/违章03_t30.4_9_off.jpg,违章03,30.41,507,192,572,225,hsv,off,0
违章03/违章03_t30.6_0_off.jpg,违章03,30.64,860,0,868,9,hsv,off,0
违章03/违章03_t30.6_1_off.jpg,违章03,30.64,1133,49,1151,104,hsv,off,0
违章03/违章03_t30.6_2_stand.jpg,违章03,30.64,858,56,871,74,hsv,stand,0
违章03/违章03_t30.6_3_off.jpg,违章03,30.64,847,58,858,71,hsv,off,0
违章03/违章03_t30.6_5_off.jpg,违章03,30.64,1093,131,1114,154,hsv,off,0
违章03/违章03_t30.6_7_off.jpg,违章03,30.64,1105,179,1178,216,hsv,off,0
违章03/违章03_t30.6_9_off.jpg,违章03,30.64,520,192,573,221,hsv,off,0
违章03/违章03_t30.9_0_off.jpg,违章03,30.88,860,0,869,9,hsv,off,0
违章03/违章03_t30.9_3_off.jpg,违章03,30.88,1231,124,1250,152,hsv,off,0
违章03/违章03_t30.9_5_off.jpg,违章03,30.88,727,149,739,178,hsv,off,0
违章03/违章03_t30.9_6_off.jpg,违章03,30.88,1150,161,1208,178,hsv,off,0
违章03/违章03_t30.9_8_off.jpg,违章03,30.88,532,192,573,217,hsv,off,0
违章03/违章03_t30.9_9_off.jpg,违章03,30.88,1122,192,1178,216,hsv,off,0
违章03/违章03_t31.1_0_stand.jpg,违章03,31.12,860,0,869,9,hsv,stand,0
违章03/违章03_t31.1_1_off.jpg,违章03,31.12,848,57,859,75,hsv,off,0
违章03/违章03_t31.1_3_off.jpg,违章03,31.12,1229,124,1253,151,hsv,off,0
违章03/违章03_t31.1_4_off.jpg,违章03,31.12,728,150,739,177,hsv,off,0
违章03/违章03_t31.4_0_stand.jpg,违章03,31.35,861,0,870,9,hsv,stand,0
违章03/违章03_t31.4_3_off.jpg,违章03,31.35,1228,124,1249,147,hsv,off,0
违章03/违章03_t31.4_4_off.jpg,违章03,31.35,1160,129,1168,145,hsv,off,0
违章03/违章03_t31.4_5_off.jpg,违章03,31.35,728,149,739,176,hsv,off,0
违章03/违章03_t31.4_6_off.jpg,违章03,31.35,1158,162,1206,177,hsv,off,0
违章03/违章03_t31.4_8_off.jpg,违章03,31.35,1155,202,1184,214,hsv,off,0
违章03/违章03_t31.6_1_off.jpg,违章03,31.59,848,55,871,72,hsv,off,0
违章03/违章03_t31.6_2_stand.jpg,违章03,31.59,1029,85,1042,99,hsv,stand,0
违章03/违章03_t31.6_3_off.jpg,违章03,31.59,143,86,156,94,hsv,off,0
违章03/违章03_t31.6_5_off.jpg,违章03,31.59,1023,118,1034,128,hsv,off,0
违章03/违章03_t31.6_6_off.jpg,违章03,31.59,1036,119,1048,127,hsv,off,0
违章03/违章03_t31.6_7_off.jpg,违章03,31.59,1229,124,1250,146,hsv,off,0
违章03/违章03_t31.6_8_off.jpg,违章03,31.59,728,148,739,176,hsv,off,0
违章03/违章03_t31.6_9_off.jpg,违章03,31.59,321,159,397,182,hsv,off,0
违章03/违章03_t31.6_10_off.jpg,违章03,31.59,1170,162,1205,176,hsv,off,0
违章03/违章03_t31.6_12_off.jpg,违章03,31.59,561,191,577,206,hsv,off,0
违章03/违章03_t31.8_1_off.jpg,违章03,31.82,848,54,872,75,hsv,off,0
违章03/违章03_t31.8_2_off.jpg,违章03,31.82,145,86,156,94,hsv,off,0
违章03/违章03_t31.8_3_stand.jpg,违章03,31.82,1028,86,1041,100,hsv,stand,0
违章03/违章03_t31.8_5_off.jpg,违章03,31.82,1023,117,1043,127,hsv,off,0
违章03/违章03_t31.8_6_off.jpg,违章03,31.82,1229,122,1251,146,hsv,off,0
违章03/违章03_t31.8_7_off.jpg,违章03,31.82,728,147,739,176,hsv,off,0
违章03/违章03_t31.8_9_off.jpg,违章03,31.82,426,157,458,178,hsv,off,0
违章03/违章03_t31.8_10_off.jpg,违章03,31.82,1180,162,1204,175,hsv,off,0
违章03/违章03_t31.8_11_off.jpg,违章03,31.82,564,190,578,203,hsv,off,0
违章03/违章03_t32.1_1_off.jpg,违章03,32.06,1213,41,1229,96,hsv,off,0
违章03/违章03_t32.1_2_off.jpg,违章03,32.06,848,54,871,76,hsv,off,0
违章03/违章03_t32.1_3_stand.jpg,违章03,32.06,1029,84,1040,98,hsv,stand,0
违章03/违章03_t32.1_7_off.jpg,违章03,32.06,1229,122,1252,146,hsv,off,0
违章03/违章03_t32.1_8_off.jpg,违章03,32.06,729,145,740,176,hsv,off,0
违章03/违章03_t32.1_9_off.jpg,违章03,32.06,428,157,462,173,hsv,off,0
违章03/违章03_t32.1_10_off.jpg,违章03,32.06,479,157,507,173,hsv,off,0
违章03/违章03_t32.1_11_off.jpg,违章03,32.06,329,159,405,181,hsv,off,0
违章03/违章03_t32.1_12_off.jpg,违章03,32.06,1185,161,1207,171,hsv,off,0
违章03/违章03_t32.1_13_off.jpg,违章03,32.06,536,276,550,284,hsv,off,0
违章03/违章03_t32.3_1_stand.jpg,违章03,32.29,1029,85,1040,98,hsv,stand,0
违章03/违章03_t32.3_3_off.jpg,违章03,32.29,1025,114,1045,124,hsv,off,0
违章03/违章03_t32.3_4_off.jpg,违章03,32.29,1232,121,1250,145,hsv,off,0
违章03/违章03_t32.3_5_off.jpg,违章03,32.29,728,148,740,174,hsv,off,0
违章03/违章03_t32.3_6_off.jpg,违章03,32.29,481,155,510,174,hsv,off,0
违章03/违章03_t32.5_2_off.jpg,违章03,32.53,1032,84,1041,97,hsv,off,0
违章03/违章03_t32.5_4_off.jpg,违章03,32.53,1025,113,1046,123,hsv,off,0
违章03/违章03_t32.5_5_off.jpg,违章03,32.53,1232,121,1252,146,hsv,off,0
违章03/违章03_t32.5_6_off.jpg,违章03,32.53,729,148,739,167,hsv,off,0
违章03/违章03_t32.5_7_off.jpg,违章03,32.53,610,152,683,174,hsv,off,0
违章03/违章03_t32.5_8_off.jpg,违章03,32.53,434,193,456,221,hsv,off,0
违章03/违章03_t32.8_0_stand.jpg,违章03,32.77,1030,84,1039,97,hsv,stand,0
违章03/违章03_t32.8_1_off.jpg,违章03,32.77,1025,113,1043,123,hsv,off,0
违章03/违章03_t32.8_2_off.jpg,违章03,32.77,1229,122,1252,146,hsv,off,0
违章03/违章03_t32.8_3_off.jpg,违章03,32.77,728,145,740,176,hsv,off,0
违章03/违章03_t32.8_4_off.jpg,违章03,32.77,600,207,619,216,hsv,off,0
违章03/违章03_t33.0_1_stand.jpg,违章03,33.0,1031,85,1041,98,hsv,stand,0
违章03/违章03_t33.0_2_off.jpg,违章03,33.0,1027,114,1047,123,hsv,off,0
违章03/违章03_t33.0_3_off.jpg,违章03,33.0,76,129,87,144,hsv,off,0
违章03/违章03_t33.0_4_off.jpg,违章03,33.0,729,145,741,174,hsv,off,0
违章03/违章03_t33.2_0_stand.jpg,违章03,33.24,1025,115,1045,124,hsv,stand,0
违章03/违章03_t33.2_1_off.jpg,违章03,33.24,1232,122,1254,149,hsv,off,0
违章03/违章03_t33.2_2_off.jpg,违章03,33.24,84,126,94,145,hsv,off,0
违章03/违章03_t33.2_3_off.jpg,违章03,33.24,729,145,740,176,hsv,off,0
违章03/违章03_t33.2_5_off.jpg,违章03,33.24,571,188,580,196,hsv,off,0
违章03/违章03_t33.5_0_stand.jpg,违章03,33.47,923,62,933,73,hsv,stand,0
违章03/违章03_t33.5_1_off.jpg,违章03,33.47,1024,115,1045,125,hsv,off,0
违章03/违章03_t33.5_2_off.jpg,违章03,33.47,91,129,103,146,hsv,off,0
违章03/违章03_t33.5_3_off.jpg,违章03,33.47,729,146,740,176,hsv,off,0
违章03/违章03_t33.5_4_off.jpg,违章03,33.47,571,188,580,196,hsv,off,0
违章03/违章03_t33.7_0_stand.jpg,违章03,33.71,923,65,931,74,hsv,stand,0
违章03/违章03_t33.7_1_off.jpg,违章03,33.71,1030,86,1040,98,hsv,off,0
违章03/违章03_t33.7_2_off.jpg,违章03,33.71,1024,115,1044,124,hsv,off,0
违章03/违章03_t33.7_3_off.jpg,违章03,33.71,97,127,111,146,hsv,off,0
违章03/违章03_t33.7_4_off.jpg,违章03,33.71,729,144,740,175,hsv,off,0
违章03/违章03_t33.7_5_off.jpg,违章03,33.71,570,188,580,196,hsv,off,0
违章03/违章03_t33.7_7_off.jpg,违章03,33.71,76,196,90,207,hsv,off,0
违章03/违章03_t33.7_8_off.jpg,违章03,33.71,78,213,91,225,hsv,off,0
违章03/违章03_t33.7_10_off.jpg,违章03,33.71,79,226,92,234,hsv,off,0
违章03/违章03_t33.9_1_stand.jpg,违章03,33.94,921,68,930,76,hsv,stand,0
违章03/违章03_t33.9_3_off.jpg,违章03,33.94,1029,87,1039,100,hsv,off,0
违章03/违章03_t33.9_4_off.jpg,违章03,33.94,1024,117,1044,126,hsv,off,0
违章03/违章03_t33.9_5_off.jpg,违章03,33.94,1230,125,1249,151,hsv,off,0
违章03/违章03_t33.9_6_off.jpg,违章03,33.94,103,128,115,147,hsv,off,0
违章03/违章03_t33.9_7_off.jpg,违章03,33.94,728,146,739,176,hsv,off,0
违章03/违章03_t34.2_0_off.jpg,违章03,34.18,862,0,870,8,hsv,off,0
违章03/违章03_t34.2_1_stand.jpg,违章03,34.18,922,62,932,75,hsv,stand,0
违章03/违章03_t34.2_3_off.jpg,违章03,34.18,1031,85,1040,99,hsv,off,0
违章03/违章03_t34.2_4_off.jpg,违章03,34.18,1025,116,1044,124,hsv,off,0
违章03/违章03_t34.2_5_off.jpg,违章03,34.18,1231,122,1248,148,hsv,off,0
违章03/违章03_t34.2_6_off.jpg,违章03,34.18,110,128,122,145,hsv,off,0
违章03/违章03_t34.2_7_off.jpg,违章03,34.18,728,146,740,175,hsv,off,0
违章03/违章03_t34.4_1_off.jpg,违章03,34.42,846,52,870,75,hsv,off,0
违章03/违章03_t34.4_3_stand.jpg,违章03,34.42,1029,85,1039,98,hsv,stand,0
违章03/违章03_t34.4_4_off.jpg,违章03,34.42,1023,113,1045,123,hsv,off,0
违章03/违章03_t34.4_5_off.jpg,违章03,34.42,1227,121,1248,150,hsv,off,0
违章03/违章03_t34.4_6_off.jpg,违章03,34.42,107,124,121,144,hsv,off,0
违章03/违章03_t34.4_7_off.jpg,违章03,34.42,726,145,737,174,hsv,off,0
违章03/违章03_t34.6_2_stand.jpg,违章03,34.65,1029,85,1043,99,hsv,stand,0
违章03/违章03_t34.6_3_off.jpg,违章03,34.65,1023,112,1043,123,hsv,off,0
违章03/违章03_t34.6_4_off.jpg,违章03,34.65,109,123,122,143,hsv,off,0
违章03/违章03_t34.6_5_off.jpg,违章03,34.65,725,146,736,174,hsv,off,0
违章03/违章03_t34.9_2_off.jpg,违章03,34.89,1028,84,1039,97,hsv,off,0
违章03/违章03_t34.9_3_off.jpg,违章03,34.89,1021,111,1044,122,hsv,off,0
违章03/违章03_t34.9_4_off.jpg,违章03,34.89,107,123,120,140,hsv,off,0
违章03/违章03_t34.9_5_off.jpg,违章03,34.89,724,147,734,174,hsv,off,0
违章03/违章03_t34.9_6_off.jpg,违章03,34.89,608,149,723,193,hsv,off,0
违章03/违章03_t35.1_0_off.jpg,违章03,35.12,844,53,867,74,hsv,off,0
违章03/违章03_t35.1_1_stand.jpg,违章03,35.12,1028,84,1040,96,hsv,stand,0
违章03/违章03_t35.1_2_off.jpg,违章03,35.12,106,123,118,137,hsv,off,0
违章03/违章03_t35.1_3_off.jpg,违章03,35.12,724,144,734,174,hsv,off,0
违章03/违章03_t35.1_4_off.jpg,违章03,35.12,612,149,723,194,hsv,off,0
违章03/违章03_t35.1_7_off.jpg,违章03,35.12,979,225,987,233,hsv,off,0
违章03/违章03_t35.4_0_stand.jpg,违章03,35.36,844,54,868,74,hsv,stand,0
违章03/违章03_t35.4_2_off.jpg,违章03,35.36,1024,111,1043,121,hsv,off,0
违章03/违章03_t35.4_4_off.jpg,违章03,35.36,1229,124,1240,142,hsv,off,0
违章03/违章03_t35.4_5_off.jpg,违章03,35.36,570,151,582,165,hsv,off,0
违章03/违章03_t35.4_6_off.jpg,违章03,35.36,454,154,490,196,hsv,off,0
违章03/违章03_t35.4_8_off.jpg,违章03,35.36,603,188,720,225,hsv,off,0
违章03/违章03_t35.4_9_off.jpg,违章03,35.36,585,226,722,293,hsv,off,0
违章03/违章03_t35.6_0_off.jpg,违章03,35.59,842,54,869,73,hsv,off,0
违章03/违章03_t35.6_1_stand.jpg,违章03,35.59,1030,79,1044,91,hsv,stand,0
违章03/违章03_t35.6_3_off.jpg,违章03,35.59,1024,110,1046,121,hsv,off,0
违章03/违章03_t35.6_5_off.jpg,违章03,35.59,614,188,722,225,hsv,off,0
违章03/违章03_t35.6_6_off.jpg,违章03,35.59,590,217,631,241,hsv,off,0
违章03/违章03_t35.6_7_off.jpg,违章03,35.59,447,478,455,492,hsv,off,0
违章03/违章03_t35.8_0_off.jpg,违章03,35.83,844,52,872,74,hsv,off,0
违章03/违章03_t35.8_1_stand.jpg,违章03,35.83,1031,78,1042,90,hsv,stand,0
违章03/违章03_t35.8_3_off.jpg,违章03,35.83,1026,109,1049,121,hsv,off,0
违章03/违章03_t35.8_4_off.jpg,违章03,35.83,107,122,121,142,hsv,off,0
违章03/违章03_t35.8_5_off.jpg,违章03,35.83,320,220,457,288,hsv,off,0
违章03/违章03_t35.8_6_off.jpg,违章03,35.83,592,487,615,510,hsv,off,0
违章03/违章03_t35.8_7_off.jpg,违章03,35.83,580,536,592,545,hsv,off,0
违章03/违章03_t36.1_0_stand.jpg,违章03,36.07,847,51,876,74,hsv,stand,0
违章03/违章03_t36.1_1_off.jpg,违章03,36.07,1029,109,1051,120,hsv,off,0
违章03/违章03_t36.1_2_off.jpg,违章03,36.07,110,122,125,144,hsv,off,0
违章03/违章03_t36.1_3_off.jpg,违章03,36.07,691,145,740,175,hsv,off,0
违章03/违章03_t36.1_4_off.jpg,违章03,36.07,76,198,109,243,hsv,off,0
违章03/违章03_t36.1_5_off.jpg,违章03,36.07,496,214,521,224,hsv,off,0
违章03/违章03_t36.1_6_off.jpg,违章03,36.07,452,223,600,296,hsv,off,0
违章03/违章03_t36.1_8_off.jpg,违章03,36.07,742,552,759,573,hsv,off,0
违章03/违章03_t36.3_1_off.jpg,违章03,36.3,488,5,507,13,hsv,off,0
违章03/违章03_t36.3_2_off.jpg,违章03,36.3,851,52,878,72,hsv,off,0
违章03/违章03_t36.3_4_off.jpg,违章03,36.3,1037,108,1054,119,hsv,off,0
违章03/违章03_t36.3_5_off.jpg,违章03,36.3,120,129,130,144,hsv,off,0
违章03/违章03_t36.3_6_off.jpg,违章03,36.3,81,197,114,242,hsv,off,0
违章03/违章03_t36.3_7_off.jpg,违章03,36.3,512,213,539,225,hsv,off,0
违章03/违章03_t36.3_8_off.jpg,违章03,36.3,605,220,768,305,hsv,off,0
违章03/违章03_t36.3_9_off.jpg,违章03,36.3,1076,227,1085,235,hsv,off,0
违章03/违章03_t36.3_10_off.jpg,违章03,36.3,264,433,281,452,hsv,off,0
违章03/违章03_t36.3_11_off.jpg,违章03,36.3,936,569,953,599,hsv,off,0
违章03/违章03_t36.5_1_stand.jpg,违章03,36.54,1049,77,1062,90,hsv,stand,0
违章03/违章03_t36.5_3_off.jpg,违章03,36.54,1041,106,1063,118,hsv,off,0
违章03/违章03_t36.5_4_off.jpg,违章03,36.54,123,131,136,145,hsv,off,0
违章03/违章03_t36.5_5_off.jpg,违章03,36.54,85,198,118,243,hsv,off,0
违章03/违章03_t36.5_6_off.jpg,违章03,36.54,525,214,554,228,hsv,off,0
违章03/违章03_t36.5_8_off.jpg,违章03,36.54,775,221,955,314,hsv,off,0
违章03/违章03_t36.5_9_off.jpg,违章03,36.54,244,290,256,305,hsv,off,0
违章03/违章03_t36.5_10_off.jpg,违章03,36.54,359,448,388,477,hsv,off,0
违章03/违章03_t36.5_12_off.jpg,违章03,36.54,1159,598,1200,634,hsv,off,0
违章03/违章03_t36.8_1_off.jpg,违章03,36.77,860,50,878,66,hsv,off,0
违章03/违章03_t36.8_2_stand.jpg,违章03,36.77,1050,75,1066,89,hsv,stand,0
违章03/违章03_t36.8_4_off.jpg,违章03,36.77,1044,105,1068,117,hsv,off,0
违章03/违章03_t36.8_5_off.jpg,违章03,36.77,127,130,138,145,hsv,off,0
违章03/违章03_t36.8_6_off.jpg,违章03,36.77,417,157,438,166,hsv,off,0
违章03/违章03_t36.8_7_off.jpg,违章03,36.77,495,162,556,268,hsv,off,0
违章03/违章03_t36.8_8_off.jpg,违章03,36.77,87,199,123,244,hsv,off,0
违章03/违章03_t36.8_9_off.jpg,违章03,36.77,547,216,576,229,hsv,off,0
违章03/违章03_t36.8_11_off.jpg,违章03,36.77,964,223,1163,325,hsv,off,0
违章03/违章03_t36.8_12_off.jpg,违章03,36.77,329,296,344,317,hsv,off,0
违章03/违章03_t36.8_13_off.jpg,违章03,36.77,461,460,494,498,hsv,off,0
违章03/违章03_t36.8_14_off.jpg,违章03,36.77,480,509,496,518,hsv,off,0
违章03/违章03_t37.0_0_stand.jpg,违章03,37.01,1057,73,1071,88,hsv,stand,0
违章03/违章03_t37.0_1_off.jpg,违章03,37.01,134,131,144,148,hsv,off,0
违章03/违章03_t37.0_2_off.jpg,违章03,37.01,604,157,676,273,hsv,off,0
违章03/违章03_t37.0_3_off.jpg,违章03,37.01,90,201,131,245,hsv,off,0
违章03/违章03_t37.0_4_off.jpg,违章03,37.01,416,302,438,325,hsv,off,0
违章03/违章03_t37.0_5_off.jpg,违章03,37.01,567,479,603,513,hsv,off,0
违章03/违章03_t37.0_6_off.jpg,违章03,37.01,584,526,606,534,hsv,off,0
违章03/违章03_t37.2_1_off.jpg,违章03,37.24,1058,75,1070,85,hsv,off,0
违章03/违章03_t37.2_3_off.jpg,违章03,37.24,140,131,151,148,hsv,off,0
违章03/违章03_t37.2_4_off.jpg,违章03,37.24,721,150,798,277,hsv,off,0
违章03/违章03_t37.2_5_off.jpg,违章03,37.24,437,155,524,214,hsv,off,0
违章03/违章03_t37.2_7_off.jpg,违章03,37.24,94,206,137,246,hsv,off,0
违章03/违章03_t37.2_9_off.jpg,违章03,37.24,503,303,530,347,hsv,off,0
违章03/违章03_t37.2_10_off.jpg,违章03,37.24,669,494,705,525,hsv,off,0
违章03/违章03_t37.2_12_off.jpg,违章03,37.24,687,536,699,546,hsv,off,0
违章03/违章03_t37.2_13_off.jpg,违章03,37.24,694,556,717,566,hsv,off,0
违章03/违章03_t37.5_0_stand.jpg,违章03,37.48,1060,75,1078,85,hsv,stand,0
违章03/违章03_t37.5_2_off.jpg,违章03,37.48,147,132,159,149,hsv,off,0
违章03/违章03_t37.5_3_off.jpg,违章03,37.48,692,149,703,159,hsv,off,0
违章03/违章03_t37.5_4_off.jpg,违章03,37.48,445,155,535,215,hsv,off,0
违章03/违章03_t37.5_6_off.jpg,违章03,37.48,96,209,145,248,hsv,off,0
违章03/违章03_t37.5_8_off.jpg,违章03,37.48,589,308,624,357,hsv,off,0
违章03/违章03_t37.5_9_off.jpg,违章03,37.48,581,453,590,461,hsv,off,0
违章03/违章03_t37.5_10_off.jpg,违章03,37.48,772,511,795,536,hsv,off,0
违章03/违章03_t37.5_11_off.jpg,违章03,37.48,804,533,813,544,hsv,off,0
违章03/违章03_t37.5_12_off.jpg,违章03,37.48,788,540,801,552,hsv,off,0
违章03/违章03_t37.5_13_off.jpg,违章03,37.48,801,556,829,590,hsv,off,0
违章03/违章03_t37.7_2_off.jpg,违章03,37.72,158,133,169,153,hsv,off,0
违章03/违章03_t37.7_3_off.jpg,违章03,37.72,746,146,758,174,hsv,off,0
违章03/违章03_t37.7_4_off.jpg,违章03,37.72,456,155,547,216,hsv,off,0
违章03/违章03_t37.7_5_off.jpg,违章03,37.72,100,209,155,250,hsv,off,0
违章03/违章03_t37.7_7_off.jpg,违章03,37.72,676,312,720,363,hsv,off,0
违章03/违章03_t37.7_8_off.jpg,违章03,37.72,665,461,682,478,hsv,off,0
违章03/违章03_t37.7_9_off.jpg,违章03,37.72,887,533,906,559,hsv,off,0
违章03/违章03_t37.7_10_off.jpg,违章03,37.72,907,547,948,596,hsv,off,0
违章03/违章03_t38.0_0_stand.jpg,违章03,37.95,945,52,953,64,hsv,stand,0
违章03/违章03_t38.0_2_off.jpg,违章03,37.95,167,135,177,152,hsv,off,0
违章03/违章03_t38.0_3_off.jpg,违章03,37.95,750,145,761,174,hsv,off,0
违章03/违章03_t38.0_4_off.jpg,违章03,37.95,777,144,892,192,hsv,off,0
违章03/违章03_t38.0_5_off.jpg,违章03,37.95,585,153,614,177,hsv,off,0
违章03/违章03_t38.0_6_off.jpg,违章03,37.95,466,155,557,216,hsv,off,0
违章03/违章03_t38.0_8_off.jpg,违章03,37.95,587,192,598,213,hsv,off,0
违章03/违章03_t38.0_10_off.jpg,违章03,37.95,104,211,163,251,hsv,off,0
违章03/违章03_t38.0_11_off.jpg,违章03,37.95,764,314,820,373,hsv,off,0
违章03/违章03_t38.0_12_off.jpg,违章03,37.95,749,472,774,491,hsv,off,0
违章03/违章03_t38.0_13_off.jpg,违章03,37.95,1010,543,1062,586,hsv,off,0
违章03/违章03_t38.0_14_off.jpg,违章03,37.95,1031,600,1069,613,hsv,off,0
违章03/违章03_t38.2_0_stand.jpg,违章03,38.19,870,50,899,70,hsv,stand,0
违章03/违章03_t38.2_1_off.jpg,违章03,38.19,1073,75,1084,83,hsv,off,0
违章03/违章03_t38.2_2_off.jpg,违章03,38.19,0,115,16,133,hsv,off,0
违章03/违章03_t38.2_3_off.jpg,违章03,38.19,172,130,187,152,hsv,off,0
违章03/违章03_t38.2_4_off.jpg,违章03,38.19,730,145,764,176,hsv,off,0
违章03/违章03_t38.2_5_off.jpg,违章03,38.19,595,154,616,172,hsv,off,0
违章03/违章03_t38.2_6_off.jpg,违章03,38.19,477,156,568,217,hsv,off,0
违章03/违章03_t38.2_7_off.jpg,违章03,38.19,653,187,661,208,hsv,off,0
违章03/违章03_t38.2_8_off.jpg,违章03,38.19,110,213,174,252,hsv,off,0
违章03/违章03_t38.2_10_off.jpg,违章03,38.19,855,319,925,385,hsv,off,0
违章03/违章03_t38.2_11_off.jpg,违章03,38.19,1120,563,1151,594,hsv,off,0
违章03/违章03_t38.2_12_off.jpg,违章03,38.19,1161,590,1182,604,hsv,off,0
违章03/违章03_t38.2_13_off.jpg,违章03,38.19,1145,600,1164,616,hsv,off,0
违章03/违章03_t38.2_14_off.jpg,违章03,38.19,1159,616,1202,665,hsv,off,0
违章03/违章03_t38.4_0_stand.jpg,违章03,38.42,882,51,896,69,hsv,stand,0
违章03/违章03_t38.4_1_off.jpg,违章03,38.42,1075,76,1092,84,hsv,off,0
违章03/违章03_t38.4_2_off.jpg,违章03,38.42,1069,106,1077,114,hsv,off,0
违章03/违章03_t38.4_3_off.jpg,违章03,38.42,7,113,25,134,hsv,off,0
违章03/违章03_t38.4_4_off.jpg,违章03,38.42,178,124,197,153,hsv,off,0
违章03/违章03_t38.4_5_off.jpg,违章03,38.42,741,146,768,175,hsv,off,0
违章03/违章03_t38.4_6_off.jpg,违章03,38.42,605,155,620,164,hsv,off,0
违章03/违章03_t38.4_7_off.jpg,违章03,38.42,486,157,578,218,hsv,off,0
违章03/违章03_t38.4_12_off.jpg,违章03,38.42,947,323,1031,392,hsv,off,0
违章03/违章03_t38.4_13_off.jpg,违章03,38.42,1251,593,1268,619,hsv,off,0
违章03/违章03_t38.7_1_stand.jpg,违章03,38.66,893,50,904,68,hsv,stand,0
违章03/违章03_t38.7_2_off.jpg,违章03,38.66,1063,105,1091,117,hsv,off,0
违章03/违章03_t38.7_3_off.jpg,违章03,38.66,15,114,35,134,hsv,off,0
违章03/违章03_t38.7_4_off.jpg,违章03,38.66,191,133,205,154,hsv,off,0
违章03/违章03_t38.7_5_off.jpg,违章03,38.66,751,148,771,176,hsv,off,0
违章03/违章03_t38.7_7_off.jpg,违章03,38.66,493,157,586,218,hsv,off,0
违章03/违章03_t38.7_9_off.jpg,违章03,38.66,1035,330,1139,401,hsv,off,0
违章03/违章03_t39.1_0_stand.jpg,违章03,39.13,1087,77,1100,88,hsv,stand,0
违章03/违章03_t39.1_2_off.jpg,违章03,39.13,1078,106,1100,118,hsv,off,0
违章03/违章03_t39.1_3_off.jpg,违章03,39.13,33,114,55,134,hsv,off,0
违章03/违章03_t39.1_4_off.jpg,违章03,39.13,210,135,221,154,hsv,off,0
违章03/违章03_t39.1_5_off.jpg,违章03,39.13,764,150,775,177,hsv,off,0
违章03/违章03_t39.1_6_off.jpg,违章03,39.13,683,189,691,210,hsv,off,0
违章03/违章03_t39.1_8_off.jpg,违章03,39.13,1195,332,1280,421,hsv,off,0
违章03/违章03_t39.1_9_off.jpg,违章03,39.13,1155,559,1280,662,hsv,off,0
违章03/违章03_t39.4_0_stand.jpg,违章03,39.37,1082,78,1104,90,hsv,stand,0
违章03/违章03_t39.4_2_off.jpg,违章03,39.37,1079,106,1102,119,hsv,off,0
违章03/违章03_t39.4_3_off.jpg,违章03,39.37,41,115,62,134,hsv,off,0
违章03/违章03_t39.4_4_off.jpg,违章03,39.37,217,134,228,155,hsv,off,0
违章03/违章03_t39.4_5_off.jpg,违章03,39.37,766,151,778,177,hsv,off,0
违章03/违章03_t39.4_6_off.jpg,违章03,39.37,686,190,695,211,hsv,off,0
违章03/违章03_t39.6_2_off.jpg,违章03,39.6,1082,107,1105,119,hsv,off,0
违章03/违章03_t39.6_3_off.jpg,违章03,39.6,49,115,71,135,hsv,off,0
违章03/违章03_t39.6_4_off.jpg,违章03,39.6,225,136,236,153,hsv,off,0
违章03/违章03_t39.6_5_off.jpg,违章03,39.6,769,150,780,179,hsv,off,0
违章03/违章03_t39.6_7_off.jpg,违章03,39.6,688,190,698,212,hsv,off,0
违章03/违章03_t39.6_8_off.jpg,违章03,39.6,7,192,17,201,hsv,off,0
违章03/违章03_t39.8_0_off.jpg,违章03,39.84,905,0,914,8,hsv,off,0
违章03/违章03_t39.8_1_stand.jpg,违章03,39.84,966,56,974,64,hsv,stand,0
违章03/违章03_t39.8_2_off.jpg,违章03,39.84,1095,80,1110,91,hsv,off,0
违章03/违章03_t39.8_3_off.jpg,违章03,39.84,207,98,222,106,hsv,off,0
违章03/违章03_t39.8_4_off.jpg,违章03,39.84,1085,108,1109,120,hsv,off,0
违章03/违章03_t39.8_5_off.jpg,违章03,39.84,58,116,80,135,hsv,off,0
违章03/违章03_t39.8_6_off.jpg,违章03,39.84,233,135,245,157,hsv,off,0
违章03/违章03_t39.8_7_off.jpg,违章03,39.84,772,153,783,180,hsv,off,0
违章03/违章03_t39.8_8_off.jpg,违章03,39.84,11,192,21,203,hsv,off,0
违章03/违章03_t40.1_0_stand.jpg,违章03,40.07,905,0,914,8,hsv,stand,0
违章03/违章03_t40.1_1_off.jpg,违章03,40.07,1097,81,1111,92,hsv,off,0
违章03/违章03_t40.1_3_off.jpg,违章03,40.07,66,114,86,135,hsv,off,0
违章03/违章03_t40.1_4_off.jpg,违章03,40.07,241,138,251,157,hsv,off,0
违章03/违章03_t40.1_5_off.jpg,违章03,40.07,773,151,785,177,hsv,off,0
违章03/违章03_t40.1_6_off.jpg,违章03,40.07,14,189,23,202,hsv,off,0
违章03/违章03_t40.1_7_off.jpg,违章03,40.07,439,253,447,263,hsv,off,0
违章03/违章03_t40.3_0_stand.jpg,违章03,40.31,907,0,915,9,hsv,stand,0
违章03/违章03_t40.3_2_off.jpg,违章03,40.31,1089,110,1112,123,hsv,off,0
违章03/违章03_t40.3_3_off.jpg,违章03,40.31,71,115,93,135,hsv,off,0
违章03/违章03_t40.3_4_off.jpg,违章03,40.31,247,140,256,157,hsv,off,0
违章03/违章03_t40.3_5_off.jpg,违章03,40.31,774,154,786,178,hsv,off,0
违章03/违章03_t40.3_6_off.jpg,违章03,40.31,14,190,25,201,hsv,off,0
违章03/违章03_t40.5_0_stand.jpg,违章03,40.54,908,0,918,8,hsv,stand,0
违章03/违章03_t40.5_2_off.jpg,违章03,40.54,1093,110,1114,123,hsv,off,0
违章03/违章03_t40.5_3_off.jpg,违章03,40.54,78,115,101,136,hsv,off,0
违章03/违章03_t40.5_4_off.jpg,违章03,40.54,253,138,264,156,hsv,off,0
违章03/违章03_t40.5_5_off.jpg,违章03,40.54,777,154,788,178,hsv,off,0
违章03/违章03_t40.8_0_stand.jpg,违章03,40.78,909,0,918,10,hsv,stand,0
违章03/违章03_t40.8_2_off.jpg,违章03,40.78,1093,112,1114,124,hsv,off,0
违章03/违章03_t40.8_3_off.jpg,违章03,40.78,82,115,105,137,hsv,off,0
违章03/违章03_t40.8_4_off.jpg,违章03,40.78,258,138,268,158,hsv,off,0
违章03/违章03_t40.8_5_off.jpg,违章03,40.78,777,154,788,182,hsv,off,0
违章03/违章03_t40.8_6_off.jpg,违章03,40.78,17,191,29,219,hsv,off,0
违章03/违章03_t41.0_0_stand.jpg,违章03,41.02,910,0,919,12,hsv,stand,0
违章03/违章03_t41.0_1_off.jpg,违章03,41.02,1103,84,1116,95,hsv,off,0
违章03/违章03_t41.0_2_off.jpg,违章03,41.02,1092,112,1116,124,hsv,off,0
违章03/违章03_t41.0_3_off.jpg,违章03,41.02,90,115,111,138,hsv,off,0
违章03/违章03_t41.0_4_off.jpg,违章03,41.02,264,141,273,157,hsv,off,0
违章03/违章03_t41.0_5_off.jpg,违章03,41.02,778,154,789,182,hsv,off,0
违章03/违章03_t41.0_6_off.jpg,违章03,41.02,17,187,28,225,hsv,off,0
违章03/违章03_t41.2_0_off.jpg,违章03,41.25,911,0,920,11,hsv,off,0
违章03/违章03_t41.2_1_stand.jpg,违章03,41.25,974,60,984,71,hsv,stand,0
违章03/违章03_t41.2_2_off.jpg,违章03,41.25,1103,85,1119,96,hsv,off,0
违章03/违章03_t41.2_3_off.jpg,违章03,41.25,1096,113,1116,124,hsv,off,0
违章03/违章03_t41.2_4_off.jpg,违章03,41.25,95,115,116,139,hsv,off,0
违章03/违章03_t41.2_5_off.jpg,违章03,41.25,269,140,279,157,hsv,off,0
违章03/违章03_t41.2_6_off.jpg,违章03,41.25,779,155,790,183,hsv,off,0
违章03/违章03_t41.2_7_off.jpg,违章03,41.25,18,187,30,219,hsv,off,0
违章03/违章03_t41.2_8_off.jpg,违章03,41.25,697,195,706,216,hsv,off,0
违章03/违章03_t41.5_0_stand.jpg,违章03,41.49,911,0,920,12,hsv,stand,0
违章03/违章03_t41.5_1_off.jpg,违章03,41.49,1103,85,1119,97,hsv,off,0
违章03/违章03_t41.5_2_off.jpg,违章03,41.49,101,115,122,140,hsv,off,0
违章03/违章03_t41.5_3_off.jpg,违章03,41.49,273,139,284,155,hsv,off,0
违章03/违章03_t41.5_4_off.jpg,违章03,41.49,779,157,790,184,hsv,off,0
违章03/违章03_t41.5_5_off.jpg,违章03,41.49,388,161,405,177,hsv,off,0
违章03/违章03_t41.5_6_off.jpg,违章03,41.49,568,240,582,250,hsv,off,0
违章03/违章03_t41.7_0_stand.jpg,违章03,41.72,912,0,921,11,hsv,stand,0
违章03/违章03_t41.7_1_off.jpg,违章03,41.72,107,115,128,141,hsv,off,0
违章03/违章03_t41.7_3_off.jpg,违章03,41.72,780,157,791,184,hsv,off,0
违章03/违章03_t41.7_4_off.jpg,违章03,41.72,378,161,390,178,hsv,off,0
违章03/违章03_t41.7_5_off.jpg,违章03,41.72,698,196,706,217,hsv,off,0
违章03/违章03_t42.0_0_stand.jpg,违章03,41.96,913,0,922,13,hsv,stand,0
违章03/违章03_t42.0_1_off.jpg,违章03,41.96,1104,85,1120,97,hsv,off,0
违章03/违章03_t42.0_2_off.jpg,违章03,41.96,111,114,132,141,hsv,off,0
违章03/违章03_t42.0_3_off.jpg,违章03,41.96,282,138,293,158,hsv,off,0
违章03/违章03_t42.0_4_off.jpg,违章03,41.96,780,157,791,184,hsv,off,0
违章03/违章03_t42.0_5_off.jpg,违章03,41.96,364,162,377,176,hsv,off,0
违章03/违章03_t42.2_2_off.jpg,违章03,42.19,115,114,137,142,hsv,off,0
违章03/违章03_t42.2_3_off.jpg,违章03,42.19,285,135,298,155,hsv,off,0
违章03/违章03_t42.2_4_off.jpg,违章03,42.19,780,158,791,183,hsv,off,0
违章03/违章03_t42.2_6_off.jpg,违章03,42.19,354,163,364,175,hsv,off,0
违章03/违章03_t42.2_8_off.jpg,违章03,42.19,0,242,8,257,hsv,off,0
违章03/违章03_t42.4_2_off.jpg,违章03,42.43,120,112,142,142,hsv,off,0
违章03/违章03_t42.4_3_off.jpg,违章03,42.43,289,134,302,156,hsv,off,0
违章03/违章03_t42.4_4_off.jpg,违章03,42.43,781,157,792,182,hsv,off,0
违章03/违章03_t42.4_5_off.jpg,违章03,42.43,522,164,614,200,hsv,off,0
违章03/违章03_t42.4_6_off.jpg,违章03,42.43,699,201,707,216,hsv,off,0
违章03/违章03_t42.4_7_off.jpg,违章03,42.43,0,242,8,252,hsv,off,0
违章03/违章03_t42.4_9_off.jpg,违章03,42.43,877,319,914,333,hsv,off,0
违章03/违章03_t42.4_10_off.jpg,违章03,42.43,1000,365,1031,387,hsv,off,0
违章03/违章03_t42.7_0_stand.jpg,违章03,42.67,914,0,923,9,hsv,stand,0
违章03/违章03_t42.7_1_off.jpg,违章03,42.67,1108,85,1120,95,hsv,off,0
违章03/违章03_t42.7_2_off.jpg,违章03,42.67,294,134,306,156,hsv,off,0
违章03/违章03_t42.7_3_off.jpg,违章03,42.67,781,154,793,182,hsv,off,0
违章03/违章03_t42.7_4_off.jpg,违章03,42.67,522,163,614,196,hsv,off,0
违章03/违章03_t42.7_5_off.jpg,违章03,42.67,27,221,39,256,hsv,off,0
违章03/违章03_t42.7_6_off.jpg,违章03,42.67,145,238,167,249,hsv,off,0
违章03/违章03_t42.7_8_off.jpg,违章03,42.67,882,312,907,321,hsv,off,0
违章03/违章03_t42.7_9_off.jpg,违章03,42.67,908,318,935,327,hsv,off,0
违章03/违章03_t42.7_10_off.jpg,违章03,42.67,1039,362,1054,370,hsv,off,0
违章03/违章03_t42.9_0_off.jpg,违章03,42.9,915,0,923,8,hsv,off,0
违章03/违章03_t42.9_1_stand.jpg,违章03,42.9,977,58,987,77,hsv,stand,0
违章03/违章03_t42.9_2_off.jpg,违章03,42.9,1107,84,1120,94,hsv,off,0
违章03/违章03_t42.9_3_off.jpg,违章03,42.9,1096,111,1119,123,hsv,off,0
违章03/违章03_t42.9_4_off.jpg,违章03,42.9,128,112,151,151,hsv,off,0
违章03/违章03_t42.9_5_off.jpg,违章03,42.9,299,134,310,154,hsv,off,0
违章03/违章03_t42.9_6_off.jpg,违章03,42.9,781,154,793,182,hsv,off,0
违章03/违章03_t42.9_7_off.jpg,违章03,42.9,389,162,402,175,hsv,off,0
违章03/违章03_t42.9_8_off.jpg,违章03,42.9,522,162,615,191,hsv,off,0
违章03/违章03_t42.9_9_off.jpg,违章03,42.9,700,199,711,218,hsv,off,0
违章03/违章03_t42.9_10_off.jpg,违章03,42.9,28,222,39,253,hsv,off,0
违章03/违章03_t43.1_0_off.jpg,违章03,43.14,914,0,923,9,hsv,off,0
违章03/违章03_t43.1_1_off.jpg,违章03,43.14,391,50,481,193,hsv,off,0
违章03/违章03_t43.1_2_stand.jpg,违章03,43.14,977,58,987,66,hsv,stand,0
违章03/违章03_t43.1_3_off.jpg,违章03,43.14,1101,81,1122,95,hsv,off,0
违章03/违章03_t43.1_4_off.jpg,违章03,43.14,1098,109,1121,123,hsv,off,0
违章03/违章03_t43.1_5_off.jpg,违章03,43.14,303,137,314,153,hsv,off,0
违章03/违章03_t43.1_6_off.jpg,违章03,43.14,781,154,793,179,hsv,off,0
违章03/违章03_t43.1_7_off.jpg,违章03,43.14,376,161,384,174,hsv,off,0
违章03/违章03_t43.1_9_off.jpg,违章03,43.14,545,276,554,284,hsv,off,0
违章03/违章03_t43.4_0_off.jpg,违章03,43.37,914,0,923,9,hsv,off,0
违章03/违章03_t43.4_1_stand.jpg,违章03,43.37,978,57,987,67,hsv,stand,0
违章03/违章03_t43.4_2_off.jpg,违章03,43.37,1100,80,1124,94,hsv,off,0
违章03/违章03_t43.4_3_off.jpg,违章03,43.37,134,112,157,151,hsv,off,0
违章03/违章03_t43.4_4_off.jpg,违章03,43.37,1097,112,1116,124,hsv,off,0
违章03/违章03_t43.4_5_off.jpg,违章03,43.37,304,133,316,152,hsv,off,0
违章03/违章03_t43.4_6_off.jpg,违章03,43.37,781,153,793,179,hsv,off,0
违章03/违章03_t43.4_7_off.jpg,违章03,43.37,523,161,617,188,hsv,off,0
违章03/违章03_t43.4_10_off.jpg,违章03,43.37,551,274,576,283,hsv,off,0
违章03/违章03_t43.6_0_off.jpg,违章03,43.61,914,0,923,9,hsv,off,0
违章03/违章03_t43.6_2_off.jpg,违章03,43.61,1098,78,1125,94,hsv,off,0
违章03/违章03_t43.6_3_off.jpg,违章03,43.61,135,112,159,151,hsv,off,0
违章03/违章03_t43.6_4_off.jpg,违章03,43.61,1095,112,1110,123,hsv,off,0
违章03/违章03_t43.6_5_off.jpg,违章03,43.61,305,132,318,155,hsv,off,0
违章03/违章03_t43.6_6_off.jpg,违章03,43.61,781,154,793,178,hsv,off,0
违章03/违章03_t43.6_7_off.jpg,违章03,43.61,807,177,815,188,hsv,off,0
违章03/违章03_t43.8_0_off.jpg,违章03,43.84,913,0,923,8,hsv,off,0
违章03/违章03_t43.8_1_stand.jpg,违章03,43.84,978,58,986,66,hsv,stand,0
违章03/违章03_t43.8_2_off.jpg,违章03,43.84,1095,78,1123,91,hsv,off,0
违章03/违章03_t43.8_3_off.jpg,违章03,43.84,137,112,160,150,hsv,off,0
违章03/违章03_t43.8_4_off.jpg,违章03,43.84,1094,113,1111,124,hsv,off,0
违章03/违章03_t43.8_5_off.jpg,违章03,43.84,308,136,319,154,hsv,off,0
违章03/违章03_t43.8_6_off.jpg,违章03,43.84,781,154,793,177,hsv,off,0
违章03/违章03_t43.8_7_off.jpg,违章03,43.84,663,159,689,185,hsv,off,0
违章03/违章03_t43.8_8_off.jpg,违章03,43.84,525,161,620,192,hsv,off,0
违章03/违章03_t43.8_9_off.jpg,违章03,43.84,807,176,816,188,hsv,off,0
违章03/违章03_t43.8_10_off.jpg,违章03,43.84,560,272,589,282,hsv,off,0
违章03/违章03_t44.1_0_off.jpg,违章03,44.08,913,0,923,9,hsv,off,0
违章03/违章03_t44.1_1_stand.jpg,违章03,44.08,978,57,986,72,hsv,stand,0
违章03/违章03_t44.1_2_off.jpg,违章03,44.08,1097,78,1110,91,hsv,off,0
违章03/违章03_t44.1_3_off.jpg,违章03,44.08,1094,113,1108,122,hsv,off,0
违章03/违章03_t44.1_4_off.jpg,违章03,44.08,782,154,793,177,hsv,off,0
违章03/违章03_t44.1_6_off.jpg,违章03,44.08,526,161,621,194,hsv,off,0
违章03/违章03_t44.1_7_off.jpg,违章03,44.08,382,171,413,204,hsv,off,0
违章03/违章03_t44.1_8_off.jpg,违章03,44.08,807,173,819,187,hsv,off,0
违章03/违章03_t44.1_9_off.jpg,违章03,44.08,1254,326,1276,334,hsv,off,0
违章03/违章03_t44.3_0_off.jpg,违章03,44.32,914,0,924,8,hsv,off,0
违章03/违章03_t44.3_2_off.jpg,违章03,44.32,1095,76,1111,90,hsv,off,0
违章03/违章03_t44.3_3_off.jpg,违章03,44.32,978,106,986,116,hsv,off,0
违章03/违章03_t44.3_4_off.jpg,违章03,44.32,139,110,163,149,hsv,off,0
违章03/违章03_t44.3_5_off.jpg,违章03,44.32,1095,112,1114,121,hsv,off,0
违章03/违章03_t44.3_6_off.jpg,违章03,44.32,315,139,323,151,hsv,off,0
违章03/违章03_t44.3_7_off.jpg,违章03,44.32,782,153,793,178,hsv,off,0
违章03/违章03_t44.3_8_off.jpg,违章03,44.32,526,160,621,195,hsv,off,0
违章03/违章03_t44.3_9_off.jpg,违章03,44.32,338,167,392,211,hsv,off,0
违章03/违章03_t44.3_10_off.jpg,违章03,44.32,807,172,818,183,hsv,off,0
违章03/违章03_t44.3_11_off.jpg,违章03,44.32,586,265,599,276,hsv,off,0
违章03/违章03_t44.3_12_off.jpg,违章03,44.32,604,269,615,279,hsv,off,0
违章03/违章03_t44.5_0_off.jpg,违章03,44.55,914,0,924,8,hsv,off,0
违章03/违章03_t44.5_1_stand.jpg,违章03,44.55,978,56,986,64,hsv,stand,0
违章03/违章03_t44.5_2_off.jpg,违章03,44.55,1096,77,1112,90,hsv,off,0
违章03/违章03_t44.5_3_off.jpg,违章03,44.55,141,111,165,150,hsv,off,0
违章03/违章03_t44.5_4_off.jpg,违章03,44.55,1094,112,1114,121,hsv,off,0
违章03/违章03_t44.5_5_off.jpg,违章03,44.55,316,136,324,152,hsv,off,0
违章03/违章03_t44.5_6_off.jpg,违章03,44.55,782,153,794,179,hsv,off,0
违章03/违章03_t44.5_7_off.jpg,违章03,44.55,527,160,621,198,hsv,off,0
违章03/违章03_t44.5_8_off.jpg,违章03,44.55,339,168,366,207,hsv,off,0
违章03/违章03_t44.5_9_off.jpg,违章03,44.55,808,171,818,181,hsv,off,0
违章03/违章03_t44.5_10_off.jpg,违章03,44.55,592,272,623,282,hsv,off,0
违章03/违章03_t44.8_1_stand.jpg,违章03,44.79,978,55,986,63,hsv,stand,0
违章03/违章03_t44.8_2_off.jpg,违章03,44.79,1098,76,1112,89,hsv,off,0
违章03/违章03_t44.8_3_off.jpg,违章03,44.79,1095,111,1108,119,hsv,off,0
违章03/违章03_t44.8_4_off.jpg,违章03,44.79,314,136,325,154,hsv,off,0
违章03/违章03_t44.8_5_off.jpg,违章03,44.79,783,153,794,178,hsv,off,0
违章03/违章03_t44.8_6_off.jpg,违章03,44.79,526,160,621,202,hsv,off,0
违章03/违章03_t44.8_7_off.jpg,违章03,44.79,808,171,816,179,hsv,off,0
违章03/违章03_t44.8_9_off.jpg,违章03,44.79,596,274,627,284,hsv,off,0
违章03/违章03_t45.0_0_stand.jpg,违章03,45.02,1100,76,1119,88,hsv,stand,0
违章03/违章03_t45.0_1_off.jpg,违章03,45.02,143,110,167,150,hsv,off,0
违章03/违章03_t45.0_2_off.jpg,违章03,45.02,1097,111,1111,119,hsv,off,0
违章03/违章03_t45.0_3_off.jpg,违章03,45.02,314,131,326,152,hsv,off,0
违章03/违章03_t45.0_4_off.jpg,违章03,45.02,784,151,795,178,hsv,off,0
违章03/违章03_t45.0_5_off.jpg,违章03,45.02,666,157,692,189,hsv,off,0
违章03/违章03_t45.3_0_stand.jpg,违章03,45.26,1100,76,1120,89,hsv,stand,0
违章03/违章03_t45.3_1_off.jpg,违章03,45.26,142,110,167,150,hsv,off,0
违章03/违章03_t45.3_3_off.jpg,违章03,45.26,314,132,326,152,hsv,off,0
违章03/违章03_t45.3_4_off.jpg,违章03,45.26,784,152,795,179,hsv,off,0
违章03/违章03_t45.3_5_off.jpg,违章03,45.26,666,157,693,191,hsv,off,0
违章03/违章03_t45.3_9_off.jpg,违章03,45.26,605,276,630,286,hsv,off,0
违章03/违章03_t45.5_0_off.jpg,违章03,45.49,1100,75,1120,89,hsv,off,0
违章03/违章03_t45.5_2_off.jpg,违章03,45.49,142,110,167,150,hsv,off,0
违章03/违章03_t45.5_3_off.jpg,违章03,45.49,1096,111,1111,119,hsv,off,0
违章03/违章03_t45.5_4_off.jpg,违章03,45.49,316,135,326,151,hsv,off,0
违章03/违章03_t45.5_5_off.jpg,违章03,45.49,784,152,795,179,hsv,off,0
违章03/违章03_t45.5_6_off.jpg,违章03,45.49,666,158,693,191,hsv,off,0
违章03/违章03_t45.5_7_off.jpg,违章03,45.49,494,215,509,225,hsv,off,0
违章03/违章03_t45.5_10_off.jpg,违章03,45.49,607,277,631,286,hsv,off,0
违章03/违章03_t45.7_0_off.jpg,违章03,45.73,1101,76,1116,89,hsv,off,0
违章03/违章03_t45.7_2_stand.jpg,违章03,45.73,982,105,994,115,hsv,stand,0
违章03/违章03_t45.7_3_off.jpg,违章03,45.73,144,110,168,150,hsv,off,0
违章03/违章03_t45.7_4_off.jpg,违章03,45.73,1097,111,1113,119,hsv,off,0
违章03/违章03_t45.7_5_off.jpg,违章03,45.73,316,131,327,153,hsv,off,0
违章03/违章03_t45.7_6_off.jpg,违章03,45.73,785,153,796,180,hsv,off,0
违章03/违章03_t45.7_7_off.jpg,违章03,45.73,667,157,694,192,hsv,off,0
违章03/违章03_t45.7_10_off.jpg,违章03,45.73,494,215,510,229,hsv,off,0
违章03/违章03_t45.7_12_off.jpg,违章03,45.73,608,277,633,287,hsv,off,0
违章03/违章03_t46.0_1_off.jpg,违章03,45.97,1101,77,1115,89,hsv,off,0
违章03/违章03_t46.0_2_off.jpg,违章03,45.97,310,89,328,98,hsv,off,0
违章03/违章03_t46.0_5_off.jpg,违章03,45.97,145,111,168,151,hsv,off,0
违章03/违章03_t46.0_6_off.jpg,违章03,45.97,1098,112,1112,120,hsv,off,0
违章03/违章03_t46.0_7_off.jpg,违章03,45.97,318,137,326,153,hsv,off,0
违章03/违章03_t46.0_8_off.jpg,违章03,45.97,786,152,796,179,hsv,off,0
违章03/违章03_t46.0_9_off.jpg,违章03,45.97,810,171,819,180,hsv,off,0
违章03/违章03_t46.0_10_off.jpg,违章03,45.97,306,212,373,249,hsv,off,0
违章03/违章03_t46.0_11_off.jpg,违章03,45.97,254,217,307,258,hsv,off,0
违章03/违章03_t46.0_14_off.jpg,违章03,45.97,608,277,637,286,hsv,off,0
违章03/违章03_t46.2_0_off.jpg,违章03,46.2,920,0,930,8,hsv,off,0
违章03/违章03_t46.2_2_off.jpg,违章03,46.2,1102,77,1122,89,hsv,off,0
违章03/违章03_t46.2_4_off.jpg,违章03,46.2,145,111,169,152,hsv,off,0
违章03/违章03_t46.2_5_off.jpg,违章03,46.2,1098,112,1113,120,hsv,off,0
违章03/违章03_t46.2_6_off.jpg,违章03,46.2,315,131,331,151,hsv,off,0
违章03/违章03_t46.2_7_off.jpg,违章03,46.2,786,153,797,180,hsv,off,0
违章03/违章03_t46.2_8_off.jpg,违章03,46.2,668,158,696,194,hsv,off,0
违章03/违章03_t46.2_9_off.jpg,违章03,46.2,811,172,819,181,hsv,off,0
违章03/违章03_t46.2_10_off.jpg,违章03,46.2,493,215,513,231,hsv,off,0
违章03/违章03_t46.2_11_off.jpg,违章03,46.2,256,217,308,258,hsv,off,0
违章03/违章03_t46.2_13_off.jpg,违章03,46.2,609,278,637,288,hsv,off,0
违章03/违章03_t46.4_0_stand.jpg,违章03,46.44,921,0,931,8,hsv,stand,0
违章03/违章03_t46.4_1_off.jpg,违章03,46.44,1101,77,1121,90,hsv,off,0
违章03/违章03_t46.4_2_off.jpg,违章03,46.44,350,85,365,93,hsv,off,0
违章03/违章03_t46.4_3_off.jpg,违章03,46.44,146,112,169,152,hsv,off,0
违章03/违章03_t46.4_4_off.jpg,违章03,46.44,1099,112,1113,120,hsv,off,0
违章03/违章03_t46.4_5_off.jpg,违章03,46.44,316,135,328,152,hsv,off,0
违章03/违章03_t46.4_6_off.jpg,违章03,46.44,786,154,797,180,hsv,off,0
违章03/违章03_t46.4_7_off.jpg,违章03,46.44,668,158,695,194,hsv,off,0
违章03/违章03_t46.4_8_off.jpg,违章03,46.44,811,172,819,181,hsv,off,0
违章03/违章03_t46.4_9_off.jpg,违章03,46.44,256,218,308,258,hsv,off,0
违章03/违章03_t46.4_11_off.jpg,违章03,46.44,609,278,638,287,hsv,off,0
违章03/违章03_t46.7_0_stand.jpg,违章03,46.67,919,0,931,8,hsv,stand,0
违章03/违章03_t46.7_1_off.jpg,违章03,46.67,1103,77,1118,90,hsv,off,0
违章03/违章03_t46.7_2_off.jpg,违章03,46.67,372,84,387,92,hsv,off,0
违章03/违章03_t46.7_3_off.jpg,违章03,46.67,146,112,170,153,hsv,off,0
违章03/违章03_t46.7_4_off.jpg,违章03,46.67,1100,112,1115,120,hsv,off,0
违章03/违章03_t46.7_5_off.jpg,违章03,46.67,317,135,331,154,hsv,off,0
违章03/违章03_t46.7_6_off.jpg,违章03,46.67,787,154,798,178,hsv,off,0
违章03/违章03_t46.7_7_off.jpg,违章03,46.67,669,158,696,194,hsv,off,0
违章03/违章03_t46.7_9_off.jpg,违章03,46.67,496,216,514,231,hsv,off,0
违章03/违章03_t46.7_11_off.jpg,违章03,46.67,609,278,638,288,hsv,off,0
违章03/违章03_t46.9_1_off.jpg,违章03,46.91,1103,78,1117,90,hsv,off,0
违章03/违章03_t46.9_2_off.jpg,违章03,46.91,147,111,171,152,hsv,off,0
违章03/违章03_t46.9_4_off.jpg,违章03,46.91,317,133,330,155,hsv,off,0
违章03/违章03_t46.9_5_off.jpg,违章03,46.91,788,154,798,181,hsv,off,0
违章03/违章03_t46.9_6_off.jpg,违章03,46.91,255,213,310,258,hsv,off,0
违章03/违章03_t46.9_8_off.jpg,违章03,46.91,611,279,638,288,hsv,off,0
违章03/违章03_t47.1_1_off.jpg,违章03,47.14,1103,78,1119,91,hsv,off,0
违章03/违章03_t47.1_2_off.jpg,违章03,47.14,148,113,172,152,hsv,off,0
违章03/违章03_t47.1_3_off.jpg,违章03,47.14,1101,113,1116,122,hsv,off,0
违章03/违章03_t47.1_5_off.jpg,违章03,47.14,318,131,330,154,hsv,off,0
违章03/违章03_t47.1_6_off.jpg,违章03,47.14,788,154,799,182,hsv,off,0
违章03/违章03_t47.1_7_off.jpg,违章03,47.14,670,159,697,196,hsv,off,0
违章03/违章03_t47.1_9_off.jpg,违章03,47.14,255,213,310,259,hsv,off,0
违章03/违章03_t47.1_10_off.jpg,违章03,47.14,612,279,637,288,hsv,off,0
违章03/违章03_t47.4_2_off.jpg,违章03,47.38,1105,77,1118,91,hsv,off,0
违章03/违章03_t47.4_3_off.jpg,违章03,47.38,148,113,172,153,hsv,off,0
违章03/违章03_t47.4_4_off.jpg,违章03,47.38,1101,113,1117,121,hsv,off,0
违章03/违章03_t47.4_5_off.jpg,违章03,47.38,320,130,330,154,hsv,off,0
违章03/违章03_t47.4_6_off.jpg,违章03,47.38,789,154,800,178,hsv,off,0
违章03/违章03_t47.4_7_off.jpg,违章03,47.38,716,157,761,186,hsv,off,0
违章03/违章03_t47.4_8_off.jpg,违章03,47.38,532,162,627,211,hsv,off,0
违章03/违章03_t47.4_10_off.jpg,违章03,47.38,496,217,516,231,hsv,off,0
违章03/违章03_t47.4_11_off.jpg,违章03,47.38,611,279,638,289,hsv,off,0
违章03/违章03_t47.6_1_off.jpg,违章03,47.62,1104,76,1120,91,hsv,off,0
违章03/违章03_t47.6_2_off.jpg,违章03,47.62,150,113,172,153,hsv,off,0
违章03/违章03_t47.6_3_off.jpg,违章03,47.62,1102,113,1118,121,hsv,off,0
违章03/违章03_t47.6_4_off.jpg,违章03,47.62,320,129,329,153,hsv,off,0
违章03/违章03_t47.6_5_off.jpg,违章03,47.62,789,154,800,181,hsv,off,0
违章03/违章03_t47.6_6_off.jpg,违章03,47.62,671,159,698,194,hsv,off,0
违章03/违章03_t47.6_7_off.jpg,违章03,47.62,255,213,312,259,hsv,off,0
违章03/违章03_t47.6_8_off.jpg,违章03,47.62,499,217,517,232,hsv,off,0
违章03/违章03_t47.6_9_off.jpg,违章03,47.62,612,279,638,287,hsv,off,0
违章03/违章03_t47.9_0_stand.jpg,违章03,47.85,922,0,931,8,hsv,stand,0
违章03/违章03_t47.9_1_off.jpg,违章03,47.85,1104,77,1120,90,hsv,off,0
违章03/违章03_t47.9_2_off.jpg,违章03,47.85,1105,113,1117,121,hsv,off,0
违章03/违章03_t47.9_3_off.jpg,违章03,47.85,320,128,332,154,hsv,off,0
违章03/违章03_t47.9_4_off.jpg,违章03,47.85,790,154,801,181,hsv,off,0
违章03/违章03_t47.9_5_off.jpg,违章03,47.85,816,173,824,181,hsv,off,0
违章03/违章03_t47.9_6_off.jpg,违章03,47.85,503,217,518,231,hsv,off,0
违章03/违章03_t47.9_7_off.jpg,违章03,47.85,613,278,642,288,hsv,off,0
违章03/违章03_t48.1_0_stand.jpg,违章03,48.09,923,0,933,8,hsv,stand,0
违章03/违章03_t48.1_1_off.jpg,违章03,48.09,315,50,518,264,hsv,off,0
违章03/违章03_t48.1_2_off.jpg,违章03,48.09,1108,77,1122,90,hsv,off,0
违章03/违章03_t48.1_3_off.jpg,违章03,48.09,150,113,174,152,hsv,off,0
违章03/违章03_t48.1_5_off.jpg,违章03,48.09,320,127,331,152,hsv,off,0
违章03/违章03_t48.1_6_off.jpg,违章03,48.09,792,154,803,180,hsv,off,0
违章03/违章03_t48.1_7_off.jpg,违章03,48.09,673,160,700,194,hsv,off,0
违章03/违章03_t48.1_9_off.jpg,违章03,48.09,614,278,643,288,hsv,off,0
违章03/违章03_t48.3_0_off.jpg,违章03,48.32,258,53,498,263,hsv,off,0
违章03/违章03_t48.3_1_stand.jpg,违章03,48.32,1108,77,1123,89,hsv,stand,0
违章03/违章03_t48.3_2_off.jpg,违章03,48.32,1105,111,1121,120,hsv,off,0
违章03/违章03_t48.3_3_off.jpg,违章03,48.32,150,113,174,152,hsv,off,0
违章03/违章03_t48.3_4_off.jpg,违章03,48.32,321,127,331,151,hsv,off,0
违章03/违章03_t48.3_5_off.jpg,违章03,48.32,792,154,802,178,hsv,off,0
违章03/违章03_t48.3_6_off.jpg,违章03,48.32,673,158,701,193,hsv,off,0
违章03/违章03_t48.3_8_off.jpg,违章03,48.32,501,215,517,231,hsv,off,0
违章03/违章03_t48.3_9_off.jpg,违章03,48.32,615,277,642,286,hsv,off,0
违章03/违章03_t48.6_0_stand.jpg,违章03,48.56,1107,77,1122,89,hsv,stand,0
违章03/违章03_t48.6_1_off.jpg,违章03,48.56,1104,111,1120,120,hsv,off,0
违章03/违章03_t48.6_2_off.jpg,违章03,48.56,150,112,174,151,hsv,off,0
违章03/违章03_t48.6_3_off.jpg,违章03,48.56,321,128,333,150,hsv,off,0
违章03/违章03_t48.6_4_off.jpg,违章03,48.56,792,153,802,178,hsv,off,0
违章03/违章03_t48.6_5_off.jpg,违章03,48.56,673,157,701,193,hsv,off,0
违章03/违章03_t48.6_7_off.jpg,违章03,48.56,500,214,517,230,hsv,off,0
违章03/违章03_t48.6_8_off.jpg,违章03,48.56,614,277,642,286,hsv,off,0
违章03/违章03_t48.8_1_off.jpg,违章03,48.79,1108,75,1121,88,hsv,off,0
违章03/违章03_t48.8_2_off.jpg,违章03,48.79,1104,110,1120,120,hsv,off,0
违章03/违章03_t48.8_3_off.jpg,违章03,48.79,150,112,173,152,hsv,off,0
违章03/违章03_t48.8_4_off.jpg,违章03,48.79,320,127,330,150,hsv,off,0
违章03/违章03_t48.8_5_off.jpg,违章03,48.79,792,153,802,177,hsv,off,0
违章03/违章03_t48.8_6_off.jpg,违章03,48.79,719,155,763,185,hsv,off,0
违章03/违章03_t48.8_7_off.jpg,违章03,48.79,673,157,700,193,hsv,off,0
违章03/违章03_t48.8_8_off.jpg,违章03,48.79,500,214,517,230,hsv,off,0
违章03/违章03_t48.8_9_off.jpg,违章03,48.79,614,277,641,286,hsv,off,0
违章03/违章03_t49.0_1_off.jpg,违章03,49.03,1106,75,1120,87,hsv,off,0
违章03/违章03_t49.0_2_off.jpg,违章03,49.03,149,111,173,150,hsv,off,0
违章03/违章03_t49.0_3_off.jpg,违章03,49.03,1103,110,1122,119,hsv,off,0
违章03/违章03_t49.0_4_off.jpg,违章03,49.03,319,125,331,153,hsv,off,0
违章03/违章03_t49.0_5_off.jpg,违章03,49.03,790,152,801,179,hsv,off,0
违章03/违章03_t49.0_6_off.jpg,违章03,49.03,672,157,698,192,hsv,off,0
违章03/违章03_t49.0_8_off.jpg,违章03,49.03,499,214,516,229,hsv,off,0
违章03/违章03_t49.0_10_off.jpg,违章03,49.03,611,277,640,286,hsv,off,0
违章03/违章03_t49.0_11_off.jpg,违章03,49.03,311,354,334,362,hsv,off,0
违章03/违章03_t49.3_0_off.jpg,违章03,49.27,1105,74,1120,87,hsv,off,0
违章03/违章03_t49.3_2_off.jpg,违章03,49.27,1102,109,1117,119,hsv,off,0
违章03/违章03_t49.3_3_off.jpg,违章03,49.27,149,110,172,150,hsv,off,0
违章03/违章03_t49.3_4_off.jpg,违章03,49.27,319,124,329,151,hsv,off,0
违章03/违章03_t49.3_5_off.jpg,违章03,49.27,790,149,800,178,hsv,off,0
违章03/违章03_t49.3_6_off.jpg,违章03,49.27,814,170,822,178,hsv,off,0
违章03/违章03_t49.3_7_off.jpg,违章03,49.27,499,214,516,229,hsv,off,0
违章03/违章03_t49.3_9_off.jpg,违章03,49.27,611,277,638,286,hsv,off,0
违章03/违章03_t49.3_10_off.jpg,违章03,49.27,310,354,333,362,hsv,off,0
违章03/违章03_t49.5_1_off.jpg,违章03,49.5,148,109,171,150,hsv,off,0
违章03/违章03_t49.5_2_off.jpg,违章03,49.5,1101,109,1115,118,hsv,off,0
违章03/违章03_t49.5_3_off.jpg,违章03,49.5,318,124,329,152,hsv,off,0
违章03/违章03_t49.5_4_off.jpg,违章03,49.5,789,150,800,178,hsv,off,0
违章03/违章03_t49.5_5_off.jpg,违章03,49.5,814,170,822,178,hsv,off,0
违章03/违章03_t49.5_6_off.jpg,违章03,49.5,498,214,516,229,hsv,off,0
违章03/违章03_t49.5_8_off.jpg,违章03,49.5,611,276,639,286,hsv,off,0
违章03/违章03_t49.7_0_stand.jpg,违章03,49.74,1105,72,1119,86,hsv,stand,0
违章03/违章03_t49.7_1_off.jpg,违章03,49.74,147,109,171,149,hsv,off,0
违章03/违章03_t49.7_2_off.jpg,违章03,49.74,1101,108,1117,117,hsv,off,0
违章03/违章03_t49.7_3_off.jpg,违章03,49.74,317,124,329,147,hsv,off,0
违章03/违章03_t49.7_4_off.jpg,违章03,49.74,789,150,800,177,hsv,off,0
违章03/违章03_t49.7_5_off.jpg,违章03,49.74,498,213,516,227,hsv,off,0
违章03/违章03_t49.7_7_off.jpg,违章03,49.74,613,275,638,285,hsv,off,0
违章03/违章03_t50.0_0_stand.jpg,违章03,49.97,1105,73,1119,87,hsv,stand,0
违章03/违章03_t50.0_1_off.jpg,违章03,49.97,148,109,172,149,hsv,off,0
违章03/违章03_t50.0_3_off.jpg,违章03,49.97,319,122,330,149,hsv,off,0
违章03/违章03_t50.0_4_off.jpg,违章03,49.97,790,150,800,177,hsv,off,0
违章03/违章03_t50.0_5_off.jpg,违章03,49.97,815,169,823,177,hsv,off,0
违章03/违章03_t50.0_6_off.jpg,违章03,49.97,499,212,516,227,hsv,off,0
违章03/违章03_t50.0_7_off.jpg,违章03,49.97,615,274,641,283,hsv,off,0
违章03/违章03_t50.2_0_stand.jpg,违章03,50.21,1105,72,1120,86,hsv,stand,0
违章03/违章03_t50.2_1_off.jpg,违章03,50.21,148,109,171,148,hsv,off,0
违章03/违章03_t50.2_2_off.jpg,违章03,50.21,1103,108,1118,116,hsv,off,0
违章03/违章03_t50.2_3_off.jpg,违章03,50.21,319,121,329,148,hsv,off,0
违章03/违章03_t50.2_4_off.jpg,违章03,50.21,790,150,800,176,hsv,off,0
违章03/违章03_t50.2_6_off.jpg,违章03,50.21,499,211,516,227,hsv,off,0
违章03/违章03_t50.2_7_off.jpg,违章03,50.21,611,274,642,284,hsv,off,0
违章03/违章03_t50.4_0_stand.jpg,违章03,50.44,1107,72,1122,85,hsv,stand,0
违章03/违章03_t50.4_1_off.jpg,违章03,50.44,1104,107,1120,116,hsv,off,0
违章03/违章03_t50.4_2_off.jpg,违章03,50.44,150,108,173,147,hsv,off,0
违章03/违章03_t50.4_3_off.jpg,违章03,50.44,320,122,330,147,hsv,off,0
违章03/违章03_t50.4_4_off.jpg,违章03,50.44,791,149,802,176,hsv,off,0
违章03/违章03_t50.4_5_off.jpg,违章03,50.44,816,168,824,176,hsv,off,0
违章03/违章03_t50.4_6_off.jpg,违章03,50.44,256,209,310,253,hsv,off,0
违章03/违章03_t50.4_7_off.jpg,违章03,50.44,502,211,516,226,hsv,off,0
违章03/违章03_t50.4_8_off.jpg,违章03,50.44,614,274,642,283,hsv,off,0
违章03/违章03_t50.7_0_stand.jpg,违章03,50.68,1107,72,1123,85,hsv,stand,0
违章03/违章03_t50.7_1_off.jpg,违章03,50.68,150,107,174,147,hsv,off,0
违章03/违章03_t50.7_2_off.jpg,违章03,50.68,1104,106,1124,115,hsv,off,0
违章03/违章03_t50.7_3_off.jpg,违章03,50.68,321,120,331,148,hsv,off,0
违章03/违章03_t50.7_4_off.jpg,违章03,50.68,792,148,802,175,hsv,off,0
违章03/违章03_t50.7_6_off.jpg,违章03,50.68,500,210,517,226,hsv,off,0
违章03/违章03_t50.7_7_off.jpg,违章03,50.68,614,273,642,283,hsv,off,0
违章03/违章03_t51.1_0_stand.jpg,违章03,51.15,1107,71,1121,83,hsv,stand,0
违章03/违章03_t51.1_1_off.jpg,违章03,51.15,149,106,173,146,hsv,off,0
违章03/违章03_t51.1_2_off.jpg,违章03,51.15,1104,106,1121,114,hsv,off,0
违章03/违章03_t51.1_3_off.jpg,违章03,51.15,320,122,330,148,hsv,off,0
违章03/违章03_t51.1_4_off.jpg,违章03,51.15,791,146,802,175,hsv,off,0
违章03/违章03_t51.1_6_off.jpg,违章03,51.15,614,272,641,283,hsv,off,0
违章03/违章03_t51.4_0_stand.jpg,违章03,51.39,1107,69,1121,83,hsv,stand,0
违章03/违章03_t51.4_1_off.jpg,违章03,51.39,1104,105,1120,114,hsv,off,0
违章03/违章03_t51.4_2_off.jpg,违章03,51.39,149,106,172,147,hsv,off,0
违章03/违章03_t51.4_3_off.jpg,违章03,51.39,319,122,330,147,hsv,off,0
违章03/违章03_t51.4_4_off.jpg,违章03,51.39,791,146,801,175,hsv,off,0
违章03/违章03_t51.4_6_off.jpg,违章03,51.39,614,273,641,282,hsv,off,0
违章03/违章03_t51.6_0_stand.jpg,违章03,51.62,1104,69,1120,83,hsv,stand,0
违章03/违章03_t51.6_1_off.jpg,违章03,51.62,1102,105,1117,114,hsv,off,0
违章03/违章03_t51.6_2_off.jpg,违章03,51.62,147,106,171,147,hsv,off,0
违章03/违章03_t51.6_3_off.jpg,违章03,51.62,318,124,328,147,hsv,off,0
违章03/违章03_t51.6_4_off.jpg,违章03,51.62,790,145,800,175,hsv,off,0
违章03/违章03_t51.6_6_off.jpg,违章03,51.62,256,210,308,251,hsv,off,0
违章03/违章03_t51.6_7_off.jpg,违章03,51.62,613,273,640,282,hsv,off,0
违章03/违章03_t51.9_0_stand.jpg,违章03,51.86,1104,70,1118,83,hsv,stand,0
违章03/违章03_t51.9_1_off.jpg,违章03,51.86,1101,105,1116,114,hsv,off,0
违章03/违章03_t51.9_2_off.jpg,违章03,51.86,317,124,327,149,hsv,off,0
违章03/违章03_t51.9_3_off.jpg,违章03,51.86,788,145,799,175,hsv,off,0
违章03/违章03_t51.9_6_off.jpg,违章03,51.86,609,273,639,282,hsv,off,0
违章03/违章03_t52.1_0_stand.jpg,违章03,52.09,1102,70,1117,83,hsv,stand,0
违章03/违章03_t52.1_1_off.jpg,违章03,52.09,1100,105,1116,114,hsv,off,0
违章03/违章03_t52.1_2_off.jpg,违章03,52.09,144,107,168,146,hsv,off,0
违章03/违章03_t52.1_3_off.jpg,违章03,52.09,315,126,326,148,hsv,off,0
违章03/违章03_t52.1_4_off.jpg,违章03,52.09,787,145,798,175,hsv,off,0
违章03/违章03_t52.3_0_stand.jpg,违章03,52.33,1099,70,1116,83,hsv,stand,0
违章03/违章03_t52.3_1_off.jpg,违章03,52.33,1099,105,1114,114,hsv,off,0
违章03/违章03_t52.3_2_off.jpg,违章03,52.33,142,107,167,146,hsv,off,0
违章03/违章03_t52.3_3_off.jpg,违章03,52.33,315,126,324,147,hsv,off,0
违章03/违章03_t52.3_4_off.jpg,违章03,52.33,786,145,797,175,hsv,off,0
违章03/违章03_t52.3_6_off.jpg,违章03,52.33,608,273,637,282,hsv,off,0
违章03/违章03_t52.6_0_stand.jpg,违章03,52.57,1100,69,1115,83,hsv,stand,0
违章03/违章03_t52.6_1_off.jpg,违章03,52.57,1099,105,1113,114,hsv,off,0
违章03/违章03_t52.6_2_off.jpg,违章03,52.57,142,106,166,146,hsv,off,0
违章03/违章03_t52.6_3_off.jpg,违章03,52.57,314,126,324,147,hsv,off,0
违章03/违章03_t52.6_4_off.jpg,违章03,52.57,786,145,797,175,hsv,off,0
违章03/违章03_t52.6_5_off.jpg,违章03,52.57,529,155,623,204,hsv,off,0
违章03/违章03_t52.6_7_off.jpg,违章03,52.57,607,273,637,282,hsv,off,0
违章03/违章03_t52.8_0_stand.jpg,违章03,52.8,1100,69,1115,82,hsv,stand,0
违章03/违章03_t52.8_1_off.jpg,违章03,52.8,142,103,166,146,hsv,off,0
违章03/违章03_t52.8_2_off.jpg,违章03,52.8,1098,105,1112,113,hsv,off,0
违章03/违章03_t52.8_3_off.jpg,违章03,52.8,313,126,324,150,hsv,off,0
违章03/违章03_t52.8_4_off.jpg,违章03,52.8,785,145,796,174,hsv,off,0
违章03/违章03_t52.8_5_off.jpg,违章03,52.8,810,165,818,173,hsv,off,0
违章03/违章03_t52.8_6_off.jpg,违章03,52.8,608,272,637,281,hsv,off,0
违章03/违章03_t53.0_0_stand.jpg,违章03,53.04,1100,69,1114,83,hsv,stand,0
违章03/违章03_t53.0_1_off.jpg,违章03,53.04,141,103,165,145,hsv,off,0
违章03/违章03_t53.0_2_off.jpg,违章03,53.04,1097,105,1112,113,hsv,off,0
违章03/违章03_t53.0_3_off.jpg,违章03,53.04,311,126,322,148,hsv,off,0
违章03/违章03_t53.0_4_off.jpg,违章03,53.04,784,145,795,174,hsv,off,0
违章03/违章03_t53.0_5_off.jpg,违章03,53.04,666,152,693,186,hsv,off,0
违章03/违章03_t53.0_7_off.jpg,违章03,53.04,607,272,635,281,hsv,off,0
违章03/违章03_t53.3_0_stand.jpg,违章03,53.27,1100,69,1114,82,hsv,stand,0
违章03/违章03_t53.3_1_off.jpg,违章03,53.27,141,103,164,144,hsv,off,0
违章03/违章03_t53.3_2_off.jpg,违章03,53.27,1096,104,1113,112,hsv,off,0
违章03/违章03_t53.3_3_off.jpg,违章03,53.27,312,126,322,148,hsv,off,0
违章03/违章03_t53.3_4_off.jpg,违章03,53.27,784,145,795,173,hsv,off,0
违章03/违章03_t53.3_6_off.jpg,违章03,53.27,606,270,633,278,hsv,off,0
违章03/违章03_t53.5_0_stand.jpg,违章03,53.51,1097,67,1112,81,hsv,stand,0
违章03/违章03_t53.5_1_off.jpg,违章03,53.51,139,103,162,143,hsv,off,0
违章03/违章03_t53.5_2_off.jpg,违章03,53.51,1094,102,1113,111,hsv,off,0
违章03/违章03_t53.5_3_off.jpg,违章03,53.51,311,126,320,146,hsv,off,0
违章03/违章03_t53.5_4_off.jpg,违章03,53.51,782,144,793,172,hsv,off,0
违章03/违章03_t53.5_5_off.jpg,违章03,53.51,491,209,506,222,hsv,off,0
违章03/违章03_t53.5_6_off.jpg,违章03,53.51,604,269,627,278,hsv,off,0
违章03/违章03_t53.8_0_stand.jpg,违章03,53.75,1096,66,1111,78,hsv,stand,0
违章03/违章03_t53.8_1_off.jpg,违章03,53.75,1093,102,1109,111,hsv,off,0
违章03/违章03_t53.8_2_off.jpg,违章03,53.75,310,119,320,144,hsv,off,0
违章03/违章03_t53.8_3_off.jpg,违章03,53.75,782,144,792,170,hsv,off,0
违章03/违章03_t53.8_4_off.jpg,违章03,53.75,663,149,691,184,hsv,off,0
违章03/违章03_t53.8_5_off.jpg,违章03,53.75,490,207,508,221,hsv,off,0
违章03/违章03_t53.8_6_off.jpg,违章03,53.75,604,269,631,279,hsv,off,0
违章03/违章03_t54.0_0_stand.jpg,违章03,53.98,1095,65,1110,79,hsv,stand,0
违章03/违章03_t54.0_1_off.jpg,违章03,53.98,1092,101,1110,111,hsv,off,0
违章03/违章03_t54.0_2_off.jpg,违章03,53.98,136,103,159,142,hsv,off,0
违章03/违章03_t54.0_3_off.jpg,违章03,53.98,308,125,317,141,hsv,off,0
违章03/违章03_t54.0_4_off.jpg,违章03,53.98,780,143,791,170,hsv,off,0
违章03/违章03_t54.0_5_off.jpg,违章03,53.98,523,152,617,200,hsv,off,0
违章03/违章03_t54.0_6_off.jpg,违章03,53.98,488,205,505,221,hsv,off,0
违章03/违章03_t54.0_7_off.jpg,违章03,53.98,601,269,630,278,hsv,off,0
违章03/违章03_t54.2_0_stand.jpg,违章03,54.22,1093,65,1108,79,hsv,stand,0
违章03/违章03_t54.2_1_off.jpg,违章03,54.22,1091,101,1106,111,hsv,off,0
违章03/违章03_t54.2_2_off.jpg,违章03,54.22,135,103,159,143,hsv,off,0
违章03/违章03_t54.2_3_off.jpg,违章03,54.22,306,124,317,143,hsv,off,0
违章03/违章03_t54.2_4_off.jpg,违章03,54.22,779,144,790,171,hsv,off,0
违章03/违章03_t54.2_5_off.jpg,违章03,54.22,522,153,616,201,hsv,off,0
违章03/违章03_t54.2_6_off.jpg,违章03,54.22,488,208,505,221,hsv,off,0
违章03/违章03_t54.2_7_off.jpg,违章03,54.22,600,269,630,279,hsv,off,0
违章03/违章03_t54.5_0_stand.jpg,违章03,54.45,1092,66,1106,79,hsv,stand,0
违章03/违章03_t54.5_1_off.jpg,违章03,54.45,132,103,156,143,hsv,off,0
违章03/违章03_t54.5_2_off.jpg,违章03,54.45,1089,102,1105,110,hsv,off,0
违章03/违章03_t54.5_3_off.jpg,违章03,54.45,305,124,315,144,hsv,off,0
违章03/违章03_t54.5_4_off.jpg,违章03,54.45,777,144,788,171,hsv,off,0
违章03/违章03_t54.5_5_off.jpg,违章03,54.45,520,153,615,201,hsv,off,0
违章03/违章03_t54.5_7_off.jpg,违章03,54.45,600,269,629,278,hsv,off,0
违章03/违章03_t54.7_0_stand.jpg,违章03,54.69,1091,66,1105,79,hsv,stand,0
违章03/违章03_t54.7_2_off.jpg,违章03,54.69,304,125,315,147,hsv,off,0
违章03/违章03_t54.7_3_off.jpg,违章03,54.69,777,144,788,171,hsv,off,0
违章03/违章03_t54.7_5_off.jpg,违章03,54.69,486,206,503,222,hsv,off,0
违章03/违章03_t54.7_6_off.jpg,违章03,54.69,600,269,629,278,hsv,off,0
违章03/违章03_t54.9_0_stand.jpg,违章03,54.92,1090,66,1104,79,hsv,stand,0
违章03/违章03_t54.9_1_off.jpg,违章03,54.92,1087,101,1101,111,hsv,off,0
违章03/违章03_t54.9_2_off.jpg,违章03,54.92,131,102,154,143,hsv,off,0
违章03/违章03_t54.9_3_off.jpg,违章03,54.92,303,125,314,144,hsv,off,0
违章03/违章03_t54.9_4_off.jpg,违章03,54.92,776,143,787,171,hsv,off,0
违章03/违章03_t54.9_5_off.jpg,违章03,54.92,485,206,502,222,hsv,off,0
违章03/违章03_t54.9_6_off.jpg,违章03,54.92,599,269,626,278,hsv,off,0
违章03/违章03_t54.9_8_off.jpg,违章03,54.92,297,348,320,356,hsv,off,0
违章03/违章03_t55.2_0_stand.jpg,违章03,55.16,1086,101,1100,111,hsv,stand,0
违章03/违章03_t55.2_1_off.jpg,违章03,55.16,130,102,154,143,hsv,off,0
违章03/违章03_t55.2_2_off.jpg,违章03,55.16,303,125,314,145,hsv,off,0
违章03/违章03_t55.2_3_off.jpg,违章03,55.16,776,143,786,171,hsv,off,0
违章03/违章03_t55.2_4_off.jpg,违章03,55.16,485,206,501,223,hsv,off,0
违章03/违章03_t55.2_5_off.jpg,违章03,55.16,599,269,627,279,hsv,off,0
违章03/违章03_t55.4_0_stand.jpg,违章03,55.4,1088,67,1102,80,hsv,stand,0
违章03/违章03_t55.4_1_off.jpg,违章03,55.4,1085,101,1100,110,hsv,off,0
违章03/违章03_t55.4_2_off.jpg,违章03,55.4,129,103,153,144,hsv,off,0
违章03/违章03_t55.4_3_off.jpg,违章03,55.4,301,125,312,145,hsv,off,0
违章03/违章03_t55.4_4_off.jpg,违章03,55.4,775,143,786,171,hsv,off,0
违章03/违章03_t55.4_5_off.jpg,违章03,55.4,656,149,683,185,hsv,off,0
违章03/违章03_t55.4_7_off.jpg,违章03,55.4,484,207,500,223,hsv,off,0
违章03/违章03_t55.4_8_off.jpg,违章03,55.4,598,269,626,278,hsv,off,0
违章03/违章03_t55.6_0_stand.jpg,违章03,55.63,1087,66,1103,79,hsv,stand,0
违章03/违章03_t55.6_1_off.jpg,违章03,55.63,1085,101,1105,110,hsv,off,0
违章03/违章03_t55.6_2_off.jpg,违章03,55.63,129,104,152,144,hsv,off,0
违章03/违章03_t55.6_3_off.jpg,违章03,55.63,302,127,312,145,hsv,off,0
违章03/违章03_t55.6_4_off.jpg,违章03,55.63,775,142,786,171,hsv,off,0
违章03/违章03_t55.6_6_off.jpg,违章03,55.63,484,207,499,223,hsv,off,0
违章03/违章03_t55.6_7_off.jpg,违章03,55.63,598,270,625,278,hsv,off,0
违章03/违章03_t55.9_0_off.jpg,违章03,55.87,129,102,153,144,hsv,off,0
违章03/违章03_t55.9_1_stand.jpg,违章03,55.87,1085,102,1102,110,hsv,stand,0
违章03/违章03_t55.9_2_off.jpg,违章03,55.87,302,124,312,145,hsv,off,0
违章03/违章03_t55.9_3_off.jpg,违章03,55.87,775,144,786,171,hsv,off,0
违章03/违章03_t55.9_4_off.jpg,违章03,55.87,484,208,501,222,hsv,off,0
违章03/违章03_t56.1_0_stand.jpg,违章03,56.1,1085,101,1101,110,hsv,stand,0
违章03/违章03_t56.1_1_off.jpg,违章03,56.1,130,102,153,144,hsv,off,0
违章03/违章03_t56.1_2_off.jpg,违章03,56.1,303,123,312,145,hsv,off,0
违章03/违章03_t56.1_3_off.jpg,违章03,56.1,775,144,786,171,hsv,off,0
违章03/违章03_t56.1_4_off.jpg,违章03,56.1,657,149,684,185,hsv,off,0
违章03/违章03_t56.1_6_off.jpg,违章03,56.1,485,209,502,223,hsv,off,0
违章03/违章03_t56.1_7_off.jpg,违章03,56.1,598,270,625,278,hsv,off,0
违章03/违章03_t56.3_0_stand.jpg,违章03,56.34,1089,66,1104,80,hsv,stand,0
违章03/违章03_t56.3_1_off.jpg,违章03,56.34,1086,101,1101,111,hsv,off,0
违章03/违章03_t56.3_2_off.jpg,违章03,56.34,131,103,155,144,hsv,off,0
违章03/违章03_t56.3_3_off.jpg,违章03,56.34,303,124,313,145,hsv,off,0
违章03/违章03_t56.3_4_off.jpg,违章03,56.34,776,144,787,171,hsv,off,0
违章03/违章03_t56.3_5_off.jpg,违章03,56.34,482,209,503,223,hsv,off,0
违章03/违章03_t56.6_0_stand.jpg,违章03,56.57,1090,66,1105,79,hsv,stand,0
违章03/违章03_t56.6_1_off.jpg,违章03,56.57,1087,101,1103,110,hsv,off,0
违章03/违章03_t56.6_2_off.jpg,违章03,56.57,130,104,155,144,hsv,off,0
违章03/违章03_t56.6_3_off.jpg,违章03,56.57,303,127,313,145,hsv,off,0
违章03/违章03_t56.6_4_off.jpg,违章03,56.57,776,144,787,171,hsv,off,0
违章03/违章03_t56.6_5_off.jpg,违章03,56.57,658,149,685,185,hsv,off,0
违章03/违章03_t56.6_6_off.jpg,违章03,56.57,520,153,614,202,hsv,off,0
违章03/违章03_t56.6_7_off.jpg,违章03,56.57,485,208,503,223,hsv,off,0
违章03/违章03_t56.6_8_off.jpg,违章03,56.57,599,270,628,279,hsv,off,0
违章03/违章03_t56.8_0_stand.jpg,违章03,56.81,1090,65,1105,79,hsv,stand,0
违章03/违章03_t56.8_1_off.jpg,违章03,56.81,1088,100,1107,110,hsv,off,0
违章03/违章03_t56.8_2_off.jpg,违章03,56.81,131,104,155,144,hsv,off,0
违章03/违章03_t56.8_3_off.jpg,违章03,56.81,304,123,314,147,hsv,off,0
违章03/违章03_t56.8_4_off.jpg,违章03,56.81,777,144,787,171,hsv,off,0
违章03/违章03_t56.8_6_off.jpg,违章03,56.81,486,209,504,223,hsv,off,0
违章03/违章03_t57.0_0_stand.jpg,违章03,57.05,1090,65,1105,79,hsv,stand,0
违章03/违章03_t57.0_1_off.jpg,违章03,57.05,1088,101,1108,110,hsv,off,0
违章03/违章03_t57.0_2_off.jpg,违章03,57.05,131,105,155,145,hsv,off,0
违章03/违章03_t57.0_3_off.jpg,违章03,57.05,305,125,314,148,hsv,off,0
违章03/违章03_t57.0_4_off.jpg,违章03,57.05,777,144,788,171,hsv,off,0
违章03/违章03_t57.0_5_off.jpg,违章03,57.05,242,210,297,250,hsv,off,0
违章03/违章03_t57.3_0_stand.jpg,违章03,57.28,1090,65,1104,79,hsv,stand,0
违章03/违章03_t57.3_1_off.jpg,违章03,57.28,1087,101,1107,109,hsv,off,0
违章03/违章03_t57.3_2_off.jpg,违章03,57.28,130,104,155,145,hsv,off,0
违章03/违章03_t57.3_3_off.jpg,违章03,57.28,304,126,313,146,hsv,off,0
违章03/违章03_t57.3_4_off.jpg,违章03,57.28,777,142,787,171,hsv,off,0
违章03/违章03_t57.3_5_off.jpg,违章03,57.28,485,207,502,223,hsv,off,0
违章03/违章03_t57.3_6_off.jpg,违章03,57.28,243,210,297,250,hsv,off,0
违章03/违章03_t57.3_7_off.jpg,违章03,57.28,600,269,630,278,hsv,off,0
违章03/违章03_t57.5_0_stand.jpg,违章03,57.52,1090,64,1105,78,hsv,stand,0
违章03/违章03_t57.5_1_off.jpg,违章03,57.52,1087,100,1107,108,hsv,off,0
违章03/违章03_t57.5_2_off.jpg,违章03,57.52,130,104,155,144,hsv,off,0
违章03/违章03_t57.5_3_off.jpg,违章03,57.52,304,120,314,147,hsv,off,0
违章03/违章03_t57.5_4_off.jpg,违章03,57.52,776,141,787,170,hsv,off,0
违章03/违章03_t57.5_5_off.jpg,违章03,57.52,485,207,502,223,hsv,off,0
违章03/违章03_t57.5_6_off.jpg,违章03,57.52,243,209,297,250,hsv,off,0
违章03/违章03_t57.5_7_off.jpg,违章03,57.52,599,269,630,278,hsv,off,0
违章03/违章03_t57.8_0_stand.jpg,违章03,57.75,1088,64,1104,77,hsv,stand,0
违章03/违章03_t57.8_1_off.jpg,违章03,57.75,1088,99,1104,108,hsv,off,0
违章03/违章03_t57.8_2_off.jpg,违章03,57.75,129,104,154,144,hsv,off,0
违章03/违章03_t57.8_3_off.jpg,违章03,57.75,302,123,313,146,hsv,off,0
违章03/违章03_t57.8_4_off.jpg,违章03,57.75,776,142,787,170,hsv,off,0
违章03/违章03_t57.8_5_off.jpg,违章03,57.75,599,269,628,278,hsv,off,0
违章03/违章03_t58.0_0_stand.jpg,违章03,57.99,1087,64,1104,77,hsv,stand,0
违章03/违章03_t58.0_1_off.jpg,违章03,57.99,1087,98,1104,107,hsv,off,0
违章03/违章03_t58.0_2_off.jpg,违章03,57.99,129,104,153,144,hsv,off,0
违章03/违章03_t58.0_3_off.jpg,违章03,57.99,302,124,314,158,hsv,off,0
违章03/违章03_t58.0_4_off.jpg,违章03,57.99,341,139,351,162,hsv,off,0
违章03/违章03_t58.0_5_off.jpg,违章03,57.99,318,140,342,165,hsv,off,0
违章03/违章03_t58.0_6_off.jpg,违章03,57.99,776,142,786,170,hsv,off,0
违章03/违章03_t58.0_7_off.jpg,违章03,57.99,331,170,356,189,hsv,off,0
违章03/违章03_t58.0_8_off.jpg,违章03,57.99,243,209,297,250,hsv,off,0
违章03/违章03_t58.0_9_off.jpg,违章03,57.99,600,268,628,278,hsv,off,0
违章03/违章03_t58.2_0_stand.jpg,违章03,58.22,1087,61,1102,75,hsv,stand,0
违章03/违章03_t58.2_1_off.jpg,违章03,58.22,1085,97,1105,106,hsv,off,0
违章03/违章03_t58.2_2_off.jpg,违章03,58.22,128,103,152,144,hsv,off,0
违章03/违章03_t58.2_3_off.jpg,违章03,58.22,301,124,312,150,hsv,off,0
违章03/违章03_t58.2_4_off.jpg,违章03,58.22,775,141,786,168,hsv,off,0
违章03/违章03_t58.2_5_off.jpg,违章03,58.22,313,146,326,158,hsv,off,0
违章03/违章03_t58.2_6_off.jpg,违章03,58.22,241,209,296,249,hsv,off,0
违章03/违章03_t58.2_7_off.jpg,违章03,58.22,599,267,625,277,hsv,off,0
违章03/违章03_t58.5_0_stand.jpg,违章03,58.46,1086,60,1101,75,hsv,stand,0
违章03/违章03_t58.5_1_off.jpg,违章03,58.46,1084,97,1103,105,hsv,off,0
违章03/违章03_t58.5_2_off.jpg,违章03,58.46,126,103,151,144,hsv,off,0
违章03/违章03_t58.5_3_off.jpg,违章03,58.46,301,125,312,144,hsv,off,0
违章03/违章03_t58.5_4_off.jpg,违章03,58.46,774,141,784,168,hsv,off,0
违章03/违章03_t58.5_5_off.jpg,违章03,58.46,701,144,745,173,hsv,off,0
违章03/违章03_t58.5_7_off.jpg,违章03,58.46,240,209,292,249,hsv,off,0
违章03/违章03_t58.5_8_off.jpg,违章03,58.46,598,267,626,276,hsv,off,0
违章03/违章03_t58.7_0_stand.jpg,违章03,58.7,1087,61,1101,74,hsv,stand,0
违章03/违章03_t58.7_1_off.jpg,违章03,58.7,1084,97,1103,105,hsv,off,0
违章03/违章03_t58.7_2_off.jpg,违章03,58.7,125,103,150,143,hsv,off,0
违章03/违章03_t58.7_3_off.jpg,违章03,58.7,299,106,348,163,hsv,off,0
违章03/违章03_t58.7_4_off.jpg,违章03,58.7,334,129,350,139,hsv,off,0
违章03/违章03_t58.7_5_off.jpg,违章03,58.7,773,137,784,167,hsv,off,0
违章03/违章03_t58.7_7_off.jpg,违章03,58.7,480,205,499,220,hsv,off,0
违章03/违章03_t58.7_8_off.jpg,违章03,58.7,238,208,292,248,hsv,off,0
违章03/违章03_t58.7_9_off.jpg,违章03,58.7,1234,247,1249,256,hsv,off,0
违章03/违章03_t58.7_10_off.jpg,违章03,58.7,597,266,626,276,hsv,off,0
违章03/违章03_t58.9_0_stand.jpg,违章03,58.93,1084,61,1099,74,hsv,stand,0
违章03/违章03_t58.9_1_off.jpg,违章03,58.93,1083,95,1102,104,hsv,off,0
违章03/违章03_t58.9_2_off.jpg,违章03,58.93,124,103,149,143,hsv,off,0
违章03/违章03_t58.9_3_off.jpg,违章03,58.93,271,113,288,122,hsv,off,0
违章03/违章03_t58.9_4_off.jpg,违章03,58.93,773,137,783,167,hsv,off,0
违章03/违章03_t58.9_6_off.jpg,违章03,58.93,481,204,498,220,hsv,off,0
违章03/违章03_t58.9_7_off.jpg,违章03,58.93,238,208,291,248,hsv,off,0
违章03/违章03_t58.9_8_off.jpg,违章03,58.93,596,266,625,275,hsv,off,0
违章03/违章03_t59.2_0_stand.jpg,违章03,59.17,1085,60,1100,73,hsv,stand,0
违章03/违章03_t59.2_1_off.jpg,违章03,59.17,1081,95,1102,103,hsv,off,0
违章03/违章03_t59.2_2_off.jpg,违章03,59.17,125,101,150,142,hsv,off,0
违章03/违章03_t59.2_3_off.jpg,违章03,59.17,772,136,783,166,hsv,off,0
违章03/违章03_t59.2_4_off.jpg,违章03,59.17,514,149,610,197,hsv,off,0
违章03/违章03_t59.2_5_off.jpg,违章03,59.17,479,204,499,219,hsv,off,0
违章03/违章03_t59.2_6_off.jpg,违章03,59.17,238,207,292,248,hsv,off,0
违章03/违章03_t59.2_7_off.jpg,违章03,59.17,596,265,625,275,hsv,off,0
违章03/违章03_t59.2_8_off.jpg,违章03,59.17,294,346,316,354,hsv,off,0
违章03/违章03_t59.4_0_stand.jpg,违章03,59.4,1084,59,1099,72,hsv,stand,0
违章03/违章03_t59.4_1_off.jpg,违章03,59.4,1082,94,1102,103,hsv,off,0
违章03/违章03_t59.4_2_off.jpg,违章03,59.4,124,101,149,142,hsv,off,0
违章03/违章03_t59.4_3_off.jpg,违章03,59.4,297,121,309,142,hsv,off,0
违章03/违章03_t59.4_4_off.jpg,违章03,59.4,772,138,783,166,hsv,off,0
违章03/违章03_t59.4_5_off.jpg,违章03,59.4,478,205,497,218,hsv,off,0
违章03/违章03_t59.4_6_off.jpg,违章03,59.4,239,207,291,247,hsv,off,0
违章03/违章03_t59.4_7_off.jpg,违章03,59.4,596,264,625,274,hsv,off,0
违章03/违章03_t59.6_0_stand.jpg,违章03,59.64,1084,59,1098,72,hsv,stand,0
违章03/违章03_t59.6_1_off.jpg,违章03,59.64,1081,93,1101,103,hsv,off,0
违章03/违章03_t59.6_2_off.jpg,违章03,59.64,123,100,148,142,hsv,off,0
违章03/违章03_t59.6_3_off.jpg,违章03,59.64,297,120,308,144,hsv,off,0
违章03/违章03_t59.6_4_off.jpg,违章03,59.64,771,137,782,163,hsv,off,0
违章03/违章03_t59.6_5_off.jpg,违章03,59.64,482,205,496,218,hsv,off,0
违章03/违章03_t59.6_7_off.jpg,违章03,59.64,594,264,624,274,hsv,off,0
违章03/违章03_t59.6_9_off.jpg,违章03,59.64,292,345,315,353,hsv,off,0
违章03/违章03_t59.9_0_stand.jpg,违章03,59.87,1083,58,1099,72,hsv,stand,0
违章03/违章03_t59.9_1_off.jpg,违章03,59.87,1081,92,1101,102,hsv,off,0
违章03/违章03_t59.9_2_off.jpg,违章03,59.87,124,100,148,141,hsv,off,0
违章03/违章03_t59.9_3_off.jpg,违章03,59.87,296,120,307,140,hsv,off,0
违章03/违章03_t59.9_4_off.jpg,违章03,59.87,771,137,782,161,hsv,off,0
违章03/违章03_t59.9_5_off.jpg,违章03,59.87,480,204,496,218,hsv,off,0
违章03/违章03_t59.9_6_off.jpg,违章03,59.87,594,264,622,273,hsv,off,0
违章03/违章03_t60.1_0_stand.jpg,违章03,60.11,1082,58,1098,71,hsv,stand,0
违章03/违章03_t60.1_1_off.jpg,违章03,60.11,1080,93,1100,102,hsv,off,0
违章03/违章03_t60.1_2_off.jpg,违章03,60.11,122,100,147,141,hsv,off,0
违章03/违章03_t60.1_3_off.jpg,违章03,60.11,296,122,307,139,hsv,off,0
违章03/违章03_t60.1_4_off.jpg,违章03,60.11,770,138,781,165,hsv,off,0
违章03/违章03_t60.1_5_off.jpg,违章03,60.11,479,204,496,218,hsv,off,0
违章03/违章03_t60.1_6_off.jpg,违章03,60.11,593,263,623,274,hsv,off,0
违章03/违章03_t60.4_0_stand.jpg,违章03,60.35,1082,58,1097,71,hsv,stand,0
违章03/违章03_t60.4_1_off.jpg,违章03,60.35,1080,93,1099,102,hsv,off,0
违章03/违章03_t60.4_2_off.jpg,违章03,60.35,121,99,146,141,hsv,off,0
违章03/违章03_t60.4_3_off.jpg,违章03,60.35,295,122,307,139,hsv,off,0
违章03/违章03_t60.4_4_off.jpg,违章03,60.35,769,138,780,162,hsv,off,0
违章03/违章03_t60.4_6_off.jpg,违章03,60.35,479,202,495,217,hsv,off,0
违章03/违章03_t60.4_7_off.jpg,违章03,60.35,594,263,622,274,hsv,off,0
违章03/违章03_t60.6_0_off.jpg,违章03,60.58,352,41,477,251,hsv,off,0
违章03/违章03_t60.6_1_stand.jpg,违章03,60.58,1081,58,1095,71,hsv,stand,0
违章03/违章03_t60.6_2_off.jpg,违章03,60.58,1079,93,1098,102,hsv,off,0
违章03/违章03_t60.6_3_off.jpg,违章03,60.58,293,115,304,141,hsv,off,0
违章03/违章03_t60.6_4_off.jpg,违章03,60.58,768,136,779,164,hsv,off,0
违章03/违章03_t60.6_5_off.jpg,违章03,60.58,650,143,676,178,hsv,off,0
违章03/违章03_t60.6_6_off.jpg,违章03,60.58,477,202,493,217,hsv,off,0
违章03/违章03_t60.6_7_off.jpg,违章03,60.58,592,264,620,274,hsv,off,0
违章03/违章03_t60.8_0_stand.jpg,违章03,60.82,1080,57,1095,71,hsv,stand,0
违章03/违章03_t60.8_1_off.jpg,违章03,60.82,1078,93,1097,102,hsv,off,0
违章03/违章03_t60.8_2_off.jpg,违章03,60.82,294,116,304,144,hsv,off,0
违章03/违章03_t60.8_3_off.jpg,违章03,60.82,768,137,778,164,hsv,off,0
违章03/违章03_t60.8_4_off.jpg,违章03,60.82,477,202,494,217,hsv,off,0
违章03/违章03_t60.8_5_off.jpg,违章03,60.82,592,264,620,274,hsv,off,0
违章03/违章03_t61.0_0_stand.jpg,违章03,61.05,1079,57,1094,71,hsv,stand,0
违章03/违章03_t61.0_1_off.jpg,违章03,61.05,1077,93,1094,102,hsv,off,0
违章03/违章03_t61.0_2_off.jpg,违章03,61.05,117,101,143,142,hsv,off,0
违章03/违章03_t61.0_3_off.jpg,违章03,61.05,293,117,303,143,hsv,off,0
违章03/违章03_t61.0_4_off.jpg,违章03,61.05,767,137,778,162,hsv,off,0
违章03/违章03_t61.0_5_off.jpg,违章03,61.05,649,143,675,179,hsv,off,0
违章03/违章03_t61.0_6_off.jpg,违章03,61.05,592,264,619,274,hsv,off,0
违章03/违章03_t61.0_9_off.jpg,违章03,61.05,291,346,311,354,hsv,off,0
违章03/违章03_t61.3_0_stand.jpg,违章03,61.29,1079,57,1093,71,hsv,stand,0
违章03/违章03_t61.3_1_off.jpg,违章03,61.29,1076,93,1096,101,hsv,off,0
违章03/违章03_t61.3_2_off.jpg,违章03,61.29,293,117,302,141,hsv,off,0
违章03/违章03_t61.3_3_off.jpg,违章03,61.29,766,137,777,163,hsv,off,0
违章03/违章03_t61.3_4_off.jpg,违章03,61.29,648,143,675,178,hsv,off,0
违章03/违章03_t61.3_5_off.jpg,违章03,61.29,591,264,619,274,hsv,off,0
违章03/违章03_t61.5_0_stand.jpg,违章03,61.52,1079,57,1092,71,hsv,stand,0
违章03/违章03_t61.5_2_off.jpg,违章03,61.52,118,101,142,142,hsv,off,0
违章03/违章03_t61.5_3_off.jpg,违章03,61.52,291,116,303,143,hsv,off,0
违章03/违章03_t61.5_4_off.jpg,违章03,61.52,766,136,777,163,hsv,off,0
违章03/违章03_t61.5_6_off.jpg,违章03,61.52,478,203,492,217,hsv,off,0
违章03/违章03_t61.5_8_off.jpg,违章03,61.52,591,264,619,272,hsv,off,0
违章03/违章03_t61.8_0_stand.jpg,违章03,61.76,1078,57,1091,70,hsv,stand,0
违章03/违章03_t61.8_2_off.jpg,违章03,61.76,290,116,301,142,hsv,off,0
违章03/违章03_t61.8_3_off.jpg,违章03,61.76,766,136,776,162,hsv,off,0
违章03/违章03_t61.8_5_off.jpg,违章03,61.76,590,264,619,274,hsv,off,0
违章03/违章03_t61.8_6_off.jpg,违章03,61.76,287,346,310,354,hsv,off,0
违章03/违章03_t62.0_0_stand.jpg,违章03,62.0,1077,56,1091,69,hsv,stand,0
违章03/违章03_t62.0_1_off.jpg,违章03,62.0,1076,91,1094,100,hsv,off,0
违章03/违章03_t62.0_2_off.jpg,违章03,62.0,116,101,140,142,hsv,off,0
违章03/违章03_t62.0_3_off.jpg,违章03,62.0,290,117,301,141,hsv,off,0
违章03/违章03_t62.0_4_off.jpg,违章03,62.0,765,136,776,162,hsv,off,0
违章03/违章03_t62.0_6_off.jpg,违章03,62.0,590,263,618,272,hsv,off,0
违章03/违章03_t62.2_0_stand.jpg,违章03,62.23,1077,55,1091,68,hsv,stand,0
违章03/违章03_t62.2_1_off.jpg,违章03,62.23,1075,90,1094,98,hsv,off,0
违章03/违章03_t62.2_2_off.jpg,违章03,62.23,116,100,140,141,hsv,off,0
违章03/违章03_t62.2_3_off.jpg,违章03,62.23,290,117,301,140,hsv,off,0
违章03/违章03_t62.2_4_off.jpg,违章03,62.23,765,135,776,161,hsv,off,0
违章03/违章03_t62.2_5_off.jpg,违章03,62.23,590,261,618,272,hsv,off,0
违章03/违章03_t62.5_0_stand.jpg,违章03,62.47,1077,54,1092,68,hsv,stand,0
违章03/违章03_t62.5_1_off.jpg,违章03,62.47,1073,89,1094,99,hsv,off,0
违章03/违章03_t62.5_2_off.jpg,违章03,62.47,116,99,140,140,hsv,off,0
违章03/违章03_t62.5_3_off.jpg,违章03,62.47,290,117,301,141,hsv,off,0
违章03/违章03_t62.5_4_off.jpg,违章03,62.47,766,135,776,161,hsv,off,0
违章03/违章03_t62.5_5_off.jpg,违章03,62.47,474,202,490,215,hsv,off,0
违章03/违章03_t62.5_6_off.jpg,违章03,62.47,230,205,285,245,hsv,off,0
违章03/违章03_t62.7_0_stand.jpg,违章03,62.7,1079,55,1092,69,hsv,stand,0
违章03/违章03_t62.7_1_off.jpg,违章03,62.7,1076,90,1096,99,hsv,off,0
违章03/违章03_t62.7_2_off.jpg,违章03,62.7,117,99,142,140,hsv,off,0
违章03/违章03_t62.7_3_off.jpg,违章03,62.7,292,117,302,141,hsv,off,0
违章03/违章03_t62.7_4_off.jpg,违章03,62.7,766,134,777,161,hsv,off,0
违章03/违章03_t62.7_5_off.jpg,违章03,62.7,475,202,491,215,hsv,off,0
违章03/违章03_t62.7_6_off.jpg,违章03,62.7,590,262,616,270,hsv,off,0
违章03/违章03_t62.9_0_stand.jpg,违章03,62.94,1079,56,1095,70,hsv,stand,0
违章03/违章03_t62.9_1_off.jpg,违章03,62.94,1077,92,1097,100,hsv,off,0
违章03/违章03_t62.9_2_off.jpg,违章03,62.94,118,98,143,139,hsv,off,0
违章03/违章03_t62.9_3_off.jpg,违章03,62.94,292,119,303,140,hsv,off,0
违章03/违章03_t62.9_4_off.jpg,违章03,62.94,767,133,778,162,hsv,off,0
违章03/违章03_t62.9_5_off.jpg,违章03,62.94,649,142,675,176,hsv,off,0
违章03/违章03_t62.9_6_off.jpg,违章03,62.94,479,201,492,215,hsv,off,0
违章03/违章03_t62.9_7_off.jpg,违章03,62.94,232,204,286,245,hsv,off,0
违章03/违章03_t62.9_8_off.jpg,违章03,62.94,592,262,618,270,hsv,off,0
违章03/违章03_t63.2_0_stand.jpg,违章03,63.17,1081,56,1095,71,hsv,stand,0
违章03/违章03_t63.2_1_off.jpg,违章03,63.17,1078,92,1098,101,hsv,off,0
违章03/违章03_t63.2_2_off.jpg,违章03,63.17,120,98,144,138,hsv,off,0
违章03/违章03_t63.2_3_off.jpg,违章03,63.17,293,118,304,140,hsv,off,0
违章03/违章03_t63.2_4_off.jpg,违章03,63.17,769,135,779,163,hsv,off,0
违章03/违章03_t63.2_5_off.jpg,违章03,63.17,650,141,677,176,hsv,off,0
违章03/违章03_t63.2_6_off.jpg,违章03,63.17,477,201,492,216,hsv,off,0
违章03/违章03_t63.2_7_off.jpg,违章03,63.17,234,204,287,244,hsv,off,0
违章03/违章03_t63.2_8_off.jpg,违章03,63.17,592,262,619,270,hsv,off,0
违章03/违章03_t63.4_0_stand.jpg,违章03,63.41,1080,57,1096,71,hsv,stand,0
违章03/违章03_t63.4_1_off.jpg,违章03,63.41,1078,93,1093,102,hsv,off,0
违章03/违章03_t63.4_2_off.jpg,违章03,63.41,120,98,144,137,hsv,off,0
违章03/违章03_t63.4_3_off.jpg,违章03,63.41,294,117,304,140,hsv,off,0
违章03/违章03_t63.4_4_off.jpg,违章03,63.41,769,136,779,163,hsv,off,0
违章03/违章03_t63.4_5_off.jpg,违章03,63.41,650,142,677,177,hsv,off,0
违章03/违章03_t63.4_6_off.jpg,违章03,63.41,477,201,494,216,hsv,off,0
违章03/违章03_t63.4_7_off.jpg,违章03,63.41,233,204,288,244,hsv,off,0
违章03/违章03_t63.4_8_off.jpg,违章03,63.41,592,263,619,271,hsv,off,0
违章03/违章03_t63.6_0_stand.jpg,违章03,63.65,1080,58,1096,72,hsv,stand,0
违章03/违章03_t63.6_1_off.jpg,违章03,63.65,1080,94,1098,103,hsv,off,0
违章03/违章03_t63.6_2_off.jpg,违章03,63.65,122,99,145,139,hsv,off,0
违章03/违章03_t63.6_3_off.jpg,违章03,63.65,295,120,306,140,hsv,off,0
违章03/违章03_t63.6_4_off.jpg,违章03,63.65,770,137,780,164,hsv,off,0
违章03/违章03_t63.6_5_off.jpg,违章03,63.65,478,201,495,217,hsv,off,0
违章03/违章03_t63.6_6_off.jpg,违章03,63.65,594,264,622,274,hsv,off,0
违章03/违章03_t63.9_0_stand.jpg,违章03,63.88,1080,59,1097,73,hsv,stand,0
违章03/违章03_t63.9_1_off.jpg,违章03,63.88,1079,95,1099,104,hsv,off,0
违章03/违章03_t63.9_2_off.jpg,违章03,63.88,121,100,146,141,hsv,off,0
违章03/违章03_t63.9_3_off.jpg,违章03,63.88,295,123,306,141,hsv,off,0
违章03/违章03_t63.9_4_off.jpg,违章03,63.88,770,138,780,162,hsv,off,0
违章03/违章03_t63.9_5_off.jpg,违章03,63.88,478,203,495,217,hsv,off,0
违章03/违章03_t63.9_6_off.jpg,违章03,63.88,594,265,622,274,hsv,off,0
违章03/违章03_t64.1_0_stand.jpg,违章03,64.12,1082,61,1096,74,hsv,stand,0
违章03/违章03_t64.1_1_off.jpg,违章03,64.12,1078,96,1099,105,hsv,off,0
违章03/违章03_t64.1_2_off.jpg,违章03,64.12,120,101,145,142,hsv,off,0
违章03/违章03_t64.1_3_off.jpg,违章03,64.12,295,125,306,144,hsv,off,0
违章03/违章03_t64.1_4_off.jpg,违章03,64.12,769,138,780,167,hsv,off,0
违章03/违章03_t64.1_5_off.jpg,违章03,64.12,650,146,678,181,hsv,off,0
违章03/违章03_t64.1_6_off.jpg,违章03,64.12,478,204,495,219,hsv,off,0
违章03/违章03_t64.1_7_off.jpg,违章03,64.12,592,266,621,276,hsv,off,0
违章03/违章03_t64.3_0_stand.jpg,违章03,64.35,1082,61,1097,74,hsv,stand,0
违章03/违章03_t64.3_1_off.jpg,违章03,64.35,1078,97,1099,105,hsv,off,0
违章03/违章03_t64.3_2_off.jpg,违章03,64.35,119,102,145,143,hsv,off,0
违章03/违章03_t64.3_3_off.jpg,违章03,64.35,295,123,306,144,hsv,off,0
违章03/违章03_t64.3_4_off.jpg,违章03,64.35,769,137,780,167,hsv,off,0
违章03/违章03_t64.3_5_off.jpg,违章03,64.35,592,266,622,276,hsv,off,0
违章03/违章03_t64.6_0_stand.jpg,违章03,64.59,1080,61,1095,74,hsv,stand,0
违章03/违章03_t64.6_1_off.jpg,违章03,64.59,1079,96,1098,104,hsv,off,0
违章03/违章03_t64.6_2_off.jpg,违章03,64.59,120,101,144,142,hsv,off,0
违章03/违章03_t64.6_3_off.jpg,违章03,64.59,293,123,304,144,hsv,off,0
违章03/违章03_t64.6_4_off.jpg,违章03,64.59,768,137,779,166,hsv,off,0
违章03/违章03_t64.6_5_off.jpg,违章03,64.59,477,205,493,219,hsv,off,0
违章03/违章03_t64.6_6_off.jpg,违章03,64.59,592,265,620,274,hsv,off,0
违章03/违章03_t64.8_0_stand.jpg,违章03,64.82,1077,61,1093,74,hsv,stand,0
违章03/违章03_t64.8_1_off.jpg,违章03,64.82,1077,97,1094,105,hsv,off,0
违章03/违章03_t64.8_2_off.jpg,违章03,64.82,117,102,142,144,hsv,off,0
违章03/违章03_t64.8_3_off.jpg,违章03,64.82,292,123,302,144,hsv,off,0
违章03/违章03_t64.8_4_off.jpg,违章03,64.82,766,138,777,166,hsv,off,0
违章03/违章03_t64.8_5_off.jpg,违章03,64.82,475,205,490,218,hsv,off,0
违章03/违章03_t64.8_6_off.jpg,违章03,64.82,589,266,617,275,hsv,off,0
违章03/违章03_t65.1_0_stand.jpg,违章03,65.06,1076,61,1091,74,hsv,stand,0
违章03/违章03_t65.1_1_off.jpg,违章03,65.06,1075,97,1094,105,hsv,off,0
违章03/违章03_t65.1_2_off.jpg,违章03,65.06,116,103,140,144,hsv,off,0
违章03/违章03_t65.1_3_off.jpg,违章03,65.06,292,124,301,144,hsv,off,0
违章03/违章03_t65.1_4_off.jpg,违章03,65.06,765,138,776,167,hsv,off,0
违章03/违章03_t65.1_5_off.jpg,违章03,65.06,474,207,490,220,hsv,off,0
违章03/违章03_t65.1_6_off.jpg,违章03,65.06,588,266,616,276,hsv,off,0
违章03/违章03_t65.3_0_stand.jpg,违章03,65.3,1076,61,1090,75,hsv,stand,0
违章03/违章03_t65.3_1_off.jpg,违章03,65.3,1073,97,1090,105,hsv,off,0
违章03/违章03_t65.3_2_off.jpg,违章03,65.3,114,103,139,143,hsv,off,0
违章03/违章03_t65.3_3_off.jpg,违章03,65.3,289,121,299,144,hsv,off,0
违章03/违章03_t65.3_4_off.jpg,违章03,65.3,763,139,774,167,hsv,off,0
违章03/违章03_t65.3_5_off.jpg,违章03,65.3,473,207,489,219,hsv,off,0
违章03/违章03_t65.3_6_off.jpg,违章03,65.3,587,266,615,275,hsv,off,0
违章03/违章03_t65.5_0_stand.jpg,违章03,65.53,1075,61,1090,74,hsv,stand,0
违章03/违章03_t65.5_1_off.jpg,违章03,65.53,1073,96,1092,105,hsv,off,0
违章03/违章03_t65.5_2_off.jpg,违章03,65.53,114,101,139,142,hsv,off,0
违章03/违章03_t65.5_3_off.jpg,违章03,65.53,289,123,300,144,hsv,off,0
违章03/违章03_t65.5_4_off.jpg,违章03,65.53,764,136,775,166,hsv,off,0
违章03/违章03_t65.5_5_off.jpg,违章03,65.53,470,205,488,219,hsv,off,0
违章03/违章03_t65.5_6_off.jpg,违章03,65.53,587,264,616,274,hsv,off,0
违章03/违章03_t65.5_7_off.jpg,违章03,65.53,287,346,307,354,hsv,off,0
违章03/违章03_t65.8_0_stand.jpg,违章03,65.77,1076,60,1090,73,hsv,stand,0
违章03/违章03_t65.8_1_off.jpg,违章03,65.77,1073,95,1089,104,hsv,off,0
违章03/违章03_t65.8_2_off.jpg,违章03,65.77,290,122,299,139,hsv,off,0
违章03/违章03_t65.8_3_off.jpg,违章03,65.77,764,138,775,165,hsv,off,0
违章03/违章03_t65.8_4_off.jpg,违章03,65.77,470,204,487,219,hsv,off,0
违章03/违章03_t65.8_5_off.jpg,违章03,65.77,586,263,616,273,hsv,off,0
违章03/违章03_t66.0_0_stand.jpg,违章03,66.0,1075,59,1090,72,hsv,stand,0
违章03/违章03_t66.0_1_off.jpg,违章03,66.0,1073,95,1089,103,hsv,off,0
违章03/违章03_t66.0_2_off.jpg,违章03,66.0,114,98,138,138,hsv,off,0
违章03/违章03_t66.0_3_off.jpg,违章03,66.0,287,118,299,139,hsv,off,0
违章03/违章03_t66.0_4_off.jpg,违章03,66.0,764,137,774,164,hsv,off,0
违章03/违章03_t66.0_5_off.jpg,违章03,66.0,472,203,487,214,hsv,off,0
违章03/违章03_t66.0_6_off.jpg,违章03,66.0,587,262,615,270,hsv,off,0
违章03/违章03_t66.2_0_stand.jpg,违章03,66.24,1075,58,1090,72,hsv,stand,0
违章03/违章03_t66.2_1_off.jpg,违章03,66.24,1073,94,1091,104,hsv,off,0
违章03/违章03_t66.2_2_off.jpg,违章03,66.24,113,97,138,138,hsv,off,0
违章03/违章03_t66.2_3_off.jpg,违章03,66.24,287,119,298,137,hsv,off,0
违章03/违章03_t66.2_4_off.jpg,违章03,66.24,763,137,774,162,hsv,off,0
违章03/违章03_t66.2_5_off.jpg,违章03,66.24,472,201,488,214,hsv,off,0
违章03/违章03_t66.2_6_off.jpg,违章03,66.24,586,261,615,271,hsv,off,0
违章03/违章03_t66.5_0_stand.jpg,违章03,66.47,1076,59,1090,71,hsv,stand,0
违章03/违章03_t66.5_1_off.jpg,违章03,66.47,1073,94,1089,103,hsv,off,0
违章03/违章03_t66.5_2_off.jpg,违章03,66.47,289,118,299,140,hsv,off,0
违章03/违章03_t66.5_3_off.jpg,违章03,66.47,763,136,775,163,hsv,off,0
违章03/违章03_t66.5_4_off.jpg,违章03,66.47,468,202,487,214,hsv,off,0
违章03/违章03_t66.5_5_off.jpg,违章03,66.47,228,204,281,244,hsv,off,0
违章03/违章03_t66.5_6_off.jpg,违章03,66.47,587,261,614,270,hsv,off,0
违章03/违章03_t66.7_0_stand.jpg,违章03,66.71,1076,60,1091,74,hsv,stand,0
违章03/违章03_t66.7_1_off.jpg,违章03,66.71,1073,94,1089,103,hsv,off,0
违章03/违章03_t66.7_2_off.jpg,违章03,66.71,113,97,138,139,hsv,off,0
违章03/违章03_t66.7_3_off.jpg,违章03,66.71,289,123,298,140,hsv,off,0
违章03/违章03_t66.7_4_off.jpg,违章03,66.71,763,136,775,164,hsv,off,0
违章03/违章03_t66.7_5_off.jpg,违章03,66.71,645,143,672,177,hsv,off,0
违章03/违章03_t66.7_6_off.jpg,违章03,66.71,506,146,602,194,hsv,off,0
违章03/违章03_t66.7_7_off.jpg,违章03,66.71,469,203,486,215,hsv,off,0
违章03/违章03_t66.7_8_off.jpg,违章03,66.71,229,205,282,244,hsv,off,0
违章03/违章03_t67.0_0_stand.jpg,违章03,66.95,1076,61,1090,75,hsv,stand,0
违章03/违章03_t67.0_1_off.jpg,违章03,66.95,1073,96,1089,105,hsv,off,0
违章03/违章03_t67.0_2_off.jpg,违章03,66.95,114,98,138,139,hsv,off,0
违章03/违章03_t67.0_3_off.jpg,违章03,66.95,289,121,298,140,hsv,off,0
违章03/违章03_t67.0_4_off.jpg,违章03,66.95,763,138,774,164,hsv,off,0
违章03/违章03_t67.0_5_off.jpg,违章03,66.95,645,144,672,178,hsv,off,0
违章03/违章03_t67.0_6_off.jpg,违章03,66.95,506,147,602,195,hsv,off,0
违章03/违章03_t67.0_7_off.jpg,违章03,66.95,228,205,282,245,hsv,off,0
违章03/违章03_t67.0_8_off.jpg,违章03,66.95,472,204,486,215,hsv,off,0
违章03/违章03_t67.0_9_off.jpg,违章03,66.95,586,263,614,272,hsv,off,0
违章03/违章03_t67.2_0_stand.jpg,违章03,67.18,1075,61,1090,75,hsv,stand,0
违章03/违章03_t67.2_1_off.jpg,违章03,67.18,1072,96,1089,106,hsv,off,0
违章03/违章03_t67.2_2_off.jpg,违章03,67.18,113,99,138,139,hsv,off,0
违章03/违章03_t67.2_3_off.jpg,违章03,67.18,289,124,298,139,hsv,off,0
违章03/违章03_t67.2_4_off.jpg,违章03,67.18,763,138,775,163,hsv,off,0
违章03/违章03_t67.2_5_off.jpg,违章03,67.18,691,142,734,170,hsv,off,0
违章03/违章03_t67.2_6_off.jpg,违章03,67.18,645,145,671,178,hsv,off,0
违章03/违章03_t67.2_7_off.jpg,违章03,67.18,506,148,601,195,hsv,off,0
违章03/违章03_t67.2_8_off.jpg,违章03,67.18,469,203,486,215,hsv,off,0
违章03/违章03_t67.2_9_off.jpg,违章03,67.18,227,206,283,245,hsv,off,0
违章03/违章03_t67.2_10_off.jpg,违章03,67.18,587,263,615,272,hsv,off,0
违章03/违章03_t67.4_0_stand.jpg,违章03,67.42,1076,62,1088,75,hsv,stand,0
违章03/违章03_t67.4_1_off.jpg,违章03,67.42,1072,98,1088,107,hsv,off,0
违章03/违章03_t67.4_2_off.jpg,违章03,67.42,113,100,138,141,hsv,off,0
违章03/违章03_t67.4_3_off.jpg,违章03,67.42,288,120,300,143,hsv,off,0
违章03/违章03_t67.4_4_off.jpg,违章03,67.42,763,137,774,167,hsv,off,0
违章03/违章03_t67.4_5_off.jpg,违章03,67.42,474,203,487,217,hsv,off,0
违章03/违章03_t67.4_6_off.jpg,违章03,67.42,587,264,615,274,hsv,off,0
违章03/违章03_t67.7_0_stand.jpg,违章03,67.65,1073,62,1087,75,hsv,stand,0
违章03/违章03_t67.7_1_off.jpg,违章03,67.65,1070,97,1085,106,hsv,off,0
违章03/违章03_t67.7_2_off.jpg,违章03,67.65,111,100,136,141,hsv,off,0
违章03/违章03_t67.7_3_off.jpg,违章03,67.65,287,121,298,143,hsv,off,0
违章03/违章03_t67.7_4_off.jpg,违章03,67.65,761,137,772,166,hsv,off,0
违章03/违章03_t67.7_5_off.jpg,违章03,67.65,470,204,485,216,hsv,off,0
违章03/违章03_t67.7_6_off.jpg,违章03,67.65,584,264,613,274,hsv,off,0
违章03/违章03_t67.9_0_stand.jpg,违章03,67.89,1072,62,1087,76,hsv,stand,0
违章03/违章03_t67.9_1_off.jpg,违章03,67.89,1070,97,1085,107,hsv,off,0
违章03/违章03_t67.9_2_off.jpg,违章03,67.89,110,101,136,142,hsv,off,0
违章03/违章03_t67.9_3_off.jpg,违章03,67.89,287,123,297,141,hsv,off,0
违章03/违章03_t67.9_4_off.jpg,违章03,67.89,761,137,772,166,hsv,off,0
违章03/违章03_t67.9_5_off.jpg,违章03,67.89,643,145,670,179,hsv,off,0
违章03/违章03_t67.9_6_off.jpg,违章03,67.89,470,204,484,217,hsv,off,0
违章03/违章03_t67.9_7_off.jpg,违章03,67.89,583,264,613,274,hsv,off,0
违章03/违章03_t68.1_0_stand.jpg,违章03,68.12,1068,62,1085,77,hsv,stand,0
违章03/违章03_t68.1_1_off.jpg,违章03,68.12,1068,98,1083,107,hsv,off,0
违章03/违章03_t68.1_2_off.jpg,违章03,68.12,108,102,133,143,hsv,off,0
违章03/违章03_t68.1_3_off.jpg,违章03,68.12,284,124,295,144,hsv,off,0
违章03/违章03_t68.1_4_off.jpg,违章03,68.12,759,138,770,167,hsv,off,0
违章03/违章03_t68.1_5_off.jpg,违章03,68.12,501,149,597,197,hsv,off,0
违章03/违章03_t68.1_6_off.jpg,违章03,68.12,468,204,481,217,hsv,off,0
违章03/违章03_t68.1_7_off.jpg,违章03,68.12,581,265,609,274,hsv,off,0
违章03/违章03_t68.4_0_stand.jpg,违章03,68.36,1070,63,1083,75,hsv,stand,0
违章03/违章03_t68.4_1_off.jpg,违章03,68.36,1066,98,1086,106,hsv,off,0
违章03/违章03_t68.4_2_off.jpg,违章03,68.36,107,101,133,143,hsv,off,0
违章03/违章03_t68.4_3_off.jpg,违章03,68.36,282,121,294,144,hsv,off,0
违章03/违章03_t68.4_4_off.jpg,违章03,68.36,758,138,768,167,hsv,off,0
违章03/违章03_t68.4_5_off.jpg,违章03,68.36,467,205,480,218,hsv,off,0
违章03/违章03_t68.4_6_off.jpg,违章03,68.36,580,265,610,274,hsv,off,0
违章03/违章03_t68.6_0_stand.jpg,违章03,68.6,1069,63,1082,76,hsv,stand,0
违章03/违章03_t68.6_1_off.jpg,违章03,68.6,1065,98,1085,107,hsv,off,0
违章03/违章03_t68.6_2_off.jpg,违章03,68.6,107,102,132,143,hsv,off,0
违章03/违章03_t68.6_3_off.jpg,违章03,68.6,282,123,294,145,hsv,off,0
违章03/违章03_t68.6_4_off.jpg,违章03,68.6,758,138,768,167,hsv,off,0
违章03/违章03_t68.6_5_off.jpg,违章03,68.6,469,205,480,218,hsv,off,0
违章03/违章03_t68.6_6_off.jpg,违章03,68.6,581,265,609,274,hsv,off,0
违章03/违章03_t68.8_0_stand.jpg,违章03,68.83,1067,62,1081,77,hsv,stand,0
违章03/违章03_t68.8_1_off.jpg,违章03,68.83,1063,97,1080,107,hsv,off,0
违章03/违章03_t68.8_2_off.jpg,违章03,68.83,106,102,131,143,hsv,off,0
违章03/违章03_t68.8_3_off.jpg,违章03,68.83,281,124,292,144,hsv,off,0
违章03/违章03_t68.8_4_off.jpg,违章03,68.83,757,138,767,167,hsv,off,0
违章03/违章03_t68.8_5_off.jpg,违章03,68.83,465,206,480,218,hsv,off,0
违章03/违章03_t68.8_6_off.jpg,违章03,68.83,580,265,608,274,hsv,off,0
违章03/违章03_t69.1_0_stand.jpg,违章03,69.07,1066,62,1081,76,hsv,stand,0
违章03/违章03_t69.1_1_off.jpg,违章03,69.07,1064,97,1083,106,hsv,off,0
违章03/违章03_t69.1_2_off.jpg,违章03,69.07,104,102,130,143,hsv,off,0
违章03/违章03_t69.1_3_off.jpg,违章03,69.07,280,124,291,144,hsv,off,0
违章03/违章03_t69.1_4_off.jpg,违章03,69.07,756,140,767,167,hsv,off,0
违章03/违章03_t69.1_5_off.jpg,违章03,69.07,462,206,479,218,hsv,off,0
违章03/违章03_t69.1_6_off.jpg,违章03,69.07,580,265,608,274,hsv,off,0
违章03/违章03_t69.3_0_stand.jpg,违章03,69.3,1065,62,1080,76,hsv,stand,0
违章03/违章03_t69.3_1_off.jpg,违章03,69.3,1062,97,1078,106,hsv,off,0
违章03/违章03_t69.3_2_off.jpg,违章03,69.3,103,102,129,144,hsv,off,0
违章03/违章03_t69.3_3_off.jpg,违章03,69.3,279,122,291,144,hsv,off,0
违章03/违章03_t69.3_4_off.jpg,违章03,69.3,755,141,767,167,hsv,off,0
违章03/违章03_t69.3_5_off.jpg,违章03,69.3,467,206,478,218,hsv,off,0
违章03/违章03_t69.3_6_off.jpg,违章03,69.3,218,209,274,248,hsv,off,0
违章03/违章03_t69.3_7_off.jpg,违章03,69.3,578,265,607,274,hsv,off,0
违章03/违章03_t69.5_0_stand.jpg,违章03,69.54,1065,63,1079,76,hsv,stand,0
违章03/违章03_t69.5_1_off.jpg,违章03,69.54,1063,98,1076,107,hsv,off,0
违章03/违章03_t69.5_2_off.jpg,违章03,69.54,280,124,290,141,hsv,off,0
违章03/违章03_t69.5_3_off.jpg,违章03,69.54,755,140,766,167,hsv,off,0
违章03/违章03_t69.5_4_off.jpg,违章03,69.54,467,208,479,217,hsv,off,0
违章03/违章03_t69.8_0_stand.jpg,违章03,69.77,1065,64,1079,77,hsv,stand,0
违章03/违章03_t69.8_1_off.jpg,违章03,69.77,1063,99,1081,107,hsv,off,0
违章03/违章03_t69.8_2_off.jpg,违章03,69.77,279,125,290,142,hsv,off,0
违章03/违章03_t69.8_3_off.jpg,违章03,69.77,754,141,766,168,hsv,off,0
违章03/违章03_t69.8_4_off.jpg,违章03,69.77,461,207,478,218,hsv,off,0
违章03/违章03_t69.8_5_off.jpg,违章03,69.77,932,449,945,458,hsv,off,0
违章03/违章03_t70.0_0_stand.jpg,违章03,70.01,1064,65,1080,78,hsv,stand,0
违章03/违章03_t70.0_1_off.jpg,违章03,70.01,1062,100,1082,108,hsv,off,0
违章03/违章03_t70.0_2_off.jpg,违章03,70.01,104,102,129,143,hsv,off,0
违章03/违章03_t70.0_3_off.jpg,违章03,70.01,280,124,291,141,hsv,off,0
违章03/违章03_t70.0_4_off.jpg,违章03,70.01,755,142,766,168,hsv,off,0
违章03/违章03_t70.0_5_off.jpg,违章03,70.01,467,208,479,218,hsv,off,0
违章03/违章03_t70.0_6_off.jpg,违章03,70.01,578,266,608,275,hsv,off,0
违章03/违章03_t70.0_8_off.jpg,违章03,70.01,933,450,945,458,hsv,off,0
违章03/违章03_t70.2_0_stand.jpg,违章03,70.25,1065,65,1080,78,hsv,stand,0
违章03/违章03_t70.2_1_off.jpg,违章03,70.25,1063,101,1077,109,hsv,off,0
违章03/违章03_t70.2_2_off.jpg,违章03,70.25,104,102,129,144,hsv,off,0
违章03/违章03_t70.2_3_off.jpg,违章03,70.25,281,124,291,142,hsv,off,0
违章03/违章03_t70.2_4_off.jpg,违章03,70.25,756,142,766,169,hsv,off,0
违章03/违章03_t70.2_5_off.jpg,违章03,70.25,462,208,479,218,hsv,off,0
违章03/违章03_t70.2_6_off.jpg,违章03,70.25,579,266,608,277,hsv,off,0
违章03/违章03_t70.5_0_stand.jpg,违章03,70.48,1066,65,1080,79,hsv,stand,0
违章03/违章03_t70.5_1_off.jpg,违章03,70.48,1064,101,1083,110,hsv,off,0
违章03/违章03_t70.5_2_off.jpg,违章03,70.48,105,103,129,143,hsv,off,0
违章03/违章03_t70.5_3_off.jpg,违章03,70.48,280,123,292,145,hsv,off,0
违章03/违章03_t70.5_4_off.jpg,违章03,70.48,756,143,767,169,hsv,off,0
违章03/违章03_t70.5_5_off.jpg,违章03,70.48,467,207,479,219,hsv,off,0
违章03/违章03_t70.5_6_off.jpg,违章03,70.48,579,266,608,275,hsv,off,0
违章03/违章03_t70.7_0_stand.jpg,违章03,70.72,1065,101,1079,110,hsv,stand,0
违章03/违章03_t70.7_1_off.jpg,违章03,70.72,281,126,291,144,hsv,off,0
违章03/违章03_t70.7_2_off.jpg,违章03,70.72,756,143,767,170,hsv,off,0
违章03/违章03_t70.7_3_off.jpg,违章03,70.72,638,149,665,182,hsv,off,0
违章03/违章03_t70.7_4_off.jpg,违章03,70.72,465,207,479,220,hsv,off,0
违章03/违章03_t70.7_5_off.jpg,违章03,70.72,579,267,608,276,hsv,off,0
违章03/违章03_t71.0_0_stand.jpg,违章03,70.95,1065,67,1080,81,hsv,stand,0
违章03/违章03_t71.0_1_off.jpg,违章03,70.95,1063,102,1079,111,hsv,off,0
违章03/违章03_t71.0_2_off.jpg,违章03,70.95,105,104,129,144,hsv,off,0
违章03/违章03_t71.0_3_off.jpg,违章03,70.95,280,126,291,144,hsv,off,0
违章03/违章03_t71.0_4_off.jpg,违章03,70.95,755,144,766,171,hsv,off,0
违章03/违章03_t71.0_5_off.jpg,违章03,70.95,637,150,665,183,hsv,off,0
违章03/违章03_t71.0_7_off.jpg,违章03,70.95,464,207,479,221,hsv,off,0
违章03/违章03_t71.0_8_off.jpg,违章03,70.95,579,268,607,278,hsv,off,0
违章03/违章03_t71.2_0_stand.jpg,违章03,71.19,1066,68,1080,81,hsv,stand,0
违章03/违章03_t71.2_1_off.jpg,违章03,71.19,1063,102,1082,111,hsv,off,0
违章03/违章03_t71.2_2_off.jpg,违章03,71.19,105,104,129,145,hsv,off,0
违章03/违章03_t71.2_3_off.jpg,违章03,71.19,279,127,291,146,hsv,off,0
违章03/违章03_t71.2_4_off.jpg,违章03,71.19,755,144,766,171,hsv,off,0
违章03/违章03_t71.2_5_off.jpg,违章03,71.19,638,150,664,183,hsv,off,0
违章03/违章03_t71.2_6_off.jpg,违章03,71.19,297,163,306,172,hsv,off,0
违章03/违章03_t71.2_8_off.jpg,违章03,71.19,464,210,479,221,hsv,off,0
违章03/违章03_t71.2_9_off.jpg,违章03,71.19,576,268,607,278,hsv,off,0
违章03/违章03_t71.4_0_stand.jpg,违章03,71.42,1066,68,1079,81,hsv,stand,0
违章03/违章03_t71.4_1_off.jpg,违章03,71.42,1063,103,1081,111,hsv,off,0
违章03/违章03_t71.4_2_off.jpg,违章03,71.42,755,144,766,171,hsv,off,0
违章03/违章03_t71.4_3_off.jpg,违章03,71.42,464,209,478,222,hsv,off,0
违章03/违章03_t71.4_4_off.jpg,违章03,71.42,577,269,607,278,hsv,off,0
违章03/违章03_t71.7_0_stand.jpg,违章03,71.66,1065,68,1079,82,hsv,stand,0
违章03/违章03_t71.7_1_off.jpg,违章03,71.66,1062,103,1076,112,hsv,off,0
违章03/违章03_t71.7_2_off.jpg,违章03,71.66,755,145,766,172,hsv,off,0
违章03/违章03_t71.7_3_off.jpg,违章03,71.66,464,210,478,223,hsv,off,0
违章03/违章03_t71.7_4_off.jpg,违章03,71.66,578,269,607,279,hsv,off,0
违章03/违章03_t71.9_0_stand.jpg,违章03,71.9,1066,68,1079,82,hsv,stand,0
违章03/违章03_t71.9_1_off.jpg,违章03,71.9,1063,103,1081,112,hsv,off,0
违章03/违章03_t71.9_2_off.jpg,违章03,71.9,281,130,289,146,hsv,off,0
违章03/违章03_t71.9_3_off.jpg,违章03,71.9,755,145,766,172,hsv,off,0
违章03/违章03_t71.9_4_off.jpg,违章03,71.9,466,211,478,222,hsv,off,0
违章03/违章03_t71.9_5_off.jpg,违章03,71.9,577,270,607,279,hsv,off,0
违章03/违章03_t72.1_0_stand.jpg,违章03,72.13,1065,69,1078,83,hsv,stand,0
违章03/违章03_t72.1_1_off.jpg,违章03,72.13,1062,105,1082,113,hsv,off,0
违章03/违章03_t72.1_2_off.jpg,违章03,72.13,105,107,129,147,hsv,off,0
违章03/违章03_t72.1_3_off.jpg,违章03,72.13,755,146,766,173,hsv,off,0
违章03/违章03_t72.1_4_off.jpg,违章03,72.13,464,210,479,223,hsv,off,0
违章03/违章03_t72.1_5_off.jpg,违章03,72.13,578,270,606,280,hsv,off,0
违章03/违章03_t72.4_0_stand.jpg,违章03,72.37,1063,69,1078,83,hsv,stand,0
违章03/违章03_t72.4_1_off.jpg,违章03,72.37,1062,105,1081,113,hsv,off,0
违章03/违章03_t72.4_2_off.jpg,违章03,72.37,755,146,766,173,hsv,off,0
违章03/违章03_t72.4_3_off.jpg,违章03,72.37,301,159,334,188,hsv,off,0
违章03/违章03_t72.4_4_off.jpg,违章03,72.37,460,210,478,224,hsv,off,0
违章03/违章03_t72.4_5_off.jpg,违章03,72.37,578,270,606,280,hsv,off,0
违章03/违章03_t72.6_0_stand.jpg,违章03,72.6,1064,69,1079,83,hsv,stand,0
违章03/违章03_t72.6_1_off.jpg,违章03,72.6,1063,105,1077,114,hsv,off,0
违章03/违章03_t72.6_2_off.jpg,违章03,72.6,105,107,129,148,hsv,off,0
违章03/违章03_t72.6_3_off.jpg,违章03,72.6,756,147,766,173,hsv,off,0
违章03/违章03_t72.6_4_off.jpg,违章03,72.6,464,211,478,225,hsv,off,0
违章03/违章03_t72.6_5_off.jpg,违章03,72.6,220,214,273,254,hsv,off,0
违章03/违章03_t72.6_6_off.jpg,违章03,72.6,580,271,606,281,hsv,off,0
违章03/违章03_t72.8_0_stand.jpg,违章03,72.84,1065,71,1080,84,hsv,stand,0
违章03/违章03_t72.8_1_off.jpg,违章03,72.84,1062,107,1077,115,hsv,off,0
违章03/违章03_t72.8_2_off.jpg,违章03,72.84,106,108,129,149,hsv,off,0
违章03/违章03_t72.8_3_off.jpg,违章03,72.84,280,130,290,148,hsv,off,0
违章03/违章03_t72.8_4_off.jpg,违章03,72.84,755,145,767,175,hsv,off,0
违章03/违章03_t72.8_5_off.jpg,违章03,72.84,498,157,592,204,hsv,off,0
违章03/违章03_t72.8_6_off.jpg,违章03,72.84,462,211,478,226,hsv,off,0
违章03/违章03_t72.8_7_off.jpg,违章03,72.84,220,214,273,254,hsv,off,0
违章03/违章03_t72.8_8_off.jpg,违章03,72.84,580,272,607,282,hsv,off,0
违章03/违章03_t73.1_0_stand.jpg,违章03,73.07,1064,71,1080,85,hsv,stand,0
违章03/违章03_t73.1_1_off.jpg,违章03,73.07,1063,106,1079,115,hsv,off,0
违章03/违章03_t73.1_2_off.jpg,违章03,73.07,106,108,130,149,hsv,off,0
违章03/违章03_t73.1_3_off.jpg,违章03,73.07,281,130,290,148,hsv,off,0
违章03/违章03_t73.1_4_off.jpg,违章03,73.07,756,148,767,175,hsv,off,0
违章03/违章03_t73.1_5_off.jpg,违章03,73.07,498,158,593,204,hsv,off,0
违章03/违章03_t73.1_6_off.jpg,违章03,73.07,465,213,479,226,hsv,off,0
违章03/违章03_t73.1_7_off.jpg,违章03,73.07,221,215,274,255,hsv,off,0
违章03/违章03_t73.1_8_off.jpg,违章03,73.07,580,272,604,282,hsv,off,0
违章03/违章03_t73.3_0_stand.jpg,违章03,73.31,1066,72,1080,85,hsv,stand,0
违章03/违章03_t73.3_2_off.jpg,违章03,73.31,282,130,293,151,hsv,off,0
违章03/违章03_t73.3_3_off.jpg,违章03,73.31,757,148,768,175,hsv,off,0
违章03/违章03_t73.3_4_off.jpg,违章03,73.31,466,212,480,225,hsv,off,0
违章03/违章03_t73.3_5_off.jpg,违章03,73.31,580,273,608,283,hsv,off,0
违章03/违章03_t73.3_6_off.jpg,违章03,73.31,276,353,299,361,hsv,off,0
违章03/违章03_t73.5_0_walk.jpg,违章03,73.55,1067,73,1081,87,hsv,walk,0
违章03/违章03_t73.5_1_off.jpg,违章03,73.55,1064,109,1080,117,hsv,off,0
违章03/违章03_t73.5_2_off.jpg,违章03,73.55,282,131,293,150,hsv,off,0
违章03/违章03_t73.5_3_off.jpg,违章03,73.55,757,149,768,176,hsv,off,0
违章03/违章03_t73.5_4_off.jpg,违章03,73.55,469,212,481,226,hsv,off,0
违章03/违章03_t73.5_5_off.jpg,违章03,73.55,581,273,609,283,hsv,off,0
违章03/违章03_t73.8_0_walk.jpg,违章03,73.78,1067,73,1082,87,hsv,walk,0
违章03/违章03_t73.8_1_off.jpg,违章03,73.78,108,109,133,150,hsv,off,0
违章03/违章03_t73.8_2_off.jpg,违章03,73.78,1065,109,1084,117,hsv,off,0
违章03/违章03_t73.8_3_off.jpg,违章03,73.78,283,132,294,151,hsv,off,0
违章03/违章03_t73.8_4_off.jpg,违章03,73.78,758,150,768,177,hsv,off,0
违章03/违章03_t73.8_5_off.jpg,违章03,73.78,466,214,481,226,hsv,off,0
违章03/违章03_t73.8_6_off.jpg,违章03,73.78,582,274,610,283,hsv,off,0
违章03/违章03_t73.8_8_off.jpg,违章03,73.78,276,354,298,362,hsv,off,0
违章03/违章03_t73.8_9_off.jpg,违章03,73.78,933,457,946,465,hsv,off,0
违章03/违章03_t74.0_0_walk.jpg,违章03,74.02,1068,74,1082,87,hsv,walk,0
违章03/违章03_t74.0_1_off.jpg,违章03,74.02,1065,109,1081,118,hsv,off,0
违章03/违章03_t74.0_2_off.jpg,违章03,74.02,109,110,133,150,hsv,off,0
违章03/违章03_t74.0_3_off.jpg,违章03,74.02,284,131,294,151,hsv,off,0
违章03/违章03_t74.0_4_off.jpg,违章03,74.02,758,150,769,177,hsv,off,0
违章03/违章03_t74.0_5_off.jpg,违章03,74.02,467,213,482,227,hsv,off,0
违章03/违章03_t74.0_6_off.jpg,违章03,74.02,582,274,610,283,hsv,off,0
违章03/违章03_t74.0_8_off.jpg,违章03,74.02,932,458,948,467,hsv,off,0
违章03/违章03_t74.2_0_walk.jpg,违章03,74.25,885,19,895,38,hsv,walk,0
违章03/违章03_t74.2_1_off.jpg,违章03,74.25,283,131,294,153,hsv,off,0
违章03/违章03_t74.2_2_off.jpg,违章03,74.25,758,150,768,177,hsv,off,0
违章03/违章03_t74.2_3_off.jpg,违章03,74.25,640,157,666,190,hsv,off,0
违章03/违章03_t74.2_4_off.jpg,违章03,74.25,465,215,481,227,hsv,off,0
违章03/违章03_t74.2_6_off.jpg,违章03,74.25,932,458,947,468,hsv,off,0
违章03/违章03_t74.5_0_walk.jpg,违章03,74.49,885,20,894,38,hsv,walk,0
违章03/违章03_t74.5_1_off.jpg,违章03,74.49,109,112,133,151,hsv,off,0
违章03/违章03_t74.5_2_off.jpg,违章03,74.49,284,132,294,154,hsv,off,0
违章03/违章03_t74.5_3_off.jpg,违章03,74.49,758,149,768,178,hsv,off,0
违章03/违章03_t74.5_4_off.jpg,违章03,74.49,470,216,481,227,hsv,off,0
违章03/违章03_t74.7_0_walk.jpg,违章03,74.72,884,20,894,38,hsv,walk,0
违章03/违章03_t74.7_1_off.jpg,违章03,74.72,285,135,294,155,hsv,off,0
违章03/违章03_t74.7_2_off.jpg,违章03,74.72,757,149,768,179,hsv,off,0
违章03/违章03_t74.7_3_off.jpg,违章03,74.72,466,217,480,228,hsv,off,0
违章03/违章03_t75.0_0_walk.jpg,违章03,74.96,883,22,893,40,hsv,walk,0
违章03/违章03_t75.0_1_off.jpg,违章03,74.96,108,112,133,154,hsv,off,0
违章03/违章03_t75.0_2_off.jpg,违章03,74.96,284,133,293,155,hsv,off,0
违章03/违章03_t75.0_3_off.jpg,违章03,74.96,757,153,768,180,hsv,off,0
违章03/违章03_t75.0_4_off.jpg,违章03,74.96,640,158,667,192,hsv,off,0
违章03/违章03_t75.0_5_off.jpg,违章03,74.96,466,217,480,230,hsv,off,0
违章03/违章03_t75.2_0_walk.jpg,违章03,75.2,884,23,894,40,hsv,walk,0
违章03/违章03_t75.2_1_off.jpg,违章03,75.2,285,134,294,159,hsv,off,0
违章03/违章03_t75.2_2_off.jpg,违章03,75.2,757,153,768,178,hsv,off,0
违章03/违章03_t75.2_3_off.jpg,违章03,75.2,463,218,481,230,hsv,off,0
违章03/违章03_t75.4_0_walk.jpg,违章03,75.43,884,23,894,41,hsv,walk,0
违章03/违章03_t75.4_1_off.jpg,违章03,75.43,285,135,294,159,hsv,off,0
违章03/违章03_t75.4_2_off.jpg,违章03,75.43,758,154,768,178,hsv,off,0
违章03/违章03_t75.4_3_off.jpg,违章03,75.43,462,219,482,231,hsv,off,0
违章03/违章03_t75.7_0_walk.jpg,违章03,75.67,884,23,894,40,hsv,walk,0
违章03/违章03_t75.7_1_off.jpg,违章03,75.67,109,114,133,155,hsv,off,0
违章03/违章03_t75.7_2_off.jpg,违章03,75.67,285,132,294,159,hsv,off,0
违章03/违章03_t75.7_3_off.jpg,违章03,75.67,758,154,768,178,hsv,off,0
违章03/违章03_t75.7_4_off.jpg,违章03,75.67,640,161,666,194,hsv,off,0
违章03/违章03_t75.7_5_off.jpg,违章03,75.67,467,219,482,231,hsv,off,0
违章03/违章03_t75.9_0_walk.jpg,违章03,75.9,885,23,895,42,hsv,walk,0
违章03/违章03_t75.9_1_off.jpg,违章03,75.9,109,114,134,155,hsv,off,0
违章03/违章03_t75.9_2_off.jpg,违章03,75.9,285,134,294,158,hsv,off,0
违章03/违章03_t75.9_3_off.jpg,违章03,75.9,758,154,769,179,hsv,off,0
违章03/违章03_t75.9_4_off.jpg,违章03,75.9,640,161,666,194,hsv,off,0
违章03/违章03_t75.9_5_off.jpg,违章03,75.9,464,219,482,233,hsv,off,0
违章03/违章03_t76.1_0_walk.jpg,违章03,76.14,885,25,894,42,hsv,walk,0
违章03/违章03_t76.1_1_off.jpg,违章03,76.14,109,115,134,156,hsv,off,0
违章03/违章03_t76.1_2_off.jpg,违章03,76.14,285,134,295,160,hsv,off,0
违章03/违章03_t76.1_3_off.jpg,违章03,76.14,758,153,769,182,hsv,off,0
违章03/违章03_t76.1_4_off.jpg,违章03,76.14,465,220,483,232,hsv,off,0
违章03/违章03_t76.4_0_walk.jpg,违章03,76.37,885,24,895,40,hsv,walk,0
违章03/违章03_t76.4_1_off.jpg,违章03,76.37,110,115,134,155,hsv,off,0
违章03/违章03_t76.4_2_off.jpg,违章03,76.37,285,132,295,159,hsv,off,0
违章03/违章03_t76.4_3_off.jpg,违章03,76.37,758,153,769,182,hsv,off,0
违章03/违章03_t76.4_4_off.jpg,违章03,76.37,641,161,667,194,hsv,off,0
违章03/违章03_t76.4_5_off.jpg,违章03,76.37,471,219,482,232,hsv,off,0
违章03/违章03_t76.6_0_walk.jpg,违章03,76.61,886,24,895,40,hsv,walk,0
违章03/违章03_t76.6_1_off.jpg,违章03,76.61,110,115,134,155,hsv,off,0
违章03/违章03_t76.6_2_off.jpg,违章03,76.61,285,137,296,159,hsv,off,0
违章03/违章03_t76.6_3_off.jpg,违章03,76.61,759,154,770,182,hsv,off,0
违章03/违章03_t76.6_4_off.jpg,违章03,76.61,688,158,730,186,hsv,off,0
违章03/违章03_t76.6_5_off.jpg,违章03,76.61,642,161,667,194,hsv,off,0
违章03/违章03_t76.6_6_off.jpg,违章03,76.61,464,218,482,232,hsv,off,0
违章03/违章03_t76.8_0_walk.jpg,违章03,76.85,886,24,895,41,hsv,walk,0
违章03/违章03_t76.8_1_off.jpg,违章03,76.85,111,115,136,155,hsv,off,0
违章03/违章03_t76.8_2_off.jpg,违章03,76.85,286,136,296,156,hsv,off,0
违章03/违章03_t76.8_3_off.jpg,违章03,76.85,760,154,771,182,hsv,off,0
违章03/违章03_t76.8_4_off.jpg,违章03,76.85,688,158,730,186,hsv,off,0
违章03/违章03_t76.8_5_off.jpg,违章03,76.85,642,161,668,194,hsv,off,0
违章03/违章03_t76.8_6_off.jpg,违章03,76.85,469,218,484,232,hsv,off,0
违章03/违章03_t77.1_0_walk.jpg,违章03,77.08,887,24,896,41,hsv,walk,0
违章03/违章03_t77.1_1_off.jpg,违章03,77.08,111,115,136,155,hsv,off,0
违章03/违章03_t77.1_2_off.jpg,违章03,77.08,286,137,296,156,hsv,off,0
违章03/违章03_t77.1_3_off.jpg,违章03,77.08,759,153,771,182,hsv,off,0
违章03/违章03_t77.1_4_off.jpg,违章03,77.08,466,218,484,232,hsv,off,0
违章03/违章03_t77.3_0_walk.jpg,违章03,77.32,887,24,897,41,hsv,walk,0
违章03/违章03_t77.3_1_off.jpg,违章03,77.32,288,132,298,156,hsv,off,0
违章03/违章03_t77.3_2_off.jpg,违章03,77.32,760,154,771,182,hsv,off,0
违章03/违章03_t77.3_3_off.jpg,违章03,77.32,472,218,484,231,hsv,off,0
违章03/违章03_t77.3_5_off.jpg,违章03,77.32,935,463,943,473,hsv,off,0
违章03/违章03_t77.5_0_walk.jpg,违章03,77.55,887,24,897,40,hsv,walk,0
违章03/违章03_t77.5_1_off.jpg,违章03,77.55,287,135,297,157,hsv,off,0
违章03/违章03_t77.5_2_off.jpg,违章03,77.55,761,154,771,182,hsv,off,0
违章03/违章03_t77.5_3_off.jpg,违章03,77.55,470,217,484,231,hsv,off,0
违章03/违章03_t77.8_0_walk.jpg,违章03,77.79,887,24,897,39,hsv,walk,0
违章03/违章03_t77.8_1_off.jpg,违章03,77.79,287,132,297,156,hsv,off,0
违章03/违章03_t77.8_2_off.jpg,违章03,77.79,761,154,771,182,hsv,off,0
违章03/违章03_t77.8_3_off.jpg,违章03,77.79,504,164,599,211,hsv,off,0
违章03/违章03_t77.8_4_off.jpg,违章03,77.79,470,219,484,231,hsv,off,0
违章03/违章03_t78.0_0_walk.jpg,违章03,78.02,888,24,897,40,hsv,walk,0
违章03/违章03_t78.0_1_off.jpg,违章03,78.02,287,131,298,156,hsv,off,0
违章03/违章03_t78.0_2_off.jpg,违章03,78.02,761,154,772,182,hsv,off,0
违章03/违章03_t78.0_3_off.jpg,违章03,78.02,505,164,599,211,hsv,off,0
违章03/违章03_t78.0_4_off.jpg,违章03,78.02,470,220,484,231,hsv,off,0
违章03/违章03_t78.3_0_walk.jpg,违章03,78.26,889,25,898,41,hsv,walk,0
违章03/违章03_t78.3_1_off.jpg,违章03,78.26,347,53,467,266,hsv,off,0
违章03/违章03_t78.3_2_off.jpg,违章03,78.26,288,136,298,158,hsv,off,0
违章03/违章03_t78.3_3_off.jpg,违章03,78.26,761,154,772,182,hsv,off,0
违章03/违章03_t78.3_4_off.jpg,违章03,78.26,473,218,486,232,hsv,off,0
违章03/违章03_t78.5_0_walk.jpg,违章03,78.5,889,25,898,41,hsv,walk,0
违章03/违章03_t78.5_1_off.jpg,违章03,78.5,348,53,464,266,hsv,off,0
违章03/违章03_t78.5_2_off.jpg,违章03,78.5,114,114,138,155,hsv,off,0
违章03/违章03_t78.5_3_off.jpg,违章03,78.5,288,139,298,160,hsv,off,0
违章03/违章03_t78.5_4_off.jpg,违章03,78.5,761,154,772,182,hsv,off,0
违章03/违章03_t78.5_5_off.jpg,违章03,78.5,994,178,1022,186,hsv,off,0
违章03/违章03_t78.5_6_off.jpg,违章03,78.5,471,218,486,232,hsv,off,0
违章03/违章03_t78.7_0_walk.jpg,违章03,78.73,889,25,898,39,hsv,walk,0
违章03/违章03_t78.7_1_off.jpg,违章03,78.73,348,53,464,266,hsv,off,0
违章03/违章03_t78.7_2_off.jpg,违章03,78.73,289,138,299,157,hsv,off,0
违章03/违章03_t78.7_3_off.jpg,违章03,78.73,762,156,773,183,hsv,off,0
违章03/违章03_t78.7_4_off.jpg,违章03,78.73,474,220,486,233,hsv,off,0
违章03/违章03_t79.0_0_walk.jpg,违章03,78.97,889,26,898,41,hsv,walk,0
违章03/违章03_t79.0_1_off.jpg,违章03,78.97,348,53,464,266,hsv,off,0
违章03/违章03_t79.0_2_off.jpg,违章03,78.97,288,138,299,158,hsv,off,0
违章03/违章03_t79.0_3_off.jpg,违章03,78.97,762,154,773,183,hsv,off,0
违章03/违章03_t79.0_4_off.jpg,违章03,78.97,474,221,486,232,hsv,off,0
违章03/违章03_t79.2_0_walk.jpg,违章03,79.2,889,25,899,43,hsv,walk,0
违章03/违章03_t79.2_1_off.jpg,违章03,79.2,289,137,300,160,hsv,off,0
违章03/违章03_t79.2_2_off.jpg,违章03,79.2,762,157,773,183,hsv,off,0
违章03/违章03_t79.2_3_off.jpg,违章03,79.2,474,222,486,234,hsv,off,0
违章03/违章03_t79.4_0_walk.jpg,违章03,79.44,889,26,900,42,hsv,walk,0
违章03/违章03_t79.4_1_off.jpg,违章03,79.44,113,116,140,157,hsv,off,0
违章03/违章03_t79.4_2_off.jpg,违章03,79.44,289,139,300,158,hsv,off,0
违章03/违章03_t79.4_3_off.jpg,违章03,79.44,762,158,773,184,hsv,off,0
违章03/违章03_t79.4_4_off.jpg,违章03,79.44,472,222,487,234,hsv,off,0
违章03/违章03_t79.7_0_walk.jpg,违章03,79.67,890,27,900,44,hsv,walk,0
违章03/违章03_t79.7_1_off.jpg,违章03,79.67,114,116,140,158,hsv,off,0
违章03/违章03_t79.7_2_off.jpg,违章03,79.67,289,139,300,160,hsv,off,0
违章03/违章03_t79.7_3_off.jpg,违章03,79.67,763,158,774,185,hsv,off,0
违章03/违章03_t79.7_4_off.jpg,违章03,79.67,475,222,487,234,hsv,off,0
违章03/违章03_t79.9_0_walk.jpg,违章03,79.91,891,27,901,44,hsv,walk,0
违章03/违章03_t79.9_1_off.jpg,违章03,79.91,116,117,141,158,hsv,off,0
违章03/违章03_t79.9_2_off.jpg,违章03,79.91,290,139,301,160,hsv,off,0
违章03/违章03_t79.9_3_off.jpg,违章03,79.91,764,158,775,185,hsv,off,0
违章03/违章03_t79.9_4_off.jpg,违章03,79.91,476,223,488,234,hsv,off,0
违章03/违章03_t80.2_0_walk.jpg,违章03,80.15,891,27,902,42,hsv,walk,0
违章03/违章03_t80.2_1_off.jpg,违章03,80.15,119,116,142,158,hsv,off,0
违章03/违章03_t80.2_2_off.jpg,违章03,80.15,291,134,302,160,hsv,off,0
违章03/违章03_t80.2_3_off.jpg,违章03,80.15,765,158,776,185,hsv,off,0
违章03/违章03_t80.2_4_off.jpg,违章03,80.15,477,221,489,234,hsv,off,0
违章03/违章03_t80.4_0_walk.jpg,违章03,80.38,892,28,903,42,hsv,walk,0
违章03/违章03_t80.4_1_off.jpg,违章03,80.38,120,116,143,159,hsv,off,0
违章03/违章03_t80.4_2_off.jpg,违章03,80.38,292,135,303,160,hsv,off,0
违章03/违章03_t80.4_3_off.jpg,违章03,80.38,766,159,777,185,hsv,off,0
违章03/违章03_t80.4_4_off.jpg,违章03,80.38,477,222,490,235,hsv,off,0
违章03/违章03_t80.4_5_off.jpg,违章03,80.38,232,224,282,263,hsv,off,0
违章03/违章03_t80.6_0_walk.jpg,违章03,80.62,893,28,903,43,hsv,walk,0
违章03/违章03_t80.6_1_off.jpg,违章03,80.62,120,117,144,158,hsv,off,0
违章03/违章03_t80.6_2_off.jpg,违章03,80.62,294,139,303,159,hsv,off,0
违章03/违章03_t80.6_3_off.jpg,违章03,80.62,766,158,777,185,hsv,off,0
违章03/违章03_t80.6_4_off.jpg,违章03,80.62,648,165,675,198,hsv,off,0
违章03/违章03_t80.6_5_off.jpg,违章03,80.62,478,222,491,234,hsv,off,0
违章03/违章03_t80.8_0_walk.jpg,违章03,80.85,893,27,904,42,hsv,walk,0
违章03/违章03_t80.8_1_off.jpg,违章03,80.85,121,117,144,158,hsv,off,0
违章03/违章03_t80.8_2_off.jpg,违章03,80.85,294,138,304,158,hsv,off,0
违章03/违章03_t80.8_3_off.jpg,违章03,80.85,767,158,778,185,hsv,off,0
违章03/违章03_t80.8_4_off.jpg,违章03,80.85,478,222,492,235,hsv,off,0
违章03/违章03_t81.1_1_walk.jpg,违章03,81.09,895,25,904,44,hsv,walk,0
违章03/违章03_t81.1_2_off.jpg,违章03,81.09,294,139,305,160,hsv,off,0
违章03/违章03_t81.1_3_off.jpg,违章03,81.09,767,158,778,182,hsv,off,0
违章03/违章03_t81.1_4_off.jpg,违章03,81.09,477,222,493,235,hsv,off,0
违章03/违章03_t81.3_0_walk.jpg,违章03,81.32,894,26,904,43,hsv,walk,0
违章03/违章03_t81.3_1_off.jpg,违章03,81.32,121,118,146,158,hsv,off,0
违章03/违章03_t81.3_2_off.jpg,违章03,81.32,294,139,305,160,hsv,off,0
违章03/违章03_t81.3_3_off.jpg,违章03,81.32,768,158,778,182,hsv,off,0
违章03/违章03_t81.3_4_off.jpg,违章03,81.32,477,222,492,235,hsv,off,0
违章03/违章03_t81.6_0_walk.jpg,违章03,81.56,896,26,906,40,hsv,walk,0
违章03/违章03_t81.6_1_off.jpg,违章03,81.56,1083,98,1091,106,hsv,off,0
违章03/违章03_t81.6_2_off.jpg,违章03,81.56,123,118,147,158,hsv,off,0
违章03/违章03_t81.6_3_off.jpg,违章03,81.56,295,139,306,157,hsv,off,0
违章03/违章03_t81.6_4_off.jpg,违章03,81.56,769,158,780,184,hsv,off,0
违章03/违章03_t81.6_5_off.jpg,违章03,81.56,481,222,494,235,hsv,off,0
违章03/违章03_t81.8_0_walk.jpg,违章03,81.8,897,26,906,39,hsv,walk,0
违章03/违章03_t81.8_1_off.jpg,违章03,81.8,125,117,148,158,hsv,off,0
违章03/违章03_t81.8_2_off.jpg,违章03,81.8,296,141,306,157,hsv,off,0
违章03/违章03_t81.8_3_off.jpg,违章03,81.8,770,158,780,184,hsv,off,0
违章03/违章03_t81.8_4_off.jpg,违章03,81.8,652,163,678,197,hsv,off,0
违章03/违章03_t81.8_5_off.jpg,违章03,81.8,513,166,608,214,hsv,off,0
违章03/违章03_t81.8_7_off.jpg,违章03,81.8,1171,182,1180,190,hsv,off,0
违章03/违章03_t81.8_8_off.jpg,违章03,81.8,479,220,494,235,hsv,off,0
违章03/违章03_t81.8_9_off.jpg,违章03,81.8,236,224,290,263,hsv,off,0
违章03/违章03_t82.0_0_walk.jpg,违章03,82.03,896,27,908,43,hsv,walk,0
违章03/违章03_t82.0_1_off.jpg,违章03,82.03,125,118,148,159,hsv,off,0
违章03/违章03_t82.0_2_off.jpg,违章03,82.03,297,140,309,160,hsv,off,0
违章03/违章03_t82.0_3_off.jpg,违章03,82.03,836,156,909,182,hsv,off,0
违章03/违章03_t82.0_4_off.jpg,违章03,82.03,770,158,781,183,hsv,off,0
违章03/违章03_t82.0_5_off.jpg,违章03,82.03,476,221,495,237,hsv,off,0
违章03/违章03_t82.3_0_walk.jpg,违章03,82.27,897,26,908,42,hsv,walk,0
违章03/违章03_t82.3_1_off.jpg,违章03,82.27,126,118,150,159,hsv,off,0
违章03/违章03_t82.3_2_off.jpg,违章03,82.27,298,140,310,160,hsv,off,0
违章03/违章03_t82.3_3_off.jpg,违章03,82.27,771,159,782,182,hsv,off,0
违章03/违章03_t82.3_4_off.jpg,违章03,82.27,653,164,680,198,hsv,off,0
违章03/违章03_t82.3_5_off.jpg,违章03,82.27,514,166,609,214,hsv,off,0
违章03/违章03_t82.3_6_off.jpg,违章03,82.27,477,221,496,237,hsv,off,0
违章03/违章03_t82.5_0_walk.jpg,违章03,82.5,898,27,908,43,hsv,walk,0
违章03/违章03_t82.5_1_off.jpg,违章03,82.5,127,119,150,159,hsv,off,0
违章03/违章03_t82.5_2_off.jpg,违章03,82.5,297,141,310,161,hsv,off,0
违章03/违章03_t82.5_3_off.jpg,违章03,82.5,772,158,782,185,hsv,off,0
违章03/违章03_t82.5_4_off.jpg,违章03,82.5,653,164,680,198,hsv,off,0
违章03/违章03_t82.5_5_off.jpg,违章03,82.5,514,166,609,215,hsv,off,0
违章03/违章03_t82.5_6_off.jpg,违章03,82.5,481,222,496,236,hsv,off,0
违章03/违章03_t82.7_0_walk.jpg,违章03,82.74,899,28,909,42,hsv,walk,0
违章03/违章03_t82.7_1_off.jpg,违章03,82.74,127,120,152,160,hsv,off,0
违章03/违章03_t82.7_2_off.jpg,违章03,82.74,299,142,310,160,hsv,off,0
违章03/违章03_t82.7_3_off.jpg,违章03,82.74,773,159,783,186,hsv,off,0
违章03/违章03_t82.7_4_off.jpg,违章03,82.74,516,167,611,216,hsv,off,0
违章03/违章03_t82.7_5_off.jpg,违章03,82.74,479,223,497,239,hsv,off,0
违章03/违章03_t83.0_0_walk.jpg,违章03,82.97,898,30,910,45,hsv,walk,0
违章03/违章03_t83.0_1_off.jpg,违章03,82.97,128,120,152,161,hsv,off,0
违章03/违章03_t83.0_2_off.jpg,违章03,82.97,300,143,311,160,hsv,off,0
违章03/违章03_t83.0_3_off.jpg,违章03,82.97,773,160,783,186,hsv,off,0
违章03/违章03_t83.0_4_off.jpg,违章03,82.97,574,169,610,203,hsv,off,0
违章03/违章03_t83.0_5_off.jpg,违章03,82.97,482,223,497,236,hsv,off,0
违章03/违章03_t83.2_0_walk.jpg,违章03,83.21,901,29,910,46,hsv,walk,0
违章03/违章03_t83.2_2_off.jpg,违章03,83.21,302,139,312,163,hsv,off,0
违章03/违章03_t83.2_3_off.jpg,违章03,83.21,774,159,784,187,hsv,off,0
违章03/违章03_t83.5_0_walk.jpg,违章03,83.45,901,29,911,47,hsv,walk,0
违章03/违章03_t83.5_1_off.jpg,违章03,83.45,130,121,154,162,hsv,off,0
违章03/违章03_t83.5_2_off.jpg,违章03,83.45,303,140,312,163,hsv,off,0
违章03/违章03_t83.5_3_off.jpg,违章03,83.45,774,160,785,187,hsv,off,0
违章03/违章03_t83.7_0_walk.jpg,违章03,83.68,901,30,912,47,hsv,walk,0
违章03/违章03_t83.7_1_off.jpg,违章03,83.68,303,143,312,164,hsv,off,0
违章03/违章03_t83.7_2_off.jpg,违章03,83.68,774,161,785,187,hsv,off,0
违章03/违章03_t83.7_4_off.jpg,违章03,83.68,952,467,960,477,hsv,off,0
违章03/违章03_t83.9_0_walk.jpg,违章03,83.92,902,30,913,48,hsv,walk,0
违章03/违章03_t83.9_1_off.jpg,违章03,83.92,130,122,155,163,hsv,off,0
违章03/违章03_t83.9_2_off.jpg,违章03,83.92,303,144,312,162,hsv,off,0
违章03/违章03_t83.9_3_off.jpg,违章03,83.92,775,161,786,187,hsv,off,0
违章03/违章03_t84.2_1_walk.jpg,违章03,84.15,902,30,912,48,hsv,walk,0
违章03/违章03_t84.2_2_off.jpg,违章03,84.15,304,140,314,165,hsv,off,0
违章03/违章03_t84.2_3_off.jpg,违章03,84.15,775,162,786,186,hsv,off,0
违章03/违章03_t84.2_4_off.jpg,违章03,84.15,487,226,501,240,hsv,off,0
违章03/违章03_t84.4_0_walk.jpg,违章03,84.39,902,30,913,48,hsv,walk,0
违章03/违章03_t84.4_2_off.jpg,违章03,84.39,132,122,156,163,hsv,off,0
违章03/违章03_t84.4_3_off.jpg,违章03,84.39,304,143,314,165,hsv,off,0
违章03/违章03_t84.4_4_off.jpg,违章03,84.39,776,161,787,186,hsv,off,0
违章03/违章03_t84.4_5_off.jpg,违章03,84.39,485,225,501,240,hsv,off,0
违章03/违章03_t84.6_0_walk.jpg,违章03,84.62,903,31,914,48,hsv,walk,0
违章03/违章03_t84.6_1_off.jpg,违章03,84.62,132,123,156,163,hsv,off,0
违章03/违章03_t84.6_2_off.jpg,违章03,84.62,305,141,315,164,hsv,off,0
违章03/违章03_t84.6_3_off.jpg,违章03,84.62,776,162,787,189,hsv,off,0
违章03/违章03_t84.6_4_off.jpg,违章03,84.62,488,226,501,240,hsv,off,0
违章03/违章03_t84.9_0_walk.jpg,违章03,84.86,903,31,914,48,hsv,walk,0
违章03/违章03_t84.9_1_off.jpg,违章03,84.86,134,123,157,163,hsv,off,0
违章03/违章03_t84.9_2_off.jpg,违章03,84.86,305,145,315,164,hsv,off,0
违章03/违章03_t84.9_3_off.jpg,违章03,84.86,777,162,788,189,hsv,off,0
违章03/违章03_t84.9_4_off.jpg,违章03,84.86,486,226,502,240,hsv,off,0
违章03/违章03_t85.1_0_walk.jpg,违章03,85.1,904,31,914,48,hsv,walk,0
违章03/违章03_t85.1_2_off.jpg,违章03,85.1,134,121,157,162,hsv,off,0
违章03/违章03_t85.1_3_off.jpg,违章03,85.1,305,141,316,164,hsv,off,0
违章03/违章03_t85.1_4_off.jpg,违章03,85.1,777,162,788,189,hsv,off,0
违章03/违章03_t85.1_5_off.jpg,违章03,85.1,489,225,503,239,hsv,off,0
违章03/违章03_t85.3_0_walk.jpg,违章03,85.33,905,31,914,48,hsv,walk,0
违章03/违章03_t85.3_1_off.jpg,违章03,85.33,305,143,316,164,hsv,off,0
违章03/违章03_t85.3_2_off.jpg,违章03,85.33,777,162,788,189,hsv,off,0
违章03/违章03_t85.3_3_off.jpg,违章03,85.33,490,225,503,239,hsv,off,0
违章03/违章03_t85.6_0_walk.jpg,违章03,85.57,905,32,915,49,hsv,walk,0
违章03/违章03_t85.6_1_off.jpg,违章03,85.57,1092,103,1100,111,hsv,off,0
违章03/违章03_t85.6_2_off.jpg,违章03,85.57,134,121,158,162,hsv,off,0
违章03/违章03_t85.6_3_off.jpg,违章03,85.57,306,142,316,163,hsv,off,0
违章03/违章03_t85.6_4_off.jpg,违章03,85.57,777,162,788,189,hsv,off,0
违章03/违章03_t85.6_5_off.jpg,违章03,85.57,490,226,503,239,hsv,off,0
违章03/违章03_t85.6_6_off.jpg,违章03,85.57,245,229,262,239,hsv,off,0
违章03/违章03_t85.8_0_walk.jpg,违章03,85.8,906,32,916,48,hsv,walk,0
违章03/违章03_t85.8_1_off.jpg,违章03,85.8,135,121,158,162,hsv,off,0
违章03/违章03_t85.8_2_off.jpg,违章03,85.8,306,142,316,161,hsv,off,0
违章03/违章03_t85.8_3_off.jpg,违章03,85.8,778,162,788,189,hsv,off,0
违章03/违章03_t85.8_4_off.jpg,违章03,85.8,660,167,686,201,hsv,off,0
违章03/违章03_t85.8_5_off.jpg,违章03,85.8,490,226,503,238,hsv,off,0
违章03/违章03_t85.8_6_off.jpg,违章03,85.8,245,230,264,240,hsv,off,0
违章03/违章03_t86.0_0_walk.jpg,违章03,86.04,904,31,915,48,hsv,walk,0
违章03/违章03_t86.0_1_off.jpg,违章03,86.04,306,143,315,160,hsv,off,0
违章03/违章03_t86.0_2_off.jpg,违章03,86.04,777,162,788,189,hsv,off,0
违章03/违章03_t86.0_3_off.jpg,违章03,86.04,488,226,504,238,hsv,off,0
违章03/违章03_t86.0_4_off.jpg,违章03,86.04,244,229,272,243,hsv,off,0
违章03/违章03_t86.3_0_walk.jpg,违章03,86.27,904,30,914,48,hsv,walk,0
违章03/违章03_t86.3_1_off.jpg,违章03,86.27,305,143,316,161,hsv,off,0
违章03/违章03_t86.3_2_off.jpg,违章03,86.27,777,162,788,189,hsv,off,0
违章03/违章03_t86.3_3_off.jpg,违章03,86.27,489,226,503,238,hsv,off,0
违章03/违章03_t86.5_0_walk.jpg,违章03,86.51,903,30,914,47,hsv,walk,0
违章03/违章03_t86.5_1_off.jpg,违章03,86.51,133,121,157,162,hsv,off,0
违章03/违章03_t86.5_2_off.jpg,违章03,86.51,305,144,316,160,hsv,off,0
违章03/违章03_t86.5_3_off.jpg,违章03,86.51,778,161,788,188,hsv,off,0
违章03/违章03_t86.5_4_off.jpg,违章03,86.51,486,225,503,239,hsv,off,0
违章03/违章03_t86.8_0_walk.jpg,违章03,86.75,903,29,914,47,hsv,walk,0
违章03/违章03_t86.8_1_off.jpg,违章03,86.75,133,121,156,162,hsv,off,0
违章03/违章03_t86.8_2_off.jpg,违章03,86.75,304,143,315,159,hsv,off,0
违章03/违章03_t86.8_3_off.jpg,违章03,86.75,777,160,787,187,hsv,off,0
违章03/违章03_t86.8_4_off.jpg,违章03,86.75,307,261,327,269,hsv,off,0
违章03/违章03_t87.0_0_walk.jpg,违章03,86.98,905,29,916,47,hsv,walk,0
违章03/违章03_t87.0_1_off.jpg,违章03,86.98,134,121,158,162,hsv,off,0
违章03/违章03_t87.0_2_off.jpg,违章03,86.98,305,144,316,162,hsv,off,0
违章03/违章03_t87.0_3_off.jpg,违章03,86.98,778,160,788,187,hsv,off,0
违章03/违章03_t87.0_5_off.jpg,违章03,86.98,482,225,503,239,hsv,off,0
违章03/违章03_t87.0_6_off.jpg,违章03,86.98,314,258,332,266,hsv,off,0
违章03/违章03_t87.0_7_off.jpg,违章03,86.98,315,266,336,275,hsv,off,0
违章03/违章03_t87.2_0_walk.jpg,违章03,87.22,906,30,917,47,hsv,walk,0
违章03/违章03_t87.2_1_off.jpg,违章03,87.22,134,121,159,161,hsv,off,0
违章03/违章03_t87.2_2_off.jpg,违章03,87.22,306,143,317,160,hsv,off,0
违章03/违章03_t87.2_3_off.jpg,违章03,87.22,779,161,790,185,hsv,off,0
违章03/违章03_t87.2_4_off.jpg,违章03,87.22,660,166,687,201,hsv,off,0
违章03/违章03_t87.2_5_off.jpg,违章03,87.22,318,254,339,262,hsv,off,0
违章03/违章03_t87.2_6_off.jpg,违章03,87.22,317,264,338,274,hsv,off,0
违章03/违章03_t87.5_0_walk.jpg,违章03,87.45,907,30,920,47,hsv,walk,0
违章03/违章03_t87.5_2_off.jpg,违章03,87.45,134,121,158,161,hsv,off,0
违章03/违章03_t87.5_3_off.jpg,违章03,87.45,305,146,316,160,hsv,off,0
违章03/违章03_t87.5_4_off.jpg,违章03,87.45,780,161,791,185,hsv,off,0
违章03/违章03_t87.5_5_off.jpg,违章03,87.45,661,166,688,201,hsv,off,0
违章03/违章03_t87.7_0_walk.jpg,违章03,87.69,909,30,922,47,hsv,walk,0
违章03/违章03_t87.7_2_off.jpg,违章03,87.69,136,121,160,162,hsv,off,0
违章03/违章03_t87.7_3_off.jpg,违章03,87.69,308,146,318,160,hsv,off,0
违章03/违章03_t87.7_4_off.jpg,违章03,87.69,782,162,792,189,hsv,off,0
违章03/违章03_t87.7_5_off.jpg,违章03,87.69,663,166,689,201,hsv,off,0
违章03/违章03_t87.7_6_off.jpg,违章03,87.69,524,170,619,218,hsv,off,0
违章03/违章03_t87.9_0_walk.jpg,违章03,87.92,910,31,924,49,hsv,walk,0
违章03/违章03_t87.9_2_off.jpg,违章03,87.92,137,121,161,162,hsv,off,0
违章03/违章03_t87.9_3_off.jpg,违章03,87.92,310,142,319,164,hsv,off,0
违章03/违章03_t87.9_4_off.jpg,违章03,87.92,783,162,794,190,hsv,off,0
违章03/违章03_t87.9_5_off.jpg,违章03,87.92,338,252,354,260,hsv,off,0
违章03/违章03_t87.9_6_off.jpg,违章03,87.92,334,264,355,272,hsv,off,0
违章03/违章03_t88.2_0_walk.jpg,违章03,88.16,910,32,921,50,hsv,walk,0
违章03/违章03_t88.2_1_off.jpg,违章03,88.16,1098,105,1110,113,hsv,off,0
违章03/违章03_t88.2_2_off.jpg,违章03,88.16,138,123,161,163,hsv,off,0
违章03/违章03_t88.2_3_off.jpg,违章03,88.16,309,145,319,166,hsv,off,0
违章03/违章03_t88.2_4_off.jpg,违章03,88.16,783,162,794,191,hsv,off,0
违章03/违章03_t88.2_5_off.jpg,违章03,88.16,525,172,620,221,hsv,off,0
违章03/违章03_t88.2_6_off.jpg,违章03,88.16,338,252,356,262,hsv,off,0
违章03/违章03_t88.2_7_off.jpg,违章03,88.16,338,265,356,273,hsv,off,0
违章03/违章03_t88.2_8_off.jpg,违章03,88.16,21,320,29,331,hsv,off,0
违章03/违章03_t88.4_0_walk.jpg,违章03,88.4,913,33,927,52,hsv,walk,0
违章03/违章03_t88.4_1_off.jpg,违章03,88.4,1100,106,1111,114,hsv,off,0
违章03/违章03_t88.4_2_off.jpg,违章03,88.4,1100,121,1114,132,hsv,off,0
违章03/违章03_t88.4_3_off.jpg,违章03,88.4,143,123,166,164,hsv,off,0
违章03/违章03_t88.4_4_off.jpg,违章03,88.4,312,144,323,164,hsv,off,0
违章03/违章03_t88.4_5_off.jpg,违章03,88.4,786,162,796,192,hsv,off,0
违章03/违章03_t88.4_6_off.jpg,违章03,88.4,528,173,623,221,hsv,off,0
违章03/违章03_t88.4_7_off.jpg,违章03,88.4,24,337,53,385,hsv,off,0
违章03/违章03_t88.6_0_walk.jpg,违章03,88.63,914,34,926,53,hsv,walk,0
违章03/违章03_t88.6_2_off.jpg,违章03,88.63,147,123,170,164,hsv,off,0
违章03/违章03_t88.6_3_off.jpg,违章03,88.63,1104,123,1113,134,hsv,off,0
违章03/违章03_t88.6_4_off.jpg,违章03,88.63,315,145,326,163,hsv,off,0
违章03/违章03_t88.6_5_off.jpg,违章03,88.63,788,166,799,192,hsv,off,0
违章03/违章03_t88.6_6_off.jpg,违章03,88.63,531,173,627,221,hsv,off,0
违章03/违章03_t88.6_7_off.jpg,违章03,88.63,6,322,35,372,hsv,off,0
违章03/违章03_t88.9_0_walk.jpg,违章03,88.87,922,33,932,52,hsv,walk,0
违章03/违章03_t88.9_2_off.jpg,违章03,88.87,154,122,177,162,hsv,off,0
违章03/违章03_t88.9_4_off.jpg,违章03,88.87,324,144,333,164,hsv,off,0
违章03/违章03_t88.9_5_off.jpg,违章03,88.87,794,164,805,191,hsv,off,0
违章03/违章03_t88.9_6_off.jpg,违章03,88.87,374,265,394,284,hsv,off,0
违章03/违章03_t88.9_7_off.jpg,违章03,88.87,0,350,9,369,hsv,off,0
违章03/违章03_t89.1_0_walk.jpg,违章03,89.1,933,29,944,47,hsv,walk,0
违章03/违章03_t89.1_2_off.jpg,违章03,89.1,166,119,190,158,hsv,off,0
违章03/违章03_t89.1_4_off.jpg,违章03,89.1,336,141,345,157,hsv,off,0
违章03/违章03_t89.1_5_off.jpg,违章03,89.1,805,161,816,187,hsv,off,0
违章03/违章03_t89.1_6_off.jpg,违章03,89.1,518,224,531,237,hsv,off,0
违章03/违章03_t89.1_7_off.jpg,违章03,89.1,387,254,411,275,hsv,off,0
违章03/违章03_t89.3_0_walk.jpg,违章03,89.34,945,26,955,42,hsv,walk,0
违章03/违章03_t89.3_2_off.jpg,违章03,89.34,175,115,198,154,hsv,off,0
违章03/违章03_t89.3_3_off.jpg,违章03,89.34,1135,116,1146,125,hsv,off,0
违章03/违章03_t89.3_4_off.jpg,违章03,89.34,343,136,352,155,hsv,off,0
违章03/违章03_t89.3_5_off.jpg,违章03,89.34,814,158,825,184,hsv,off,0
违章03/违章03_t89.3_6_off.jpg,违章03,89.34,696,162,723,195,hsv,off,0
违章03/违章03_t89.3_7_off.jpg,违章03,89.34,524,220,539,234,hsv,off,0
违章03/违章03_t89.3_8_off.jpg,违章03,89.34,400,250,422,270,hsv,off,0
违章03/违章03_t89.6_0_walk.jpg,违章03,89.58,958,24,969,43,hsv,walk,0
违章03/违章03_t89.6_2_off.jpg,违章03,89.58,187,113,210,153,hsv,off,0
违章03/违章03_t89.6_3_off.jpg,违章03,89.58,1148,117,1159,126,hsv,off,0
违章03/违章03_t89.6_4_off.jpg,违章03,89.58,354,136,363,153,hsv,off,0
违章03/违章03_t89.6_5_off.jpg,违章03,89.58,1142,149,1280,219,hsv,off,0
违章03/违章03_t89.6_6_off.jpg,违章03,89.58,828,158,838,184,hsv,off,0
违章03/违章03_t89.6_7_off.jpg,违章03,89.58,708,161,735,195,hsv,off,0
违章03/违章03_t89.6_8_off.jpg,违章03,89.58,328,218,338,226,hsv,off,0
违章03/违章03_t89.6_9_off.jpg,违章03,89.58,331,234,346,243,hsv,off,0
违章03/违章03_t89.6_10_off.jpg,违章03,89.58,328,246,342,256,hsv,off,0
违章03/违章03_t89.8_0_walk.jpg,违章03,89.81,970,22,982,40,hsv,walk,0
违章03/违章03_t89.8_1_off.jpg,违章03,89.81,1161,97,1171,106,hsv,off,0
违章03/违章03_t89.8_2_off.jpg,违章03,89.81,201,111,223,150,hsv,off,0
违章03/违章03_t89.8_3_off.jpg,违章03,89.81,1162,114,1173,122,hsv,off,0
违章03/违章03_t89.8_4_off.jpg,违章03,89.81,365,133,375,151,hsv,off,0
违章03/违章03_t89.8_5_off.jpg,违章03,89.81,1155,144,1280,217,hsv,off,0
违章03/违章03_t89.8_6_off.jpg,违章03,89.81,839,154,850,182,hsv,off,0
违章03/违章03_t89.8_7_off.jpg,违章03,89.81,720,160,745,194,hsv,off,0
违章03/违章03_t90.0_0_walk.jpg,违章03,90.05,977,19,988,38,hsv,walk,0
违章03/违章03_t90.0_1_off.jpg,违章03,90.05,1168,95,1179,103,hsv,off,0
违章03/违章03_t90.0_2_off.jpg,违章03,90.05,206,109,229,150,hsv,off,0
违章03/违章03_t90.0_3_off.jpg,违章03,90.05,1170,111,1181,121,hsv,off,0
违章03/违章03_t90.0_4_off.jpg,违章03,90.05,370,132,380,152,hsv,off,0
违章03/违章03_t90.0_5_off.jpg,违章03,90.05,846,153,857,181,hsv,off,0
违章03/违章03_t90.0_6_off.jpg,违章03,90.05,726,158,752,193,hsv,off,0
违章03/违章03_t90.0_7_off.jpg,违章03,90.05,332,214,363,252,hsv,off,0
违章03/违章03_t90.3_0_walk.jpg,违章03,90.28,984,18,995,35,hsv,walk,0
违章03/违章03_t90.3_2_off.jpg,违章03,90.28,215,109,236,149,hsv,off,0
违章03/违章03_t90.3_3_off.jpg,违章03,90.28,1177,109,1189,119,hsv,off,0
违章03/违章03_t90.3_4_off.jpg,违章03,90.28,377,131,387,148,hsv,off,0
违章03/违章03_t90.3_5_off.jpg,违章03,90.28,852,152,863,179,hsv,off,0
违章03/违章03_t90.3_6_off.jpg,违章03,90.28,332,214,371,251,hsv,off,0
违章03/违章03_t90.5_0_walk.jpg,违章03,90.52,988,17,999,35,hsv,walk,0
违章03/违章03_t90.5_1_off.jpg,违章03,90.52,1180,91,1191,99,hsv,off,0
违章03/违章03_t90.5_2_off.jpg,违章03,90.52,1182,109,1192,118,hsv,off,0
违章03/违章03_t90.5_3_off.jpg,违章03,90.52,219,111,240,150,hsv,off,0
违章03/违章03_t90.5_4_off.jpg,违章03,90.52,381,132,390,149,hsv,off,0
违章03/违章03_t90.5_5_off.jpg,违章03,90.52,856,152,867,179,hsv,off,0
违章03/违章03_t90.5_6_off.jpg,违章03,90.52,595,159,689,209,hsv,off,0
违章03/违章03_t90.5_7_off.jpg,违章03,90.52,0,287,15,304,hsv,off,0
违章03/违章03_t90.5_8_off.jpg,违章03,90.52,0,322,13,348,hsv,off,0
违章03/违章03_t90.5_11_off.jpg,违章03,90.52,0,385,10,395,hsv,off,0
违章03/违章03_t90.8_0_walk.jpg,违章03,90.75,991,17,1002,35,hsv,walk,0
违章03/违章03_t90.8_2_off.jpg,违章03,90.75,1178,108,1196,118,hsv,off,0
违章03/违章03_t90.8_3_off.jpg,违章03,90.75,222,113,243,152,hsv,off,0
违章03/违章03_t90.8_5_off.jpg,违章03,90.75,1181,141,1280,213,hsv,off,0
违章03/违章03_t90.8_6_off.jpg,违章03,90.75,860,153,871,180,hsv,off,0
违章03/违章03_t90.8_7_off.jpg,违章03,90.75,739,157,764,193,hsv,off,0
违章03/违章03_t90.8_8_off.jpg,违章03,90.75,599,161,693,210,hsv,off,0
违章03/违章03_t90.8_9_off.jpg,违章03,90.75,10,330,36,345,hsv,off,0
违章03/违章03_t91.0_0_walk.jpg,违章03,90.99,999,14,1012,32,hsv,walk,0
违章03/违章03_t91.0_1_off.jpg,违章03,90.99,1193,88,1206,98,hsv,off,0
违章03/违章03_t91.0_2_off.jpg,违章03,90.99,1188,104,1210,117,hsv,off,0
违章03/违章03_t91.0_3_off.jpg,违章03,90.99,228,109,248,149,hsv,off,0
违章03/违章03_t91.0_4_off.jpg,违章03,90.99,392,133,400,150,hsv,off,0
违章03/违章03_t91.0_5_off.jpg,违章03,90.99,867,150,878,177,hsv,off,0
违章03/违章03_t91.0_6_off.jpg,违章03,90.99,604,158,698,208,hsv,off,0
违章03/违章03_t91.0_8_off.jpg,违章03,90.99,429,237,444,245,hsv,off,0
违章03/违章03_t91.2_0_walk.jpg,违章03,91.23,1002,12,1016,31,hsv,walk,0
违章03/违章03_t91.2_1_off.jpg,违章03,91.23,1198,86,1211,96,hsv,off,0
违章03/违章03_t91.2_2_off.jpg,违章03,91.23,1191,102,1213,116,hsv,off,0
违章03/违章03_t91.2_3_off.jpg,违章03,91.23,232,110,252,150,hsv,off,0
违章03/违章03_t91.2_4_off.jpg,违章03,91.23,394,129,403,148,hsv,off,0
违章03/违章03_t91.2_5_off.jpg,违章03,91.23,1193,137,1280,211,hsv,off,0
违章03/违章03_t91.2_6_off.jpg,违章03,91.23,869,148,880,177,hsv,off,0
违章03/违章03_t91.2_7_off.jpg,违章03,91.23,747,154,773,190,hsv,off,0
违章03/违章03_t91.2_8_off.jpg,违章03,91.23,608,157,701,207,hsv,off,0
违章03/违章03_t91.2_10_off.jpg,违章03,91.23,339,213,383,250,hsv,off,0
违章03/违章03_t91.2_11_off.jpg,违章03,91.23,424,236,441,249,hsv,off,0
违章03/违章03_t91.2_14_off.jpg,违章03,91.23,346,366,363,376,hsv,off,0
违章03/违章03_t91.5_0_walk.jpg,违章03,91.46,1003,15,1017,32,hsv,walk,0
违章03/违章03_t91.5_1_off.jpg,违章03,91.46,1200,88,1214,96,hsv,off,0
违章03/违章03_t91.5_2_off.jpg,违章03,91.46,1204,105,1216,114,hsv,off,0
违章03/违章03_t91.5_3_off.jpg,违章03,91.46,233,113,254,152,hsv,off,0
违章03/违章03_t91.5_4_off.jpg,违章03,91.46,395,134,405,151,hsv,off,0
违章03/违章03_t91.5_5_off.jpg,违章03,91.46,1194,138,1280,211,hsv,off,0
违章03/违章03_t91.5_6_off.jpg,违章03,91.46,871,150,881,178,hsv,off,0
违章03/违章03_t91.5_7_off.jpg,违章03,91.46,749,156,773,191,hsv,off,0
违章03/违章03_t91.5_8_off.jpg,违章03,91.46,609,158,702,208,hsv,off,0
违章03/违章03_t91.5_10_off.jpg,违章03,91.46,341,215,384,252,hsv,off,0
违章03/违章03_t91.5_11_off.jpg,违章03,91.46,415,235,437,253,hsv,off,0
违章03/违章03_t91.7_1_walk.jpg,违章03,91.7,1003,17,1017,35,hsv,walk,0
违章03/违章03_t91.7_2_off.jpg,违章03,91.7,1201,90,1213,100,hsv,off,0
违章03/违章03_t91.7_3_off.jpg,违章03,91.7,1204,108,1215,118,hsv,off,0
违章03/违章03_t91.7_4_off.jpg,违章03,91.7,235,116,256,154,hsv,off,0
违章03/违章03_t91.7_5_off.jpg,违章03,91.7,396,136,405,152,hsv,off,0
违章03/违章03_t91.7_6_off.jpg,违章03,91.7,872,151,882,181,hsv,off,0
违章03/违章03_t91.7_7_off.jpg,违章03,91.7,797,157,839,186,hsv,off,0
违章03/违章03_t91.7_8_off.jpg,违章03,91.7,610,161,704,211,hsv,off,0
违章03/违章03_t91.7_9_off.jpg,违章03,91.7,1194,170,1243,204,hsv,off,0
违章03/违章03_t91.7_10_off.jpg,违章03,91.7,341,217,386,254,hsv,off,0
违章03/违章03_t91.7_11_off.jpg,违章03,91.7,413,237,438,256,hsv,off,0
违章03/违章03_t91.7_12_off.jpg,违章03,91.7,87,296,103,309,hsv,off,0
违章03/违章03_t91.7_15_off.jpg,违章03,91.7,351,370,365,379,hsv,off,0
违章03/违章03_t91.9_0_walk.jpg,违章03,91.93,1002,21,1016,39,hsv,walk,0
违章03/违章03_t91.9_1_off.jpg,违章03,91.93,1200,94,1213,103,hsv,off,0
违章03/违章03_t91.9_2_off.jpg,违章03,91.93,1200,110,1214,121,hsv,off,0
违章03/违章03_t91.9_3_off.jpg,违章03,91.93,235,119,256,158,hsv,off,0
违章03/违章03_t91.9_4_off.jpg,违章03,91.93,1203,146,1280,219,hsv,off,0
违章03/违章03_t91.9_5_off.jpg,违章03,91.93,871,157,882,185,hsv,off,0
违章03/违章03_t91.9_6_off.jpg,违章03,91.93,57,283,76,300,hsv,off,0
违章03/违章03_t91.9_10_off.jpg,违章03,91.93,351,374,369,383,hsv,off,0
违章03/违章03_t92.2_0_walk.jpg,违章03,92.17,997,26,1010,42,hsv,walk,0
违章03/违章03_t92.2_1_off.jpg,违章03,92.17,1195,101,1207,109,hsv,off,0
违章03/违章03_t92.2_3_off.jpg,违章03,92.17,231,124,251,163,hsv,off,0
违章03/违章03_t92.2_4_off.jpg,违章03,92.17,390,144,401,161,hsv,off,0
违章03/违章03_t92.2_5_off.jpg,违章03,92.17,1188,149,1280,224,hsv,off,0
违章03/违章03_t92.2_6_off.jpg,违章03,92.17,934,157,1034,187,hsv,off,0
违章03/违章03_t92.2_7_off.jpg,违章03,92.17,866,162,877,190,hsv,off,0
违章03/违章03_t92.2_8_off.jpg,违章03,92.17,743,167,768,203,hsv,off,0
违章03/违章03_t92.2_9_off.jpg,违章03,92.17,405,244,427,260,hsv,off,0
违章03/违章03_t92.2_10_off.jpg,违章03,92.17,25,290,42,304,hsv,off,0
违章03/违章03_t92.2_13_off.jpg,违章03,92.17,347,378,359,387,hsv,off,0
违章03/违章03_t92.4_1_off.jpg,违章03,92.4,735,11,754,19,hsv,off,0
违章03/违章03_t92.4_3_walk.jpg,违章03,92.4,990,35,1003,50,hsv,walk,0
违章03/违章03_t92.4_4_off.jpg,违章03,92.4,1187,106,1199,116,hsv,off,0
违章03/违章03_t92.4_5_off.jpg,违章03,92.4,1180,122,1203,135,hsv,off,0
违章03/违章03_t92.4_6_off.jpg,违章03,92.4,225,128,246,168,hsv,off,0
违章03/违章03_t92.4_7_off.jpg,违章03,92.4,387,153,396,167,hsv,off,0
违章03/违章03_t92.4_8_off.jpg,违章03,92.4,1179,157,1280,231,hsv,off,0
违章03/违章03_t92.4_10_off.jpg,违章03,92.4,859,168,870,196,hsv,off,0
违章03/违章03_t92.4_11_off.jpg,违章03,92.4,786,170,828,200,hsv,off,0
违章03/违章03_t92.4_12_off.jpg,违章03,92.4,737,173,763,209,hsv,off,0
违章03/违章03_t92.4_13_off.jpg,违章03,92.4,599,176,691,225,hsv,off,0
违章03/违章03_t92.4_14_off.jpg,违章03,92.4,341,383,353,391,hsv,off,0
违章03/违章03_t92.6_0_off.jpg,违章03,92.64,794,6,812,14,hsv,off,0
违章03/违章03_t92.6_4_walk.jpg,违章03,92.64,988,35,1002,54,hsv,walk,0
违章03/违章03_t92.6_5_off.jpg,违章03,92.64,1183,110,1196,118,hsv,off,0
违章03/违章03_t92.6_6_off.jpg,违章03,92.64,1178,126,1198,138,hsv,off,0
违章03/违章03_t92.6_7_off.jpg,违章03,92.64,224,131,246,170,hsv,off,0
违章03/违章03_t92.6_8_off.jpg,违章03,92.64,385,150,395,171,hsv,off,0
违章03/违章03_t92.6_9_off.jpg,违章03,92.64,599,178,692,228,hsv,off,0
违章03/违章03_t92.6_10_off.jpg,违章03,92.64,400,251,421,267,hsv,off,0
违章03/违章03_t92.9_0_walk.jpg,违章03,92.88,989,37,1002,56,hsv,walk,0
违章03/违章03_t92.9_2_off.jpg,违章03,92.88,1186,127,1200,138,hsv,off,0
违章03/违章03_t92.9_3_off.jpg,违章03,92.88,227,130,249,170,hsv,off,0
违章03/违章03_t92.9_4_off.jpg,违章03,92.88,389,149,398,172,hsv,off,0
违章03/违章03_t92.9_5_off.jpg,违章03,92.88,858,170,870,198,hsv,off,0
违章03/违章03_t92.9_6_off.jpg,违章03,92.88,600,179,694,227,hsv,off,0
违章03/违章03_t92.9_7_off.jpg,违章03,92.88,404,251,425,268,hsv,off,0
违章03/违章03_t93.1_0_walk.jpg,违章03,93.11,995,40,1007,58,hsv,walk,0
违章03/违章03_t93.1_1_off.jpg,违章03,93.11,1191,113,1203,122,hsv,off,0
违章03/违章03_t93.1_2_off.jpg,违章03,93.11,1186,129,1207,142,hsv,off,0
违章03/违章03_t93.1_3_off.jpg,违章03,93.11,232,134,253,173,hsv,off,0
违章03/违章03_t93.1_4_off.jpg,违章03,93.11,392,153,402,172,hsv,off,0
违章03/违章03_t93.1_5_off.jpg,违章03,93.11,863,174,874,201,hsv,off,0
违章03/违章03_t93.1_7_off.jpg,违章03,93.11,411,256,433,272,hsv,off,0
违章03/违章03_t93.3_1_walk.jpg,违章03,93.35,996,46,1009,64,hsv,walk,0
违章03/违章03_t93.3_3_off.jpg,违章03,93.35,1195,135,1207,145,hsv,off,0
违章03/违章03_t93.3_4_off.jpg,违章03,93.35,237,141,258,179,hsv,off,0
违章03/违章03_t93.3_5_off.jpg,违章03,93.35,397,160,406,178,hsv,off,0
违章03/违章03_t93.3_6_off.jpg,违章03,93.35,1183,169,1280,242,hsv,off,0
违章03/违章03_t93.3_7_off.jpg,违章03,93.35,865,179,877,207,hsv,off,0
违章03/违章03_t93.3_8_off.jpg,违章03,93.35,1111,202,1139,210,hsv,off,0
违章03/违章03_t93.3_9_off.jpg,违章03,93.35,572,242,591,256,hsv,off,0
违章03/违章03_t93.3_10_off.jpg,违章03,93.35,416,261,437,277,hsv,off,0
违章03/违章03_t93.3_11_off.jpg,违章03,93.35,0,348,35,394,hsv,off,0
违章03/违章03_t93.6_1_walk.jpg,违章03,93.58,997,46,1010,63,hsv,walk,0
违章03/违章03_t93.6_2_off.jpg,违章03,93.58,1196,118,1207,126,hsv,off,0
违章03/违章03_t93.6_3_off.jpg,违章03,93.58,1198,135,1210,144,hsv,off,0
违章03/违章03_t93.6_4_off.jpg,违章03,93.58,238,140,260,179,hsv,off,0
违章03/违章03_t93.6_5_off.jpg,违章03,93.58,398,157,408,180,hsv,off,0
违章03/违章03_t93.6_6_off.jpg,违章03,93.58,1187,167,1280,241,hsv,off,0
违章03/违章03_t93.6_7_off.jpg,违章03,93.58,867,178,878,206,hsv,off,0
违章03/违章03_t93.6_8_off.jpg,违章03,93.58,614,187,702,234,hsv,off,0
违章03/违章03_t93.6_9_off.jpg,违章03,93.58,345,239,387,279,hsv,off,0
违章03/违章03_t93.6_10_off.jpg,违章03,93.58,40,337,72,382,hsv,off,0
违章03/违章03_t93.8_0_walk.jpg,违章03,93.82,1005,47,1016,63,hsv,walk,0
违章03/违章03_t93.8_3_off.jpg,违章03,93.82,245,141,267,180,hsv,off,0
违章03/违章03_t93.8_4_off.jpg,违章03,93.82,405,160,415,179,hsv,off,0
违章03/违章03_t93.8_5_off.jpg,违章03,93.82,873,177,884,206,hsv,off,0
违章03/违章03_t93.8_6_off.jpg,违章03,93.82,615,188,710,235,hsv,off,0
违章03/违章03_t93.8_8_off.jpg,违章03,93.82,425,263,445,277,hsv,off,0
违章03/违章03_t93.8_9_off.jpg,违章03,93.82,86,318,108,367,hsv,off,0
违章03/违章03_t94.0_0_walk.jpg,违章03,94.05,1012,50,1023,67,hsv,walk,0
违章03/违章03_t94.0_1_off.jpg,违章03,94.05,253,145,274,184,hsv,off,0
违章03/违章03_t94.0_2_off.jpg,违章03,94.05,411,167,421,182,hsv,off,0
违章03/违章03_t94.0_3_off.jpg,违章03,94.05,878,181,890,210,hsv,off,0
违章03/违章03_t94.0_4_off.jpg,违章03,94.05,621,191,714,238,hsv,off,0
违章03/违章03_t94.0_5_off.jpg,违章03,94.05,356,247,387,281,hsv,off,0
违章03/违章03_t94.0_6_off.jpg,违章03,94.05,430,264,450,273,hsv,off,0
违章03/违章03_t94.0_8_off.jpg,违章03,94.05,125,323,133,339,hsv,off,0
违章03/违章03_t94.0_9_off.jpg,违章03,94.05,110,339,132,368,hsv,off,0
违章03/违章03_t94.3_0_off.jpg,违章03,94.29,935,0,975,12,hsv,off,0
违章03/违章03_t94.3_1_walk.jpg,违章03,94.29,1015,51,1026,68,hsv,walk,0
违章03/违章03_t94.3_4_off.jpg,违章03,94.29,256,146,278,185,hsv,off,0
违章03/违章03_t94.3_5_off.jpg,违章03,94.29,415,165,424,182,hsv,off,0
违章03/违章03_t94.3_6_off.jpg,违章03,94.29,1219,174,1280,246,hsv,off,0
违章03/违章03_t94.3_7_off.jpg,违章03,94.29,882,185,893,211,hsv,off,0
违章03/违章03_t94.3_8_off.jpg,违章03,94.29,808,188,851,215,hsv,off,0
违章03/违章03_t94.3_9_off.jpg,违章03,94.29,624,193,718,240,hsv,off,0
违章03/违章03_t94.3_10_off.jpg,违章03,94.29,394,242,404,250,hsv,off,0
违章03/违章03_t94.3_11_off.jpg,违章03,94.29,432,266,445,279,hsv,off,0
违章03/违章03_t94.3_13_off.jpg,违章03,94.29,127,342,148,370,hsv,off,0
违章03/违章03_t94.5_0_off.jpg,违章03,94.53,939,0,979,13,hsv,off,0
违章03/违章03_t94.5_1_walk.jpg,违章03,94.53,1019,51,1029,68,hsv,walk,0
违章03/违章03_t94.5_3_off.jpg,违章03,94.53,260,148,281,186,hsv,off,0
违章03/违章03_t94.5_4_off.jpg,违章03,94.53,417,168,427,184,hsv,off,0
违章03/违章03_t94.5_5_off.jpg,违章03,94.53,885,186,896,212,hsv,off,0
违章03/违章03_t94.5_6_off.jpg,违章03,94.53,627,194,722,241,hsv,off,0
违章03/违章03_t94.5_8_off.jpg,违章03,94.53,119,340,139,367,hsv,off,0
违章03/违章03_t94.8_0_off.jpg,违章03,94.76,939,3,969,14,hsv,off,0
违章03/违章03_t94.8_1_walk.jpg,违章03,94.76,1020,52,1030,71,hsv,walk,0
违章03/违章03_t94.8_3_off.jpg,违章03,94.76,262,147,282,187,hsv,off,0
违章03/违章03_t94.8_4_off.jpg,违章03,94.76,419,167,429,188,hsv,off,0
违章03/违章03_t94.8_5_off.jpg,违章03,94.76,885,184,897,213,hsv,off,0
违章03/违章03_t94.8_7_off.jpg,违章03,94.76,539,249,612,293,hsv,off,0
违章03/违章03_t94.8_9_off.jpg,违章03,94.76,112,335,132,365,hsv,off,0
违章03/违章03_t95.0_0_walk.jpg,违章03,95.0,940,3,980,16,hsv,walk,0
违章03/违章03_t95.0_1_off.jpg,违章03,95.0,1020,54,1031,72,hsv,off,0
违章03/违章03_t95.0_3_off.jpg,违章03,95.0,263,149,284,187,hsv,off,0
违章03/违章03_t95.0_4_off.jpg,违章03,95.0,421,170,431,189,hsv,off,0
违章03/违章03_t95.0_6_off.jpg,违章03,95.0,132,338,151,362,hsv,off,0
违章03/违章03_t95.2_0_walk.jpg,违章03,95.23,942,9,955,17,hsv,walk,0
违章03/违章03_t95.2_1_off.jpg,违章03,95.23,1022,55,1033,72,hsv,off,0
违章03/违章03_t95.2_2_off.jpg,违章03,95.23,267,152,288,191,hsv,off,0
违章03/违章03_t95.2_3_off.jpg,违章03,95.23,423,166,433,192,hsv,off,0
违章03/违章03_t95.2_4_off.jpg,违章03,95.23,890,189,900,216,hsv,off,0
违章03/违章03_t95.2_5_off.jpg,违章03,95.23,837,193,857,220,hsv,off,0
违章03/违章03_t95.2_6_off.jpg,违章03,95.23,769,194,788,228,hsv,off,0
违章03/违章03_t95.2_7_off.jpg,违章03,95.23,148,297,161,312,hsv,off,0
违章03/违章03_t95.2_8_off.jpg,违章03,95.23,481,306,504,318,hsv,off,0
违章03/违章03_t95.2_10_off.jpg,违章03,95.23,104,340,142,375,hsv,off,0
违章03/违章03_t95.5_0_walk.jpg,违章03,95.47,942,10,955,18,hsv,walk,0
违章03/违章03_t95.5_1_off.jpg,违章03,95.47,834,22,881,36,hsv,off,0
违章03/违章03_t95.5_2_off.jpg,违章03,95.47,1021,58,1033,74,hsv,off,0
违章03/违章03_t95.5_4_off.jpg,违章03,95.47,266,154,287,190,hsv,off,0
违章03/违章03_t95.5_5_off.jpg,违章03,95.47,423,171,433,193,hsv,off,0
违章03/违章03_t95.5_6_off.jpg,违章03,95.47,889,191,900,218,hsv,off,0
违章03/违章03_t95.5_7_off.jpg,违章03,95.47,632,199,715,246,hsv,off,0
违章03/违章03_t95.5_8_off.jpg,违章03,95.47,596,253,615,268,hsv,off,0
违章03/违章03_t95.5_9_off.jpg,违章03,95.47,481,306,505,318,hsv,off,0
违章03/违章03_t95.5_10_off.jpg,违章03,95.47,143,309,169,332,hsv,off,0
违章03/违章03_t95.5_11_off.jpg,违章03,95.47,140,335,158,360,hsv,off,0
违章03/违章03_t95.5_12_off.jpg,违章03,95.47,104,348,127,373,hsv,off,0
违章03/违章03_t95.7_0_walk.jpg,违章03,95.7,944,4,991,18,hsv,walk,0
违章03/违章03_t95.7_1_off.jpg,违章03,95.7,1024,56,1035,75,hsv,off,0
违章03/违章03_t95.7_2_off.jpg,违章03,95.7,1226,129,1238,137,hsv,off,0
违章03/违章03_t95.7_3_off.jpg,违章03,95.7,1221,147,1232,157,hsv,off,0
违章03/违章03_t95.7_5_off.jpg,违章03,95.7,424,172,434,192,hsv,off,0
违章03/违章03_t95.7_6_off.jpg,违章03,95.7,891,190,902,217,hsv,off,0
违章03/违章03_t95.7_7_off.jpg,违章03,95.7,602,254,616,264,hsv,off,0
违章03/违章03_t95.7_8_off.jpg,违章03,95.7,543,264,586,279,hsv,off,0
违章03/违章03_t95.7_9_off.jpg,违章03,95.7,396,268,414,289,hsv,off,0
违章03/违章03_t95.7_10_off.jpg,违章03,95.7,440,269,458,285,hsv,off,0
违章03/违章03_t95.7_11_off.jpg,违章03,95.7,155,307,185,358,hsv,off,0
违章03/违章03_t95.7_12_off.jpg,违章03,95.7,486,306,506,317,hsv,off,0
违章03/违章03_t95.7_15_off.jpg,违章03,95.7,121,331,140,371,hsv,off,0
违章03/违章03_t95.7_16_off.jpg,违章03,95.7,204,330,213,343,hsv,off,0
违章03/违章03_t95.9_0_walk.jpg,违章03,95.94,944,11,958,19,hsv,walk,0
违章03/违章03_t95.9_1_off.jpg,违章03,95.94,1024,58,1038,76,hsv,off,0
违章03/违章03_t95.9_2_off.jpg,违章03,95.94,1226,130,1239,138,hsv,off,0
违章03/违章03_t95.9_3_off.jpg,违章03,95.94,1223,146,1232,158,hsv,off,0
违章03/违章03_t95.9_4_off.jpg,违章03,95.94,425,175,434,189,hsv,off,0
违章03/违章03_t95.9_5_off.jpg,违章03,95.94,892,191,903,219,hsv,off,0
违章03/违章03_t95.9_6_off.jpg,违章03,95.94,488,306,510,318,hsv,off,0
违章03/违章03_t95.9_7_off.jpg,违章03,95.94,152,312,178,339,hsv,off,0
违章03/违章03_t95.9_9_off.jpg,违章03,95.94,197,333,206,342,hsv,off,0
违章03/违章03_t95.9_10_off.jpg,违章03,95.94,149,339,169,364,hsv,off,0
违章03/违章03_t95.9_11_off.jpg,违章03,95.94,116,340,134,378,hsv,off,0
违章03/违章03_t96.2_1_off.jpg,违章03,96.18,945,13,958,21,hsv,off,0
违章03/违章03_t96.2_2_off.jpg,违章03,96.18,1024,60,1039,79,hsv,off,0
违章03/违章03_t96.2_3_off.jpg,违章03,96.18,1226,132,1240,141,hsv,off,0
违章03/违章03_t96.2_4_off.jpg,违章03,96.18,268,158,288,193,hsv,off,0
违章03/违章03_t96.2_5_off.jpg,违章03,96.18,425,177,434,191,hsv,off,0
违章03/违章03_t96.2_6_off.jpg,违章03,96.18,892,193,903,221,hsv,off,0
违章03/违章03_t96.2_7_off.jpg,违章03,96.18,609,260,617,268,hsv,off,0
违章03/违章03_t96.2_8_off.jpg,违章03,96.18,442,273,460,287,hsv,off,0
违章03/违章03_t96.2_9_off.jpg,违章03,96.18,127,314,152,342,hsv,off,0
违章03/违章03_t96.2_10_off.jpg,违章03,96.18,173,333,186,345,hsv,off,0
违章03/违章03_t96.2_11_off.jpg,违章03,96.18,91,343,109,380,hsv,off,0
违章03/违章03_t96.2_12_off.jpg,违章03,96.18,127,342,140,350,hsv,off,0
违章03/违章03_t96.2_13_off.jpg,违章03,96.18,134,355,146,367,hsv,off,0
违章03/违章03_t96.4_2_off.jpg,违章03,96.41,1023,61,1040,80,hsv,off,0
违章03/违章03_t96.4_4_off.jpg,违章03,96.41,1225,133,1241,142,hsv,off,0
违章03/违章03_t96.4_5_off.jpg,违章03,96.41,1222,150,1242,161,hsv,off,0
违章03/违章03_t96.4_6_off.jpg,违章03,96.41,270,158,289,195,hsv,off,0
违章03/违章03_t96.4_7_off.jpg,违章03,96.41,425,178,434,191,hsv,off,0
违章03/违章03_t96.4_8_off.jpg,违章03,96.41,892,194,903,221,hsv,off,0
违章03/违章03_t96.4_10_off.jpg,违章03,96.41,442,273,457,288,hsv,off,0
违章03/违章03_t96.4_11_off.jpg,违章03,96.41,107,312,132,340,hsv,off,0
违章03/违章03_t96.4_12_off.jpg,违章03,96.41,154,331,164,341,hsv,off,0
违章03/违章03_t96.4_13_off.jpg,违章03,96.41,72,341,88,378,hsv,off,0
违章03/违章03_t96.4_15_off.jpg,违章03,96.41,114,353,127,366,hsv,off,0
违章03/违章03_t96.7_0_walk.jpg,违章03,96.65,945,14,959,22,hsv,walk,0
违章03/违章03_t96.7_2_off.jpg,违章03,96.65,1023,61,1039,80,hsv,off,0
违章03/违章03_t96.7_4_off.jpg,违章03,96.65,1226,133,1241,142,hsv,off,0
违章03/违章03_t96.7_6_off.jpg,违章03,96.65,271,158,290,196,hsv,off,0
违章03/违章03_t96.7_7_off.jpg,违章03,96.65,427,177,435,190,hsv,off,0
违章03/违章03_t96.7_8_off.jpg,违章03,96.65,892,193,903,221,hsv,off,0
违章03/违章03_t96.7_9_off.jpg,违章03,96.65,114,312,138,339,hsv,off,0
违章03/违章03_t96.7_10_off.jpg,违章03,96.65,159,330,169,339,hsv,off,0
违章03/违章03_t96.7_13_off.jpg,违章03,96.65,121,353,134,366,hsv,off,0
违章03/违章03_t96.7_14_off.jpg,违章03,96.65,77,355,96,381,hsv,off,0
违章03/违章03_t96.9_1_off.jpg,违章03,96.88,940,15,958,23,hsv,off,0
违章03/违章03_t96.9_2_off.jpg,违章03,96.88,1018,62,1031,80,hsv,off,0
违章03/违章03_t96.9_3_off.jpg,违章03,96.88,196,130,227,139,hsv,off,0
违章03/违章03_t96.9_4_off.jpg,违章03,96.88,1220,134,1235,142,hsv,off,0
违章03/违章03_t96.9_5_off.jpg,违章03,96.88,1219,152,1235,162,hsv,off,0
违章03/违章03_t96.9_6_off.jpg,违章03,96.88,264,160,283,196,hsv,off,0
违章03/违章03_t96.9_7_off.jpg,违章03,96.88,419,179,429,197,hsv,off,0
违章03/违章03_t96.9_8_off.jpg,违章03,96.88,886,193,898,223,hsv,off,0
违章03/违章03_t96.9_9_off.jpg,违章03,96.88,629,205,721,250,hsv,off,0
违章03/违章03_t96.9_10_off.jpg,违章03,96.88,110,324,136,352,hsv,off,0
违章03/违章03_t96.9_11_off.jpg,违章03,96.88,109,353,121,365,hsv,off,0
违章03/违章03_t96.9_12_off.jpg,违章03,96.88,71,356,100,406,hsv,off,0
违章03/违章03_t96.9_13_off.jpg,违章03,96.88,116,368,128,381,hsv,off,0
违章03/违章03_t96.9_17_off.jpg,违章03,96.88,367,409,380,417,hsv,off,0
违章03/违章03_t97.1_0_off.jpg,违章03,97.12,1039,0,1067,8,hsv,off,0
违章03/违章03_t97.1_1_walk.jpg,违章03,97.12,943,16,955,25,hsv,walk,0
违章03/违章03_t97.1_2_off.jpg,违章03,97.12,755,44,783,53,hsv,off,0
违章03/违章03_t97.1_4_off.jpg,违章03,97.12,1021,63,1033,81,hsv,off,0
违章03/违章03_t97.1_6_off.jpg,违章03,97.12,1225,154,1237,162,hsv,off,0
违章03/违章03_t97.1_7_off.jpg,违章03,97.12,267,161,286,198,hsv,off,0
违章03/违章03_t97.1_8_off.jpg,违章03,97.12,423,180,432,196,hsv,off,0
违章03/违章03_t97.1_9_off.jpg,违章03,97.12,890,197,900,224,hsv,off,0
违章03/违章03_t97.1_10_off.jpg,违章03,97.12,769,202,796,236,hsv,off,0
违章03/违章03_t97.1_11_off.jpg,违章03,97.12,116,365,151,412,hsv,off,0
违章03/违章03_t97.3_0_walk.jpg,违章03,97.35,942,16,953,24,hsv,walk,0
违章03/违章03_t97.3_3_off.jpg,违章03,97.35,1019,63,1032,81,hsv,off,0
违章03/违章03_t97.3_4_off.jpg,违章03,97.35,1220,134,1235,143,hsv,off,0
违章03/违章03_t97.3_5_off.jpg,违章03,97.35,264,163,284,200,hsv,off,0
违章03/违章03_t97.3_6_off.jpg,违章03,97.35,421,183,429,197,hsv,off,0
违章03/违章03_t97.3_7_off.jpg,违章03,97.35,1211,183,1280,259,hsv,off,0
违章03/违章03_t97.3_8_off.jpg,违章03,97.35,814,200,856,228,hsv,off,0
违章03/违章03_t97.3_9_off.jpg,违章03,97.35,768,202,794,236,hsv,off,0
违章03/违章03_t97.3_10_off.jpg,违章03,97.35,631,205,722,253,hsv,off,0
违章03/违章03_t97.3_11_off.jpg,违章03,97.35,937,206,958,222,hsv,off,0
违章03/违章03_t97.3_12_off.jpg,违章03,97.35,888,208,896,224,hsv,off,0
违章03/违章03_t97.3_13_off.jpg,违章03,97.35,366,261,412,298,hsv,off,0
违章03/违章03_t97.3_14_off.jpg,违章03,97.35,103,367,141,409,hsv,off,0
违章03/违章03_t97.6_0_walk.jpg,违章03,97.59,959,14,967,22,hsv,walk,0
违章03/违章03_t97.6_1_off.jpg,违章03,97.59,939,17,952,25,hsv,off,0
违章03/违章03_t97.6_2_off.jpg,违章03,97.59,847,30,876,40,hsv,off,0
违章03/违章03_t97.6_3_off.jpg,违章03,97.59,826,36,843,44,hsv,off,0
违章03/违章03_t97.6_4_off.jpg,违章03,97.59,751,46,778,54,hsv,off,0
违章03/违章03_t97.6_5_off.jpg,违章03,97.59,1018,64,1029,82,hsv,off,0
违章03/违章03_t97.6_6_off.jpg,违章03,97.59,1218,134,1231,143,hsv,off,0
违章03/违章03_t97.6_7_off.jpg,违章03,97.59,265,164,285,202,hsv,off,0
违章03/违章03_t97.6_8_off.jpg,违章03,97.59,422,185,430,198,hsv,off,0
违章03/违章03_t97.6_9_off.jpg,违章03,97.59,863,195,897,226,hsv,off,0
违章03/违章03_t97.6_10_off.jpg,违章03,97.59,767,204,792,237,hsv,off,0
违章03/违章03_t97.6_11_off.jpg,违章03,97.59,631,206,722,254,hsv,off,0
违章03/违章03_t97.6_12_off.jpg,违章03,97.59,100,367,134,408,hsv,off,0
违章03/违章03_t97.8_0_off.jpg,违章03,97.83,1034,0,1054,11,hsv,off,0
违章03/违章03_t97.8_1_walk.jpg,违章03,97.83,937,14,970,27,hsv,walk,0
违章03/违章03_t97.8_2_off.jpg,违章03,97.83,1017,65,1028,82,hsv,off,0
违章03/违章03_t97.8_4_off.jpg,违章03,97.83,264,164,285,202,hsv,off,0
违章03/违章03_t97.8_5_off.jpg,违章03,97.83,421,183,431,203,hsv,off,0
违章03/违章03_t97.8_6_off.jpg,违章03,97.83,1254,186,1280,234,hsv,off,0
违章03/违章03_t97.8_7_off.jpg,违章03,97.83,886,198,897,225,hsv,off,0
违章03/违章03_t97.8_8_off.jpg,违章03,97.83,113,362,146,406,hsv,off,0
违章03/违章03_t98.1_0_off.jpg,违章03,98.06,1031,4,1044,13,hsv,off,0
违章03/违章03_t98.1_2_off.jpg,违章03,98.06,936,20,949,28,hsv,off,0
违章03/违章03_t98.1_3_off.jpg,违章03,98.06,1017,67,1028,84,hsv,off,0
违章03/违章03_t98.1_5_off.jpg,违章03,98.06,265,165,285,204,hsv,off,0
违章03/违章03_t98.1_6_off.jpg,违章03,98.06,421,185,431,204,hsv,off,0
违章03/违章03_t98.1_7_off.jpg,违章03,98.06,886,200,897,227,hsv,off,0
违章03/违章03_t98.1_8_off.jpg,违章03,98.06,628,210,718,248,hsv,off,0
违章03/违章03_t98.1_9_off.jpg,违章03,98.06,730,235,751,244,hsv,off,0
违章03/违章03_t98.1_10_off.jpg,违章03,98.06,115,361,147,402,hsv,off,0
违章03/违章03_t98.3_0_off.jpg,违章03,98.3,1035,0,1079,13,hsv,off,0
违章03/违章03_t98.3_1_walk.jpg,违章03,98.3,951,16,974,24,hsv,walk,0
违章03/违章03_t98.3_2_off.jpg,违章03,98.3,937,20,950,28,hsv,off,0
违章03/违章03_t98.3_3_off.jpg,违章03,98.3,1017,66,1028,84,hsv,off,0
违章03/违章03_t98.3_5_off.jpg,违章03,98.3,1223,155,1232,163,hsv,off,0
违章03/违章03_t98.3_6_off.jpg,违章03,98.3,264,165,285,203,hsv,off,0
违章03/违章03_t98.3_7_off.jpg,违章03,98.3,421,185,431,204,hsv,off,0
违章03/违章03_t98.3_8_off.jpg,违章03,98.3,953,197,1021,223,hsv,off,0
违章03/违章03_t98.3_9_off.jpg,违章03,98.3,886,200,897,227,hsv,off,0
违章03/违章03_t98.3_10_off.jpg,违章03,98.3,102,358,134,399,hsv,off,0
违章03/违章03_t98.5_0_off.jpg,违章03,98.53,1022,5,1045,14,hsv,off,0
违章03/违章03_t98.5_1_walk.jpg,违章03,98.53,936,16,978,30,hsv,walk,0
违章03/违章03_t98.5_2_off.jpg,违章03,98.53,1017,68,1027,85,hsv,off,0
违章03/违章03_t98.5_4_off.jpg,违章03,98.53,1222,156,1231,165,hsv,off,0
违章03/违章03_t98.5_5_off.jpg,违章03,98.53,264,166,285,204,hsv,off,0
违章03/违章03_t98.5_6_off.jpg,违章03,98.53,421,186,431,205,hsv,off,0
违章03/违章03_t98.5_7_off.jpg,违章03,98.53,886,201,897,227,hsv,off,0
违章03/违章03_t98.5_9_off.jpg,违章03,98.53,82,361,113,403,hsv,off,0
违章03/违章03_t98.8_1_off.jpg,违章03,98.77,937,20,953,29,hsv,off,0
违章03/违章03_t98.8_2_off.jpg,违章03,98.77,1018,67,1028,84,hsv,off,0
违章03/违章03_t98.8_4_off.jpg,违章03,98.77,1219,153,1232,164,hsv,off,0
违章03/违章03_t98.8_5_off.jpg,违章03,98.77,265,167,286,204,hsv,off,0
违章03/违章03_t98.8_6_off.jpg,违章03,98.77,422,185,431,204,hsv,off,0
违章03/违章03_t98.8_8_off.jpg,违章03,98.77,59,371,93,406,hsv,off,0
违章03/违章03_t99.0_1_walk.jpg,违章03,99.0,936,20,953,29,hsv,walk,0
违章03/违章03_t99.0_2_off.jpg,违章03,99.0,824,32,876,47,hsv,off,0
违章03/违章03_t99.0_3_off.jpg,违章03,99.0,1015,66,1026,84,hsv,off,0
违章03/违章03_t99.0_5_off.jpg,违章03,99.0,1221,155,1230,163,hsv,off,0
违章03/违章03_t99.0_6_off.jpg,违章03,99.0,263,168,283,204,hsv,off,0
违章03/违章03_t99.0_7_off.jpg,违章03,99.0,420,187,429,204,hsv,off,0
违章03/违章03_t99.0_8_off.jpg,违章03,99.0,884,197,895,227,hsv,off,0
违章03/违章03_t99.0_9_off.jpg,违章03,99.0,811,206,821,217,hsv,off,0
违章03/违章03_t99.0_10_off.jpg,违章03,99.0,524,300,544,315,hsv,off,0
违章03/违章03_t99.0_13_off.jpg,违章03,99.0,32,374,68,408,hsv,off,0
违章03/违章03_t99.2_0_off.jpg,违章03,99.24,1027,0,1075,14,hsv,off,0
违章03/违章03_t99.2_1_walk.jpg,违章03,99.24,933,21,952,29,hsv,walk,0
违章03/违章03_t99.2_2_off.jpg,违章03,99.24,821,33,873,48,hsv,off,0
违章03/违章03_t99.2_3_off.jpg,违章03,99.24,1013,67,1024,85,hsv,off,0
违章03/违章03_t99.2_5_off.jpg,违章03,99.24,1218,155,1226,163,hsv,off,0
违章03/违章03_t99.2_6_off.jpg,违章03,99.24,260,169,281,206,hsv,off,0
违章03/违章03_t99.2_7_off.jpg,违章03,99.24,416,186,426,204,hsv,off,0
违章03/违章03_t99.2_8_off.jpg,违章03,99.24,882,198,894,228,hsv,off,0
违章03/违章03_t99.2_9_off.jpg,违章03,99.24,572,221,584,232,hsv,off,0
违章03/违章03_t99.2_10_off.jpg,违章03,99.24,501,300,526,327,hsv,off,0
违章03/违章03_t99.2_11_off.jpg,违章03,99.24,44,329,54,338,hsv,off,0
违章03/违章03_t99.2_12_off.jpg,违章03,99.24,0,385,32,419,hsv,off,0
违章03/违章03_t99.2_13_off.jpg,违章03,99.24,426,387,454,395,hsv,off,0
违章03/违章03_t99.5_1_walk.jpg,违章03,99.48,938,19,951,27,hsv,walk,0
违章03/违章03_t99.5_2_off.jpg,违章03,99.48,826,31,880,47,hsv,off,0
违章03/违章03_t99.5_3_off.jpg,违章03,99.48,1018,65,1030,83,hsv,off,0
违章03/违章03_t99.5_5_off.jpg,违章03,99.48,266,169,288,206,hsv,off,0
违章03/违章03_t99.5_6_off.jpg,违章03,99.48,423,184,433,204,hsv,off,0
违章03/违章03_t99.5_7_off.jpg,违章03,99.48,888,196,899,226,hsv,off,0
违章03/违章03_t99.5_8_off.jpg,违章03,99.48,780,215,788,224,hsv,off,0
违章03/违章03_t99.7_0_walk.jpg,违章03,99.71,956,14,971,22,hsv,walk,0
违章03/违章03_t99.7_1_off.jpg,违章03,99.71,939,18,955,27,hsv,off,0
违章03/违章03_t99.7_2_off.jpg,违章03,99.71,1019,64,1031,82,hsv,off,0
违章03/违章03_t99.7_4_off.jpg,违章03,99.71,269,168,290,206,hsv,off,0
违章03/违章03_t99.7_5_off.jpg,违章03,99.71,425,185,434,204,hsv,off,0
违章03/违章03_t99.7_6_off.jpg,违章03,99.71,888,197,899,224,hsv,off,0
违章03/违章03_t99.7_7_off.jpg,违章03,99.71,772,205,796,230,hsv,off,0
违章03/违章03_t100.0_1_off.jpg,违章03,99.95,940,18,957,26,hsv,off,0
违章03/违章03_t100.0_2_off.jpg,违章03,99.95,827,30,879,46,hsv,off,0
违章03/违章03_t100.0_3_off.jpg,违章03,99.95,1021,64,1032,81,hsv,off,0
违章03/违章03_t100.0_4_off.jpg,违章03,99.95,463,107,617,316,hsv,off,0
违章03/违章03_t100.0_6_off.jpg,违章03,99.95,270,168,291,206,hsv,off,0
违章03/违章03_t100.0_7_off.jpg,违章03,99.95,425,186,436,202,hsv,off,0
违章03/违章03_t100.0_8_off.jpg,违章03,99.95,890,198,901,225,hsv,off,0
违章03/违章03_t100.2_0_off.jpg,违章03,100.18,1039,2,1050,11,hsv,off,0
违章03/违章03_t100.2_2_off.jpg,违章03,100.18,943,19,958,27,hsv,off,0
违章03/违章03_t100.2_3_off.jpg,违章03,100.18,830,32,882,47,hsv,off,0
违章03/违章03_t100.2_4_off.jpg,违章03,100.18,1024,65,1033,83,hsv,off,0
违章03/违章03_t100.2_5_off.jpg,违章03,100.18,458,109,596,316,hsv,off,0
违章03/违章03_t100.2_6_off.jpg,违章03,100.18,1226,134,1235,142,hsv,off,0
违章03/违章03_t100.2_7_off.jpg,违章03,100.18,428,187,437,203,hsv,off,0
违章03/违章03_t100.2_8_off.jpg,违章03,100.18,891,200,903,227,hsv,off,0
违章03/违章03_t100.4_1_walk.jpg,违章03,100.42,959,15,974,23,hsv,walk,0
违章03/违章03_t100.4_2_off.jpg,违章03,100.42,944,18,957,26,hsv,off,0
违章03/违章03_t100.4_3_off.jpg,违章03,100.42,831,30,883,46,hsv,off,0
违章03/违章03_t100.4_4_off.jpg,违章03,100.42,1024,64,1035,82,hsv,off,0
违章03/违章03_t100.4_5_off.jpg,违章03,100.42,452,103,619,314,hsv,off,0
违章03/违章03_t100.4_6_off.jpg,违章03,100.42,1226,134,1237,142,hsv,off,0
违章03/违章03_t100.4_8_off.jpg,违章03,100.42,272,167,293,205,hsv,off,0
违章03/违章03_t100.4_9_off.jpg,违章03,100.42,427,187,438,204,hsv,off,0
违章03/违章03_t100.4_10_off.jpg,违章03,100.42,893,199,904,226,hsv,off,0
违章03/违章03_t100.4_11_off.jpg,违章03,100.42,703,209,729,226,hsv,off,0
违章03/违章03_t100.7_0_off.jpg,违章03,100.65,1040,0,1070,11,hsv,off,0
违章03/违章03_t100.7_1_walk.jpg,违章03,100.65,945,14,979,26,hsv,walk,0
违章03/违章03_t100.7_2_off.jpg,违章03,100.65,1025,64,1037,83,hsv,off,0
违章03/违章03_t100.7_3_off.jpg,违章03,100.65,449,102,622,313,hsv,off,0
违章03/违章03_t100.7_5_off.jpg,违章03,100.65,1231,152,1242,161,hsv,off,0
违章03/违章03_t100.7_6_off.jpg,违章03,100.65,274,167,295,205,hsv,off,0
违章03/违章03_t100.7_7_off.jpg,违章03,100.65,430,180,439,204,hsv,off,0
违章03/违章03_t100.7_8_off.jpg,违章03,100.65,894,198,906,224,hsv,off,0
违章03/违章03_t100.7_9_off.jpg,违章03,100.65,465,297,481,320,hsv,off,0
违章03/违章03_t100.9_1_off.jpg,违章03,100.89,1043,2,1053,10,hsv,off,0
违章03/违章03_t100.9_2_walk.jpg,违章03,100.89,947,16,976,27,hsv,walk,0
违章03/违章03_t100.9_3_off.jpg,违章03,100.89,1026,65,1037,83,hsv,off,0
违章03/违章03_t100.9_4_off.jpg,违章03,100.89,447,102,622,313,hsv,off,0
违章03/违章03_t100.9_6_off.jpg,违章03,100.89,1233,153,1243,162,hsv,off,0
违章03/违章03_t100.9_7_off.jpg,违章03,100.89,273,166,294,204,hsv,off,0
违章03/违章03_t100.9_8_off.jpg,违章03,100.89,430,183,439,204,hsv,off,0
违章03/违章03_t100.9_9_off.jpg,违章03,100.89,895,197,906,226,hsv,off,0
违章03/违章03_t100.9_10_off.jpg,违章03,100.89,464,297,481,320,hsv,off,0
违章03/违章03_t100.9_13_off.jpg,违章03,100.89,1071,500,1087,515,hsv,off,0
违章03/违章03_t100.9_15_off.jpg,违章03,100.89,1188,596,1202,614,hsv,off,0
违章03/违章03_t101.1_2_off.jpg,违章03,101.13,837,30,889,45,hsv,off,0
违章03/违章03_t101.1_4_off.jpg,违章03,101.13,741,49,776,59,hsv,off,0
违章03/违章03_t101.1_5_off.jpg,违章03,101.13,1026,65,1038,83,hsv,off,0
违章03/违章03_t101.1_6_off.jpg,违章03,101.13,447,104,622,312,hsv,off,0
违章03/违章03_t101.1_7_off.jpg,违章03,101.13,1229,135,1240,143,hsv,off,0
违章03/违章03_t101.1_8_off.jpg,违章03,101.13,1233,154,1243,163,hsv,off,0
违章03/违章03_t101.1_9_off.jpg,违章03,101.13,273,165,294,204,hsv,off,0
违章03/违章03_t101.1_10_off.jpg,违章03,101.13,429,183,438,200,hsv,off,0
违章03/违章03_t101.1_11_off.jpg,违章03,101.13,964,194,1053,223,hsv,off,0
违章03/违章03_t101.1_12_off.jpg,违章03,101.13,895,198,907,226,hsv,off,0
违章03/违章03_t101.1_13_off.jpg,违章03,101.13,1097,205,1111,230,hsv,off,0
违章03/违章03_t101.1_14_off.jpg,违章03,101.13,1100,207,1139,263,hsv,off,0
违章03/违章03_t101.1_15_off.jpg,违章03,101.13,1089,264,1101,288,hsv,off,0
违章03/违章03_t101.1_16_off.jpg,违章03,101.13,464,296,480,320,hsv,off,0
违章03/违章03_t101.1_20_off.jpg,违章03,101.13,941,540,951,551,hsv,off,0
违章03/违章03_t101.1_21_off.jpg,违章03,101.13,936,650,952,686,hsv,off,0
违章03/违章03_t101.1_22_off.jpg,违章03,101.13,777,688,835,720,hsv,off,0
违章03/违章03_t101.4_1_walk.jpg,违章03,101.36,950,20,958,28,hsv,walk,0
违章03/违章03_t101.4_3_off.jpg,违章03,101.36,742,50,771,60,hsv,off,0
违章03/违章03_t101.4_4_off.jpg,违章03,101.36,1027,69,1039,88,hsv,off,0
违章03/违章03_t101.4_5_off.jpg,违章03,101.36,448,107,609,313,hsv,off,0
违章03/违章03_t101.4_8_off.jpg,违章03,101.36,273,166,294,204,hsv,off,0
违章03/违章03_t101.4_9_off.jpg,违章03,101.36,430,187,438,201,hsv,off,0
违章03/违章03_t101.4_10_off.jpg,违章03,101.36,857,227,884,260,hsv,off,0
违章03/违章03_t101.4_11_off.jpg,违章03,101.36,464,295,479,320,hsv,off,0
违章03/违章03_t101.4_14_off.jpg,违章03,101.36,687,444,696,452,hsv,off,0
违章03/违章03_t101.4_15_off.jpg,违章03,101.36,756,606,771,634,hsv,off,0
违章03/违章03_t101.4_16_off.jpg,违章03,101.36,615,642,665,674,hsv,off,0
违章03/违章03_t101.4_17_off.jpg,违章03,101.36,656,665,681,679,hsv,off,0
违章03/违章03_t101.6_2_walk.jpg,违章03,101.6,949,18,982,30,hsv,walk,0
违章03/违章03_t101.6_3_off.jpg,违章03,101.6,1028,65,1040,85,hsv,off,0
违章03/违章03_t101.6_4_off.jpg,违章03,101.6,453,104,598,311,hsv,off,0
违章03/违章03_t101.6_6_off.jpg,违章03,101.6,276,167,296,204,hsv,off,0
违章03/违章03_t101.6_7_off.jpg,违章03,101.6,430,185,439,205,hsv,off,0
违章03/违章03_t101.6_8_off.jpg,违章03,101.6,897,202,908,226,hsv,off,0
违章03/违章03_t101.6_9_off.jpg,违章03,101.6,666,239,678,258,hsv,off,0
违章03/违章03_t101.6_11_off.jpg,违章03,101.6,601,574,617,595,hsv,off,0
违章03/违章03_t101.6_13_off.jpg,违章03,101.6,1058,674,1124,705,hsv,off,0
违章03/违章03_t101.6_14_off.jpg,违章03,101.6,1206,687,1224,714,hsv,off,0
违章03/违章03_t101.6_15_off.jpg,违章03,101.6,1083,703,1105,713,hsv,off,0
违章03/违章03_t101.6_16_off.jpg,违章03,101.6,1126,705,1134,720,hsv,off,0
违章03/违章03_t101.8_1_walk.jpg,违章03,101.83,965,19,988,28,hsv,walk,0
违章03/违章03_t101.8_2_off.jpg,违章03,101.83,950,24,964,32,hsv,off,0
违章03/违章03_t101.8_3_off.jpg,违章03,101.83,764,52,791,60,hsv,off,0
违章03/违章03_t101.8_4_off.jpg,违章03,101.83,1030,70,1041,86,hsv,off,0
违章03/违章03_t101.8_6_off.jpg,违章03,101.83,277,167,297,205,hsv,off,0
违章03/违章03_t101.8_7_off.jpg,违章03,101.83,431,183,440,206,hsv,off,0
违章03/违章03_t101.8_8_off.jpg,违章03,101.83,898,202,909,227,hsv,off,0
违章03/违章03_t101.8_9_off.jpg,违章03,101.83,586,219,599,232,hsv,off,0
违章03/违章03_t101.8_10_off.jpg,违章03,101.83,518,246,528,268,hsv,off,0
违章03/违章03_t101.8_12_off.jpg,违章03,101.83,470,548,483,562,hsv,off,0
违章03/违章03_t101.8_13_off.jpg,违章03,101.83,815,592,857,616,hsv,off,0
违章03/违章03_t101.8_14_off.jpg,违章03,101.83,923,599,949,627,hsv,off,0
违章03/违章03_t101.8_15_off.jpg,违章03,101.83,830,614,845,622,hsv,off,0
违章03/违章03_t101.8_16_off.jpg,违章03,101.83,801,643,832,666,hsv,off,0
违章03/违章03_t101.8_17_off.jpg,违章03,101.83,907,657,915,667,hsv,off,0
违章03/违章03_t102.1_1_walk.jpg,违章03,102.07,951,25,962,33,hsv,walk,0
违章03/违章03_t102.1_3_off.jpg,违章03,102.07,1031,71,1041,87,hsv,off,0
违章03/违章03_t102.1_5_off.jpg,违章03,102.07,278,169,298,206,hsv,off,0
违章03/违章03_t102.1_6_off.jpg,违章03,102.07,899,205,910,232,hsv,off,0
违章03/违章03_t102.1_7_off.jpg,违章03,102.07,641,212,734,262,hsv,off,0
违章03/违章03_t102.1_8_off.jpg,违章03,102.07,363,527,372,536,hsv,off,0
违章03/违章03_t102.1_9_off.jpg,违章03,102.07,259,545,285,556,hsv,off,0
违章03/违章03_t102.1_10_off.jpg,违章03,102.07,622,544,653,564,hsv,off,0
违章03/违章03_t102.1_11_off.jpg,违章03,102.07,710,548,740,581,hsv,off,0
违章03/违章03_t102.1_12_off.jpg,违章03,102.07,612,588,635,608,hsv,off,0
违章03/违章03_t102.1_13_off.jpg,违章03,102.07,693,598,711,618,hsv,off,0
违章03/违章03_t102.3_1_walk.jpg,违章03,102.3,953,27,963,35,hsv,walk,0
违章03/违章03_t102.3_2_off.jpg,违章03,102.3,1033,72,1043,87,hsv,off,0
违章03/违章03_t102.3_3_off.jpg,违章03,102.3,454,113,600,316,hsv,off,0
违章03/违章03_t102.3_5_off.jpg,违章03,102.3,1238,162,1250,171,hsv,off,0
违章03/违章03_t102.3_6_off.jpg,违章03,102.3,280,171,300,208,hsv,off,0
违章03/违章03_t102.3_8_off.jpg,违章03,102.3,901,206,911,234,hsv,off,0
违章03/违章03_t102.3_9_off.jpg,违章03,102.3,314,256,324,268,hsv,off,0
违章03/违章03_t102.3_10_off.jpg,违章03,102.3,383,270,414,295,hsv,off,0
违章03/违章03_t102.3_14_off.jpg,违章03,102.3,538,511,564,539,hsv,off,0
违章03/违章03_t102.3_15_off.jpg,违章03,102.3,172,520,202,537,hsv,off,0
违章03/违章03_t102.3_16_off.jpg,违章03,102.3,527,529,537,539,hsv,off,0
违章03/违章03_t102.3_17_off.jpg,违章03,102.3,459,547,474,563,hsv,off,0
违章03/违章03_t102.3_18_off.jpg,违章03,102.3,523,556,538,576,hsv,off,0
违章03/违章03_t102.5_0_off.jpg,违章03,102.54,1048,12,1064,20,hsv,off,0
违章03/违章03_t102.5_1_off.jpg,违章03,102.54,992,19,1017,27,hsv,off,0
违章03/违章03_t102.5_2_walk.jpg,违章03,102.54,959,24,986,35,hsv,walk,0
违章03/违章03_t102.5_3_off.jpg,违章03,102.54,1035,73,1048,90,hsv,off,0
违章03/违章03_t102.5_5_off.jpg,违章03,102.54,1242,162,1252,170,hsv,off,0
违章03/违章03_t102.5_6_off.jpg,违章03,102.54,439,193,448,208,hsv,off,0
违章03/违章03_t102.5_7_off.jpg,违章03,102.54,903,206,914,234,hsv,off,0
违章03/违章03_t102.5_11_off.jpg,违章03,102.54,388,489,419,515,hsv,off,0
违章03/违章03_t102.5_12_off.jpg,违章03,102.54,105,498,136,512,hsv,off,0
违章03/违章03_t102.5_13_off.jpg,违章03,102.54,333,520,341,531,hsv,off,0
违章03/违章03_t102.5_14_off.jpg,违章03,102.54,386,525,400,545,hsv,off,0
违章03/违章03_t102.5_15_off.jpg,违章03,102.54,236,534,254,557,hsv,off,0
违章03/违章03_t102.8_1_walk.jpg,违章03,102.78,960,22,992,34,hsv,walk,0
违章03/违章03_t102.8_2_off.jpg,违章03,102.78,1037,73,1051,90,hsv,off,0
违章03/违章03_t102.8_3_off.jpg,违章03,102.78,464,112,584,314,hsv,off,0
违章03/违章03_t102.8_5_off.jpg,违章03,102.78,1246,161,1255,170,hsv,off,0
违章03/违章03_t102.8_6_off.jpg,违章03,102.78,441,192,450,207,hsv,off,0
违章03/违章03_t102.8_7_off.jpg,违章03,102.78,905,206,916,233,hsv,off,0
违章03/违章03_t102.8_8_off.jpg,违章03,102.78,648,214,740,263,hsv,off,0
违章03/违章03_t102.8_11_off.jpg,违章03,102.78,278,460,310,483,hsv,off,0
违章03/违章03_t102.8_12_off.jpg,违章03,102.78,49,479,75,489,hsv,off,0
违章03/违章03_t102.8_14_off.jpg,违章03,102.78,274,495,286,509,hsv,off,0
违章03/违章03_t102.8_15_off.jpg,违章03,102.78,154,507,174,544,hsv,off,0
违章03/违章03_t103.0_0_off.jpg,违章03,103.01,1050,9,1067,17,hsv,off,0
违章03/违章03_t103.0_3_walk.jpg,违章03,103.01,963,20,994,32,hsv,walk,0
违章03/违章03_t103.0_4_off.jpg,违章03,103.01,1040,71,1053,88,hsv,off,0
违章03/违章03_t103.0_6_off.jpg,违章03,103.01,1248,160,1259,168,hsv,off,0
违章03/违章03_t103.0_7_off.jpg,违章03,103.01,444,187,453,205,hsv,off,0
违章03/违章03_t103.0_8_off.jpg,违章03,103.01,908,205,919,230,hsv,off,0
违章03/违章03_t103.0_9_off.jpg,违章03,103.01,651,213,744,261,hsv,off,0
违章03/违章03_t103.0_10_off.jpg,违章03,103.01,390,270,406,281,hsv,off,0
违章03/违章03_t103.0_13_off.jpg,违章03,103.01,199,437,221,458,hsv,off,0
违章03/违章03_t103.0_14_off.jpg,违章03,103.01,195,470,205,482,hsv,off,0
违章03/违章03_t103.0_15_off.jpg,违章03,103.01,90,484,101,498,hsv,off,0
违章03/违章03_t103.2_0_off.jpg,违章03,103.25,1057,7,1071,15,hsv,off,0
违章03/违章03_t103.2_1_walk.jpg,违章03,103.25,965,14,1023,32,hsv,walk,0
违章03/违章03_t103.2_2_off.jpg,违章03,103.25,1047,68,1061,88,hsv,off,0
违章03/违章03_t103.2_4_off.jpg,违章03,103.25,1254,158,1265,166,hsv,off,0
违章03/违章03_t103.2_5_off.jpg,违章03,103.25,292,168,313,206,hsv,off,0
违章03/违章03_t103.2_6_off.jpg,违章03,103.25,447,187,457,205,hsv,off,0
违章03/违章03_t103.2_7_off.jpg,违章03,103.25,913,201,924,229,hsv,off,0
违章03/违章03_t103.2_8_off.jpg,违章03,103.25,793,209,818,243,hsv,off,0
违章03/违章03_t103.2_9_off.jpg,违章03,103.25,655,212,747,260,hsv,off,0
违章03/违章03_t103.2_10_off.jpg,违章03,103.25,604,266,641,290,hsv,off,0
违章03/违章03_t103.2_11_off.jpg,违章03,103.25,393,270,409,279,hsv,off,0
违章03/违章03_t103.2_14_off.jpg,违章03,103.25,132,419,146,432,hsv,off,0
违章03/违章03_t103.2_16_off.jpg,违章03,103.25,32,464,44,476,hsv,off,0
违章03/违章03_t103.5_1_off.jpg,违章03,103.48,987,17,1009,28,hsv,off,0
违章03/违章03_t103.5_2_walk.jpg,违章03,103.48,968,22,984,31,hsv,walk,0
违章03/违章03_t103.5_3_off.jpg,违章03,103.48,1049,68,1061,87,hsv,off,0
违章03/违章03_t103.5_6_off.jpg,违章03,103.48,294,168,315,206,hsv,off,0
违章03/违章03_t103.5_7_off.jpg,违章03,103.48,448,186,459,206,hsv,off,0
违章03/违章03_t103.5_8_off.jpg,违章03,103.48,915,201,926,228,hsv,off,0
违章03/违章03_t103.5_9_off.jpg,违章03,103.48,656,213,749,260,hsv,off,0
违章03/违章03_t103.5_13_off.jpg,违章03,103.48,60,408,77,423,hsv,off,0
违章03/违章03_t103.7_0_off.jpg,违章03,103.72,1061,4,1086,14,hsv,off,0
违章03/违章03_t103.7_2_walk.jpg,违章03,103.72,968,17,1006,30,hsv,walk,0
违章03/违章03_t103.7_3_off.jpg,违章03,103.72,1050,67,1061,85,hsv,off,0
违章03/违章03_t103.7_4_off.jpg,违章03,103.72,1255,138,1264,146,hsv,off,0
违章03/违章03_t103.7_5_off.jpg,违章03,103.72,450,187,460,207,hsv,off,0
违章03/违章03_t103.7_6_off.jpg,违章03,103.72,916,202,928,228,hsv,off,0
违章03/违章03_t104.0_0_off.jpg,违章03,103.95,1062,3,1078,13,hsv,off,0
违章03/违章03_t104.0_2_walk.jpg,违章03,103.95,968,19,986,29,hsv,walk,0
违章03/违章03_t104.0_3_off.jpg,违章03,103.95,1050,66,1061,85,hsv,off,0
违章03/违章03_t104.0_6_off.jpg,违章03,103.95,449,186,459,203,hsv,off,0
违章03/违章03_t104.0_7_off.jpg,违章03,103.95,916,202,928,225,hsv,off,0
违章03/违章03_t104.0_9_off.jpg,违章03,103.95,453,395,473,403,hsv,off,0
违章03/违章03_t104.2_0_walk.jpg,违章03,104.19,968,17,991,28,hsv,walk,0
违章03/违章03_t104.2_1_off.jpg,违章03,104.19,1049,65,1061,84,hsv,off,0
违章03/违章03_t104.2_3_off.jpg,违章03,104.19,1257,153,1270,162,hsv,off,0
违章03/违章03_t104.2_4_off.jpg,违章03,104.19,294,167,315,205,hsv,off,0
违章03/违章03_t104.2_5_off.jpg,违章03,104.19,449,184,459,203,hsv,off,0
违章03/违章03_t104.2_6_off.jpg,违章03,104.19,916,201,927,227,hsv,off,0
违章03/违章03_t104.2_7_off.jpg,违章03,104.19,510,225,523,239,hsv,off,0
违章03/违章03_t104.2_8_off.jpg,违章03,104.19,452,394,474,402,hsv,off,0
违章03/违章03_t104.4_0_off.jpg,违章03,104.43,1063,0,1103,12,hsv,off,0
违章03/违章03_t104.4_1_walk.jpg,违章03,104.43,966,16,998,29,hsv,walk,0
违章03/违章03_t104.4_2_off.jpg,违章03,104.43,1047,66,1059,84,hsv,off,0
违章03/违章03_t104.4_5_off.jpg,违章03,104.43,292,168,313,205,hsv,off,0
违章03/违章03_t104.4_6_off.jpg,违章03,104.43,447,186,457,203,hsv,off,0
违章03/违章03_t104.4_7_off.jpg,违章03,104.43,914,202,926,228,hsv,off,0
违章03/违章03_t104.4_8_off.jpg,违章03,104.43,25,332,39,341,hsv,off,0
违章03/违章03_t104.4_9_off.jpg,违章03,104.43,159,378,169,386,hsv,off,0
违章03/违章03_t104.4_10_off.jpg,违章03,104.43,449,395,472,403,hsv,off,0
违章03/违章03_t104.7_0_off.jpg,违章03,104.66,984,14,995,23,hsv,off,0
违章03/违章03_t104.7_1_walk.jpg,违章03,104.66,965,18,980,27,hsv,walk,0
违章03/违章03_t104.7_2_off.jpg,违章03,104.66,1046,64,1058,82,hsv,off,0
违章03/违章03_t104.7_5_off.jpg,违章03,104.66,290,166,310,204,hsv,off,0
违章03/违章03_t104.7_6_off.jpg,违章03,104.66,444,183,454,204,hsv,off,0
违章03/违章03_t104.7_7_off.jpg,违章03,104.66,913,197,925,226,hsv,off,0
违章03/违章03_t104.7_8_off.jpg,违章03,104.66,35,332,45,340,hsv,off,0
违章03/违章03_t104.7_11_off.jpg,违章03,104.66,104,399,122,415,hsv,off,0
违章03/违章03_t104.7_12_off.jpg,违章03,104.66,398,414,413,423,hsv,off,0
违章03/违章03_t104.9_0_off.jpg,违章03,104.9,1051,0,1078,9,hsv,off,0
违章03/违章03_t104.9_1_walk.jpg,违章03,104.9,965,13,996,25,hsv,walk,0
违章03/违章03_t104.9_2_off.jpg,违章03,104.9,1044,63,1058,81,hsv,off,0
违章03/违章03_t104.9_3_off.jpg,违章03,104.9,1249,134,1263,143,hsv,off,0
违章03/违章03_t104.9_4_off.jpg,违章03,104.9,1246,151,1266,161,hsv,off,0
违章03/违章03_t104.9_5_off.jpg,违章03,104.9,443,182,452,203,hsv,off,0
违章03/违章03_t104.9_6_off.jpg,违章03,104.9,913,195,924,225,hsv,off,0
违章03/违章03_t105.1_0_off.jpg,违章03,105.13,1047,0,1072,8,hsv,off,0
违章03/违章03_t105.1_1_walk.jpg,违章03,105.13,976,13,989,22,hsv,walk,0
违章03/违章03_t105.1_2_off.jpg,违章03,105.13,962,16,975,25,hsv,off,0
违章03/违章03_t105.1_3_off.jpg,违章03,105.13,1043,62,1055,80,hsv,off,0
违章03/违章03_t105.1_4_off.jpg,违章03,105.13,1246,133,1259,142,hsv,off,0
违章03/违章03_t105.1_5_off.jpg,违章03,105.13,1242,151,1263,161,hsv,off,0
违章03/违章03_t105.1_6_off.jpg,违章03,105.13,286,164,306,202,hsv,off,0
违章03/违章03_t105.1_7_off.jpg,违章03,105.13,439,181,450,202,hsv,off,0
违章03/违章03_t105.1_8_off.jpg,违章03,105.13,910,197,921,224,hsv,off,0
违章03/违章03_t105.4_0_off.jpg,违章03,105.37,1046,0,1071,8,hsv,off,0
违章03/违章03_t105.4_1_walk.jpg,违章03,105.37,976,14,987,22,hsv,walk,0
违章03/违章03_t105.4_2_off.jpg,违章03,105.37,961,16,973,24,hsv,off,0
违章03/违章03_t105.4_3_off.jpg,违章03,105.37,1040,63,1055,80,hsv,off,0
违章03/违章03_t105.4_4_off.jpg,违章03,105.37,1244,133,1256,142,hsv,off,0
违章03/违章03_t105.4_5_off.jpg,违章03,105.37,1237,151,1261,163,hsv,off,0
违章03/违章03_t105.4_6_off.jpg,违章03,105.37,283,163,303,202,hsv,off,0
违章03/违章03_t105.4_7_off.jpg,违章03,105.37,437,180,447,200,hsv,off,0
违章03/违章03_t105.4_8_off.jpg,违章03,105.37,909,198,919,224,hsv,off,0
违章03/违章03_t105.6_2_walk.jpg,违章03,105.6,959,13,988,24,hsv,walk,0
违章03/违章03_t105.6_4_off.jpg,违章03,105.6,1038,62,1055,81,hsv,off,0
违章03/违章03_t105.6_5_off.jpg,违章03,105.6,1241,133,1254,142,hsv,off,0
违章03/违章03_t105.6_6_off.jpg,违章03,105.6,1237,152,1258,162,hsv,off,0
违章03/违章03_t105.6_7_off.jpg,违章03,105.6,282,162,301,200,hsv,off,0
违章03/违章03_t105.6_8_off.jpg,违章03,105.6,437,182,446,201,hsv,off,0
违章03/违章03_t105.6_9_off.jpg,违章03,105.6,907,196,918,223,hsv,off,0
违章03/违章03_t105.6_10_off.jpg,违章03,105.6,4,343,16,352,hsv,off,0
违章03/违章03_t105.8_2_walk.jpg,违章03,105.84,957,12,988,23,hsv,walk,0
违章03/违章03_t105.8_3_off.jpg,违章03,105.84,776,43,795,51,hsv,off,0
违章03/违章03_t105.8_4_off.jpg,违章03,105.84,746,47,768,55,hsv,off,0
违章03/违章03_t105.8_5_off.jpg,违章03,105.84,1035,61,1054,80,hsv,off,0
违章03/违章03_t105.8_6_off.jpg,违章03,105.84,1238,133,1251,142,hsv,off,0
违章03/违章03_t105.8_7_off.jpg,违章03,105.84,1232,151,1256,162,hsv,off,0
违章03/违章03_t105.8_8_off.jpg,违章03,105.84,278,161,299,199,hsv,off,0
违章03/违章03_t105.8_9_off.jpg,违章03,105.84,433,179,444,200,hsv,off,0
违章03/违章03_t105.8_10_off.jpg,违章03,105.84,904,193,915,223,hsv,off,0
违章03/违章03_t106.1_1_walk.jpg,违章03,106.08,955,13,983,24,hsv,walk,0
违章03/违章03_t106.1_3_off.jpg,违章03,106.08,745,48,768,56,hsv,off,0
违章03/违章03_t106.1_4_off.jpg,违章03,106.08,1034,63,1046,81,hsv,off,0
违章03/违章03_t106.1_5_off.jpg,违章03,106.08,1235,134,1248,143,hsv,off,0
违章03/违章03_t106.1_6_off.jpg,违章03,106.08,1229,151,1253,163,hsv,off,0
违章03/违章03_t106.1_7_off.jpg,违章03,106.08,277,161,297,199,hsv,off,0
违章03/违章03_t106.1_8_off.jpg,违章03,106.08,431,179,442,200,hsv,off,0
违章03/违章03_t106.1_9_off.jpg,违章03,106.08,902,196,913,224,hsv,off,0
违章03/违章03_t106.1_11_off.jpg,违章03,106.08,387,407,397,417,hsv,off,0
违章03/违章03_t106.3_5_off.jpg,违章03,106.31,1032,62,1045,81,hsv,off,0
违章03/违章03_t106.3_6_off.jpg,违章03,106.31,1235,134,1247,143,hsv,off,0
违章03/违章03_t106.3_7_off.jpg,违章03,106.31,1232,152,1251,162,hsv,off,0
违章03/违章03_t106.3_8_off.jpg,违章03,106.31,276,160,295,197,hsv,off,0
违章03/违章03_t106.3_9_off.jpg,违章03,106.31,430,179,440,197,hsv,off,0
违章03/违章03_t106.3_10_off.jpg,违章03,106.31,901,197,912,223,hsv,off,0
违章03/违章03_t106.5_1_off.jpg,违章03,106.55,1036,2,1059,10,hsv,off,0
违章03/违章03_t106.5_2_walk.jpg,违章03,106.55,967,13,984,22,hsv,walk,0
违章03/违章03_t106.5_3_off.jpg,违章03,106.55,951,17,965,25,hsv,off,0
违章03/违章03_t106.5_4_off.jpg,违章03,106.55,1029,64,1043,82,hsv,off,0
违章03/违章03_t106.5_5_off.jpg,违章03,106.55,1231,136,1245,144,hsv,off,0
违章03/违章03_t106.5_6_off.jpg,违章03,106.55,1233,154,1248,163,hsv,off,0
违章03/违章03_t106.5_7_off.jpg,违章03,106.55,274,160,294,199,hsv,off,0
违章03/违章03_t106.5_8_off.jpg,违章03,106.55,430,176,439,198,hsv,off,0
违章03/违章03_t106.5_9_off.jpg,违章03,106.55,899,194,910,224,hsv,off,0
违章03/违章03_t106.8_0_off.jpg,违章03,106.78,1033,2,1061,11,hsv,off,0
违章03/违章03_t106.8_1_walk.jpg,违章03,106.78,967,14,984,22,hsv,walk,0
违章03/违章03_t106.8_4_off.jpg,违章03,106.78,1028,64,1043,82,hsv,off,0
违章03/违章03_t106.8_6_off.jpg,违章03,106.78,1230,153,1248,164,hsv,off,0
违章03/违章03_t106.8_7_off.jpg,违章03,106.78,273,160,293,199,hsv,off,0
违章03/违章03_t106.8_8_off.jpg,违章03,106.78,429,182,438,196,hsv,off,0
违章03/违章03_t106.8_9_off.jpg,违章03,106.78,898,198,909,224,hsv,off,0
违章03/违章03_t107.0_2_off.jpg,违章03,107.02,1027,65,1040,84,hsv,off,0
违章03/违章03_t107.0_3_off.jpg,违章03,107.02,1228,138,1241,146,hsv,off,0
违章03/违章03_t107.0_4_off.jpg,违章03,107.02,1227,156,1246,166,hsv,off,0
违章03/违章03_t107.0_5_off.jpg,违章03,107.02,270,161,291,200,hsv,off,0
违章03/违章03_t107.0_7_off.jpg,违章03,107.02,896,197,906,226,hsv,off,0
违章03/违章03_t107.0_11_off.jpg,违章03,107.02,382,409,396,418,hsv,off,0
违章03/违章03_t107.2_0_walk.jpg,违章03,107.25,966,16,982,24,hsv,walk,0
违章03/违章03_t107.2_2_off.jpg,违章03,107.25,1025,66,1039,84,hsv,off,0
违章03/违章03_t107.2_3_off.jpg,违章03,107.25,1226,137,1240,147,hsv,off,0
违章03/违章03_t107.2_4_off.jpg,违章03,107.25,1234,155,1244,166,hsv,off,0
违章03/违章03_t107.2_5_off.jpg,违章03,107.25,270,162,290,201,hsv,off,0
违章03/违章03_t107.2_6_off.jpg,违章03,107.25,427,181,435,199,hsv,off,0
违章03/违章03_t107.2_7_off.jpg,违章03,107.25,895,197,906,227,hsv,off,0
违章03/违章03_t107.5_0_off.jpg,违章03,107.49,1073,0,1087,8,hsv,off,0
违章03/违章03_t107.5_2_walk.jpg,违章03,107.49,945,17,980,29,hsv,walk,0
违章03/违章03_t107.5_3_off.jpg,违章03,107.49,1024,67,1038,86,hsv,off,0
违章03/违章03_t107.5_4_off.jpg,违章03,107.49,1224,139,1237,147,hsv,off,0
违章03/违章03_t107.5_5_off.jpg,违章03,107.49,1232,158,1241,166,hsv,off,0
违章03/违章03_t107.5_6_off.jpg,违章03,107.49,269,163,289,200,hsv,off,0
违章03/违章03_t107.5_7_off.jpg,违章03,107.49,893,199,904,227,hsv,off,0
违章03/违章03_t107.5_9_off.jpg,违章03,107.49,396,409,421,418,hsv,off,0
违章03/违章03_t107.7_0_walk.jpg,违章03,107.73,941,20,974,31,hsv,walk,0
违章03/违章03_t107.7_1_off.jpg,违章03,107.73,1019,68,1032,88,hsv,off,0
违章03/违章03_t107.7_2_off.jpg,违章03,107.73,1220,141,1232,150,hsv,off,0
违章03/违章03_t107.7_4_off.jpg,违章03,107.73,264,165,285,203,hsv,off,0
违章03/违章03_t107.7_5_off.jpg,违章03,107.73,421,184,431,204,hsv,off,0
违章03/违章03_t107.7_6_off.jpg,违章03,107.73,889,202,900,229,hsv,off,0
违章03/违章03_t108.0_1_walk.jpg,违章03,107.96,937,19,973,31,hsv,walk,0
违章03/违章03_t108.0_2_off.jpg,违章03,107.96,1015,69,1028,88,hsv,off,0
违章03/违章03_t108.0_3_off.jpg,违章03,107.96,1214,141,1228,150,hsv,off,0
违章03/违章03_t108.0_4_off.jpg,违章03,107.96,1223,159,1231,168,hsv,off,0
违章03/违章03_t108.0_5_off.jpg,违章03,107.96,261,166,281,203,hsv,off,0
违章03/违章03_t108.0_6_off.jpg,违章03,107.96,417,184,427,204,hsv,off,0
违章03/违章03_t108.0_7_off.jpg,违章03,107.96,885,202,896,229,hsv,off,0
违章03/违章03_t108.0_9_off.jpg,违章03,107.96,477,305,489,315,hsv,off,0
违章03/违章03_t108.2_0_off.jpg,违章03,108.2,1056,4,1075,14,hsv,off,0
违章03/违章03_t108.2_1_off.jpg,违章03,108.2,1024,8,1054,18,hsv,off,0
违章03/违章03_t108.2_2_walk.jpg,违章03,108.2,947,22,965,31,hsv,walk,0
违章03/违章03_t108.2_3_off.jpg,违章03,108.2,933,25,946,33,hsv,off,0
违章03/违章03_t108.2_4_off.jpg,违章03,108.2,1011,70,1025,90,hsv,off,0
违章03/违章03_t108.2_6_off.jpg,违章03,108.2,1218,162,1227,170,hsv,off,0
违章03/违章03_t108.2_7_off.jpg,违章03,108.2,257,168,278,206,hsv,off,0
违章03/违章03_t108.2_8_off.jpg,违章03,108.2,414,186,424,208,hsv,off,0
违章03/违章03_t108.2_9_off.jpg,违章03,108.2,882,202,893,231,hsv,off,0
违章03/违章03_t108.2_10_off.jpg,违章03,108.2,473,306,486,315,hsv,off,0
违章03/违章03_t108.2_12_off.jpg,违章03,108.2,419,398,441,406,hsv,off,0
违章03/违章03_t108.4_0_walk.jpg,违章03,108.43,1022,10,1056,20,hsv,walk,0
违章03/违章03_t108.4_2_off.jpg,违章03,108.43,1009,72,1022,96,hsv,off,0
违章03/违章03_t108.4_3_off.jpg,违章03,108.43,1206,145,1220,153,hsv,off,0
违章03/违章03_t108.4_4_off.jpg,违章03,108.43,1201,161,1223,173,hsv,off,0
违章03/违章03_t108.4_5_off.jpg,违章03,108.43,254,170,275,208,hsv,off,0
违章03/违章03_t108.4_6_off.jpg,违章03,108.43,412,187,421,209,hsv,off,0
违章03/违章03_t108.4_7_off.jpg,违章03,108.43,879,206,889,233,hsv,off,0
违章03/违章03_t108.4_8_off.jpg,违章03,108.43,470,308,480,317,hsv,off,0
违章03/违章03_t108.4_11_off.jpg,违章03,108.43,363,421,377,429,hsv,off,0
违章03/违章03_t108.7_0_off.jpg,违章03,108.67,1108,0,1137,10,hsv,off,0
违章03/违章03_t108.7_1_walk.jpg,违章03,108.67,942,26,961,36,hsv,walk,0
违章03/违章03_t108.7_3_off.jpg,违章03,108.67,1005,76,1018,95,hsv,off,0
违章03/违章03_t108.7_4_off.jpg,违章03,108.67,1203,147,1216,155,hsv,off,0
违章03/违章03_t108.7_5_off.jpg,违章03,108.67,1198,163,1219,175,hsv,off,0
违章03/违章03_t108.7_6_off.jpg,违章03,108.67,252,173,272,211,hsv,off,0
违章03/违章03_t108.7_7_off.jpg,违章03,108.67,409,193,419,211,hsv,off,0
违章03/违章03_t108.7_8_off.jpg,违章03,108.67,877,208,887,236,hsv,off,0
违章03/违章03_t108.9_0_off.jpg,违章03,108.9,1105,0,1133,10,hsv,off,0
违章03/违章03_t108.9_1_walk.jpg,违章03,108.9,940,26,961,36,hsv,walk,0
违章03/违章03_t108.9_2_off.jpg,违章03,108.9,925,30,937,38,hsv,off,0
违章03/违章03_t108.9_3_off.jpg,违章03,108.9,1002,76,1016,95,hsv,off,0
违章03/违章03_t108.9_4_off.jpg,违章03,108.9,1199,148,1213,156,hsv,off,0
违章03/违章03_t108.9_5_off.jpg,违章03,108.9,1194,164,1216,175,hsv,off,0
违章03/违章03_t108.9_6_off.jpg,违章03,108.9,248,174,269,213,hsv,off,0
违章03/违章03_t108.9_7_off.jpg,违章03,108.9,406,193,416,211,hsv,off,0
违章03/违章03_t108.9_8_off.jpg,违章03,108.9,874,207,885,236,hsv,off,0
违章03/违章03_t108.9_9_off.jpg,违章03,108.9,464,309,475,319,hsv,off,0
违章03/违章03_t109.1_0_off.jpg,违章03,109.14,1101,0,1131,12,hsv,off,0
违章03/违章03_t109.1_2_off.jpg,违章03,109.14,937,29,955,37,hsv,off,0
违章03/违章03_t109.1_3_off.jpg,违章03,109.14,920,33,934,42,hsv,off,0
违章03/违章03_t109.1_4_off.jpg,违章03,109.14,998,80,1013,98,hsv,off,0
违章03/违章03_t109.1_5_off.jpg,违章03,109.14,1196,149,1209,158,hsv,off,0
违章03/违章03_t109.1_6_off.jpg,违章03,109.14,1191,165,1212,177,hsv,off,0
违章03/违章03_t109.1_7_off.jpg,违章03,109.14,245,176,267,216,hsv,off,0
违章03/违章03_t109.1_8_off.jpg,违章03,109.14,405,194,414,215,hsv,off,0
违章03/违章03_t109.1_9_off.jpg,违章03,109.14,871,210,882,238,hsv,off,0
违章03/违章03_t109.1_10_off.jpg,违章03,109.14,462,310,472,319,hsv,off,0
违章03/违章03_t109.1_11_off.jpg,违章03,109.14,420,396,445,404,hsv,off,0
违章03/违章03_t109.4_0_off.jpg,违章03,109.38,1098,2,1125,14,hsv,off,0
违章03/违章03_t109.4_2_walk.jpg,违章03,109.38,1002,16,1040,27,hsv,walk,0
违章03/违章03_t109.4_3_off.jpg,违章03,109.38,995,80,1007,98,hsv,off,0
违章03/违章03_t109.4_4_off.jpg,违章03,109.38,1192,150,1205,159,hsv,off,0
违章03/违章03_t109.4_5_off.jpg,违章03,109.38,1188,166,1208,178,hsv,off,0
违章03/违章03_t109.4_6_off.jpg,违章03,109.38,243,177,264,216,hsv,off,0
违章03/违章03_t109.4_7_off.jpg,违章03,109.38,400,195,410,216,hsv,off,0
违章03/违章03_t109.4_8_off.jpg,违章03,109.38,867,209,879,239,hsv,off,0
违章03/违章03_t109.6_0_off.jpg,违章03,109.61,1093,5,1121,15,hsv,off,0
违章03/违章03_t109.6_1_walk.jpg,违章03,109.61,991,81,1005,100,hsv,walk,0
违章03/违章03_t109.6_2_off.jpg,违章03,109.61,1189,152,1201,160,hsv,off,0
违章03/违章03_t109.6_3_off.jpg,违章03,109.61,1183,167,1204,178,hsv,off,0
违章03/违章03_t109.6_4_off.jpg,违章03,109.61,239,181,261,219,hsv,off,0
违章03/违章03_t109.6_5_off.jpg,违章03,109.61,398,196,407,218,hsv,off,0
违章03/违章03_t109.6_6_off.jpg,违章03,109.61,865,214,876,241,hsv,off,0
违章03/违章03_t109.8_0_off.jpg,违章03,109.85,1089,6,1118,18,hsv,off,0
违章03/违章03_t109.8_2_off.jpg,违章03,109.85,910,38,924,46,hsv,off,0
违章03/违章03_t109.8_3_off.jpg,违章03,109.85,987,83,1000,102,hsv,off,0
违章03/违章03_t109.8_4_off.jpg,违章03,109.85,1184,153,1197,161,hsv,off,0
违章03/违章03_t109.8_5_off.jpg,违章03,109.85,1180,169,1200,180,hsv,off,0
违章03/违章03_t109.8_6_off.jpg,违章03,109.85,236,184,257,221,hsv,off,0
违章03/违章03_t109.8_7_off.jpg,违章03,109.85,394,201,404,221,hsv,off,0
违章03/违章03_t109.8_8_off.jpg,违章03,109.85,861,213,872,243,hsv,off,0
违章03/违章03_t110.1_0_off.jpg,违章03,110.08,1085,8,1113,18,hsv,off,0
违章03/违章03_t110.1_1_walk.jpg,违章03,110.08,907,37,932,48,hsv,walk,0
违章03/违章03_t110.1_2_off.jpg,违章03,110.08,984,85,998,103,hsv,off,0
违章03/违章03_t110.1_3_off.jpg,违章03,110.08,1180,153,1194,162,hsv,off,0
违章03/违章03_t110.1_4_off.jpg,违章03,110.08,1177,169,1197,182,hsv,off,0
违章03/违章03_t110.1_5_off.jpg,违章03,110.08,233,187,254,223,hsv,off,0
违章03/违章03_t110.1_6_off.jpg,违章03,110.08,391,203,402,224,hsv,off,0
违章03/违章03_t110.1_7_off.jpg,违章03,110.08,859,215,869,245,hsv,off,0
违章03/违章03_t110.3_0_off.jpg,违章03,110.32,1083,9,1110,20,hsv,off,0
违章03/违章03_t110.3_1_walk.jpg,违章03,110.32,903,39,929,50,hsv,walk,0
违章03/违章03_t110.3_2_off.jpg,违章03,110.32,981,86,993,103,hsv,off,0
违章03/违章03_t110.3_3_off.jpg,违章03,110.32,1175,155,1189,163,hsv,off,0
违章03/违章03_t110.3_4_off.jpg,违章03,110.32,1171,171,1192,183,hsv,off,0
违章03/违章03_t110.3_5_off.jpg,违章03,110.32,229,188,251,226,hsv,off,0
违章03/违章03_t110.3_6_off.jpg,违章03,110.32,855,218,866,246,hsv,off,0
违章03/违章03_t110.5_0_off.jpg,违章03,110.55,1077,10,1105,21,hsv,off,0
违章03/违章03_t110.5_2_off.jpg,违章03,110.55,900,39,934,50,hsv,off,0
违章03/违章03_t110.5_3_off.jpg,违章03,110.55,977,87,990,105,hsv,off,0
违章03/违章03_t110.5_5_off.jpg,违章03,110.55,1173,155,1186,163,hsv,off,0
违章03/违章03_t110.5_6_off.jpg,违章03,110.55,1168,170,1189,183,hsv,off,0
违章03/违章03_t110.5_7_off.jpg,违章03,110.55,227,191,248,229,hsv,off,0
违章03/违章03_t110.5_8_off.jpg,违章03,110.55,386,207,396,225,hsv,off,0
违章03/违章03_t110.5_9_off.jpg,违章03,110.55,853,218,864,246,hsv,off,0
违章03/违章03_t110.8_0_off.jpg,违章03,110.79,1073,10,1102,22,hsv,off,0
违章03/违章03_t110.8_2_off.jpg,违章03,110.79,897,39,934,51,hsv,off,0
违章03/违章03_t110.8_3_off.jpg,违章03,110.79,974,88,988,106,hsv,off,0
违章03/违章03_t110.8_4_off.jpg,违章03,110.79,383,208,392,226,hsv,off,0
违章03/违章03_t110.8_5_off.jpg,违章03,110.79,850,219,861,248,hsv,off,0
违章03/违章03_t111.0_0_off.jpg,违章03,111.03,1071,12,1098,24,hsv,off,0
违章03/违章03_t111.0_1_walk.jpg,违章03,111.03,983,24,1030,38,hsv,walk,0
违章03/违章03_t111.0_2_off.jpg,违章03,111.03,895,41,926,52,hsv,off,0
违章03/违章03_t111.0_3_off.jpg,违章03,111.03,971,89,988,107,hsv,off,0
违章03/违章03_t111.0_5_off.jpg,违章03,111.03,1169,173,1182,183,hsv,off,0
违章03/违章03_t111.0_6_off.jpg,违章03,111.03,222,195,245,233,hsv,off,0
违章03/违章03_t111.0_7_off.jpg,违章03,111.03,380,210,391,227,hsv,off,0
违章03/违章03_t111.0_8_off.jpg,违章03,111.03,848,222,859,246,hsv,off,0
违章03/违章03_t111.3_0_off.jpg,违章03,111.26,1070,13,1097,25,hsv,off,0
违章03/违章03_t111.3_1_walk.jpg,违章03,111.26,983,25,1030,39,hsv,walk,0
违章03/违章03_t111.3_3_off.jpg,违章03,111.26,895,43,923,54,hsv,off,0
违章03/违章03_t111.3_4_off.jpg,违章03,111.26,971,91,982,108,hsv,off,0
违章03/违章03_t111.3_5_off.jpg,违章03,111.26,1165,158,1177,166,hsv,off,0
违章03/违章03_t111.3_6_off.jpg,违章03,111.26,221,197,244,236,hsv,off,0
违章03/违章03_t111.3_7_off.jpg,违章03,111.26,380,211,391,231,hsv,off,0
违章03/违章03_t111.3_10_off.jpg,违章03,111.26,1169,533,1222,591,hsv,off,0
违章03/违章03_t111.3_11_off.jpg,违章03,111.26,1143,538,1160,556,hsv,off,0
违章03/违章03_t111.3_13_off.jpg,违章03,111.26,1124,555,1135,569,hsv,off,0
违章03/违章03_t111.3_14_off.jpg,违章03,111.26,1220,589,1235,607,hsv,off,0
违章03/违章03_t111.3_15_off.jpg,违章03,111.26,1156,597,1169,613,hsv,off,0
违章03/违章03_t111.3_16_off.jpg,违章03,111.26,1241,605,1280,720,hsv,off,0
违章03/违章03_t111.3_17_off.jpg,违章03,111.26,1139,616,1159,634,hsv,off,0
违章03/违章03_t111.3_19_off.jpg,违章03,111.26,1127,642,1203,677,hsv,off,0
违章03/违章03_t111.3_20_off.jpg,违章03,111.26,975,651,1112,720,hsv,off,0
违章03/违章03_t111.3_21_off.jpg,违章03,111.26,1205,677,1263,720,hsv,off,0
违章03/违章03_t111.3_22_off.jpg,违章03,111.26,1128,692,1156,720,hsv,off,0
违章03/违章03_t111.5_0_off.jpg,违章03,111.5,1068,14,1097,26,hsv,off,0
违章03/违章03_t111.5_1_walk.jpg,违章03,111.5,975,24,1030,40,hsv,walk,0
违章03/违章03_t111.5_3_off.jpg,违章03,111.5,891,47,906,56,hsv,off,0
违章03/违章03_t111.5_6_off.jpg,违章03,111.5,688,80,710,88,hsv,off,0
违章03/违章03_t111.5_7_off.jpg,违章03,111.5,970,91,984,109,hsv,off,0
违章03/违章03_t111.5_9_off.jpg,违章03,111.5,222,199,244,236,hsv,off,0
违章03/违章03_t111.5_10_off.jpg,违章03,111.5,382,209,393,236,hsv,off,0
违章03/违章03_t111.5_11_off.jpg,违章03,111.5,846,223,858,249,hsv,off,0
违章03/违章03_t111.5_12_off.jpg,违章03,111.5,496,325,508,342,hsv,off,0
违章03/违章03_t111.5_15_off.jpg,违章03,111.5,933,477,969,518,hsv,off,0
违章03/违章03_t111.5_17_off.jpg,违章03,111.5,896,491,910,508,hsv,off,0
违章03/违章03_t111.5_18_off.jpg,违章03,111.5,974,511,988,529,hsv,off,0
违章03/违章03_t111.5_19_off.jpg,违章03,111.5,996,533,1049,624,hsv,off,0
违章03/违章03_t111.5_20_off.jpg,违章03,111.5,918,546,926,558,hsv,off,0
违章03/违章03_t111.5_21_off.jpg,违章03,111.5,1077,562,1103,615,hsv,off,0
违章03/违章03_t111.5_22_off.jpg,违章03,111.5,904,569,961,588,hsv,off,0
违章03/违章03_t111.5_24_off.jpg,违章03,111.5,1011,601,1031,620,hsv,off,0
违章03/违章03_t111.5_25_off.jpg,违章03,111.5,881,607,924,720,hsv,off,0
违章03/违章03_t111.5_26_off.jpg,违章03,111.5,994,608,1024,639,hsv,off,0
违章03/违章03_t111.5_27_off.jpg,违章03,111.5,779,613,879,670,hsv,off,0
违章03/违章03_t111.5_28_off.jpg,违章03,111.5,1033,622,1065,668,hsv,off,0
违章03/违章03_t111.5_29_off.jpg,违章03,111.5,974,637,988,646,hsv,off,0
违章03/违章03_t111.5_30_off.jpg,违章03,111.5,996,638,1044,720,hsv,off,0
违章03/违章03_t111.5_31_off.jpg,违章03,111.5,1024,639,1047,680,hsv,off,0
违章03/违章03_t111.5_32_off.jpg,违章03,111.5,988,657,997,670,hsv,off,0
违章03/违章03_t111.5_33_off.jpg,违章03,111.5,993,681,1023,714,hsv,off,0
违章03/违章03_t111.7_0_off.jpg,违章03,111.73,1066,14,1097,26,hsv,off,0
违章03/违章03_t111.7_2_off.jpg,违章03,111.73,891,48,904,56,hsv,off,0
违章03/违章03_t111.7_5_off.jpg,违章03,111.73,969,92,981,110,hsv,off,0
违章03/违章03_t111.7_6_off.jpg,违章03,111.73,1165,158,1174,166,hsv,off,0
违章03/违章03_t111.7_7_off.jpg,违章03,111.73,222,200,244,237,hsv,off,0
违章03/违章03_t111.7_8_off.jpg,违章03,111.73,381,212,391,236,hsv,off,0
违章03/违章03_t111.7_9_off.jpg,违章03,111.73,846,225,858,250,hsv,off,0
违章03/违章03_t111.7_10_off.jpg,违章03,111.73,729,233,752,267,hsv,off,0
违章03/违章03_t111.7_12_off.jpg,违章03,111.73,743,474,775,510,hsv,off,0
违章03/违章03_t111.7_13_off.jpg,违章03,111.73,717,487,727,498,hsv,off,0
违章03/违章03_t111.7_15_off.jpg,违章03,111.73,761,509,891,676,hsv,off,0
违章03/违章03_t111.7_17_off.jpg,违章03,111.73,722,545,752,554,hsv,off,0
违章03/违章03_t111.7_19_off.jpg,违章03,111.73,697,588,804,720,hsv,off,0
违章03/违章03_t111.7_20_off.jpg,违章03,111.73,636,592,705,634,hsv,off,0
违章03/违章03_t111.7_21_off.jpg,违章03,111.73,735,595,772,618,hsv,off,0
违章03/违章03_t111.7_23_off.jpg,违章03,111.73,788,618,819,642,hsv,off,0
违章03/违章03_t111.7_25_off.jpg,违章03,111.73,692,683,707,720,hsv,off,0
违章03/违章03_t112.0_0_off.jpg,违章03,111.97,1067,16,1095,28,hsv,off,0
违章03/违章03_t112.0_2_walk.jpg,违章03,111.97,977,30,1014,43,hsv,walk,0
违章03/违章03_t112.0_3_off.jpg,违章03,111.97,891,50,902,58,hsv,off,0
违章03/违章03_t112.0_6_off.jpg,违章03,111.97,691,83,712,91,hsv,off,0
违章03/违章03_t112.0_7_off.jpg,违章03,111.97,968,95,980,112,hsv,off,0
违章03/违章03_t112.0_9_off.jpg,违章03,111.97,222,201,244,240,hsv,off,0
违章03/违章03_t112.0_10_off.jpg,违章03,111.97,847,226,858,252,hsv,off,0
违章03/违章03_t112.0_11_off.jpg,违章03,111.97,729,234,753,269,hsv,off,0
违章03/违章03_t112.0_12_off.jpg,违章03,111.97,592,238,684,288,hsv,off,0
违章03/违章03_t112.0_13_off.jpg,违章03,111.97,570,446,579,456,hsv,off,0
违章03/违章03_t112.0_14_off.jpg,违章03,111.97,588,449,611,487,hsv,off,0
违章03/违章03_t112.0_15_off.jpg,违章03,111.97,608,484,724,605,hsv,off,0
违章03/违章03_t112.0_16_off.jpg,违章03,111.97,592,517,604,527,hsv,off,0
违章03/违章03_t112.0_17_off.jpg,违章03,111.97,607,551,623,562,hsv,off,0
违章03/违章03_t112.0_18_off.jpg,违章03,111.97,528,580,536,588,hsv,off,0
违章03/违章03_t112.2_0_off.jpg,违章03,112.2,1069,16,1096,29,hsv,off,0
违章03/违章03_t112.2_1_walk.jpg,违章03,112.2,977,32,1006,43,hsv,walk,0
违章03/违章03_t112.2_3_off.jpg,违章03,112.2,892,50,903,59,hsv,off,0
违章03/违章03_t112.2_6_off.jpg,违章03,112.2,970,95,981,112,hsv,off,0
违章03/违章03_t112.2_8_off.jpg,违章03,112.2,223,203,245,241,hsv,off,0
违章03/违章03_t112.2_10_off.jpg,违章03,112.2,847,226,858,254,hsv,off,0
违章03/违章03_t112.2_11_off.jpg,违章03,112.2,593,238,686,288,hsv,off,0
违章03/违章03_t112.2_12_off.jpg,违章03,112.2,473,445,490,473,hsv,off,0
违章03/违章03_t112.2_14_off.jpg,违章03,112.2,397,556,411,572,hsv,off,0
违章03/违章03_t112.4_0_off.jpg,违章03,112.44,1066,17,1097,30,hsv,off,0
违章03/违章03_t112.4_1_walk.jpg,违章03,112.44,979,28,1031,45,hsv,walk,0
违章03/违章03_t112.4_3_off.jpg,违章03,112.44,893,47,929,60,hsv,off,0
违章03/违章03_t112.4_4_off.jpg,违章03,112.44,786,63,834,77,hsv,off,0
违章03/违章03_t112.4_5_off.jpg,违章03,112.44,972,96,983,112,hsv,off,0
违章03/违章03_t112.4_8_off.jpg,违章03,112.44,1169,178,1180,186,hsv,off,0
违章03/违章03_t112.4_9_off.jpg,违章03,112.44,225,202,247,241,hsv,off,0
违章03/违章03_t112.4_10_off.jpg,违章03,112.44,848,225,860,254,hsv,off,0
违章03/违章03_t112.4_12_off.jpg,违章03,112.44,542,250,553,262,hsv,off,0
违章03/违章03_t112.4_14_off.jpg,违章03,112.44,353,440,377,456,hsv,off,0
违章03/违章03_t112.4_15_off.jpg,违章03,112.44,367,454,470,609,hsv,off,0
违章03/违章03_t112.4_16_off.jpg,违章03,112.44,349,501,411,556,hsv,off,0
违章03/违章03_t112.4_18_off.jpg,违章03,112.44,318,525,418,636,hsv,off,0
违章03/违章03_t112.4_19_off.jpg,违章03,112.44,344,536,369,549,hsv,off,0
违章03/违章03_t112.4_20_off.jpg,违章03,112.44,381,547,406,558,hsv,off,0
违章03/违章03_t112.4_21_off.jpg,违章03,112.44,378,564,395,575,hsv,off,0
违章03/违章03_t112.4_22_off.jpg,违章03,112.44,403,587,427,604,hsv,off,0
违章03/违章03_t112.7_0_off.jpg,违章03,112.68,1069,17,1098,30,hsv,off,0
违章03/违章03_t112.7_1_walk.jpg,违章03,112.68,979,28,1033,45,hsv,walk,0
违章03/违章03_t112.7_3_off.jpg,违章03,112.68,894,41,957,60,hsv,off,0
违章03/违章03_t112.7_4_off.jpg,违章03,112.68,694,79,743,93,hsv,off,0
违章03/违章03_t112.7_5_off.jpg,违章03,112.68,973,96,984,113,hsv,off,0
违章03/违章03_t112.7_7_off.jpg,违章03,112.68,1171,177,1183,186,hsv,off,0
违章03/违章03_t112.7_8_off.jpg,违章03,112.68,226,202,248,242,hsv,off,0
违章03/违章03_t112.7_9_off.jpg,违章03,112.68,383,218,395,239,hsv,off,0
违章03/违章03_t112.7_10_off.jpg,违章03,112.68,850,228,861,255,hsv,off,0
违章03/违章03_t112.7_12_off.jpg,违章03,112.68,572,299,584,309,hsv,off,0
违章03/违章03_t112.9_0_off.jpg,违章03,112.91,1070,18,1100,30,hsv,off,0
违章03/违章03_t112.9_1_walk.jpg,违章03,112.91,979,28,1035,44,hsv,walk,0
违章03/违章03_t112.9_2_off.jpg,违章03,112.91,897,42,958,60,hsv,off,0
违章03/违章03_t112.9_3_off.jpg,违章03,112.91,788,63,838,78,hsv,off,0
违章03/违章03_t112.9_4_off.jpg,违章03,112.91,975,96,985,114,hsv,off,0
违章03/违章03_t112.9_7_off.jpg,违章03,112.91,1172,178,1183,186,hsv,off,0
违章03/违章03_t112.9_8_off.jpg,违章03,112.91,228,204,249,242,hsv,off,0
违章03/违章03_t112.9_9_off.jpg,违章03,112.91,386,218,396,240,hsv,off,0
违章03/违章03_t112.9_10_off.jpg,违章03,112.91,851,229,862,255,hsv,off,0
违章03/违章03_t113.2_0_off.jpg,违章03,113.15,1071,18,1100,30,hsv,off,0
违章03/违章03_t113.2_1_walk.jpg,违章03,113.15,982,28,1036,45,hsv,walk,0
违章03/违章03_t113.2_2_off.jpg,违章03,113.15,898,42,960,60,hsv,off,0
违章03/违章03_t113.2_3_off.jpg,违章03,113.15,696,80,744,94,hsv,off,0
违章03/违章03_t113.2_4_off.jpg,违章03,113.15,976,96,986,114,hsv,off,0
违章03/违章03_t113.2_5_off.jpg,违章03,113.15,1170,161,1182,169,hsv,off,0
违章03/违章03_t113.2_6_off.jpg,违章03,113.15,1174,178,1185,186,hsv,off,0
违章03/违章03_t113.2_7_off.jpg,违章03,113.15,230,204,251,242,hsv,off,0
违章03/违章03_t113.2_8_off.jpg,违章03,113.15,389,219,398,240,hsv,off,0
违章03/违章03_t113.2_9_off.jpg,违章03,113.15,852,229,864,255,hsv,off,0
违章03/违章03_t113.4_0_off.jpg,违章03,113.38,1071,17,1101,29,hsv,off,0
违章03/违章03_t113.4_1_walk.jpg,违章03,113.38,976,30,1027,47,hsv,walk,0
违章03/违章03_t113.4_3_off.jpg,违章03,113.38,897,46,946,60,hsv,off,0
违章03/违章03_t113.4_4_off.jpg,违章03,113.38,977,97,993,114,hsv,off,0
违章03/违章03_t113.4_6_off.jpg,违章03,113.38,1168,177,1186,188,hsv,off,0
违章03/违章03_t113.4_7_off.jpg,违章03,113.38,389,220,398,240,hsv,off,0
违章03/违章03_t113.4_8_off.jpg,违章03,113.38,853,228,864,255,hsv,off,0
违章03/违章03_t113.4_11_off.jpg,违章03,113.38,66,541,88,552,hsv,off,0
违章03/违章03_t113.4_12_off.jpg,违章03,113.38,66,570,93,595,hsv,off,0
违章03/违章03_t113.4_13_off.jpg,违章03,113.38,71,593,98,619,hsv,off,0
违章03/违章03_t113.6_0_off.jpg,违章03,113.62,1072,17,1101,29,hsv,off,0
违章03/违章03_t113.6_2_walk.jpg,违章03,113.62,897,47,934,61,hsv,walk,0
违章03/违章03_t113.6_3_off.jpg,违章03,113.62,976,97,988,114,hsv,off,0
违章03/违章03_t113.6_6_off.jpg,违章03,113.62,230,207,252,244,hsv,off,0
违章03/违章03_t113.6_7_off.jpg,违章03,113.62,390,223,399,240,hsv,off,0
违章03/违章03_t113.6_8_off.jpg,违章03,113.62,854,229,865,256,hsv,off,0
违章03/违章03_t113.6_12_off.jpg,违章03,113.62,113,522,128,538,hsv,off,0
违章03/违章03_t113.8_0_off.jpg,违章03,113.85,1073,18,1101,30,hsv,off,0
违章03/违章03_t113.8_1_walk.jpg,违章03,113.85,976,30,1034,47,hsv,walk,0
违章03/违章03_t113.8_3_off.jpg,违章03,113.85,898,46,944,61,hsv,off,0
违章03/违章03_t113.8_4_off.jpg,违章03,113.85,790,65,839,80,hsv,off,0
违章03/违章03_t113.8_5_off.jpg,违章03,113.85,976,96,988,115,hsv,off,0
违章03/违章03_t113.8_8_off.jpg,违章03,113.85,231,207,252,245,hsv,off,0
违章03/违章03_t113.8_9_off.jpg,违章03,113.85,390,222,398,240,hsv,off,0
违章03/违章03_t113.8_10_off.jpg,违章03,113.85,854,230,865,256,hsv,off,0
违章03/违章03_t114.1_0_off.jpg,违章03,114.09,1072,18,1102,30,hsv,off,0
违章03/违章03_t114.1_1_walk.jpg,违章03,114.09,978,30,1035,47,hsv,walk,0
违章03/违章03_t114.1_3_off.jpg,违章03,114.09,898,47,943,62,hsv,off,0
违章03/违章03_t114.1_4_off.jpg,违章03,114.09,790,65,841,80,hsv,off,0
违章03/违章03_t114.1_5_off.jpg,违章03,114.09,976,97,988,115,hsv,off,0
违章03/违章03_t114.1_7_off.jpg,违章03,114.09,1173,177,1187,185,hsv,off,0
违章03/违章03_t114.1_8_off.jpg,违章03,114.09,231,208,253,245,hsv,off,0
违章03/违章03_t114.1_9_off.jpg,违章03,114.09,391,224,399,239,hsv,off,0
违章03/违章03_t114.1_10_off.jpg,违章03,114.09,855,229,866,256,hsv,off,0
违章03/违章03_t114.1_12_off.jpg,违章03,114.09,0,416,60,568,hsv,off,0
违章03/违章03_t114.1_14_off.jpg,违章03,114.09,0,463,12,486,hsv,off,0
违章03/违章03_t114.3_0_off.jpg,违章03,114.33,1073,19,1103,30,hsv,off,0
违章03/违章03_t114.3_3_off.jpg,违章03,114.33,898,48,934,62,hsv,off,0
违章03/违章03_t114.3_4_off.jpg,违章03,114.33,979,96,993,117,hsv,off,0
违章03/违章03_t114.3_7_off.jpg,违章03,114.33,391,223,400,240,hsv,off,0
违章03/违章03_t114.3_8_off.jpg,违章03,114.33,855,230,866,256,hsv,off,0
违章03/违章03_t114.3_9_off.jpg,违章03,114.33,578,303,589,312,hsv,off,0
违章03/违章03_t114.3_10_off.jpg,违章03,114.33,0,412,25,465,hsv,off,0
违章03/违章03_t114.3_11_off.jpg,违章03,114.33,0,468,16,489,hsv,off,0
违章03/违章03_t114.3_12_off.jpg,违章03,114.33,0,480,12,497,hsv,off,0
违章03/违章03_t114.3_13_off.jpg,违章03,114.33,0,505,21,541,hsv,off,0
违章03/违章03_t114.6_0_off.jpg,违章03,114.56,1075,19,1104,30,hsv,off,0
违章03/违章03_t114.6_1_walk.jpg,违章03,114.56,899,49,936,62,hsv,walk,0
违章03/违章03_t114.6_2_off.jpg,违章03,114.56,791,64,847,80,hsv,off,0
违章03/违章03_t114.6_3_off.jpg,违章03,114.56,978,97,995,116,hsv,off,0
违章03/违章03_t114.6_4_off.jpg,违章03,114.56,1175,161,1184,169,hsv,off,0
违章03/违章03_t114.6_6_off.jpg,违章03,114.56,233,208,254,247,hsv,off,0
违章03/违章03_t114.6_7_off.jpg,违章03,114.56,391,224,401,240,hsv,off,0
违章03/违章03_t114.6_8_off.jpg,违章03,114.56,856,230,867,257,hsv,off,0
违章03/违章03_t114.8_0_off.jpg,违章03,114.8,1075,19,1104,30,hsv,off,0
违章03/违章03_t114.8_1_walk.jpg,违章03,114.8,978,30,1037,48,hsv,walk,0
违章03/违章03_t114.8_3_off.jpg,违章03,114.8,913,49,938,57,hsv,off,0
违章03/违章03_t114.8_4_off.jpg,违章03,114.8,900,53,912,62,hsv,off,0
违章03/违章03_t114.8_5_off.jpg,违章03,114.8,792,65,848,81,hsv,off,0
违章03/违章03_t114.8_6_off.jpg,违章03,114.8,979,97,991,116,hsv,off,0
违章03/违章03_t114.8_9_off.jpg,违章03,114.8,233,208,255,246,hsv,off,0
违章03/违章03_t114.8_10_off.jpg,违章03,114.8,391,224,401,241,hsv,off,0
违章03/违章03_t114.8_11_off.jpg,违章03,114.8,856,230,867,257,hsv,off,0
违章03/违章03_t115.0_0_off.jpg,违章03,115.03,1075,19,1104,31,hsv,off,0
违章03/违章03_t115.0_1_walk.jpg,违章03,115.03,949,42,973,50,hsv,walk,0
违章03/违章03_t115.0_2_off.jpg,违章03,115.03,900,49,937,62,hsv,off,0
违章03/违章03_t115.0_3_off.jpg,违章03,115.03,979,97,996,116,hsv,off,0
违章03/违章03_t115.0_6_off.jpg,违章03,115.03,233,209,255,247,hsv,off,0
违章03/违章03_t115.0_7_off.jpg,违章03,115.03,392,224,402,240,hsv,off,0
违章03/违章03_t115.0_8_off.jpg,违章03,115.03,856,230,867,257,hsv,off,0
违章03/违章03_t115.3_0_off.jpg,违章03,115.27,1074,20,1104,32,hsv,off,0
违章03/违章03_t115.3_1_walk.jpg,违章03,115.27,949,43,971,52,hsv,walk,0
违章03/违章03_t115.3_2_off.jpg,违章03,115.27,900,51,928,64,hsv,off,0
违章03/违章03_t115.3_3_off.jpg,违章03,115.27,792,67,843,82,hsv,off,0
违章03/违章03_t115.3_4_off.jpg,违章03,115.27,699,83,748,97,hsv,off,0
违章03/违章03_t115.3_5_off.jpg,违章03,115.27,979,98,990,116,hsv,off,0
违章03/违章03_t115.3_6_off.jpg,违章03,115.27,1176,163,1185,171,hsv,off,0
违章03/违章03_t115.3_7_off.jpg,违章03,115.27,234,208,255,248,hsv,off,0
违章03/违章03_t115.3_8_off.jpg,违章03,115.27,392,225,402,245,hsv,off,0
违章03/违章03_t115.3_9_off.jpg,违章03,115.27,856,229,867,257,hsv,off,0
违章03/违章03_t115.5_0_off.jpg,违章03,115.5,1075,20,1105,31,hsv,off,0
违章03/违章03_t115.5_1_walk.jpg,违章03,115.5,947,43,970,52,hsv,walk,0
违章03/违章03_t115.5_2_off.jpg,违章03,115.5,916,50,928,58,hsv,off,0
违章03/违章03_t115.5_3_off.jpg,违章03,115.5,901,54,915,63,hsv,off,0
违章03/违章03_t115.5_4_off.jpg,违章03,115.5,700,82,749,96,hsv,off,0
违章03/违章03_t115.5_5_off.jpg,违章03,115.5,980,97,991,116,hsv,off,0
违章03/违章03_t115.5_7_off.jpg,违章03,115.5,232,209,255,248,hsv,off,0
违章03/违章03_t115.5_8_off.jpg,违章03,115.5,393,225,401,243,hsv,off,0
违章03/违章03_t115.5_9_off.jpg,违章03,115.5,857,228,868,257,hsv,off,0
违章03/违章03_t115.5_10_off.jpg,违章03,115.5,366,428,386,443,hsv,off,0
违章03/违章03_t115.5_12_off.jpg,违章03,115.5,345,447,353,455,hsv,off,0
违章03/违章03_t115.7_0_off.jpg,违章03,115.74,1077,19,1107,30,hsv,off,0
违章03/违章03_t115.7_1_walk.jpg,违章03,115.74,948,42,974,51,hsv,walk,0
违章03/违章03_t115.7_2_off.jpg,违章03,115.74,902,53,918,62,hsv,off,0
违章03/违章03_t115.7_3_off.jpg,违章03,115.74,793,66,844,81,hsv,off,0
违章03/违章03_t115.7_4_off.jpg,违章03,115.74,981,96,993,119,hsv,off,0
违章03/违章03_t115.7_5_off.jpg,违章03,115.74,1178,161,1190,170,hsv,off,0
违章03/违章03_t115.7_6_off.jpg,违章03,115.74,1175,177,1194,190,hsv,off,0
违章03/违章03_t115.7_7_off.jpg,违章03,115.74,232,209,254,248,hsv,off,0
违章03/违章03_t115.7_8_off.jpg,违章03,115.74,392,226,401,247,hsv,off,0
违章03/违章03_t115.7_9_off.jpg,违章03,115.74,858,228,869,258,hsv,off,0
违章03/违章03_t115.7_10_off.jpg,违章03,115.74,401,424,437,435,hsv,off,0
违章03/违章03_t115.7_11_off.jpg,违章03,115.74,399,437,427,447,hsv,off,0
违章03/违章03_t116.0_0_off.jpg,违章03,115.98,1079,18,1107,30,hsv,off,0
违章03/违章03_t116.0_3_off.jpg,违章03,115.98,794,66,844,81,hsv,off,0
违章03/违章03_t116.0_4_off.jpg,违章03,115.98,982,95,995,115,hsv,off,0
违章03/违章03_t116.0_5_off.jpg,违章03,115.98,1179,162,1192,170,hsv,off,0
违章03/违章03_t116.0_6_off.jpg,违章03,115.98,1175,177,1195,190,hsv,off,0
违章03/违章03_t116.0_7_off.jpg,违章03,115.98,233,210,255,248,hsv,off,0
违章03/违章03_t116.0_8_off.jpg,违章03,115.98,393,227,402,247,hsv,off,0
违章03/违章03_t116.0_9_off.jpg,违章03,115.98,859,230,870,257,hsv,off,0
违章03/违章03_t116.0_10_off.jpg,违章03,115.98,411,427,438,435,hsv,off,0
违章03/违章03_t116.0_12_off.jpg,违章03,115.98,371,453,386,463,hsv,off,0
违章03/违章03_t116.0_13_off.jpg,违章03,115.98,353,457,370,466,hsv,off,0
违章03/违章03_t116.2_0_off.jpg,违章03,116.21,1079,18,1107,30,hsv,off,0
违章03/违章03_t116.2_1_walk.jpg,违章03,116.21,992,33,1028,45,hsv,walk,0
违章03/违章03_t116.2_2_off.jpg,违章03,116.21,902,49,937,62,hsv,off,0
违章03/违章03_t116.2_3_off.jpg,违章03,116.21,981,96,998,114,hsv,off,0
违章03/违章03_t116.2_4_off.jpg,违章03,116.21,1178,161,1192,171,hsv,off,0
违章03/违章03_t116.2_5_off.jpg,违章03,116.21,1176,177,1195,190,hsv,off,0
违章03/违章03_t116.2_6_off.jpg,违章03,116.21,234,211,255,248,hsv,off,0
违章03/违章03_t116.2_7_off.jpg,违章03,116.21,859,230,870,257,hsv,off,0
违章03/违章03_t116.2_8_off.jpg,违章03,116.21,723,340,736,348,hsv,off,0
违章03/违章03_t116.2_10_off.jpg,违章03,116.21,353,456,386,468,hsv,off,0
违章03/违章03_t116.5_0_off.jpg,违章03,116.45,1079,19,1107,30,hsv,off,0
违章03/违章03_t116.5_1_walk.jpg,违章03,116.45,992,33,1028,45,hsv,walk,0
违章03/违章03_t116.5_2_off.jpg,违章03,116.45,902,50,937,62,hsv,off,0
违章03/违章03_t116.5_3_off.jpg,违章03,116.45,981,96,995,115,hsv,off,0
违章03/违章03_t116.5_4_off.jpg,违章03,116.45,1178,161,1192,171,hsv,off,0
违章03/违章03_t116.5_5_off.jpg,违章03,116.45,1177,177,1196,190,hsv,off,0
违章03/违章03_t116.5_6_off.jpg,违章03,116.45,234,212,256,250,hsv,off,0
违章03/违章03_t116.5_7_off.jpg,违章03,116.45,860,230,870,257,hsv,off,0
违章03/违章03_t116.5_9_off.jpg,违章03,116.45,349,457,381,469,hsv,off,0
违章03/违章03_t116.7_0_off.jpg,违章03,116.68,1080,19,1107,30,hsv,off,0
违章03/违章03_t116.7_1_walk.jpg,违章03,116.68,992,33,1028,45,hsv,walk,0
违章03/违章03_t116.7_2_off.jpg,违章03,116.68,903,50,936,62,hsv,off,0
违章03/违章03_t116.7_3_off.jpg,违章03,116.68,981,96,995,115,hsv,off,0
违章03/违章03_t116.7_4_off.jpg,违章03,116.68,1178,162,1192,171,hsv,off,0
违章03/违章03_t116.7_5_off.jpg,违章03,116.68,1176,177,1196,190,hsv,off,0
违章03/违章03_t116.7_6_off.jpg,违章03,116.68,234,213,256,251,hsv,off,0
违章03/违章03_t116.7_7_off.jpg,违章03,116.68,860,229,871,256,hsv,off,0
违章03/违章03_t116.7_13_off.jpg,违章03,116.68,349,455,387,469,hsv,off,0
违章03/违章03_t116.9_0_off.jpg,违章03,116.92,1079,19,1107,30,hsv,off,0
违章03/违章03_t116.9_1_walk.jpg,违章03,116.92,904,50,937,62,hsv,walk,0
违章03/违章03_t116.9_2_off.jpg,违章03,116.92,982,97,996,116,hsv,off,0
违章03/违章03_t116.9_3_off.jpg,违章03,116.92,1178,162,1192,171,hsv,off,0
违章03/违章03_t116.9_4_off.jpg,违章03,116.92,1177,177,1197,190,hsv,off,0
违章03/违章03_t116.9_5_off.jpg,违章03,116.92,235,214,257,250,hsv,off,0
违章03/违章03_t116.9_6_off.jpg,违章03,116.92,393,226,404,245,hsv,off,0
违章03/违章03_t116.9_7_off.jpg,违章03,116.92,860,229,871,256,hsv,off,0
违章03/违章03_t116.9_9_off.jpg,违章03,116.92,374,457,382,465,hsv,off,0
违章03/违章03_t116.9_10_off.jpg,违章03,116.92,359,459,368,469,hsv,off,0
违章03/违章03_t117.2_0_off.jpg,违章03,117.15,1079,19,1108,30,hsv,off,0
违章03/违章03_t117.2_1_walk.jpg,违章03,117.15,986,32,1038,47,hsv,walk,0
违章03/违章03_t117.2_3_off.jpg,违章03,117.15,904,50,936,62,hsv,off,0
违章03/违章03_t117.2_4_off.jpg,违章03,117.15,981,97,995,115,hsv,off,0
违章03/违章03_t117.2_5_off.jpg,违章03,117.15,1180,162,1192,171,hsv,off,0
违章03/违章03_t117.2_6_off.jpg,违章03,117.15,1178,177,1197,190,hsv,off,0
违章03/违章03_t117.2_7_off.jpg,违章03,117.15,235,214,257,250,hsv,off,0
违章03/违章03_t117.2_8_off.jpg,违章03,117.15,393,227,404,246,hsv,off,0
违章03/违章03_t117.2_9_off.jpg,违章03,117.15,860,229,871,258,hsv,off,0
违章03/违章03_t117.2_10_off.jpg,违章03,117.15,413,274,424,282,hsv,off,0
违章03/违章03_t117.2_13_off.jpg,违章03,117.15,359,456,388,469,hsv,off,0
违章03/违章03_t117.2_14_off.jpg,违章03,117.15,1052,534,1069,545,hsv,off,0
违章03/违章03_t117.4_0_off.jpg,违章03,117.39,1079,19,1106,31,hsv,off,0
违章03/违章03_t117.4_1_walk.jpg,违章03,117.39,993,33,1036,46,hsv,walk,0
违章03/违章03_t117.4_3_off.jpg,违章03,117.39,903,49,951,63,hsv,off,0
违章03/违章03_t117.4_4_off.jpg,违章03,117.39,981,97,997,121,hsv,off,0
违章03/违章03_t117.4_5_off.jpg,违章03,117.39,1180,162,1193,171,hsv,off,0
违章03/违章03_t117.4_6_off.jpg,违章03,117.39,860,232,872,259,hsv,off,0
违章03/违章03_t117.4_7_off.jpg,违章03,117.39,412,274,422,283,hsv,off,0
违章03/违章03_t117.4_11_off.jpg,违章03,117.39,1024,528,1044,544,hsv,off,0
违章03/违章03_t117.6_0_off.jpg,违章03,117.63,1081,19,1107,31,hsv,off,0
违章03/违章03_t117.6_2_off.jpg,违章03,117.63,903,50,941,63,hsv,off,0
违章03/违章03_t117.6_3_off.jpg,违章03,117.63,982,98,997,121,hsv,off,0
违章03/违章03_t117.6_4_off.jpg,违章03,117.63,1179,162,1193,171,hsv,off,0
违章03/违章03_t117.6_6_off.jpg,违章03,117.63,861,230,872,259,hsv,off,0
违章03/违章03_t117.6_8_off.jpg,违章03,117.63,0,443,19,485,hsv,off,0
违章03/违章03_t117.6_10_off.jpg,违章03,117.63,351,461,368,471,hsv,off,0
违章03/违章03_t117.6_12_off.jpg,违章03,117.63,1001,526,1025,543,hsv,off,0
违章03/违章03_t117.9_0_off.jpg,违章03,117.86,1080,20,1108,32,hsv,off,0
违章03/违章03_t117.9_1_walk.jpg,违章03,117.86,987,32,1042,48,hsv,walk,0
违章03/违章03_t117.9_2_off.jpg,违章03,117.86,904,51,938,64,hsv,off,0
违章03/违章03_t117.9_3_off.jpg,违章03,117.86,983,99,999,118,hsv,off,0
违章03/违章03_t117.9_4_off.jpg,违章03,117.86,1180,163,1193,171,hsv,off,0
违章03/违章03_t117.9_5_off.jpg,违章03,117.86,860,230,872,259,hsv,off,0
违章03/违章03_t117.9_6_off.jpg,违章03,117.86,403,442,425,450,hsv,off,0
违章03/违章03_t117.9_7_off.jpg,违章03,117.86,0,451,15,492,hsv,off,0
违章03/违章03_t117.9_8_off.jpg,违章03,117.86,374,460,382,468,hsv,off,0
违章03/违章03_t117.9_9_off.jpg,违章03,117.86,351,462,363,473,hsv,off,0
违章03/违章03_t117.9_10_off.jpg,违章03,117.86,979,522,1011,541,hsv,off,0
违章03/违章03_t118.1_0_off.jpg,违章03,118.1,1080,20,1109,32,hsv,off,0
违章03/违章03_t118.1_1_walk.jpg,违章03,118.1,905,50,945,64,hsv,walk,0
违章03/违章03_t118.1_2_off.jpg,违章03,118.1,983,99,1000,118,hsv,off,0
违章03/违章03_t118.1_3_off.jpg,违章03,118.1,1181,164,1194,172,hsv,off,0
违章03/违章03_t118.1_5_off.jpg,违章03,118.1,861,230,873,259,hsv,off,0
违章03/违章03_t118.1_7_off.jpg,违章03,118.1,352,463,369,472,hsv,off,0
违章03/违章03_t118.1_8_off.jpg,违章03,118.1,0,470,11,496,hsv,off,0
违章03/违章03_t118.1_9_off.jpg,违章03,118.1,939,518,1000,543,hsv,off,0
违章03/违章03_t118.1_10_off.jpg,违章03,118.1,928,558,957,567,hsv,off,0
违章03/违章03_t118.3_0_off.jpg,违章03,118.33,1081,21,1110,32,hsv,off,0
违章03/违章03_t118.3_1_walk.jpg,违章03,118.33,904,50,951,64,hsv,walk,0
违章03/违章03_t118.3_2_off.jpg,违章03,118.33,983,98,1002,117,hsv,off,0
违章03/违章03_t118.3_3_off.jpg,违章03,118.33,915,120,941,128,hsv,off,0
违章03/违章03_t118.3_4_off.jpg,违章03,118.33,1181,164,1193,172,hsv,off,0
违章03/违章03_t118.3_5_off.jpg,违章03,118.33,1176,179,1197,191,hsv,off,0
违章03/违章03_t118.3_6_off.jpg,违章03,118.33,237,215,258,253,hsv,off,0
违章03/违章03_t118.3_7_off.jpg,违章03,118.33,394,226,405,250,hsv,off,0
违章03/违章03_t118.3_8_off.jpg,违章03,118.33,861,234,872,260,hsv,off,0
违章03/违章03_t118.3_9_off.jpg,违章03,118.33,415,275,427,283,hsv,off,0
违章03/违章03_t118.3_10_off.jpg,违章03,118.33,160,306,173,318,hsv,off,0
违章03/违章03_t118.3_11_off.jpg,违章03,118.33,154,328,165,344,hsv,off,0
违章03/违章03_t118.3_13_off.jpg,违章03,118.33,0,455,23,495,hsv,off,0
违章03/违章03_t118.3_14_off.jpg,违章03,118.33,375,461,384,471,hsv,off,0
违章03/违章03_t118.3_15_off.jpg,违章03,118.33,911,514,977,545,hsv,off,0
违章03/违章03_t118.3_16_off.jpg,违章03,118.33,909,563,939,574,hsv,off,0
违章03/违章03_t118.6_0_off.jpg,违章03,118.57,1079,20,1109,32,hsv,off,0
违章03/违章03_t118.6_2_off.jpg,违章03,118.57,904,47,962,64,hsv,off,0
违章03/违章03_t118.6_3_off.jpg,违章03,118.57,795,69,846,84,hsv,off,0
违章03/违章03_t118.6_5_off.jpg,违章03,118.57,982,99,1001,118,hsv,off,0
违章03/违章03_t118.6_6_off.jpg,违章03,118.57,1180,163,1193,172,hsv,off,0
违章03/违章03_t118.6_7_off.jpg,违章03,118.57,1176,180,1197,191,hsv,off,0
违章03/违章03_t118.6_8_off.jpg,违章03,118.57,236,216,257,254,hsv,off,0
违章03/违章03_t118.6_9_off.jpg,违章03,118.57,393,228,404,252,hsv,off,0
违章03/违章03_t118.6_10_off.jpg,违章03,118.57,861,234,872,260,hsv,off,0
违章03/违章03_t118.6_11_off.jpg,违章03,118.57,251,340,259,353,hsv,off,0
违章03/违章03_t118.6_12_off.jpg,违章03,118.57,13,443,39,488,hsv,off,0
违章03/违章03_t118.6_14_off.jpg,违章03,118.57,865,513,928,555,hsv,off,0
违章03/违章03_t118.6_15_off.jpg,违章03,118.57,863,572,893,586,hsv,off,0
违章03/违章03_t118.8_0_off.jpg,违章03,118.8,1077,22,1106,33,hsv,off,0
违章03/违章03_t118.8_1_walk.jpg,违章03,118.8,901,50,955,66,hsv,walk,0
违章03/违章03_t118.8_2_off.jpg,违章03,118.8,793,71,842,85,hsv,off,0
违章03/违章03_t118.8_3_off.jpg,违章03,118.8,979,100,992,125,hsv,off,0
违章03/违章03_t118.8_4_off.jpg,违章03,118.8,1175,165,1190,174,hsv,off,0
违章03/违章03_t118.8_5_off.jpg,违章03,118.8,1176,181,1194,193,hsv,off,0
违章03/违章03_t118.8_6_off.jpg,违章03,118.8,232,219,254,257,hsv,off,0
违章03/违章03_t118.8_7_off.jpg,违章03,118.8,390,228,400,252,hsv,off,0
违章03/违章03_t118.8_8_off.jpg,违章03,118.8,858,236,870,260,hsv,off,0
违章03/违章03_t118.8_9_off.jpg,违章03,118.8,13,470,42,511,hsv,off,0
违章03/违章03_t118.8_10_off.jpg,违章03,118.8,838,508,860,554,hsv,off,0
违章03/违章03_t118.8_11_off.jpg,违章03,118.8,803,513,833,536,hsv,off,0
违章03/违章03_t118.8_12_off.jpg,违章03,118.8,416,525,426,545,hsv,off,0
违章03/违章03_t118.8_13_off.jpg,违章03,118.8,791,574,818,585,hsv,off,0
违章03/违章03_t119.0_0_off.jpg,违章03,119.04,1075,24,1104,35,hsv,off,0
违章03/违章03_t119.0_1_walk.jpg,违章03,119.04,900,54,946,68,hsv,walk,0
违章03/违章03_t119.0_2_off.jpg,违章03,119.04,978,101,992,127,hsv,off,0
违章03/违章03_t119.0_3_off.jpg,违章03,119.04,1174,166,1188,175,hsv,off,0
违章03/违章03_t119.0_4_off.jpg,违章03,119.04,1170,181,1193,194,hsv,off,0
违章03/违章03_t119.0_5_off.jpg,违章03,119.04,232,221,253,259,hsv,off,0
违章03/违章03_t119.0_6_off.jpg,违章03,119.04,390,232,400,256,hsv,off,0
违章03/违章03_t119.0_7_off.jpg,违章03,119.04,858,238,869,262,hsv,off,0
违章03/违章03_t119.0_8_off.jpg,违章03,119.04,31,434,62,460,hsv,off,0
违章03/违章03_t119.0_9_off.jpg,违章03,119.04,29,466,44,494,hsv,off,0
违章03/违章03_t119.0_10_off.jpg,违章03,119.04,439,482,447,491,hsv,off,0
违章03/违章03_t119.0_11_off.jpg,违章03,119.04,0,490,8,515,hsv,off,0
违章03/违章03_t119.0_12_off.jpg,违章03,119.04,441,499,456,515,hsv,off,0
违章03/违章03_t119.0_13_off.jpg,违章03,119.04,748,500,790,550,hsv,off,0
违章03/违章03_t119.3_0_off.jpg,违章03,119.28,1074,26,1104,39,hsv,off,0
违章03/违章03_t119.3_1_walk.jpg,违章03,119.28,989,39,1037,54,hsv,walk,0
违章03/违章03_t119.3_3_off.jpg,违章03,119.28,900,63,914,72,hsv,off,0
违章03/违章03_t119.3_4_off.jpg,违章03,119.28,795,77,843,91,hsv,off,0
违章03/违章03_t119.3_5_off.jpg,违章03,119.28,979,106,992,124,hsv,off,0
违章03/违章03_t119.3_7_off.jpg,违章03,119.28,1179,185,1190,193,hsv,off,0
违章03/违章03_t119.3_8_off.jpg,违章03,119.28,858,238,870,266,hsv,off,0
违章03/违章03_t119.3_9_off.jpg,违章03,119.28,396,241,404,257,hsv,off,0
违章03/违章03_t119.3_11_off.jpg,违章03,119.28,426,283,449,320,hsv,off,0
违章03/违章03_t119.3_12_off.jpg,违章03,119.28,46,435,76,462,hsv,off,0
违章03/违章03_t119.3_13_off.jpg,违章03,119.28,88,452,103,464,hsv,off,0
违章03/违章03_t119.3_14_off.jpg,违章03,119.28,41,463,63,489,hsv,off,0
违章03/违章03_t119.3_15_off.jpg,违章03,119.28,3,479,21,496,hsv,off,0
违章03/违章03_t119.3_17_off.jpg,违章03,119.28,690,500,725,534,hsv,off,0
违章03/违章03_t119.5_0_off.jpg,违章03,119.51,1076,28,1105,40,hsv,off,0
违章03/违章03_t119.5_1_walk.jpg,违章03,119.51,992,41,1037,56,hsv,walk,0
违章03/违章03_t119.5_3_off.jpg,违章03,119.51,901,63,918,73,hsv,off,0
违章03/违章03_t119.5_4_off.jpg,违章03,119.51,793,78,844,93,hsv,off,0
违章03/违章03_t119.5_5_off.jpg,违章03,119.51,980,108,992,125,hsv,off,0
违章03/违章03_t119.5_8_off.jpg,违章03,119.51,236,227,259,264,hsv,off,0
违章03/违章03_t119.5_9_off.jpg,违章03,119.51,398,243,406,259,hsv,off,0
违章03/违章03_t119.5_10_off.jpg,违章03,119.51,859,242,870,267,hsv,off,0
违章03/违章03_t119.5_11_off.jpg,违章03,119.51,605,257,697,307,hsv,off,0
违章03/违章03_t119.5_12_off.jpg,违章03,119.51,433,284,453,321,hsv,off,0
违章03/违章03_t119.5_13_off.jpg,违章03,119.51,51,431,79,455,hsv,off,0
违章03/违章03_t119.5_14_off.jpg,违章03,119.51,91,448,104,460,hsv,off,0
违章03/违章03_t119.5_15_off.jpg,违章03,119.51,48,458,67,482,hsv,off,0
违章03/违章03_t119.5_17_off.jpg,违章03,119.51,17,475,27,486,hsv,off,0
违章03/违章03_t119.5_18_off.jpg,违章03,119.51,615,497,650,530,hsv,off,0
违章03/违章03_t119.8_0_off.jpg,违章03,119.75,1080,28,1110,40,hsv,off,0
违章03/违章03_t119.8_1_walk.jpg,违章03,119.75,997,41,1042,56,hsv,walk,0
违章03/违章03_t119.8_5_off.jpg,违章03,119.75,797,78,849,94,hsv,off,0
违章03/违章03_t119.8_6_off.jpg,违章03,119.75,706,95,758,110,hsv,off,0
违章03/违章03_t119.8_7_off.jpg,违章03,119.75,986,108,996,126,hsv,off,0
违章03/违章03_t119.8_9_off.jpg,违章03,119.75,1184,185,1199,194,hsv,off,0
违章03/违章03_t119.8_10_off.jpg,违章03,119.75,241,228,264,265,hsv,off,0
违章03/违章03_t119.8_11_off.jpg,违章03,119.75,401,243,411,259,hsv,off,0
违章03/违章03_t119.8_12_off.jpg,违章03,119.75,864,242,875,266,hsv,off,0
违章03/违章03_t119.8_13_off.jpg,违章03,119.75,611,257,702,307,hsv,off,0
违章03/违章03_t119.8_15_off.jpg,违章03,119.75,448,291,457,318,hsv,off,0
违章03/违章03_t119.8_16_off.jpg,违章03,119.75,87,435,114,457,hsv,off,0
违章03/违章03_t119.8_17_off.jpg,违章03,119.75,128,453,137,464,hsv,off,0
违章03/违章03_t119.8_18_off.jpg,违章03,119.75,90,461,102,484,hsv,off,0
违章03/违章03_t120.0_0_off.jpg,违章03,119.98,1086,29,1115,41,hsv,off,0
违章03/违章03_t120.0_1_walk.jpg,违章03,119.98,1002,42,1046,56,hsv,walk,0
违章03/违章03_t120.0_3_off.jpg,违章03,119.98,910,66,924,74,hsv,off,0
违章03/违章03_t120.0_4_off.jpg,违章03,119.98,802,79,853,95,hsv,off,0
违章03/违章03_t120.0_5_off.jpg,违章03,119.98,731,97,763,107,hsv,off,0
违章03/违章03_t120.0_6_off.jpg,违章03,119.98,711,102,729,111,hsv,off,0
违章03/违章03_t120.0_7_off.jpg,违章03,119.98,990,108,1001,126,hsv,off,0
违章03/违章03_t120.0_8_off.jpg,违章03,119.98,1192,170,1201,178,hsv,off,0
违章03/违章03_t120.0_9_off.jpg,违章03,119.98,1187,186,1205,198,hsv,off,0
违章03/违章03_t120.0_10_off.jpg,违章03,119.98,248,229,270,266,hsv,off,0
违章03/违章03_t120.0_11_off.jpg,违章03,119.98,407,242,416,258,hsv,off,0
违章03/违章03_t120.0_12_off.jpg,违章03,119.98,869,242,880,270,hsv,off,0
违章03/违章03_t120.0_13_off.jpg,违章03,119.98,614,257,707,308,hsv,off,0
违章03/违章03_t120.0_15_off.jpg,违章03,119.98,118,447,145,469,hsv,off,0
违章03/违章03_t120.0_16_off.jpg,违章03,119.98,115,471,131,495,hsv,off,0
违章03/违章03_t120.2_0_off.jpg,违章03,120.22,1090,30,1118,42,hsv,off,0
违章03/违章03_t120.2_1_off.jpg,违章03,120.22,1030,42,1051,52,hsv,off,0
违章03/违章03_t120.2_2_walk.jpg,违章03,120.22,1007,49,1022,58,hsv,walk,0
违章03/违章03_t120.2_3_off.jpg,违章03,120.22,806,81,856,96,hsv,off,0
违章03/违章03_t120.2_6_off.jpg,违章03,120.22,993,110,1007,127,hsv,off,0
违章03/违章03_t120.2_7_off.jpg,违章03,120.22,1193,172,1205,180,hsv,off,0
违章03/违章03_t120.2_8_off.jpg,违章03,120.22,1193,188,1209,198,hsv,off,0
违章03/违章03_t120.2_9_off.jpg,违章03,120.22,254,230,274,267,hsv,off,0
违章03/违章03_t120.2_10_off.jpg,违章03,120.22,409,241,419,258,hsv,off,0
违章03/违章03_t120.2_11_off.jpg,违章03,120.22,872,242,883,271,hsv,off,0
违章03/违章03_t120.2_13_off.jpg,违章03,120.22,520,309,542,322,hsv,off,0
违章03/违章03_t120.2_14_off.jpg,违章03,120.22,522,354,531,365,hsv,off,0
违章03/违章03_t120.2_15_off.jpg,违章03,120.22,158,430,185,475,hsv,off,0
违章03/违章03_t120.5_0_off.jpg,违章03,120.45,1095,30,1122,41,hsv,off,0
违章03/违章03_t120.5_1_off.jpg,违章03,120.45,1029,42,1053,53,hsv,off,0
违章03/违章03_t120.5_2_walk.jpg,违章03,120.45,1008,49,1023,57,hsv,walk,0
违章03/违章03_t120.5_3_off.jpg,违章03,120.45,917,67,929,75,hsv,off,0
违章03/违章03_t120.5_4_off.jpg,违章03,120.45,809,81,858,96,hsv,off,0
违章03/违章03_t120.5_7_off.jpg,违章03,120.45,996,110,1011,128,hsv,off,0
违章03/违章03_t120.5_9_off.jpg,违章03,120.45,1197,187,1213,199,hsv,off,0
违章03/违章03_t120.5_10_off.jpg,违章03,120.45,256,230,277,267,hsv,off,0
违章03/违章03_t120.5_11_off.jpg,违章03,120.45,410,243,421,260,hsv,off,0
违章03/违章03_t120.5_12_off.jpg,违章03,120.45,875,244,887,271,hsv,off,0
违章03/违章03_t120.5_14_off.jpg,违章03,120.45,532,326,555,344,hsv,off,0
违章03/违章03_t120.5_15_off.jpg,违章03,120.45,521,337,529,349,hsv,off,0
违章03/违章03_t120.5_16_off.jpg,违章03,120.45,264,427,290,471,hsv,off,0
违章03/违章03_t120.5_18_off.jpg,违章03,120.45,238,463,247,473,hsv,off,0
违章03/违章03_t120.7_0_off.jpg,违章03,120.69,1099,30,1126,41,hsv,off,0
违章03/违章03_t120.7_1_off.jpg,违章03,120.69,1031,43,1056,52,hsv,off,0
违章03/违章03_t120.7_3_off.jpg,违章03,120.69,936,60,969,70,hsv,off,0
违章03/违章03_t120.7_4_off.jpg,违章03,120.69,922,67,932,75,hsv,off,0
违章03/违章03_t120.7_7_off.jpg,违章03,120.69,999,111,1014,128,hsv,off,0
违章03/违章03_t120.7_8_off.jpg,违章03,120.69,1200,172,1216,180,hsv,off,0
违章03/违章03_t120.7_9_off.jpg,违章03,120.69,1202,188,1217,199,hsv,off,0
违章03/违章03_t120.7_10_off.jpg,违章03,120.69,260,231,280,268,hsv,off,0
违章03/违章03_t120.7_11_off.jpg,违章03,120.69,879,245,890,272,hsv,off,0
违章03/违章03_t120.7_13_off.jpg,违章03,120.69,546,324,560,341,hsv,off,0
违章03/违章03_t120.7_14_off.jpg,违章03,120.69,407,430,424,446,hsv,off,0
违章03/违章03_t120.7_15_off.jpg,违章03,120.69,433,440,442,451,hsv,off,0
违章03/违章03_t120.7_16_off.jpg,违章03,120.69,402,451,414,472,hsv,off,0
违章03/违章03_t120.7_17_off.jpg,违章03,120.69,373,461,386,479,hsv,off,0
违章03/违章03_t120.9_0_off.jpg,违章03,120.93,1100,30,1126,41,hsv,off,0
违章03/违章03_t120.9_1_off.jpg,违章03,120.93,1033,43,1057,55,hsv,off,0
违章03/违章03_t120.9_5_off.jpg,违章03,120.93,923,67,933,75,hsv,off,0
违章03/违章03_t120.9_7_off.jpg,违章03,120.93,726,104,742,112,hsv,off,0
违章03/违章03_t120.9_8_off.jpg,违章03,120.93,1002,111,1018,128,hsv,off,0
违章03/违章03_t120.9_9_off.jpg,违章03,120.93,1203,172,1215,180,hsv,off,0
违章03/违章03_t120.9_10_off.jpg,违章03,120.93,1201,188,1218,198,hsv,off,0
违章03/违章03_t120.9_11_off.jpg,违章03,120.93,261,231,282,269,hsv,off,0
违章03/违章03_t120.9_12_off.jpg,违章03,120.93,415,244,426,262,hsv,off,0
违章03/违章03_t120.9_13_off.jpg,违章03,120.93,880,245,891,271,hsv,off,0
违章03/违章03_t120.9_15_off.jpg,违章03,120.93,390,326,400,335,hsv,off,0
违章03/违章03_t120.9_16_off.jpg,违章03,120.93,553,414,567,426,hsv,off,0
违章03/违章03_t120.9_17_off.jpg,违章03,120.93,546,435,555,453,hsv,off,0
违章03/违章03_t120.9_18_off.jpg,违章03,120.93,517,442,530,459,hsv,off,0
违章03/违章03_t120.9_19_off.jpg,违章03,120.93,255,587,272,610,hsv,off,0
违章03/违章03_t121.2_0_off.jpg,违章03,121.16,1100,30,1129,42,hsv,off,0
违章03/违章03_t121.2_1_off.jpg,违章03,121.16,1050,42,1063,50,hsv,off,0
违章03/违章03_t121.2_2_walk.jpg,违章03,121.16,1010,48,1031,59,hsv,walk,0
违章03/违章03_t121.2_3_off.jpg,违章03,121.16,924,68,936,76,hsv,off,0
违章03/违章03_t121.2_4_off.jpg,违章03,121.16,1004,110,1016,128,hsv,off,0
违章03/违章03_t121.2_6_off.jpg,违章03,121.16,1206,188,1220,198,hsv,off,0
违章03/违章03_t121.2_7_off.jpg,违章03,121.16,263,231,284,268,hsv,off,0
违章03/违章03_t121.2_8_off.jpg,违章03,121.16,418,245,429,265,hsv,off,0
违章03/违章03_t121.2_9_off.jpg,违章03,121.16,882,245,893,272,hsv,off,0
违章03/违章03_t121.2_12_off.jpg,违章03,121.16,606,401,617,411,hsv,off,0
违章03/违章03_t121.2_14_off.jpg,违章03,121.16,573,434,586,449,hsv,off,0
违章03/违章03_t121.2_15_off.jpg,违章03,121.16,305,536,325,549,hsv,off,0
违章03/违章03_t121.2_16_off.jpg,违章03,121.16,249,574,283,678,hsv,off,0
违章03/违章03_t121.4_0_off.jpg,违章03,121.4,1104,29,1133,40,hsv,off,0
违章03/违章03_t121.4_2_walk.jpg,违章03,121.4,1016,48,1033,57,hsv,walk,0
违章03/违章03_t121.4_4_off.jpg,违章03,121.4,820,81,869,95,hsv,off,0
违章03/违章03_t121.4_5_off.jpg,违章03,121.4,1007,108,1020,126,hsv,off,0
违章03/违章03_t121.4_6_off.jpg,违章03,121.4,1208,171,1220,179,hsv,off,0
违章03/违章03_t121.4_8_off.jpg,违章03,121.4,264,230,286,268,hsv,off,0
违章03/违章03_t121.4_9_off.jpg,违章03,121.4,420,243,429,257,hsv,off,0
违章03/违章03_t121.4_10_off.jpg,违章03,121.4,885,244,897,271,hsv,off,0
违章03/违章03_t121.4_11_off.jpg,违章03,121.4,767,253,791,289,hsv,off,0
违章03/违章03_t121.4_12_off.jpg,违章03,121.4,705,260,721,272,hsv,off,0
违章03/违章03_t121.4_14_off.jpg,违章03,121.4,653,381,667,393,hsv,off,0
违章03/违章03_t121.4_15_off.jpg,违章03,121.4,648,400,656,417,hsv,off,0
违章03/违章03_t121.4_16_off.jpg,违章03,121.4,626,409,635,419,hsv,off,0
违章03/违章03_t121.4_17_off.jpg,违章03,121.4,254,565,281,659,hsv,off,0
违章03/违章03_t121.6_0_off.jpg,违章03,121.63,1109,29,1137,40,hsv,off,0
违章03/违章03_t121.6_1_off.jpg,违章03,121.63,1056,41,1068,49,hsv,off,0
违章03/违章03_t121.6_4_off.jpg,违章03,121.63,826,81,870,94,hsv,off,0
违章03/违章03_t121.6_5_off.jpg,违章03,121.63,738,99,776,110,hsv,off,0
违章03/违章03_t121.6_6_off.jpg,违章03,121.63,1010,109,1024,127,hsv,off,0
违章03/违章03_t121.6_8_off.jpg,违章03,121.63,266,230,288,266,hsv,off,0
违章03/违章03_t121.6_9_off.jpg,违章03,121.63,424,242,432,258,hsv,off,0
违章03/违章03_t121.6_10_off.jpg,违章03,121.63,888,242,900,271,hsv,off,0
违章03/违章03_t121.6_11_off.jpg,违章03,121.63,672,260,687,268,hsv,off,0
违章03/违章03_t121.6_13_off.jpg,违章03,121.63,651,287,667,303,hsv,off,0
违章03/违章03_t121.6_14_off.jpg,违章03,121.63,776,370,789,382,hsv,off,0
违章03/违章03_t121.6_18_off.jpg,违章03,121.63,267,580,285,622,hsv,off,0
违章03/违章03_t121.6_19_off.jpg,违章03,121.63,347,585,361,604,hsv,off,0
违章03/违章03_t121.6_20_off.jpg,违章03,121.63,317,678,328,687,hsv,off,0
违章03/违章03_t121.9_0_off.jpg,违章03,121.87,1113,29,1141,41,hsv,off,0
违章03/违章03_t121.9_2_off.jpg,违章03,121.87,1015,110,1028,128,hsv,off,0
违章03/违章03_t121.9_4_off.jpg,违章03,121.87,270,229,292,266,hsv,off,0
违章03/违章03_t121.9_5_off.jpg,违章03,121.87,426,241,435,257,hsv,off,0
违章03/违章03_t121.9_6_off.jpg,违章03,121.87,361,322,372,330,hsv,off,0
违章03/违章03_t121.9_7_off.jpg,违章03,121.87,395,342,407,358,hsv,off,0
违章03/违章03_t121.9_8_off.jpg,违章03,121.87,958,381,969,393,hsv,off,0
违章03/违章03_t121.9_9_off.jpg,违章03,121.87,971,390,979,402,hsv,off,0
违章03/违章03_t121.9_11_off.jpg,违章03,121.87,926,406,937,418,hsv,off,0
违章03/违章03_t121.9_12_off.jpg,违章03,121.87,449,441,477,451,hsv,off,0
违章03/违章03_t121.9_14_off.jpg,违章03,121.87,345,571,360,594,hsv,off,0
违章03/违章03_t121.9_15_off.jpg,违章03,121.87,289,577,343,598,hsv,off,0
违章03/违章03_t121.9_16_off.jpg,违章03,121.87,271,581,286,604,hsv,off,0
违章03/违章03_t122.1_0_off.jpg,违章03,122.1,1117,30,1146,42,hsv,off,0
违章03/违章03_t122.1_2_off.jpg,违章03,122.1,937,62,976,75,hsv,off,0
违章03/违章03_t122.1_3_off.jpg,违章03,122.1,1017,111,1031,128,hsv,off,0
违章03/违章03_t122.1_4_off.jpg,违章03,122.1,1217,173,1231,181,hsv,off,0
违章03/违章03_t122.1_5_off.jpg,违章03,122.1,1050,234,1082,248,hsv,off,0
违章03/违章03_t122.1_6_off.jpg,违章03,122.1,429,239,439,259,hsv,off,0
违章03/违章03_t122.1_7_off.jpg,违章03,122.1,961,241,997,253,hsv,off,0
违章03/违章03_t122.1_8_off.jpg,违章03,122.1,894,245,905,272,hsv,off,0
违章03/违章03_t122.1_9_off.jpg,违章03,122.1,384,322,416,359,hsv,off,0
违章03/违章03_t122.1_10_off.jpg,违章03,122.1,441,453,466,462,hsv,off,0
违章03/违章03_t122.1_11_off.jpg,违章03,122.1,345,563,358,607,hsv,off,0
违章03/违章03_t122.3_0_off.jpg,违章03,122.34,1120,32,1149,44,hsv,off,0
违章03/违章03_t122.3_3_off.jpg,违章03,122.34,939,64,977,77,hsv,off,0
违章03/违章03_t122.3_4_off.jpg,违章03,122.34,830,82,883,98,hsv,off,0
违章03/违章03_t122.3_5_off.jpg,违章03,122.34,1019,112,1032,129,hsv,off,0
违章03/违章03_t122.3_6_off.jpg,违章03,122.34,1222,176,1234,184,hsv,off,0
违章03/违章03_t122.3_7_off.jpg,违章03,122.34,1219,191,1237,203,hsv,off,0
违章03/违章03_t122.3_8_off.jpg,违章03,122.34,431,240,440,259,hsv,off,0
违章03/违章03_t122.3_9_off.jpg,违章03,122.34,897,246,907,274,hsv,off,0
违章03/违章03_t122.3_10_off.jpg,违章03,122.34,562,265,598,283,hsv,off,0
违章03/违章03_t122.3_12_off.jpg,违章03,122.34,598,315,631,339,hsv,off,0
违章03/违章03_t122.3_13_off.jpg,违章03,122.34,389,317,421,352,hsv,off,0
违章03/违章03_t122.3_15_off.jpg,违章03,122.34,415,351,424,360,hsv,off,0
违章03/违章03_t122.3_17_off.jpg,违章03,122.34,441,438,480,451,hsv,off,0
违章03/违章03_t122.3_18_off.jpg,违章03,122.34,444,454,470,464,hsv,off,0
违章03/违章03_t122.3_19_off.jpg,违章03,122.34,342,560,353,581,hsv,off,0
违章03/违章03_t122.3_20_off.jpg,违章03,122.34,266,565,283,602,hsv,off,0
违章03/违章03_t122.6_0_off.jpg,违章03,122.58,1123,33,1151,46,hsv,off,0
违章03/违章03_t122.6_1_off.jpg,违章03,122.58,1022,48,1075,64,hsv,off,0
违章03/违章03_t122.6_3_off.jpg,违章03,122.58,956,63,988,75,hsv,off,0
违章03/违章03_t122.6_4_off.jpg,违章03,122.58,942,69,955,77,hsv,off,0
违章03/违章03_t122.6_5_off.jpg,违章03,122.58,833,83,884,98,hsv,off,0
违章03/违章03_t122.6_6_off.jpg,违章03,122.58,1022,113,1034,131,hsv,off,0
违章03/违章03_t122.6_8_off.jpg,违章03,122.58,1223,193,1239,205,hsv,off,0
违章03/违章03_t122.6_9_off.jpg,违章03,122.58,277,228,299,265,hsv,off,0
违章03/违章03_t122.6_10_off.jpg,违章03,122.58,432,241,442,259,hsv,off,0
违章03/违章03_t122.6_11_off.jpg,违章03,122.58,899,248,910,275,hsv,off,0
违章03/违章03_t122.6_13_off.jpg,违章03,122.58,600,317,633,339,hsv,off,0
违章03/违章03_t122.6_14_off.jpg,违章03,122.58,399,321,434,357,hsv,off,0
违章03/违章03_t122.6_15_off.jpg,违章03,122.58,379,325,398,334,hsv,off,0
违章03/违章03_t122.6_16_off.jpg,违章03,122.58,345,434,361,444,hsv,off,0
违章03/违章03_t122.6_17_off.jpg,违章03,122.58,447,454,470,462,hsv,off,0
违章03/违章03_t122.6_19_off.jpg,违章03,122.58,254,558,275,607,hsv,off,0
违章03/违章03_t122.6_20_off.jpg,违章03,122.58,332,558,343,575,hsv,off,0
违章03/违章03_t122.8_0_off.jpg,违章03,122.81,1126,34,1155,47,hsv,off,0
违章03/违章03_t122.8_2_off.jpg,违章03,122.81,961,64,989,74,hsv,off,0
违章03/违章03_t122.8_3_off.jpg,违章03,122.81,946,69,959,78,hsv,off,0
违章03/违章03_t122.8_4_off.jpg,违章03,122.81,838,84,886,98,hsv,off,0
违章03/违章03_t122.8_5_off.jpg,违章03,122.81,1025,113,1039,132,hsv,off,0
违章03/违章03_t122.8_6_off.jpg,违章03,122.81,1227,178,1240,186,hsv,off,0
违章03/违章03_t122.8_7_off.jpg,违章03,122.81,1224,193,1244,206,hsv,off,0
违章03/违章03_t122.8_8_off.jpg,违章03,122.81,281,227,302,264,hsv,off,0
违章03/违章03_t122.8_9_off.jpg,违章03,122.81,435,241,445,258,hsv,off,0
违章03/违章03_t122.8_10_off.jpg,违章03,122.81,901,248,913,275,hsv,off,0
违章03/违章03_t122.8_11_off.jpg,违章03,122.81,644,261,736,312,hsv,off,0
违章03/违章03_t122.8_12_off.jpg,违章03,122.81,402,316,445,357,hsv,off,0
违章03/违章03_t122.8_13_off.jpg,违章03,122.81,603,317,635,341,hsv,off,0
违章03/违章03_t122.8_14_off.jpg,违章03,122.81,377,325,399,334,hsv,off,0
违章03/违章03_t122.8_17_off.jpg,违章03,122.81,450,454,474,463,hsv,off,0
违章03/违章03_t123.0_0_off.jpg,违章03,123.05,1129,34,1158,47,hsv,off,0
违章03/违章03_t123.0_1_walk.jpg,违章03,123.05,995,60,1016,70,hsv,walk,0
违章03/违章03_t123.0_2_off.jpg,违章03,123.05,948,67,977,79,hsv,off,0
违章03/违章03_t123.0_3_off.jpg,违章03,123.05,744,98,798,114,hsv,off,0
违章03/违章03_t123.0_4_off.jpg,违章03,123.05,1028,113,1040,132,hsv,off,0
违章03/违章03_t123.0_5_off.jpg,违章03,123.05,1230,178,1241,187,hsv,off,0
违章03/违章03_t123.0_6_off.jpg,违章03,123.05,1226,194,1244,206,hsv,off,0
违章03/违章03_t123.0_7_off.jpg,违章03,123.05,437,238,447,260,hsv,off,0
违章03/违章03_t123.0_8_off.jpg,违章03,123.05,903,246,914,274,hsv,off,0
违章03/违章03_t123.0_10_off.jpg,违章03,123.05,418,321,457,359,hsv,off,0
违章03/违章03_t123.0_14_off.jpg,违章03,123.05,203,522,243,617,hsv,off,0
违章03/违章03_t123.0_15_off.jpg,违章03,123.05,305,614,317,622,hsv,off,0
违章03/违章03_t123.3_0_off.jpg,违章03,123.28,1129,29,1158,42,hsv,off,0
违章03/违章03_t123.3_1_off.jpg,违章03,123.28,1027,41,1090,59,hsv,off,0
违章03/违章03_t123.3_3_walk.jpg,违章03,123.28,997,56,1011,66,hsv,walk,0
违章03/违章03_t123.3_4_off.jpg,违章03,123.28,948,62,978,75,hsv,off,0
违章03/违章03_t123.3_5_off.jpg,违章03,123.28,744,96,793,110,hsv,off,0
违章03/违章03_t123.3_6_off.jpg,违章03,123.28,1028,109,1040,127,hsv,off,0
违章03/违章03_t123.3_7_off.jpg,违章03,123.28,1231,174,1243,182,hsv,off,0
违章03/违章03_t123.3_8_off.jpg,违章03,123.28,1228,189,1246,201,hsv,off,0
违章03/违章03_t123.3_9_off.jpg,违章03,123.28,284,223,304,260,hsv,off,0
违章03/违章03_t123.3_10_off.jpg,违章03,123.28,438,234,447,254,hsv,off,0
违章03/违章03_t123.3_11_off.jpg,违章03,123.28,903,242,914,270,hsv,off,0
违章03/违章03_t123.3_14_off.jpg,违章03,123.28,434,317,462,354,hsv,off,0
违章03/违章03_t123.3_16_off.jpg,违章03,123.28,148,509,199,606,hsv,off,0
违章03/违章03_t123.3_17_off.jpg,违章03,123.28,64,544,72,556,hsv,off,0
违章03/违章03_t123.5_0_off.jpg,违章03,123.52,1128,24,1157,37,hsv,off,0
违章03/违章03_t123.5_1_off.jpg,违章03,123.52,1018,37,1088,57,hsv,off,0
违章03/违章03_t123.5_2_walk.jpg,违章03,123.52,990,52,1004,61,hsv,walk,0
违章03/违章03_t123.5_3_off.jpg,违章03,123.52,946,57,979,70,hsv,off,0
违章03/违章03_t123.5_4_off.jpg,违章03,123.52,1026,105,1038,127,hsv,off,0
违章03/违章03_t123.5_5_off.jpg,违章03,123.52,1230,170,1241,178,hsv,off,0
违章03/违章03_t123.5_6_off.jpg,违章03,123.52,1225,185,1244,198,hsv,off,0
违章03/违章03_t123.5_7_off.jpg,违章03,123.52,282,218,302,255,hsv,off,0
违章03/违章03_t123.5_8_off.jpg,违章03,123.52,435,233,445,253,hsv,off,0
违章03/违章03_t123.5_9_off.jpg,违章03,123.52,902,238,913,264,hsv,off,0
违章03/违章03_t123.5_11_off.jpg,违章03,123.52,436,311,464,350,hsv,off,0
违章03/违章03_t123.5_12_off.jpg,违章03,123.52,415,327,426,338,hsv,off,0
违章03/违章03_t123.5_13_off.jpg,违章03,123.52,411,339,426,349,hsv,off,0
违章03/违章03_t123.5_14_off.jpg,违章03,123.52,447,442,470,450,hsv,off,0
违章03/违章03_t123.5_16_off.jpg,违章03,123.52,84,494,133,585,hsv,off,0
违章03/违章03_t123.8_0_off.jpg,违章03,123.76,1125,22,1157,34,hsv,off,0
违章03/违章03_t123.8_1_walk.jpg,违章03,123.76,947,54,976,66,hsv,walk,0
违章03/违章03_t123.8_2_off.jpg,违章03,123.76,839,71,891,86,hsv,off,0
违章03/违章03_t123.8_3_off.jpg,违章03,123.76,1026,102,1040,119,hsv,off,0
违章03/违章03_t123.8_4_off.jpg,违章03,123.76,1229,167,1242,175,hsv,off,0
违章03/违章03_t123.8_5_off.jpg,违章03,123.76,1232,184,1244,192,hsv,off,0
违章03/违章03_t123.8_6_off.jpg,违章03,123.76,282,214,302,251,hsv,off,0
违章03/违章03_t123.8_7_off.jpg,违章03,123.76,436,229,445,249,hsv,off,0
违章03/违章03_t123.8_8_off.jpg,违章03,123.76,902,234,913,263,hsv,off,0
违章03/违章03_t123.8_10_off.jpg,违章03,123.76,783,243,807,279,hsv,off,0
违章03/违章03_t123.8_11_off.jpg,违章03,123.76,431,306,463,335,hsv,off,0
违章03/违章03_t123.8_12_off.jpg,违章03,123.76,402,309,429,346,hsv,off,0
违章03/违章03_t123.8_14_off.jpg,违章03,123.76,448,438,472,446,hsv,off,0
违章03/违章03_t123.8_16_off.jpg,违章03,123.76,23,485,66,552,hsv,off,0
违章03/违章03_t124.0_0_off.jpg,违章03,123.99,1125,20,1156,32,hsv,off,0
违章03/违章03_t124.0_1_off.jpg,违章03,123.99,1014,42,1031,52,hsv,off,0
违章03/违章03_t124.0_3_off.jpg,违章03,123.99,946,49,994,64,hsv,off,0
违章03/违章03_t124.0_4_off.jpg,违章03,123.99,743,85,791,99,hsv,off,0
违章03/违章03_t124.0_5_off.jpg,违章03,123.99,1026,100,1038,118,hsv,off,0
违章03/违章03_t124.0_6_off.jpg,违章03,123.99,1228,165,1241,173,hsv,off,0
违章03/违章03_t124.0_7_off.jpg,违章03,123.99,1225,182,1243,193,hsv,off,0
违章03/违章03_t124.0_8_off.jpg,违章03,123.99,279,211,301,248,hsv,off,0
违章03/违章03_t124.0_9_off.jpg,违章03,123.99,434,226,444,242,hsv,off,0
违章03/违章03_t124.0_11_off.jpg,违章03,123.99,901,234,912,260,hsv,off,0
违章03/违章03_t124.0_12_off.jpg,违章03,123.99,781,241,807,277,hsv,off,0
违章03/违章03_t124.0_13_off.jpg,违章03,123.99,441,307,458,320,hsv,off,0
违章03/违章03_t124.0_16_off.jpg,违章03,123.99,445,435,468,443,hsv,off,0
违章03/违章03_t124.2_0_off.jpg,违章03,124.23,1127,15,1158,28,hsv,off,0
违章03/违章03_t124.2_1_off.jpg,违章03,124.23,1027,28,1088,46,hsv,off,0
违章03/违章03_t124.2_3_walk.jpg,违章03,124.23,997,40,1022,48,hsv,walk,0
违章03/违章03_t124.2_4_off.jpg,违章03,124.23,959,48,977,57,hsv,off,0
违章03/违章03_t124.2_5_off.jpg,违章03,124.23,946,52,959,61,hsv,off,0
违章03/违章03_t124.2_6_off.jpg,违章03,124.23,1025,97,1044,118,hsv,off,0
违章03/违章03_t124.2_7_off.jpg,违章03,124.23,1229,162,1241,171,hsv,off,0
违章03/违章03_t124.2_8_off.jpg,违章03,124.23,1227,178,1244,188,hsv,off,0
违章03/违章03_t124.2_9_off.jpg,违章03,124.23,279,207,299,245,hsv,off,0
违章03/违章03_t124.2_10_off.jpg,违章03,124.23,433,220,443,239,hsv,off,0
违章03/违章03_t124.2_11_off.jpg,违章03,124.23,901,231,912,257,hsv,off,0
违章03/违章03_t124.2_12_off.jpg,违章03,124.23,444,304,454,316,hsv,off,0
违章03/违章03_t124.5_0_off.jpg,违章03,124.46,1128,14,1157,26,hsv,off,0
违章03/违章03_t124.5_1_off.jpg,违章03,124.46,1033,26,1088,43,hsv,off,0
违章03/违章03_t124.5_3_off.jpg,违章03,124.46,959,46,973,56,hsv,off,0
违章03/违章03_t124.5_4_off.jpg,违章03,124.46,946,51,957,59,hsv,off,0
违章03/违章03_t124.5_5_off.jpg,违章03,124.46,1025,94,1039,116,hsv,off,0
违章03/违章03_t124.5_7_off.jpg,违章03,124.46,1225,177,1243,186,hsv,off,0
违章03/违章03_t124.5_8_off.jpg,违章03,124.46,279,205,299,241,hsv,off,0
违章03/违章03_t124.5_9_off.jpg,违章03,124.46,433,218,443,236,hsv,off,0
违章03/违章03_t124.5_11_off.jpg,违章03,124.46,900,229,911,254,hsv,off,0
违章03/违章03_t124.5_12_off.jpg,违章03,124.46,781,236,805,271,hsv,off,0
违章03/违章03_t124.5_13_off.jpg,违章03,124.46,435,302,450,314,hsv,off,0
违章03/违章03_t124.7_0_off.jpg,违章03,124.7,1127,11,1157,24,hsv,off,0
违章03/违章03_t124.7_1_walk.jpg,违章03,124.7,946,45,971,56,hsv,walk,0
违章03/违章03_t124.7_2_off.jpg,违章03,124.7,1025,92,1043,115,hsv,off,0
违章03/违章03_t124.7_3_off.jpg,违章03,124.7,1228,158,1240,166,hsv,off,0
违章03/违章03_t124.7_4_off.jpg,违章03,124.7,1230,177,1242,185,hsv,off,0
违章03/违章03_t124.7_5_off.jpg,违章03,124.7,432,216,443,235,hsv,off,0
违章03/违章03_t124.7_6_off.jpg,违章03,124.7,900,227,911,252,hsv,off,0
违章03/违章03_t124.7_7_off.jpg,违章03,124.7,779,233,806,269,hsv,off,0
违章03/违章03_t124.7_8_off.jpg,违章03,124.7,496,331,512,339,hsv,off,0
违章03/违章03_t124.7_10_off.jpg,违章03,124.7,445,427,467,435,hsv,off,0
违章03/违章03_t124.9_0_off.jpg,违章03,124.93,1126,11,1155,23,hsv,off,0
违章03/违章03_t124.9_2_off.jpg,违章03,124.93,1029,29,1065,40,hsv,off,0
违章03/违章03_t124.9_3_walk.jpg,违章03,124.93,944,44,971,55,hsv,walk,0
违章03/违章03_t124.9_4_off.jpg,违章03,124.93,836,59,886,74,hsv,off,0
违章03/违章03_t124.9_5_off.jpg,违章03,124.93,1023,90,1036,110,hsv,off,0
违章03/违章03_t124.9_6_off.jpg,违章03,124.93,1226,157,1238,166,hsv,off,0
违章03/违章03_t124.9_7_off.jpg,违章03,124.93,1223,175,1241,184,hsv,off,0
违章03/违章03_t124.9_8_off.jpg,违章03,124.93,276,203,297,238,hsv,off,0
违章03/违章03_t124.9_9_off.jpg,违章03,124.93,431,213,440,238,hsv,off,0
违章03/违章03_t124.9_10_off.jpg,违章03,124.93,898,226,909,251,hsv,off,0
违章03/违章03_t124.9_11_off.jpg,违章03,124.93,432,297,447,312,hsv,off,0
违章03/违章03_t124.9_12_off.jpg,违章03,124.93,490,330,506,338,hsv,off,0
违章03/违章03_t124.9_14_off.jpg,违章03,124.93,441,426,465,434,hsv,off,0
违章03/违章03_t125.2_0_off.jpg,违章03,125.17,1124,9,1152,21,hsv,off,0
违章03/违章03_t125.2_1_off.jpg,违章03,125.17,1028,25,1068,38,hsv,off,0
违章03/违章03_t125.2_2_walk.jpg,违章03,125.17,942,41,976,53,hsv,walk,0
违章03/违章03_t125.2_3_off.jpg,违章03,125.17,1022,89,1039,111,hsv,off,0
违章03/违章03_t125.2_5_off.jpg,违章03,125.17,1226,173,1238,182,hsv,off,0
违章03/违章03_t125.2_6_off.jpg,违章03,125.17,429,214,440,237,hsv,off,0
违章03/违章03_t125.2_7_off.jpg,违章03,125.17,896,224,907,251,hsv,off,0
违章03/违章03_t125.2_8_off.jpg,违章03,125.17,432,301,448,325,hsv,off,0
违章03/违章03_t125.2_9_off.jpg,违章03,125.17,484,325,501,334,hsv,off,0
违章03/违章03_t125.4_0_off.jpg,违章03,125.41,1120,8,1148,20,hsv,off,0
违章03/违章03_t125.4_1_walk.jpg,违章03,125.41,939,40,972,52,hsv,walk,0
违章03/违章03_t125.4_2_off.jpg,违章03,125.41,1017,89,1036,110,hsv,off,0
违章03/违章03_t125.4_3_off.jpg,违章03,125.41,1219,154,1232,163,hsv,off,0
违章03/违章03_t125.4_5_off.jpg,违章03,125.41,270,199,292,237,hsv,off,0
违章03/违章03_t125.4_6_off.jpg,违章03,125.41,425,213,436,235,hsv,off,0
违章03/违章03_t125.4_7_off.jpg,违章03,125.41,893,223,904,250,hsv,off,0
违章03/违章03_t125.4_8_off.jpg,违章03,125.41,420,300,447,322,hsv,off,0
违章03/违章03_t125.6_0_off.jpg,违章03,125.64,1118,8,1146,20,hsv,off,0
违章03/违章03_t125.6_1_walk.jpg,违章03,125.64,951,39,971,50,hsv,walk,0
违章03/违章03_t125.6_2_off.jpg,违章03,125.64,938,43,950,51,hsv,off,0
违章03/违章03_t125.6_3_off.jpg,违章03,125.64,1016,88,1029,106,hsv,off,0
违章03/违章03_t125.6_4_off.jpg,违章03,125.64,1218,154,1230,162,hsv,off,0
违章03/违章03_t125.6_6_off.jpg,违章03,125.64,268,199,290,237,hsv,off,0
违章03/违章03_t125.6_7_off.jpg,违章03,125.64,423,210,434,234,hsv,off,0
违章03/违章03_t125.6_8_off.jpg,违章03,125.64,891,223,902,250,hsv,off,0
违章03/违章03_t125.6_9_off.jpg,违章03,125.64,423,299,446,322,hsv,off,0
违章03/违章03_t125.9_0_off.jpg,违章03,125.88,1116,8,1144,20,hsv,off,0
违章03/违章03_t125.9_1_off.jpg,违章03,125.88,1025,25,1047,35,hsv,off,0
违章03/违章03_t125.9_2_walk.jpg,违章03,125.88,949,41,961,50,hsv,walk,0
违章03/违章03_t125.9_3_off.jpg,违章03,125.88,936,43,948,51,hsv,off,0
违章03/违章03_t125.9_4_off.jpg,违章03,125.88,1013,88,1026,104,hsv,off,0
违章03/违章03_t125.9_5_off.jpg,违章03,125.88,1215,153,1227,162,hsv,off,0
违章03/违章03_t125.9_7_off.jpg,违章03,125.88,266,198,287,236,hsv,off,0
违章03/违章03_t125.9_8_off.jpg,违章03,125.88,420,212,432,231,hsv,off,0
违章03/违章03_t125.9_9_off.jpg,违章03,125.88,889,222,900,249,hsv,off,0
违章03/违章03_t125.9_10_off.jpg,违章03,125.88,425,299,442,321,hsv,off,0
违章03/违章03_t126.1_0_off.jpg,违章03,126.11,1113,8,1142,20,hsv,off,0
违章03/违章03_t126.1_1_off.jpg,违章03,126.11,1019,19,1075,36,hsv,off,0
违章03/违章03_t126.1_2_walk.jpg,违章03,126.11,933,37,982,51,hsv,walk,0
违章03/违章03_t126.1_3_off.jpg,违章03,126.11,1013,87,1024,105,hsv,off,0
违章03/违章03_t126.1_4_off.jpg,违章03,126.11,1213,154,1225,162,hsv,off,0
违章03/违章03_t126.1_6_off.jpg,违章03,126.11,421,212,431,233,hsv,off,0
违章03/违章03_t126.1_7_off.jpg,违章03,126.11,887,222,898,249,hsv,off,0
违章03/违章03_t126.1_8_off.jpg,违章03,126.11,426,302,444,321,hsv,off,0
违章03/违章03_t126.3_0_off.jpg,违章03,126.35,1110,8,1140,20,hsv,off,0
违章03/违章03_t126.3_1_walk.jpg,违章03,126.35,932,38,968,51,hsv,walk,0
违章03/违章03_t126.3_2_off.jpg,违章03,126.35,1009,87,1022,105,hsv,off,0
违章03/违章03_t126.3_3_off.jpg,违章03,126.35,1210,154,1222,162,hsv,off,0
违章03/违章03_t126.3_4_off.jpg,违章03,126.35,1208,173,1224,182,hsv,off,0
违章03/违章03_t126.3_5_off.jpg,违章03,126.35,261,197,282,234,hsv,off,0
违章03/违章03_t126.3_6_off.jpg,违章03,126.35,418,213,427,233,hsv,off,0
违章03/违章03_t126.3_7_off.jpg,违章03,126.35,884,222,895,248,hsv,off,0
违章03/违章03_t126.3_8_off.jpg,违章03,126.35,424,302,439,315,hsv,off,0
违章03/违章03_t126.3_9_off.jpg,违章03,126.35,459,321,474,329,hsv,off,0
违章03/违章03_t126.6_0_off.jpg,违章03,126.58,1108,9,1138,21,hsv,off,0
违章03/违章03_t126.6_1_walk.jpg,违章03,126.58,931,38,968,51,hsv,walk,0
违章03/违章03_t126.6_2_off.jpg,违章03,126.58,724,69,779,86,hsv,off,0
违章03/违章03_t126.6_3_off.jpg,违章03,126.58,1007,88,1021,105,hsv,off,0
违章03/违章03_t126.6_4_off.jpg,违章03,126.58,1207,155,1219,163,hsv,off,0
违章03/违章03_t126.6_5_off.jpg,违章03,126.58,1209,174,1222,182,hsv,off,0
违章03/违章03_t126.6_6_off.jpg,违章03,126.58,259,197,280,233,hsv,off,0
违章03/违章03_t126.6_7_off.jpg,违章03,126.58,1201,203,1280,276,hsv,off,0
违章03/违章03_t126.6_8_off.jpg,违章03,126.58,415,212,426,232,hsv,off,0
违章03/违章03_t126.6_9_off.jpg,违章03,126.58,882,222,894,248,hsv,off,0
违章03/违章03_t126.6_10_off.jpg,违章03,126.58,763,229,788,264,hsv,off,0
违章03/违章03_t126.6_11_off.jpg,违章03,126.58,432,301,441,316,hsv,off,0
违章03/违章03_t126.6_12_off.jpg,违章03,126.58,456,330,473,338,hsv,off,0
违章03/违章03_t126.8_0_off.jpg,违章03,126.82,1107,11,1136,22,hsv,off,0
违章03/违章03_t126.8_1_walk.jpg,违章03,126.82,945,40,968,50,hsv,walk,0
违章03/违章03_t126.8_2_off.jpg,违章03,126.82,930,45,941,53,hsv,off,0
违章03/违章03_t126.8_3_off.jpg,违章03,126.82,1006,89,1020,106,hsv,off,0
违章03/违章03_t126.8_4_off.jpg,违章03,126.82,1205,157,1217,165,hsv,off,0
违章03/违章03_t126.8_5_off.jpg,违章03,126.82,1206,175,1219,184,hsv,off,0
违章03/违章03_t126.8_6_off.jpg,违章03,126.82,258,196,279,234,hsv,off,0
违章03/违章03_t126.8_7_off.jpg,违章03,126.82,1199,205,1280,278,hsv,off,0
违章03/违章03_t126.8_8_off.jpg,违章03,126.82,414,212,424,231,hsv,off,0
违章03/违章03_t126.8_9_off.jpg,违章03,126.82,881,221,892,250,hsv,off,0
违章03/违章03_t127.1_0_off.jpg,违章03,127.06,1105,12,1135,23,hsv,off,0
违章03/违章03_t127.1_1_walk.jpg,违章03,127.06,1013,23,1066,39,hsv,walk,0
违章03/违章03_t127.1_3_off.jpg,违章03,127.06,1006,88,1023,112,hsv,off,0
违章03/违章03_t127.1_4_off.jpg,违章03,127.06,1203,157,1216,165,hsv,off,0
违章03/违章03_t127.1_5_off.jpg,违章03,127.06,1204,176,1218,185,hsv,off,0
违章03/违章03_t127.1_6_off.jpg,违章03,127.06,257,196,278,234,hsv,off,0
违章03/违章03_t127.1_7_off.jpg,违章03,127.06,413,209,423,232,hsv,off,0
违章03/违章03_t127.1_8_off.jpg,违章03,127.06,880,222,891,250,hsv,off,0
违章03/违章03_t127.3_0_off.jpg,违章03,127.29,1103,11,1134,23,hsv,off,0
违章03/违章03_t127.3_1_walk.jpg,违章03,127.29,1004,90,1021,109,hsv,walk,0
违章03/违章03_t127.3_2_off.jpg,违章03,127.29,1201,158,1215,166,hsv,off,0
违章03/违章03_t127.3_3_off.jpg,违章03,127.29,255,196,277,233,hsv,off,0
违章03/违章03_t127.3_4_off.jpg,违章03,127.29,412,211,422,230,hsv,off,0
违章03/违章03_t127.3_5_off.jpg,违章03,127.29,879,221,890,250,hsv,off,0
违章03/违章03_t127.3_8_off.jpg,违章03,127.29,447,330,462,339,hsv,off,0
违章03/违章03_t127.5_0_off.jpg,违章03,127.53,1103,11,1132,24,hsv,off,0
违章03/违章03_t127.5_2_walk.jpg,违章03,127.53,1003,90,1015,109,hsv,walk,0
违章03/违章03_t127.5_4_off.jpg,违章03,127.53,1201,157,1214,166,hsv,off,0
违章03/违章03_t127.5_5_off.jpg,违章03,127.53,254,196,276,234,hsv,off,0
违章03/违章03_t127.5_6_off.jpg,违章03,127.53,411,208,421,232,hsv,off,0
违章03/违章03_t127.5_7_off.jpg,违章03,127.53,878,221,889,249,hsv,off,0
违章03/违章03_t127.5_8_off.jpg,违章03,127.53,445,328,460,337,hsv,off,0
违章03/违章03_t127.8_0_off.jpg,违章03,127.76,1102,11,1130,24,hsv,off,0
违章03/违章03_t127.8_1_walk.jpg,违章03,127.76,1002,89,1014,109,hsv,walk,0
违章03/违章03_t127.8_2_off.jpg,违章03,127.76,1200,158,1212,166,hsv,off,0
违章03/违章03_t127.8_3_off.jpg,违章03,127.76,252,197,274,234,hsv,off,0
违章03/违章03_t127.8_4_off.jpg,违章03,127.76,410,210,420,234,hsv,off,0
违章03/违章03_t127.8_5_off.jpg,违章03,127.76,876,222,887,249,hsv,off,0
违章03/违章03_t127.8_6_off.jpg,违章03,127.76,444,328,458,336,hsv,off,0
违章03/违章03_t128.0_0_off.jpg,违章03,128.0,1100,13,1130,25,hsv,off,0
违章03/违章03_t128.0_1_walk.jpg,违章03,128.0,922,42,962,55,hsv,walk,0
违章03/违章03_t128.0_2_off.jpg,违章03,128.0,1001,91,1013,109,hsv,off,0
违章03/违章03_t128.0_3_off.jpg,违章03,128.0,1200,158,1212,166,hsv,off,0
违章03/违章03_t128.0_4_off.jpg,违章03,128.0,253,196,274,235,hsv,off,0
违章03/违章03_t128.0_5_off.jpg,违章03,128.0,409,213,421,233,hsv,off,0
违章03/违章03_t128.0_6_off.jpg,违章03,128.0,876,224,887,250,hsv,off,0
违章03/违章03_t128.2_0_off.jpg,违章03,128.23,1100,13,1129,25,hsv,off,0
违章03/违章03_t128.2_3_off.jpg,违章03,128.23,921,42,961,55,hsv,off,0
违章03/违章03_t128.2_4_off.jpg,违章03,128.23,999,91,1012,109,hsv,off,0
违章03/违章03_t128.2_5_off.jpg,违章03,128.23,1198,157,1210,166,hsv,off,0
违章03/违章03_t128.2_6_off.jpg,违章03,128.23,1197,173,1212,185,hsv,off,0
违章03/违章03_t128.2_7_off.jpg,违章03,128.23,252,197,273,235,hsv,off,0
违章03/违章03_t128.2_8_off.jpg,违章03,128.23,408,213,419,233,hsv,off,0
违章03/违章03_t128.2_9_off.jpg,违章03,128.23,875,223,886,251,hsv,off,0
违章03/违章03_t128.5_0_off.jpg,违章03,128.47,1099,13,1128,25,hsv,off,0
违章03/违章03_t128.5_3_off.jpg,违章03,128.47,921,42,963,56,hsv,off,0
违章03/违章03_t128.5_4_off.jpg,违章03,128.47,999,92,1011,109,hsv,off,0
违章03/违章03_t128.5_5_off.jpg,违章03,128.47,1196,158,1210,166,hsv,off,0
违章03/违章03_t128.5_6_off.jpg,违章03,128.47,1193,174,1211,186,hsv,off,0
违章03/违章03_t128.5_7_off.jpg,违章03,128.47,251,198,273,236,hsv,off,0
违章03/违章03_t128.5_8_off.jpg,违章03,128.47,408,210,418,234,hsv,off,0
违章03/违章03_t128.5_9_off.jpg,违章03,128.47,874,222,886,251,hsv,off,0
违章03/违章03_t128.7_0_off.jpg,违章03,128.71,1098,13,1127,25,hsv,off,0
违章03/违章03_t128.7_1_off.jpg,违章03,128.71,1004,25,1058,41,hsv,off,0
违章03/违章03_t128.7_3_off.jpg,违章03,128.71,920,43,955,56,hsv,off,0
违章03/违章03_t128.7_4_off.jpg,违章03,128.71,998,93,1010,110,hsv,off,0
违章03/违章03_t128.7_5_off.jpg,违章03,128.71,1197,159,1208,167,hsv,off,0
违章03/违章03_t128.7_6_off.jpg,违章03,128.71,1193,174,1211,186,hsv,off,0
违章03/违章03_t128.7_7_off.jpg,违章03,128.71,250,199,272,237,hsv,off,0
违章03/违章03_t128.7_8_off.jpg,违章03,128.71,407,213,419,235,hsv,off,0
违章03/违章03_t128.7_9_off.jpg,违章03,128.71,874,223,885,251,hsv,off,0
违章03/违章03_t128.9_0_off.jpg,违章03,128.94,1097,13,1126,26,hsv,off,0
违章03/违章03_t128.9_2_walk.jpg,违章03,128.94,976,36,994,44,hsv,walk,0
违章03/违章03_t128.9_3_off.jpg,违章03,128.94,932,43,956,54,hsv,off,0
违章03/违章03_t128.9_5_off.jpg,违章03,128.94,919,47,932,56,hsv,off,0
违章03/违章03_t128.9_6_off.jpg,违章03,128.94,998,91,1009,112,hsv,off,0
违章03/违章03_t128.9_7_off.jpg,违章03,128.94,1196,159,1207,167,hsv,off,0
违章03/违章03_t128.9_8_off.jpg,违章03,128.94,1194,174,1210,186,hsv,off,0
违章03/违章03_t128.9_9_off.jpg,违章03,128.94,251,200,272,238,hsv,off,0
违章03/违章03_t128.9_10_off.jpg,违章03,128.94,407,210,418,237,hsv,off,0
违章03/违章03_t128.9_11_off.jpg,违章03,128.94,874,225,885,252,hsv,off,0
违章03/违章03_t128.9_12_off.jpg,违章03,128.94,437,322,449,330,hsv,off,0
违章03/违章03_t129.2_0_off.jpg,违章03,129.18,1098,13,1126,26,hsv,off,0
违章03/违章03_t129.2_1_walk.jpg,违章03,129.18,933,42,969,54,hsv,walk,0
违章03/违章03_t129.2_2_off.jpg,违章03,129.18,919,48,932,57,hsv,off,0
违章03/违章03_t129.2_3_off.jpg,违章03,129.18,998,91,1009,114,hsv,off,0
违章03/违章03_t129.2_4_off.jpg,违章03,129.18,1195,159,1207,167,hsv,off,0
违章03/违章03_t129.2_5_off.jpg,违章03,129.18,1193,175,1210,187,hsv,off,0
违章03/违章03_t129.2_6_off.jpg,违章03,129.18,250,201,271,238,hsv,off,0
违章03/违章03_t129.2_7_off.jpg,违章03,129.18,406,213,417,236,hsv,off,0
违章03/违章03_t129.2_8_off.jpg,违章03,129.18,874,226,884,253,hsv,off,0
违章03/违章03_t129.4_0_off.jpg,违章03,129.41,1096,13,1126,27,hsv,off,0
违章03/违章03_t129.4_1_walk.jpg,违章03,129.41,933,42,968,54,hsv,walk,0
违章03/违章03_t129.4_2_off.jpg,违章03,129.41,920,48,931,57,hsv,off,0
违章03/违章03_t129.4_3_off.jpg,违章03,129.41,998,92,1010,111,hsv,off,0
违章03/违章03_t129.4_5_off.jpg,违章03,129.41,1193,175,1205,183,hsv,off,0
违章03/违章03_t129.4_6_off.jpg,违章03,129.41,249,201,271,238,hsv,off,0
违章03/违章03_t129.4_7_off.jpg,违章03,129.41,407,213,417,238,hsv,off,0
违章03/违章03_t129.4_8_off.jpg,违章03,129.41,874,226,884,250,hsv,off,0
违章03/违章03_t129.7_0_off.jpg,违章03,129.65,1096,15,1126,27,hsv,off,0
违章03/违章03_t129.7_2_walk.jpg,违章03,129.65,919,42,968,58,hsv,walk,0
违章03/违章03_t129.7_3_off.jpg,违章03,129.65,996,93,1009,112,hsv,off,0
违章03/违章03_t129.7_6_off.jpg,违章03,129.65,249,202,271,239,hsv,off,0
违章03/违章03_t129.7_7_off.jpg,违章03,129.65,407,214,417,239,hsv,off,0
违章03/违章03_t129.7_8_off.jpg,违章03,129.65,873,226,884,254,hsv,off,0
违章03/违章03_t129.7_9_off.jpg,违章03,129.65,363,302,374,311,hsv,off,0
违章03/违章03_t129.9_0_off.jpg,违章03,129.88,1093,16,1125,27,hsv,off,0
违章03/违章03_t129.9_5_off.jpg,违章03,129.88,997,93,1008,112,hsv,off,0
违章03/违章03_t129.9_7_off.jpg,违章03,129.88,1192,177,1204,186,hsv,off,0
违章03/违章03_t129.9_8_off.jpg,违章03,129.88,407,211,417,238,hsv,off,0
违章03/违章03_t129.9_9_off.jpg,违章03,129.88,872,226,883,253,hsv,off,0
违章03/违章03_t130.1_0_off.jpg,违章03,130.12,1096,16,1125,27,hsv,off,0
违章03/违章03_t130.1_1_walk.jpg,违章03,130.12,997,94,1008,112,hsv,walk,0
违章03/违章03_t130.1_3_off.jpg,违章03,130.12,250,201,270,238,hsv,off,0
违章03/违章03_t130.1_4_off.jpg,违章03,130.12,1188,210,1280,281,hsv,off,0
违章03/违章03_t130.1_5_off.jpg,违章03,130.12,406,213,416,237,hsv,off,0
违章03/违章03_t130.1_6_off.jpg,违章03,130.12,872,226,883,252,hsv,off,0
违章03/违章03_t130.1_7_off.jpg,违章03,130.12,616,237,710,287,hsv,off,0
违章03/违章03_t130.1_8_off.jpg,违章03,130.12,364,302,372,310,hsv,off,0
违章03/违章03_t130.4_0_off.jpg,违章03,130.36,1095,15,1125,27,hsv,off,0
违章03/违章03_t130.4_1_walk.jpg,违章03,130.36,996,92,1009,112,hsv,walk,0
违章03/违章03_t130.4_3_off.jpg,违章03,130.36,1192,178,1204,187,hsv,off,0
违章03/违章03_t130.4_4_off.jpg,违章03,130.36,249,200,270,237,hsv,off,0
违章03/违章03_t130.4_5_off.jpg,违章03,130.36,1188,209,1280,281,hsv,off,0
违章03/违章03_t130.4_6_off.jpg,违章03,130.36,406,212,416,236,hsv,off,0
违章03/违章03_t130.4_7_off.jpg,违章03,130.36,873,226,883,252,hsv,off,0
违章03/违章03_t130.4_8_off.jpg,违章03,130.36,616,237,708,287,hsv,off,0
违章03/违章03_t130.4_12_off.jpg,违章03,130.36,387,443,395,452,hsv,off,0
违章03/违章03_t130.6_0_off.jpg,违章03,130.59,1096,15,1125,26,hsv,off,0
违章03/违章03_t130.6_1_walk.jpg,违章03,130.59,920,48,931,56,hsv,walk,0
违章03/违章03_t130.6_2_off.jpg,违章03,130.59,996,93,1010,111,hsv,off,0
违章03/违章03_t130.6_4_off.jpg,违章03,130.59,1193,178,1205,187,hsv,off,0
违章03/违章03_t130.6_5_off.jpg,违章03,130.59,250,199,271,237,hsv,off,0
违章03/违章03_t130.6_6_off.jpg,违章03,130.59,406,211,416,236,hsv,off,0
违章03/违章03_t130.6_7_off.jpg,违章03,130.59,873,225,884,251,hsv,off,0
违章03/违章03_t130.6_8_off.jpg,违章03,130.59,616,237,709,286,hsv,off,0
违章03/违章03_t130.6_9_off.jpg,违章03,130.59,354,299,369,307,hsv,off,0
违章03/违章03_t130.8_0_off.jpg,违章03,130.83,1097,15,1125,27,hsv,off,0
违章03/违章03_t130.8_1_walk.jpg,违章03,130.83,996,92,1009,111,hsv,walk,0
违章03/违章03_t130.8_3_off.jpg,违章03,130.83,1193,178,1205,187,hsv,off,0
违章03/违章03_t130.8_4_off.jpg,违章03,130.83,1188,209,1280,281,hsv,off,0
违章03/违章03_t130.8_5_off.jpg,违章03,130.83,406,211,416,237,hsv,off,0
违章03/违章03_t130.8_6_off.jpg,违章03,130.83,873,226,883,252,hsv,off,0
违章03/违章03_t130.8_7_off.jpg,违章03,130.83,616,237,708,286,hsv,off,0
违章03/违章03_t130.8_8_off.jpg,违章03,130.83,348,299,369,307,hsv,off,0
违章03/违章03_t131.1_0_off.jpg,违章03,131.06,1096,15,1124,26,hsv,off,0
违章03/违章03_t131.1_2_walk.jpg,违章03,131.06,918,42,965,57,hsv,walk,0
违章03/违章03_t131.1_3_off.jpg,违章03,131.06,996,92,1008,112,hsv,off,0
违章03/违章03_t131.1_5_off.jpg,违章03,131.06,1189,178,1204,187,hsv,off,0
违章03/违章03_t131.1_6_off.jpg,违章03,131.06,248,200,269,237,hsv,off,0
违章03/违章03_t131.1_7_off.jpg,违章03,131.06,1187,209,1280,281,hsv,off,0
违章03/违章03_t131.1_8_off.jpg,违章03,131.06,872,224,883,252,hsv,off,0
违章03/违章03_t131.1_9_off.jpg,违章03,131.06,753,233,778,268,hsv,off,0
违章03/违章03_t131.1_10_off.jpg,违章03,131.06,1067,240,1078,249,hsv,off,0
违章03/违章03_t131.1_11_off.jpg,违章03,131.06,388,311,396,319,hsv,off,0
违章03/违章03_t131.3_0_off.jpg,违章03,131.3,1096,15,1124,27,hsv,off,0
违章03/违章03_t131.3_1_walk.jpg,违章03,131.3,1003,25,1058,41,hsv,walk,0
违章03/违章03_t131.3_3_off.jpg,违章03,131.3,918,42,967,57,hsv,off,0
违章03/违章03_t131.3_4_off.jpg,违章03,131.3,995,92,1008,110,hsv,off,0
违章03/违章03_t131.3_6_off.jpg,违章03,131.3,248,200,269,237,hsv,off,0
违章03/违章03_t131.3_7_off.jpg,违章03,131.3,1186,209,1280,281,hsv,off,0
违章03/违章03_t131.3_8_off.jpg,违章03,131.3,404,211,415,236,hsv,off,0
违章03/违章03_t131.3_9_off.jpg,违章03,131.3,872,224,883,251,hsv,off,0
违章03/违章03_t131.3_10_off.jpg,违章03,131.3,753,233,778,268,hsv,off,0
违章03/违章03_t131.3_11_off.jpg,违章03,131.3,615,238,707,286,hsv,off,0
违章03/违章03_t131.3_12_off.jpg,违章03,131.3,990,240,1000,248,hsv,off,0
违章03/违章03_t131.3_13_off.jpg,违章03,131.3,379,295,391,305,hsv,off,0
违章03/违章03_t131.3_14_off.jpg,违章03,131.3,381,311,396,332,hsv,off,0
违章03/违章03_t131.5_0_off.jpg,违章03,131.53,1095,14,1124,26,hsv,off,0
违章03/违章03_t131.5_2_walk.jpg,违章03,131.53,918,42,964,56,hsv,walk,0
违章03/违章03_t131.5_3_off.jpg,违章03,131.53,995,92,1008,110,hsv,off,0
违章03/违章03_t131.5_4_off.jpg,违章03,131.53,518,133,527,141,hsv,off,0
违章03/违章03_t131.5_6_off.jpg,违章03,131.53,248,200,270,236,hsv,off,0
违章03/违章03_t131.5_7_off.jpg,违章03,131.53,1188,207,1280,280,hsv,off,0
违章03/违章03_t131.5_8_off.jpg,违章03,131.53,405,211,414,233,hsv,off,0
违章03/违章03_t131.5_9_off.jpg,违章03,131.53,872,225,883,252,hsv,off,0
违章03/违章03_t131.5_10_off.jpg,违章03,131.53,753,232,777,267,hsv,off,0
违章03/违章03_t131.5_11_off.jpg,违章03,131.53,615,236,707,286,hsv,off,0
违章03/违章03_t131.8_0_off.jpg,违章03,131.77,1096,13,1125,25,hsv,off,0
违章03/违章03_t131.8_1_off.jpg,违章03,131.77,1026,25,1055,37,hsv,off,0
违章03/违章03_t131.8_2_walk.jpg,违章03,131.77,998,30,1025,39,hsv,walk,0
违章03/违章03_t131.8_4_off.jpg,违章03,131.77,932,41,963,53,hsv,off,0
违章03/违章03_t131.8_5_off.jpg,违章03,131.77,919,47,931,55,hsv,off,0
违章03/违章03_t131.8_6_off.jpg,违章03,131.77,996,91,1007,108,hsv,off,0
违章03/违章03_t131.8_8_off.jpg,违章03,131.77,248,197,269,234,hsv,off,0
违章03/违章03_t131.8_9_off.jpg,违章03,131.77,1188,206,1280,278,hsv,off,0
违章03/违章03_t131.8_10_off.jpg,违章03,131.77,405,208,414,232,hsv,off,0
违章03/违章03_t131.8_11_off.jpg,违章03,131.77,872,224,883,237,hsv,off,0
违章03/违章03_t131.8_12_off.jpg,违章03,131.77,753,231,778,266,hsv,off,0
违章03/违章03_t131.8_13_off.jpg,违章03,131.77,616,235,707,284,hsv,off,0
违章03/违章03_t132.0_0_off.jpg,违章03,132.01,1096,11,1125,22,hsv,off,0
违章03/违章03_t132.0_1_walk.jpg,违章03,132.01,918,40,953,53,hsv,walk,0
违章03/违章03_t132.0_2_off.jpg,违章03,132.01,996,88,1008,107,hsv,off,0
违章03/违章03_t132.0_4_off.jpg,违章03,132.01,248,194,269,232,hsv,off,0
违章03/违章03_t132.0_5_off.jpg,违章03,132.01,405,206,415,230,hsv,off,0
违章03/违章03_t132.0_6_off.jpg,违章03,132.01,872,222,882,248,hsv,off,0
违章03/违章03_t132.0_7_off.jpg,违章03,132.01,798,225,828,240,hsv,off,0
违章03/违章03_t132.2_0_off.jpg,违章03,132.24,1097,11,1125,22,hsv,off,0
违章03/违章03_t132.2_1_walk.jpg,违章03,132.24,919,40,952,52,hsv,walk,0
违章03/违章03_t132.2_2_off.jpg,违章03,132.24,997,88,1009,111,hsv,off,0
违章03/违章03_t132.2_4_off.jpg,违章03,132.24,1189,174,1204,183,hsv,off,0
违章03/违章03_t132.2_5_off.jpg,违章03,132.24,405,204,415,228,hsv,off,0
违章03/违章03_t132.2_6_off.jpg,违章03,132.24,872,221,883,247,hsv,off,0
违章03/违章03_t132.2_7_off.jpg,违章03,132.24,753,228,777,262,hsv,off,0
违章03/违章03_t132.5_0_off.jpg,违章03,132.48,1097,10,1126,22,hsv,off,0
违章03/违章03_t132.5_1_walk.jpg,违章03,132.48,920,40,950,51,hsv,walk,0
违章03/违章03_t132.5_2_off.jpg,违章03,132.48,998,88,1010,106,hsv,off,0
违章03/违章03_t132.5_3_off.jpg,违章03,132.48,1194,156,1207,164,hsv,off,0
违章03/违章03_t132.5_4_off.jpg,违章03,132.48,1189,173,1205,182,hsv,off,0
违章03/违章03_t132.5_5_off.jpg,违章03,132.48,249,191,270,229,hsv,off,0
违章03/违章03_t132.5_6_off.jpg,违章03,132.48,406,204,416,228,hsv,off,0
违章03/违章03_t132.5_7_off.jpg,违章03,132.48,873,221,883,247,hsv,off,0
违章03/违章03_t132.5_8_off.jpg,违章03,132.48,754,228,778,262,hsv,off,0
违章03/违章03_t132.7_0_off.jpg,违章03,132.71,1099,10,1128,22,hsv,off,0
违章03/违章03_t132.7_1_walk.jpg,违章03,132.71,921,40,951,51,hsv,walk,0
违章03/违章03_t132.7_2_off.jpg,违章03,132.71,998,88,1010,106,hsv,off,0
违章03/违章03_t132.7_4_off.jpg,违章03,132.71,1190,173,1205,182,hsv,off,0
违章03/违章03_t132.7_5_off.jpg,违章03,132.71,406,204,416,228,hsv,off,0
违章03/违章03_t132.7_6_off.jpg,违章03,132.71,873,220,884,247,hsv,off,0
违章03/违章03_t132.9_0_off.jpg,违章03,132.95,1098,10,1128,23,hsv,off,0
违章03/违章03_t132.9_1_walk.jpg,违章03,132.95,971,33,993,41,hsv,walk,0
违章03/违章03_t132.9_2_off.jpg,违章03,132.95,999,89,1016,107,hsv,off,0
违章03/违章03_t132.9_3_off.jpg,违章03,132.95,1196,157,1208,165,hsv,off,0
违章03/违章03_t132.9_4_off.jpg,违章03,132.95,1192,173,1206,184,hsv,off,0
违章03/违章03_t132.9_5_off.jpg,违章03,132.95,250,188,270,227,hsv,off,0
违章03/违章03_t132.9_6_off.jpg,违章03,132.95,406,206,416,228,hsv,off,0
违章03/违章03_t132.9_7_off.jpg,违章03,132.95,873,219,884,247,hsv,off,0
违章03/违章03_t133.2_0_off.jpg,违章03,133.18,1100,11,1128,22,hsv,off,0
违章03/违章03_t133.2_2_off.jpg,违章03,133.18,922,38,965,51,hsv,off,0
违章03/违章03_t133.2_3_off.jpg,违章03,133.18,999,88,1016,106,hsv,off,0
违章03/违章03_t133.2_4_off.jpg,违章03,133.18,1195,157,1208,165,hsv,off,0
违章03/违章03_t133.2_5_off.jpg,违章03,133.18,1194,173,1206,184,hsv,off,0
违章03/违章03_t133.2_6_off.jpg,违章03,133.18,250,188,270,226,hsv,off,0
违章03/违章03_t133.2_7_off.jpg,违章03,133.18,406,201,416,225,hsv,off,0
违章03/违章03_t133.2_8_off.jpg,违章03,133.18,874,220,884,247,hsv,off,0
违章03/违章03_t133.2_9_off.jpg,违章03,133.18,758,226,781,239,hsv,off,0
违章03/违章03_t133.4_0_off.jpg,违章03,133.42,1100,10,1129,22,hsv,off,0
违章03/违章03_t133.4_1_walk.jpg,违章03,133.42,1000,22,1058,39,hsv,walk,0
违章03/违章03_t133.4_2_off.jpg,违章03,133.42,922,37,967,51,hsv,off,0
违章03/违章03_t133.4_3_off.jpg,违章03,133.42,998,88,1017,107,hsv,off,0
违章03/违章03_t133.4_5_off.jpg,违章03,133.42,1193,173,1206,184,hsv,off,0
违章03/违章03_t133.4_6_off.jpg,违章03,133.42,250,188,270,225,hsv,off,0
违章03/违章03_t133.4_7_off.jpg,违章03,133.42,407,205,417,224,hsv,off,0
违章03/违章03_t133.4_8_off.jpg,违章03,133.42,874,219,884,247,hsv,off,0
违章03/违章03_t133.7_0_off.jpg,违章03,133.66,1102,11,1129,23,hsv,off,0
违章03/违章03_t133.7_2_off.jpg,违章03,133.66,922,38,961,51,hsv,off,0
违章03/违章03_t133.7_3_off.jpg,违章03,133.66,1000,88,1014,107,hsv,off,0
违章03/违章03_t133.7_4_off.jpg,违章03,133.66,1197,157,1209,165,hsv,off,0
违章03/违章03_t133.7_5_off.jpg,违章03,133.66,1193,173,1206,185,hsv,off,0
违章03/违章03_t133.7_6_off.jpg,违章03,133.66,250,187,271,225,hsv,off,0
违章03/违章03_t133.7_7_off.jpg,违章03,133.66,874,218,885,247,hsv,off,0
违章03/违章03_t133.7_8_off.jpg,违章03,133.66,1191,250,1201,259,hsv,off,0
违章03/违章03_t133.9_0_off.jpg,违章03,133.89,1101,10,1130,23,hsv,off,0
违章03/违章03_t133.9_1_off.jpg,违章03,133.89,1005,21,1063,38,hsv,off,0
违章03/违章03_t133.9_3_off.jpg,违章03,133.89,1001,88,1014,106,hsv,off,0
违章03/违章03_t133.9_4_off.jpg,违章03,133.89,1198,157,1209,166,hsv,off,0
违章03/违章03_t133.9_5_off.jpg,违章03,133.89,1194,173,1207,185,hsv,off,0
违章03/违章03_t133.9_6_off.jpg,违章03,133.89,407,205,418,224,hsv,off,0
违章03/违章03_t133.9_7_off.jpg,违章03,133.89,1213,206,1280,279,hsv,off,0
违章03/违章03_t133.9_8_off.jpg,违章03,133.89,874,218,886,247,hsv,off,0
违章03/违章03_t133.9_11_off.jpg,违章03,133.89,397,431,410,439,hsv,off,0
违章03/违章03_t134.1_0_off.jpg,违章03,134.13,1103,10,1131,23,hsv,off,0
违章03/违章03_t134.1_1_off.jpg,违章03,134.13,1006,21,1063,38,hsv,off,0
违章03/违章03_t134.1_4_off.jpg,违章03,134.13,924,40,951,51,hsv,off,0
违章03/违章03_t134.1_5_off.jpg,违章03,134.13,1002,89,1016,106,hsv,off,0
违章03/违章03_t134.1_6_off.jpg,违章03,134.13,1198,157,1211,166,hsv,off,0
违章03/违章03_t134.1_7_off.jpg,违章03,134.13,1193,173,1207,185,hsv,off,0
违章03/违章03_t134.1_8_off.jpg,违章03,134.13,253,186,272,224,hsv,off,0
违章03/违章03_t134.1_9_off.jpg,违章03,134.13,408,204,418,224,hsv,off,0
违章03/违章03_t134.1_10_off.jpg,违章03,134.13,1193,206,1280,278,hsv,off,0
违章03/违章03_t134.1_11_off.jpg,违章03,134.13,875,218,887,246,hsv,off,0
违章03/违章03_t134.4_0_off.jpg,违章03,134.36,1103,11,1132,23,hsv,off,0
违章03/违章03_t134.4_1_off.jpg,违章03,134.36,1006,22,1062,38,hsv,off,0
违章03/违章03_t134.4_3_off.jpg,违章03,134.36,925,38,967,51,hsv,off,0
违章03/违章03_t134.4_4_off.jpg,违章03,134.36,1194,176,1208,185,hsv,off,0
违章03/违章03_t134.4_5_off.jpg,违章03,134.36,253,186,273,224,hsv,off,0
违章03/违章03_t134.4_6_off.jpg,违章03,134.36,409,204,419,224,hsv,off,0
违章03/违章03_t134.4_7_off.jpg,违章03,134.36,1193,206,1280,278,hsv,off,0
违章03/违章03_t134.4_8_off.jpg,违章03,134.36,876,219,887,247,hsv,off,0
违章03/违章03_t134.4_9_off.jpg,违章03,134.36,599,290,607,298,hsv,off,0
违章03/违章03_t134.6_0_off.jpg,违章03,134.6,1102,11,1132,23,hsv,off,0
违章03/违章03_t134.6_1_off.jpg,违章03,134.6,1007,22,1063,38,hsv,off,0
违章03/违章03_t134.6_3_off.jpg,违章03,134.6,925,38,967,51,hsv,off,0
违章03/违章03_t134.6_4_off.jpg,违章03,134.6,1196,177,1209,185,hsv,off,0
违章03/违章03_t134.6_5_off.jpg,违章03,134.6,253,186,273,224,hsv,off,0
违章03/违章03_t134.6_6_off.jpg,违章03,134.6,409,206,419,224,hsv,off,0
违章03/违章03_t134.6_7_off.jpg,违章03,134.6,1193,207,1280,279,hsv,off,0
违章03/违章03_t134.6_8_off.jpg,违章03,134.6,876,217,887,247,hsv,off,0
违章03/违章03_t134.6_9_off.jpg,违章03,134.6,761,226,783,241,hsv,off,0
违章03/违章03_t134.6_10_off.jpg,违章03,134.6,619,229,712,278,hsv,off,0
违章03/违章03_t134.8_0_off.jpg,违章03,134.83,1104,12,1133,24,hsv,off,0
违章03/违章03_t134.8_1_stand.jpg,违章03,134.83,1005,57,1018,77,hsv,stand,0
违章03/违章03_t134.8_2_off.jpg,违章03,134.83,1197,142,1211,155,hsv,off,0
违章03/违章03_t134.8_3_off.jpg,违章03,134.83,1194,177,1217,187,hsv,off,0
违章03/违章03_t134.8_4_off.jpg,违章03,134.83,253,187,273,224,hsv,off,0
违章03/违章03_t134.8_5_off.jpg,违章03,134.83,409,201,420,224,hsv,off,0
违章03/违章03_t134.8_6_off.jpg,违章03,134.83,876,218,887,247,hsv,off,0
违章03/违章03_t134.8_7_off.jpg,违章03,134.83,356,288,370,296,hsv,off,0
违章03/违章03_t134.8_8_off.jpg,违章03,134.83,374,289,388,320,hsv,off,0
违章03/违章03_t134.8_9_off.jpg,违章03,134.83,704,342,732,351,hsv,off,0
违章03/违章03_t134.8_11_off.jpg,违章03,134.83,367,436,386,445,hsv,off,0
违章03/违章03_t135.1_0_off.jpg,违章03,135.07,1103,13,1133,25,hsv,off,0
违章03/违章03_t135.1_1_stand.jpg,违章03,135.07,1005,58,1017,78,hsv,stand,0
违章03/违章03_t135.1_2_off.jpg,违章03,135.07,1195,143,1211,156,hsv,off,0
违章03/违章03_t135.1_3_off.jpg,违章03,135.07,1193,178,1217,187,hsv,off,0
违章03/违章03_t135.1_4_off.jpg,违章03,135.07,253,188,273,225,hsv,off,0
违章03/违章03_t135.1_5_off.jpg,违章03,135.07,409,203,419,224,hsv,off,0
违章03/违章03_t135.1_6_off.jpg,违章03,135.07,1192,209,1280,281,hsv,off,0
违章03/违章03_t135.1_7_off.jpg,违章03,135.07,876,222,887,248,hsv,off,0
违章03/违章03_t135.1_8_off.jpg,违章03,135.07,761,227,783,243,hsv,off,0
违章03/违章03_t135.1_9_off.jpg,违章03,135.07,371,291,380,303,hsv,off,0
违章03/违章03_t135.1_10_off.jpg,违章03,135.07,704,342,732,352,hsv,off,0
违章03/违章03_t135.1_13_off.jpg,违章03,135.07,365,437,386,445,hsv,off,0
违章03/违章03_t135.3_0_off.jpg,违章03,135.31,1103,13,1133,26,hsv,off,0
违章03/违章03_t135.3_1_stand.jpg,违章03,135.31,1005,58,1017,79,hsv,stand,0
违章03/违章03_t135.3_2_off.jpg,违章03,135.31,1196,144,1211,157,hsv,off,0
违章03/违章03_t135.3_3_off.jpg,违章03,135.31,1193,178,1217,187,hsv,off,0
违章03/违章03_t135.3_4_off.jpg,违章03,135.31,253,189,273,226,hsv,off,0
违章03/违章03_t135.3_5_off.jpg,违章03,135.31,409,206,418,225,hsv,off,0
违章03/违章03_t135.3_6_off.jpg,违章03,135.31,1191,209,1280,282,hsv,off,0
违章03/违章03_t135.3_7_off.jpg,违章03,135.31,876,222,887,249,hsv,off,0
违章03/违章03_t135.3_8_off.jpg,违章03,135.31,761,228,781,242,hsv,off,0
违章03/违章03_t135.3_9_off.jpg,违章03,135.31,705,343,732,352,hsv,off,0
违章03/违章03_t135.5_0_off.jpg,违章03,135.54,1103,14,1132,26,hsv,off,0
违章03/违章03_t135.5_1_stand.jpg,违章03,135.54,1004,59,1016,79,hsv,stand,0
违章03/违章03_t135.5_2_off.jpg,违章03,135.54,1196,145,1211,158,hsv,off,0
违章03/违章03_t135.5_3_off.jpg,违章03,135.54,1193,179,1216,188,hsv,off,0
违章03/违章03_t135.5_4_off.jpg,违章03,135.54,251,190,273,226,hsv,off,0
违章03/违章03_t135.5_5_off.jpg,违章03,135.54,409,208,418,225,hsv,off,0
违章03/违章03_t135.5_6_off.jpg,违章03,135.54,1192,209,1280,283,hsv,off,0
违章03/违章03_t135.5_7_off.jpg,违章03,135.54,876,221,886,250,hsv,off,0
违章03/违章03_t135.5_8_off.jpg,违章03,135.54,760,229,781,242,hsv,off,0
违章03/违章03_t135.5_9_off.jpg,违章03,135.54,386,302,399,324,hsv,off,0
违章03/违章03_t135.5_11_off.jpg,违章03,135.54,704,344,731,353,hsv,off,0
违章03/违章03_t135.8_0_off.jpg,违章03,135.78,1102,15,1130,27,hsv,off,0
违章03/违章03_t135.8_1_stand.jpg,违章03,135.78,1005,60,1015,80,hsv,stand,0
违章03/违章03_t135.8_2_off.jpg,违章03,135.78,1196,145,1210,158,hsv,off,0
违章03/违章03_t135.8_3_off.jpg,违章03,135.78,1193,180,1216,189,hsv,off,0
违章03/违章03_t135.8_4_off.jpg,违章03,135.78,252,189,272,227,hsv,off,0
违章03/违章03_t135.8_5_off.jpg,违章03,135.78,408,203,418,228,hsv,off,0
违章03/违章03_t135.8_6_off.jpg,违章03,135.78,875,221,886,251,hsv,off,0
违章03/违章03_t135.8_7_off.jpg,违章03,135.78,377,302,398,325,hsv,off,0
违章03/违章03_t135.8_8_off.jpg,违章03,135.78,703,345,731,354,hsv,off,0
违章03/违章03_t136.0_0_off.jpg,违章03,136.01,1102,16,1130,27,hsv,off,0
违章03/违章03_t136.0_2_stand.jpg,违章03,136.01,1004,60,1015,80,hsv,stand,0
违章03/违章03_t136.0_3_off.jpg,违章03,136.01,1195,145,1210,159,hsv,off,0
违章03/违章03_t136.0_4_off.jpg,违章03,136.01,1193,180,1215,189,hsv,off,0
违章03/违章03_t136.0_5_off.jpg,违章03,136.01,251,190,272,227,hsv,off,0
违章03/违章03_t136.0_6_off.jpg,违章03,136.01,408,204,418,228,hsv,off,0
违章03/违章03_t136.0_7_off.jpg,违章03,136.01,875,222,886,251,hsv,off,0
违章03/违章03_t136.0_8_off.jpg,违章03,136.01,373,289,398,325,hsv,off,0
违章03/违章03_t136.0_9_off.jpg,违章03,136.01,703,344,731,354,hsv,off,0
违章03/违章03_t136.2_0_off.jpg,违章03,136.25,1101,16,1129,28,hsv,off,0
违章03/违章03_t136.2_1_stand.jpg,违章03,136.25,1004,61,1015,80,hsv,stand,0
违章03/违章03_t136.2_2_off.jpg,违章03,136.25,1192,146,1209,160,hsv,off,0
违章03/违章03_t136.2_3_off.jpg,违章03,136.25,1192,181,1216,190,hsv,off,0
违章03/违章03_t136.2_4_off.jpg,违章03,136.25,251,191,271,228,hsv,off,0
违章03/违章03_t136.2_5_off.jpg,违章03,136.25,407,207,418,228,hsv,off,0
违章03/违章03_t136.2_6_off.jpg,违章03,136.25,874,222,885,252,hsv,off,0
违章03/违章03_t136.2_7_off.jpg,违章03,136.25,758,230,782,245,hsv,off,0
违章03/违章03_t136.2_8_off.jpg,违章03,136.25,703,346,730,354,hsv,off,0
违章03/违章03_t136.5_0_off.jpg,违章03,136.48,1102,17,1129,29,hsv,off,0
违章03/违章03_t136.5_1_stand.jpg,违章03,136.48,1004,61,1015,81,hsv,stand,0
违章03/违章03_t136.5_2_off.jpg,违章03,136.48,1195,147,1209,160,hsv,off,0
违章03/违章03_t136.5_3_off.jpg,违章03,136.48,1192,181,1215,191,hsv,off,0
违章03/违章03_t136.5_4_off.jpg,违章03,136.48,251,191,271,228,hsv,off,0
违章03/违章03_t136.5_5_off.jpg,违章03,136.48,407,209,418,229,hsv,off,0
违章03/违章03_t136.5_6_off.jpg,违章03,136.48,1192,213,1280,285,hsv,off,0
违章03/违章03_t136.5_7_off.jpg,违章03,136.48,874,223,885,252,hsv,off,0
违章03/违章03_t136.5_8_off.jpg,违章03,136.48,757,231,781,245,hsv,off,0
违章03/违章03_t136.5_9_off.jpg,违章03,136.48,384,288,393,297,hsv,off,0
违章03/违章03_t136.5_11_off.jpg,违章03,136.48,703,346,732,355,hsv,off,0
违章03/违章03_t136.7_0_off.jpg,违章03,136.72,1098,18,1131,30,hsv,off,0
违章03/违章03_t136.7_1_stand.jpg,违章03,136.72,1004,62,1015,82,hsv,stand,0
违章03/违章03_t136.7_2_off.jpg,违章03,136.72,1195,148,1208,160,hsv,off,0
违章03/违章03_t136.7_3_off.jpg,违章03,136.72,1192,183,1214,191,hsv,off,0
违章03/违章03_t136.7_4_off.jpg,违章03,136.72,874,226,885,253,hsv,off,0
违章03/违章03_t136.7_5_off.jpg,违章03,136.72,517,276,538,328,hsv,off,0
违章03/违章03_t136.7_7_off.jpg,违章03,136.72,441,332,453,343,hsv,off,0
违章03/违章03_t136.7_8_off.jpg,违章03,136.72,704,346,732,354,hsv,off,0
违章03/违章03_t137.0_0_off.jpg,违章03,136.96,1101,19,1131,31,hsv,off,0
违章03/违章03_t137.0_1_stand.jpg,违章03,136.96,1004,63,1015,84,hsv,stand,0
违章03/违章03_t137.0_2_off.jpg,违章03,136.96,1195,149,1209,162,hsv,off,0
违章03/违章03_t137.0_3_off.jpg,违章03,136.96,1192,184,1215,193,hsv,off,0
违章03/违章03_t137.0_4_off.jpg,违章03,136.96,408,208,418,230,hsv,off,0
违章03/违章03_t137.0_5_off.jpg,违章03,136.96,1192,214,1280,287,hsv,off,0
违章03/违章03_t137.0_6_off.jpg,违章03,136.96,875,226,886,253,hsv,off,0
违章03/违章03_t137.0_7_off.jpg,违章03,136.96,514,276,536,330,hsv,off,0
违章03/违章03_t137.0_8_off.jpg,违章03,136.96,704,346,732,356,hsv,off,0
违章03/违章03_t137.2_0_off.jpg,违章03,137.19,1101,19,1132,31,hsv,off,0
违章03/违章03_t137.2_1_stand.jpg,违章03,137.19,1005,63,1016,83,hsv,stand,0
违章03/违章03_t137.2_2_off.jpg,违章03,137.19,1196,149,1210,162,hsv,off,0
违章03/违章03_t137.2_3_off.jpg,违章03,137.19,1193,185,1215,193,hsv,off,0
违章03/违章03_t137.2_4_off.jpg,违章03,137.19,409,208,419,230,hsv,off,0
违章03/违章03_t137.2_5_off.jpg,违章03,137.19,1192,214,1280,287,hsv,off,0
违章03/违章03_t137.2_6_off.jpg,违章03,137.19,875,227,886,254,hsv,off,0
违章03/违章03_t137.2_7_off.jpg,违章03,137.19,760,232,782,249,hsv,off,0
违章03/违章03_t137.2_8_off.jpg,违章03,137.19,704,346,733,355,hsv,off,0
违章03/违章03_t137.4_0_off.jpg,违章03,137.43,1104,20,1133,32,hsv,off,0
违章03/违章03_t137.4_1_stand.jpg,违章03,137.43,1006,63,1017,83,hsv,stand,0
违章03/违章03_t137.4_2_off.jpg,违章03,137.43,1196,149,1211,163,hsv,off,0
违章03/违章03_t137.4_3_off.jpg,违章03,137.43,1194,185,1216,194,hsv,off,0
违章03/违章03_t137.4_4_off.jpg,违章03,137.43,252,189,273,228,hsv,off,0
违章03/违章03_t137.4_5_off.jpg,违章03,137.43,409,206,419,228,hsv,off,0
违章03/违章03_t137.4_6_off.jpg,违章03,137.43,1193,215,1280,288,hsv,off,0
违章03/违章03_t137.4_7_off.jpg,违章03,137.43,876,226,887,252,hsv,off,0
违章03/违章03_t137.4_8_off.jpg,违章03,137.43,704,346,734,355,hsv,off,0
违章03/违章03_t137.7_0_off.jpg,违章03,137.66,1104,20,1135,31,hsv,off,0
违章03/违章03_t137.7_1_stand.jpg,违章03,137.66,1007,63,1018,83,hsv,stand,0
违章03/违章03_t137.7_2_off.jpg,违章03,137.66,1197,149,1211,163,hsv,off,0
违章03/违章03_t137.7_3_off.jpg,违章03,137.66,1195,185,1217,194,hsv,off,0
违章03/违章03_t137.7_4_off.jpg,违章03,137.66,253,190,274,228,hsv,off,0
违章03/违章03_t137.7_5_off.jpg,违章03,137.66,409,207,420,228,hsv,off,0
违章03/违章03_t137.7_6_off.jpg,违章03,137.66,1194,215,1280,287,hsv,off,0
违章03/违章03_t137.7_7_off.jpg,违章03,137.66,877,225,888,254,hsv,off,0
违章03/违章03_t137.7_8_off.jpg,违章03,137.66,704,346,734,356,hsv,off,0
违章03/违章03_t137.7_10_off.jpg,违章03,137.66,378,413,413,448,hsv,off,0
违章03/违章03_t137.9_0_off.jpg,违章03,137.9,1105,20,1134,31,hsv,off,0
违章03/违章03_t137.9_2_stand.jpg,违章03,137.9,1007,64,1018,84,hsv,stand,0
违章03/违章03_t137.9_3_off.jpg,违章03,137.9,1198,149,1212,162,hsv,off,0
违章03/违章03_t137.9_4_off.jpg,违章03,137.9,1196,184,1218,194,hsv,off,0
违章03/违章03_t137.9_5_off.jpg,违章03,137.9,254,189,274,227,hsv,off,0
违章03/违章03_t137.9_6_off.jpg,违章03,137.9,410,208,421,228,hsv,off,0
违章03/违章03_t137.9_7_off.jpg,违章03,137.9,877,225,888,254,hsv,off,0
违章03/违章03_t137.9_8_off.jpg,违章03,137.9,706,346,735,355,hsv,off,0
违章03/违章03_t137.9_10_off.jpg,违章03,137.9,339,416,382,453,hsv,off,0
违章03/违章03_t137.9_11_off.jpg,违章03,137.9,421,419,445,427,hsv,off,0
违章03/违章03_t137.9_12_off.jpg,违章03,137.9,377,422,406,439,hsv,off,0
违章03/违章03_t137.9_13_off.jpg,违章03,137.9,373,433,384,441,hsv,off,0
违章03/违章03_t138.1_0_off.jpg,违章03,138.13,1105,20,1133,32,hsv,off,0
违章03/违章03_t138.1_1_stand.jpg,违章03,138.13,1006,64,1017,84,hsv,stand,0
违章03/违章03_t138.1_2_off.jpg,违章03,138.13,1197,149,1211,163,hsv,off,0
违章03/违章03_t138.1_3_off.jpg,违章03,138.13,1194,185,1217,194,hsv,off,0
违章03/违章03_t138.1_4_off.jpg,违章03,138.13,253,190,274,228,hsv,off,0
违章03/违章03_t138.1_5_off.jpg,违章03,138.13,409,207,420,229,hsv,off,0
违章03/违章03_t138.1_6_off.jpg,违章03,138.13,1195,215,1280,287,hsv,off,0
违章03/违章03_t138.1_7_off.jpg,违章03,138.13,876,225,887,255,hsv,off,0
违章03/违章03_t138.1_8_off.jpg,违章03,138.13,561,290,609,316,hsv,off,0
违章03/违章03_t138.1_9_off.jpg,违章03,138.13,706,347,735,357,hsv,off,0
违章03/违章03_t138.1_11_off.jpg,违章03,138.13,299,420,366,458,hsv,off,0
违章03/违章03_t138.4_0_off.jpg,违章03,138.37,1103,18,1132,30,hsv,off,0
违章03/违章03_t138.4_1_stand.jpg,违章03,138.37,1005,62,1016,82,hsv,stand,0
违章03/违章03_t138.4_2_off.jpg,违章03,138.37,1195,149,1210,161,hsv,off,0
违章03/违章03_t138.4_3_off.jpg,违章03,138.37,1193,183,1216,192,hsv,off,0
违章03/违章03_t138.4_4_off.jpg,违章03,138.37,253,191,273,227,hsv,off,0
违章03/违章03_t138.4_5_off.jpg,违章03,138.37,408,206,418,227,hsv,off,0
违章03/违章03_t138.4_6_off.jpg,违章03,138.37,1198,213,1280,282,hsv,off,0
违章03/违章03_t138.4_7_off.jpg,违章03,138.37,875,226,887,253,hsv,off,0
违章03/违章03_t138.4_9_off.jpg,违章03,138.37,431,421,453,429,hsv,off,0
违章03/违章03_t138.4_10_off.jpg,违章03,138.37,260,426,329,463,hsv,off,0
违章03/违章03_t138.4_11_off.jpg,违章03,138.37,324,455,335,471,hsv,off,0
违章03/违章03_t138.6_0_off.jpg,违章03,138.61,1103,18,1131,30,hsv,off,0
违章03/违章03_t138.6_1_stand.jpg,违章03,138.61,1004,62,1016,81,hsv,stand,0
违章03/违章03_t138.6_2_off.jpg,违章03,138.61,1194,148,1210,161,hsv,off,0
违章03/违章03_t138.6_3_off.jpg,违章03,138.61,1192,182,1216,191,hsv,off,0
违章03/违章03_t138.6_4_off.jpg,违章03,138.61,252,191,272,228,hsv,off,0
违章03/违章03_t138.6_5_off.jpg,违章03,138.61,408,207,418,221,hsv,off,0
违章03/违章03_t138.6_6_off.jpg,违章03,138.61,1200,213,1280,278,hsv,off,0
违章03/违章03_t138.6_7_off.jpg,违章03,138.61,875,226,886,253,hsv,off,0
违章03/违章03_t138.6_8_off.jpg,违章03,138.61,356,289,390,322,hsv,off,0
违章03/违章03_t138.6_9_off.jpg,违章03,138.61,498,348,519,357,hsv,off,0
违章03/违章03_t138.6_10_off.jpg,违章03,138.61,710,348,737,357,hsv,off,0
违章03/违章03_t138.6_13_off.jpg,违章03,138.61,231,437,281,478,hsv,off,0
违章03/违章03_t138.6_15_off.jpg,违章03,138.61,277,446,311,470,hsv,off,0
违章03/违章03_t138.6_16_off.jpg,违章03,138.61,267,453,277,464,hsv,off,0
违章03/违章03_t138.6_17_off.jpg,违章03,138.61,304,468,312,479,hsv,off,0
违章03/违章03_t138.8_0_off.jpg,违章03,138.84,1101,18,1129,29,hsv,off,0
违章03/违章03_t138.8_1_stand.jpg,违章03,138.84,1004,61,1015,81,hsv,stand,0
违章03/违章03_t138.8_2_off.jpg,违章03,138.84,1194,146,1209,160,hsv,off,0
违章03/违章03_t138.8_3_off.jpg,违章03,138.84,1192,181,1214,191,hsv,off,0
违章03/违章03_t138.8_4_off.jpg,违章03,138.84,250,190,271,228,hsv,off,0
违章03/违章03_t138.8_5_off.jpg,违章03,138.84,407,207,416,227,hsv,off,0
违章03/违章03_t138.8_6_off.jpg,违章03,138.84,874,224,885,251,hsv,off,0
违章03/违章03_t138.8_8_off.jpg,违章03,138.84,576,286,593,302,hsv,off,0
违章03/违章03_t138.8_9_off.jpg,违章03,138.84,353,291,366,299,hsv,off,0
违章03/违章03_t138.8_10_off.jpg,违章03,138.84,506,346,530,357,hsv,off,0
违章03/违章03_t138.8_11_off.jpg,违章03,138.84,719,347,739,357,hsv,off,0
违章03/违章03_t138.8_13_off.jpg,违章03,138.84,452,423,478,431,hsv,off,0
违章03/违章03_t138.8_14_off.jpg,违章03,138.84,219,441,262,461,hsv,off,0
违章03/违章03_t138.8_15_off.jpg,违章03,138.84,225,457,296,500,hsv,off,0
违章03/违章03_t138.8_16_off.jpg,违章03,138.84,214,468,224,479,hsv,off,0
违章03/违章03_t138.8_17_off.jpg,违章03,138.84,299,470,312,480,hsv,off,0
违章03/违章03_t139.1_0_off.jpg,违章03,139.08,1101,17,1129,29,hsv,off,0
违章03/违章03_t139.1_2_stand.jpg,违章03,139.08,1003,61,1015,81,hsv,stand,0
违章03/违章03_t139.1_3_off.jpg,违章03,139.08,1195,146,1209,160,hsv,off,0
违章03/违章03_t139.1_4_off.jpg,违章03,139.08,1192,181,1215,191,hsv,off,0
违章03/违章03_t139.1_5_off.jpg,违章03,139.08,250,190,271,228,hsv,off,0
违章03/违章03_t139.1_6_off.jpg,违章03,139.08,1206,212,1280,259,hsv,off,0
违章03/违章03_t139.1_7_off.jpg,违章03,139.08,874,224,886,251,hsv,off,0
违章03/违章03_t139.1_8_off.jpg,违章03,139.08,900,247,909,255,hsv,off,0
违章03/违章03_t139.1_11_off.jpg,违章03,139.08,364,407,377,419,hsv,off,0
违章03/违章03_t139.1_12_off.jpg,违章03,139.08,467,424,492,432,hsv,off,0
违章03/违章03_t139.1_13_off.jpg,违章03,139.08,237,455,281,475,hsv,off,0
违章03/违章03_t139.1_14_off.jpg,违章03,139.08,230,467,238,477,hsv,off,0
违章03/违章03_t139.1_15_off.jpg,违章03,139.08,287,472,321,493,hsv,off,0
违章03/违章03_t139.1_16_off.jpg,违章03,139.08,244,481,305,519,hsv,off,0
违章03/违章03_t139.3_0_off.jpg,违章03,139.31,1101,17,1129,28,hsv,off,0
违章03/违章03_t139.3_2_stand.jpg,违章03,139.31,1003,61,1015,80,hsv,stand,0
违章03/违章03_t139.3_3_off.jpg,违章03,139.31,1194,146,1208,159,hsv,off,0
违章03/违章03_t139.3_4_off.jpg,违章03,139.31,1192,181,1215,191,hsv,off,0
违章03/违章03_t139.3_5_off.jpg,违章03,139.31,250,190,271,227,hsv,off,0
违章03/违章03_t139.3_6_off.jpg,违章03,139.31,1209,212,1280,253,hsv,off,0
违章03/违章03_t139.3_7_off.jpg,违章03,139.31,942,221,1018,251,hsv,off,0
违章03/违章03_t139.3_8_off.jpg,违章03,139.31,874,224,885,251,hsv,off,0
违章03/违章03_t139.3_9_off.jpg,违章03,139.31,1066,236,1077,245,hsv,off,0
违章03/违章03_t139.3_10_off.jpg,违章03,139.31,900,246,909,255,hsv,off,0
违章03/违章03_t139.3_11_off.jpg,违章03,139.31,723,349,745,357,hsv,off,0
违章03/违章03_t139.3_13_off.jpg,违章03,139.31,478,406,486,415,hsv,off,0
违章03/违章03_t139.3_14_off.jpg,违章03,139.31,365,411,376,422,hsv,off,0
违章03/违章03_t139.3_16_off.jpg,违章03,139.31,481,426,508,434,hsv,off,0
违章03/违章03_t139.3_17_off.jpg,违章03,139.31,242,466,293,489,hsv,off,0
违章03/违章03_t139.3_19_off.jpg,违章03,139.31,271,488,332,530,hsv,off,0
违章03/违章03_t139.3_20_off.jpg,违章03,139.31,267,492,294,511,hsv,off,0
违章03/违章03_t139.3_21_off.jpg,违章03,139.31,235,497,250,506,hsv,off,0
违章03/违章03_t139.3_22_off.jpg,违章03,139.31,254,499,271,523,hsv,off,0
违章03/违章03_t139.3_23_off.jpg,违章03,139.31,232,517,245,528,hsv,off,0
违章03/违章03_t139.6_0_off.jpg,违章03,139.55,1101,17,1129,28,hsv,off,0
违章03/违章03_t139.6_1_off.jpg,违章03,139.55,1045,28,1054,36,hsv,off,0
违章03/违章03_t139.6_2_stand.jpg,违章03,139.55,1002,60,1015,81,hsv,stand,0
违章03/违章03_t139.6_3_off.jpg,违章03,139.55,1193,146,1209,159,hsv,off,0
违章03/违章03_t139.6_4_off.jpg,违章03,139.55,1191,181,1216,191,hsv,off,0
违章03/违章03_t139.6_5_off.jpg,违章03,139.55,250,189,271,227,hsv,off,0
违章03/违章03_t139.6_6_off.jpg,违章03,139.55,1209,212,1280,249,hsv,off,0
违章03/违章03_t139.6_7_off.jpg,违章03,139.55,1012,219,1078,248,hsv,off,0
违章03/违章03_t139.6_8_off.jpg,违章03,139.55,874,221,885,251,hsv,off,0
违章03/违章03_t139.6_9_off.jpg,违章03,139.55,899,246,909,256,hsv,off,0
违章03/违章03_t139.6_10_off.jpg,违章03,139.55,729,350,749,358,hsv,off,0
违章03/违章03_t139.6_11_off.jpg,违章03,139.55,688,353,698,362,hsv,off,0
违章03/违章03_t139.6_12_off.jpg,违章03,139.55,488,406,501,417,hsv,off,0
违章03/违章03_t139.6_14_off.jpg,违章03,139.55,492,425,522,434,hsv,off,0
违章03/违章03_t139.6_15_off.jpg,违章03,139.55,682,428,692,438,hsv,off,0
违章03/违章03_t139.6_16_off.jpg,违章03,139.55,263,474,306,495,hsv,off,0
违章03/违章03_t139.6_17_off.jpg,违章03,139.55,256,484,265,497,hsv,off,0
违章03/违章03_t139.6_19_off.jpg,违章03,139.55,292,494,342,539,hsv,off,0
违章03/违章03_t139.6_20_off.jpg,违章03,139.55,234,496,245,506,hsv,off,0
违章03/违章03_t139.6_21_off.jpg,违章03,139.55,247,501,267,515,hsv,off,0
违章03/违章03_t139.6_22_off.jpg,违章03,139.55,267,500,307,532,hsv,off,0
违章03/违章03_t139.6_23_off.jpg,违章03,139.55,239,527,251,538,hsv,off,0
违章03/违章03_t139.8_0_off.jpg,违章03,139.78,1102,17,1131,28,hsv,off,0
违章03/违章03_t139.8_2_stand.jpg,违章03,139.78,1004,60,1016,80,hsv,stand,0
违章03/违章03_t139.8_3_off.jpg,违章03,139.78,1194,146,1208,159,hsv,off,0
违章03/违章03_t139.8_4_off.jpg,违章03,139.78,1192,181,1215,190,hsv,off,0
违章03/违章03_t139.8_5_off.jpg,违章03,139.78,250,188,271,225,hsv,off,0
违章03/违章03_t139.8_6_off.jpg,违章03,139.78,407,208,417,224,hsv,off,0
违章03/违章03_t139.8_7_off.jpg,违章03,139.78,1210,213,1280,247,hsv,off,0
违章03/违章03_t139.8_8_off.jpg,违章03,139.78,966,219,1079,252,hsv,off,0
违章03/违章03_t139.8_9_off.jpg,违章03,139.78,874,224,885,251,hsv,off,0
违章03/违章03_t139.8_10_off.jpg,违章03,139.78,900,245,909,258,hsv,off,0
违章03/违章03_t139.8_11_off.jpg,违章03,139.78,744,277,755,287,hsv,off,0
违章03/违章03_t139.8_12_off.jpg,违章03,139.78,339,292,349,303,hsv,off,0
违章03/违章03_t139.8_13_off.jpg,违章03,139.78,730,350,754,359,hsv,off,0
违章03/违章03_t139.8_14_off.jpg,违章03,139.78,696,354,706,363,hsv,off,0
违章03/违章03_t139.8_15_off.jpg,违章03,139.78,496,407,514,419,hsv,off,0
违章03/违章03_t139.8_17_off.jpg,违章03,139.78,248,477,303,508,hsv,off,0
违章03/违章03_t139.8_20_off.jpg,违章03,139.78,226,501,238,510,hsv,off,0
违章03/违章03_t139.8_21_off.jpg,违章03,139.78,279,500,344,544,hsv,off,0
违章03/违章03_t139.8_22_off.jpg,违章03,139.78,296,502,310,511,hsv,off,0
违章03/违章03_t139.8_23_off.jpg,违章03,139.78,238,506,284,525,hsv,off,0
违章03/违章03_t140.0_0_off.jpg,违章03,140.02,1103,16,1131,28,hsv,off,0
违章03/违章03_t140.0_1_stand.jpg,违章03,140.02,1004,59,1017,80,hsv,stand,0
违章03/违章03_t140.0_2_off.jpg,违章03,140.02,1195,146,1209,160,hsv,off,0
违章03/违章03_t140.0_3_off.jpg,违章03,140.02,1193,181,1216,190,hsv,off,0
违章03/违章03_t140.0_4_off.jpg,违章03,140.02,251,188,272,225,hsv,off,0
违章03/违章03_t140.0_5_off.jpg,违章03,140.02,408,207,417,224,hsv,off,0
违章03/违章03_t140.0_6_off.jpg,违章03,140.02,1212,212,1280,246,hsv,off,0
违章03/违章03_t140.0_7_off.jpg,违章03,140.02,875,224,886,251,hsv,off,0
违章03/违章03_t140.0_8_off.jpg,违章03,140.02,745,277,756,286,hsv,off,0
违章03/违章03_t140.0_9_off.jpg,违章03,140.02,735,350,757,358,hsv,off,0
违章03/违章03_t140.0_11_off.jpg,违章03,140.02,499,407,522,418,hsv,off,0
违章03/违章03_t140.0_13_off.jpg,违章03,140.02,503,425,535,435,hsv,off,0
违章03/违章03_t140.0_14_off.jpg,违章03,140.02,256,479,302,503,hsv,off,0
违章03/违章03_t140.0_15_off.jpg,违章03,140.02,238,493,281,535,hsv,off,0
违章03/违章03_t140.0_16_off.jpg,违章03,140.02,229,496,244,505,hsv,off,0
违章03/违章03_t140.0_17_off.jpg,违章03,140.02,281,499,345,548,hsv,off,0
违章03/违章03_t140.0_19_off.jpg,违章03,140.02,227,505,238,514,hsv,off,0
违章03/违章03_t140.0_20_off.jpg,违章03,140.02,235,537,245,550,hsv,off,0
违章03/违章03_t140.3_0_off.jpg,违章03,140.26,1103,16,1132,27,hsv,off,0
违章03/违章03_t140.3_1_stand.jpg,违章03,140.26,1005,60,1017,80,hsv,stand,0
违章03/违章03_t140.3_2_off.jpg,违章03,140.26,1195,144,1210,159,hsv,off,0
违章03/违章03_t140.3_3_off.jpg,违章03,140.26,1193,181,1216,190,hsv,off,0
违章03/违章03_t140.3_4_off.jpg,违章03,140.26,251,187,272,225,hsv,off,0
违章03/违章03_t140.3_5_off.jpg,违章03,140.26,408,207,417,223,hsv,off,0
违章03/违章03_t140.3_6_off.jpg,违章03,140.26,1211,211,1280,246,hsv,off,0
违章03/违章03_t140.3_7_off.jpg,违章03,140.26,876,222,886,242,hsv,off,0
违章03/违章03_t140.3_9_off.jpg,违章03,140.26,746,277,755,286,hsv,off,0
违章03/违章03_t140.3_10_off.jpg,违章03,140.26,341,286,351,296,hsv,off,0
违章03/违章03_t140.3_11_off.jpg,违章03,140.26,731,349,756,358,hsv,off,0
违章03/违章03_t140.3_13_off.jpg,违章03,140.26,498,407,529,418,hsv,off,0
违章03/违章03_t140.3_14_off.jpg,违章03,140.26,502,424,535,434,hsv,off,0
违章03/违章03_t140.3_16_off.jpg,违章03,140.26,249,482,305,510,hsv,off,0
违章03/违章03_t140.3_18_off.jpg,违章03,140.26,288,502,349,552,hsv,off,0
违章03/违章03_t140.3_21_off.jpg,违章03,140.26,229,509,239,519,hsv,off,0
违章03/违章03_t140.3_22_off.jpg,违章03,140.26,242,512,287,533,hsv,off,0
违章03/违章03_t140.3_23_off.jpg,违章03,140.26,271,536,292,545,hsv,off,0
违章03/违章03_t140.3_24_off.jpg,违章03,140.26,237,541,256,554,hsv,off,0
违章03/违章03_t140.5_0_off.jpg,违章03,140.49,1104,16,1133,27,hsv,off,0
违章03/违章03_t140.5_1_stand.jpg,违章03,140.49,1005,59,1017,80,hsv,stand,0
违章03/违章03_t140.5_2_off.jpg,违章03,140.49,1194,146,1210,160,hsv,off,0
违章03/违章03_t140.5_3_off.jpg,违章03,140.49,1193,181,1216,191,hsv,off,0
违章03/违章03_t140.5_4_off.jpg,违章03,140.49,251,187,272,225,hsv,off,0
违章03/违章03_t140.5_5_off.jpg,违章03,140.49,408,207,417,224,hsv,off,0
违章03/违章03_t140.5_6_off.jpg,违章03,140.49,1212,212,1280,246,hsv,off,0
违章03/违章03_t140.5_7_off.jpg,违章03,140.49,875,221,886,251,hsv,off,0
违章03/违章03_t140.5_8_off.jpg,违章03,140.49,901,248,911,256,hsv,off,0
违章03/违章03_t140.5_9_off.jpg,违章03,140.49,746,276,756,285,hsv,off,0
违章03/违章03_t140.5_10_off.jpg,违章03,140.49,732,349,757,358,hsv,off,0
违章03/违章03_t140.5_12_off.jpg,违章03,140.49,499,406,529,419,hsv,off,0
违章03/违章03_t140.5_13_off.jpg,违章03,140.49,502,424,537,435,hsv,off,0
违章03/违章03_t140.5_14_off.jpg,违章03,140.49,263,486,321,515,hsv,off,0
违章03/违章03_t140.5_15_off.jpg,违章03,140.49,238,503,259,511,hsv,off,0
违章03/违章03_t140.5_16_off.jpg,违章03,140.49,239,509,260,524,hsv,off,0
违章03/违章03_t140.5_17_off.jpg,违章03,140.49,310,509,358,559,hsv,off,0
违章03/违章03_t140.5_19_off.jpg,违章03,140.49,303,515,323,537,hsv,off,0
违章03/违章03_t140.5_20_off.jpg,违章03,140.49,252,517,301,546,hsv,off,0
违章03/违章03_t140.5_21_off.jpg,违章03,140.49,248,546,268,559,hsv,off,0
违章03/违章03_t140.7_0_off.jpg,违章03,140.73,1104,17,1133,27,hsv,off,0
违章03/违章03_t140.7_2_stand.jpg,违章03,140.73,1007,60,1018,80,hsv,stand,0
违章03/违章03_t140.7_3_off.jpg,违章03,140.73,1197,145,1211,159,hsv,off,0
违章03/违章03_t140.7_4_off.jpg,违章03,140.73,1194,180,1216,190,hsv,off,0
违章03/违章03_t140.7_5_off.jpg,违章03,140.73,252,185,273,224,hsv,off,0
违章03/违章03_t140.7_6_off.jpg,违章03,140.73,408,204,418,223,hsv,off,0
违章03/违章03_t140.7_7_off.jpg,违章03,140.73,1213,212,1280,246,hsv,off,0
违章03/违章03_t140.7_8_off.jpg,违章03,140.73,876,221,887,249,hsv,off,0
违章03/违章03_t140.7_9_off.jpg,违章03,140.73,902,245,911,258,hsv,off,0
违章03/违章03_t140.7_10_off.jpg,违章03,140.73,733,349,757,357,hsv,off,0
违章03/违章03_t140.7_11_off.jpg,违章03,140.73,698,352,711,363,hsv,off,0
违章03/违章03_t140.7_13_off.jpg,违章03,140.73,502,423,537,435,hsv,off,0
违章03/违章03_t140.7_14_off.jpg,违章03,140.73,279,491,335,518,hsv,off,0
违章03/违章03_t140.7_15_off.jpg,违章03,140.73,245,504,263,519,hsv,off,0
违章03/违章03_t140.7_16_off.jpg,违章03,140.73,247,517,264,526,hsv,off,0
违章03/违章03_t140.7_18_off.jpg,违章03,140.73,325,517,369,566,hsv,off,0
违章03/违章03_t140.7_19_off.jpg,违章03,140.73,268,523,328,558,hsv,off,0
违章03/违章03_t140.7_20_off.jpg,违章03,140.73,257,549,279,564,hsv,off,0
违章03/违章03_t141.0_0_off.jpg,违章03,140.96,1105,17,1134,26,hsv,off,0
违章03/违章03_t141.0_1_stand.jpg,违章03,140.96,1007,60,1018,80,hsv,stand,0
违章03/违章03_t141.0_2_off.jpg,违章03,140.96,1197,146,1211,159,hsv,off,0
违章03/违章03_t141.0_3_off.jpg,违章03,140.96,1194,181,1218,192,hsv,off,0
违章03/违章03_t141.0_4_off.jpg,违章03,140.96,252,187,273,224,hsv,off,0
违章03/违章03_t141.0_5_off.jpg,违章03,140.96,409,205,418,223,hsv,off,0
违章03/违章03_t141.0_6_off.jpg,违章03,140.96,1213,213,1280,246,hsv,off,0
违章03/违章03_t141.0_7_off.jpg,违章03,140.96,876,221,887,250,hsv,off,0
违章03/违章03_t141.0_8_off.jpg,违章03,140.96,619,233,705,292,hsv,off,0
违章03/违章03_t141.0_9_off.jpg,违章03,140.96,902,245,911,258,hsv,off,0
违章03/违章03_t141.0_10_off.jpg,违章03,140.96,570,285,625,352,hsv,off,0
违章03/违章03_t141.0_11_off.jpg,违章03,140.96,734,349,757,358,hsv,off,0
违章03/违章03_t141.0_12_off.jpg,违章03,140.96,697,352,712,363,hsv,off,0
违章03/违章03_t141.0_13_off.jpg,违章03,140.96,501,408,550,422,hsv,off,0
违章03/违章03_t141.0_14_off.jpg,违章03,140.96,503,423,541,435,hsv,off,0
违章03/违章03_t141.0_15_off.jpg,违章03,140.96,294,498,349,524,hsv,off,0
违章03/违章03_t141.0_16_off.jpg,违章03,140.96,253,510,281,534,hsv,off,0
违章03/违章03_t141.0_18_off.jpg,违章03,140.96,341,522,380,573,hsv,off,0
违章03/违章03_t141.0_19_off.jpg,违章03,140.96,332,529,347,550,hsv,off,0
违章03/违章03_t141.0_20_off.jpg,违章03,140.96,286,530,332,557,hsv,off,0
违章03/违章03_t141.0_21_off.jpg,违章03,140.96,269,552,294,570,hsv,off,0
违章03/违章03_t141.0_22_off.jpg,违章03,140.96,308,554,320,562,hsv,off,0
违章03/违章03_t141.2_0_off.jpg,违章03,141.2,1107,17,1135,26,hsv,off,0
违章03/违章03_t141.2_2_stand.jpg,违章03,141.2,1008,59,1019,80,hsv,stand,0
违章03/违章03_t141.2_3_off.jpg,违章03,141.2,1197,145,1212,159,hsv,off,0
违章03/违章03_t141.2_4_off.jpg,违章03,141.2,1195,181,1219,191,hsv,off,0
违章03/违章03_t141.2_5_off.jpg,违章03,141.2,253,186,274,224,hsv,off,0
违章03/违章03_t141.2_6_off.jpg,违章03,141.2,409,205,419,223,hsv,off,0
违章03/违章03_t141.2_7_off.jpg,违章03,141.2,1215,213,1280,246,hsv,off,0
违章03/违章03_t141.2_8_off.jpg,违章03,141.2,877,221,888,250,hsv,off,0
违章03/违章03_t141.2_9_off.jpg,违章03,141.2,903,245,912,257,hsv,off,0
违章03/违章03_t141.2_10_off.jpg,违章03,141.2,747,276,757,286,hsv,off,0
违章03/违章03_t141.2_11_off.jpg,违章03,141.2,734,348,757,358,hsv,off,0
违章03/违章03_t141.2_12_off.jpg,违章03,141.2,698,352,712,362,hsv,off,0
违章03/违章03_t141.2_13_off.jpg,违章03,141.2,504,423,540,434,hsv,off,0
违章03/违章03_t141.2_14_off.jpg,违章03,141.2,289,497,351,530,hsv,off,0
违章03/违章03_t141.2_15_off.jpg,违章03,141.2,262,515,280,528,hsv,off,0
违章03/违章03_t141.2_16_off.jpg,违章03,141.2,335,521,386,575,hsv,off,0
违章03/违章03_t141.2_17_off.jpg,违章03,141.2,261,526,283,538,hsv,off,0
违章03/违章03_t141.2_18_off.jpg,违章03,141.2,287,533,336,559,hsv,off,0
违章03/违章03_t141.2_19_off.jpg,违章03,141.2,312,556,322,564,hsv,off,0
违章03/违章03_t141.2_20_off.jpg,违章03,141.2,273,559,299,577,hsv,off,0
违章03/违章03_t141.4_0_off.jpg,违章03,141.43,1108,17,1136,26,hsv,off,0
违章03/违章03_t141.4_1_stand.jpg,违章03,141.43,1008,58,1020,80,hsv,stand,0
违章03/违章03_t141.4_2_off.jpg,违章03,141.43,1197,146,1214,160,hsv,off,0
违章03/违章03_t141.4_3_off.jpg,违章03,141.43,1196,181,1220,192,hsv,off,0
违章03/违章03_t141.4_4_off.jpg,违章03,141.43,254,187,275,224,hsv,off,0
违章03/违章03_t141.4_5_off.jpg,违章03,141.43,410,205,420,222,hsv,off,0
违章03/违章03_t141.4_6_off.jpg,违章03,141.43,1216,213,1280,246,hsv,off,0
违章03/违章03_t141.4_7_off.jpg,违章03,141.43,878,221,889,250,hsv,off,0
违章03/违章03_t141.4_8_off.jpg,违章03,141.43,904,245,913,256,hsv,off,0
违章03/违章03_t141.4_9_off.jpg,违章03,141.43,748,276,758,286,hsv,off,0
违章03/违章03_t141.4_10_off.jpg,违章03,141.43,577,285,616,309,hsv,off,0
违章03/违章03_t141.4_11_off.jpg,违章03,141.43,735,348,759,358,hsv,off,0
违章03/违章03_t141.4_12_off.jpg,违章03,141.43,700,352,713,362,hsv,off,0
违章03/违章03_t141.4_13_off.jpg,违章03,141.43,505,423,541,434,hsv,off,0
违章03/违章03_t141.4_14_off.jpg,违章03,141.43,311,504,371,536,hsv,off,0
违章03/违章03_t141.4_15_off.jpg,违章03,141.43,283,519,300,532,hsv,off,0
违章03/违章03_t141.4_16_off.jpg,违章03,141.43,383,525,395,533,hsv,off,0
违章03/违章03_t141.4_17_off.jpg,违章03,141.43,278,530,311,544,hsv,off,0
违章03/违章03_t141.4_18_off.jpg,违章03,141.43,333,533,407,583,hsv,off,0
违章03/违章03_t141.4_20_off.jpg,违章03,141.43,312,541,333,559,hsv,off,0
违章03/违章03_t141.4_21_off.jpg,违章03,141.43,288,565,329,585,hsv,off,0
违章03/违章03_t141.7_0_off.jpg,违章03,141.67,1107,17,1136,28,hsv,off,0
违章03/违章03_t141.7_2_stand.jpg,违章03,141.67,1009,60,1021,81,hsv,stand,0
违章03/违章03_t141.7_3_off.jpg,违章03,141.67,1199,147,1213,160,hsv,off,0
违章03/违章03_t141.7_4_off.jpg,违章03,141.67,1196,181,1219,191,hsv,off,0
违章03/违章03_t141.7_5_off.jpg,违章03,141.67,255,185,275,224,hsv,off,0
违章03/违章03_t141.7_6_off.jpg,违章03,141.67,410,204,420,225,hsv,off,0
违章03/违章03_t141.7_7_off.jpg,违章03,141.67,1216,214,1280,247,hsv,off,0
违章03/违章03_t141.7_8_off.jpg,违章03,141.67,878,222,889,251,hsv,off,0
违章03/违章03_t141.7_9_off.jpg,违章03,141.67,651,232,714,292,hsv,off,0
违章03/违章03_t141.7_10_off.jpg,违章03,141.67,904,246,913,258,hsv,off,0
违章03/违章03_t141.7_12_off.jpg,违章03,141.67,748,276,759,286,hsv,off,0
违章03/违章03_t141.7_13_off.jpg,违章03,141.67,577,285,602,309,hsv,off,0
违章03/违章03_t141.7_14_off.jpg,违章03,141.67,674,308,685,316,hsv,off,0
违章03/违章03_t141.7_15_off.jpg,违章03,141.67,735,349,757,358,hsv,off,0
违章03/违章03_t141.7_16_off.jpg,违章03,141.67,697,353,714,362,hsv,off,0
违章03/违章03_t141.7_18_off.jpg,违章03,141.67,327,507,387,538,hsv,off,0
违章03/违章03_t141.7_19_off.jpg,违章03,141.67,286,521,321,555,hsv,off,0
违章03/违章03_t141.7_21_off.jpg,违章03,141.67,398,538,423,561,hsv,off,0
违章03/违章03_t141.7_22_off.jpg,违章03,141.67,325,543,379,565,hsv,off,0
违章03/违章03_t141.7_23_off.jpg,违章03,141.67,355,543,420,588,hsv,off,0
违章03/违章03_t141.7_24_off.jpg,违章03,141.67,379,549,389,562,hsv,off,0
违章03/违章03_t141.7_26_off.jpg,违章03,141.67,304,573,349,597,hsv,off,0
违章03/违章03_t141.9_0_off.jpg,违章03,141.91,1107,17,1137,28,hsv,off,0
违章03/违章03_t141.9_2_stand.jpg,违章03,141.91,1009,60,1023,81,hsv,stand,0
违章03/违章03_t141.9_3_off.jpg,违章03,141.91,1200,147,1215,160,hsv,off,0
违章03/违章03_t141.9_4_off.jpg,违章03,141.91,1197,181,1221,191,hsv,off,0
违章03/违章03_t141.9_5_off.jpg,违章03,141.91,256,187,276,224,hsv,off,0
违章03/违章03_t141.9_6_off.jpg,违章03,141.91,412,204,421,224,hsv,off,0
违章03/违章03_t141.9_7_off.jpg,违章03,141.91,1217,214,1280,247,hsv,off,0
违章03/违章03_t141.9_8_off.jpg,违章03,141.91,879,222,890,251,hsv,off,0
违章03/违章03_t141.9_9_off.jpg,违章03,141.91,624,232,714,292,hsv,off,0
违章03/违章03_t141.9_10_off.jpg,违章03,141.91,905,246,914,258,hsv,off,0
违章03/违章03_t141.9_12_off.jpg,违章03,141.91,749,276,759,286,hsv,off,0
违章03/违章03_t141.9_14_off.jpg,违章03,141.91,736,349,758,358,hsv,off,0
违章03/违章03_t141.9_15_off.jpg,违章03,141.91,698,353,716,362,hsv,off,0
违章03/违章03_t141.9_17_off.jpg,违章03,141.91,359,514,417,548,hsv,off,0
违章03/违章03_t141.9_18_off.jpg,违章03,141.91,312,530,352,563,hsv,off,0
违章03/违章03_t141.9_19_off.jpg,违章03,141.91,430,535,453,568,hsv,off,0
违章03/违章03_t141.9_20_off.jpg,违章03,141.91,392,537,417,546,hsv,off,0
违章03/违章03_t141.9_21_off.jpg,违章03,141.91,353,551,412,587,hsv,off,0
违章03/违章03_t141.9_22_off.jpg,违章03,141.91,413,558,422,569,hsv,off,0
违章03/违章03_t141.9_23_off.jpg,违章03,141.91,408,560,448,597,hsv,off,0
违章03/违章03_t141.9_24_off.jpg,违章03,141.91,328,567,346,576,hsv,off,0
违章03/违章03_t141.9_25_off.jpg,违章03,141.91,330,579,390,609,hsv,off,0
违章03/违章03_t142.1_0_off.jpg,违章03,142.14,1109,16,1138,28,hsv,off,0
违章03/违章03_t142.1_1_stand.jpg,违章03,142.14,1010,60,1022,81,hsv,stand,0
违章03/违章03_t142.1_2_off.jpg,违章03,142.14,1200,146,1216,160,hsv,off,0
违章03/违章03_t142.1_3_off.jpg,违章03,142.14,1198,181,1222,191,hsv,off,0
违章03/违章03_t142.1_4_off.jpg,违章03,142.14,256,185,276,224,hsv,off,0
违章03/违章03_t142.1_5_off.jpg,违章03,142.14,412,205,422,224,hsv,off,0
违章03/违章03_t142.1_6_off.jpg,违章03,142.14,1217,214,1280,247,hsv,off,0
违章03/违章03_t142.1_7_off.jpg,违章03,142.14,880,222,891,251,hsv,off,0
违章03/违章03_t142.1_8_off.jpg,违章03,142.14,905,246,915,257,hsv,off,0
违章03/违章03_t142.1_10_off.jpg,违章03,142.14,749,276,759,286,hsv,off,0
违章03/违章03_t142.1_11_off.jpg,违章03,142.14,370,283,402,322,hsv,off,0
违章03/违章03_t142.1_13_off.jpg,违章03,142.14,738,348,758,358,hsv,off,0
违章03/违章03_t142.1_14_off.jpg,违章03,142.14,699,353,716,361,hsv,off,0
违章03/违章03_t142.1_15_off.jpg,违章03,142.14,435,521,496,557,hsv,off,0
违章03/违章03_t142.1_16_off.jpg,违章03,142.14,378,538,432,595,hsv,off,0
违章03/违章03_t142.1_17_off.jpg,违章03,142.14,497,552,514,580,hsv,off,0
违章03/违章03_t142.1_18_off.jpg,违章03,142.14,435,561,494,604,hsv,off,0
违章03/违章03_t142.1_20_off.jpg,违章03,142.14,400,574,418,587,hsv,off,0
违章03/违章03_t142.1_22_off.jpg,违章03,142.14,503,586,515,600,hsv,off,0
违章03/违章03_t142.1_23_off.jpg,违章03,142.14,396,589,460,620,hsv,off,0
违章03/违章03_t142.1_24_off.jpg,违章03,142.14,347,670,356,686,hsv,off,0
违章03/违章03_t142.4_0_off.jpg,违章03,142.38,1110,17,1139,28,hsv,off,0
违章03/违章03_t142.4_2_stand.jpg,违章03,142.38,1010,59,1023,81,hsv,stand,0
违章03/违章03_t142.4_4_off.jpg,违章03,142.38,1201,147,1216,160,hsv,off,0
违章03/违章03_t142.4_5_off.jpg,违章03,142.38,1199,181,1223,191,hsv,off,0
违章03/违章03_t142.4_6_off.jpg,违章03,142.38,257,186,278,224,hsv,off,0
违章03/违章03_t142.4_7_off.jpg,违章03,142.38,414,205,423,224,hsv,off,0
违章03/违章03_t142.4_8_off.jpg,违章03,142.38,1219,214,1280,247,hsv,off,0
违章03/违章03_t142.4_9_off.jpg,违章03,142.38,881,224,892,251,hsv,off,0
违章03/违章03_t142.4_10_off.jpg,违章03,142.38,906,246,916,258,hsv,off,0
违章03/违章03_t142.4_11_off.jpg,违章03,142.38,750,276,761,286,hsv,off,0
违章03/违章03_t142.4_12_off.jpg,违章03,142.38,602,319,613,348,hsv,off,0
违章03/违章03_t142.4_13_off.jpg,违章03,142.38,737,348,759,358,hsv,off,0
违章03/违章03_t142.4_15_off.jpg,违章03,142.38,547,529,564,550,hsv,off,0
违章03/违章03_t142.4_16_off.jpg,违章03,142.38,485,546,498,554,hsv,off,0
违章03/违章03_t142.4_17_off.jpg,违章03,142.38,462,553,582,612,hsv,off,0
违章03/违章03_t142.4_18_off.jpg,违章03,142.38,586,574,600,588,hsv,off,0
违章03/违章03_t142.4_19_off.jpg,违章03,142.38,453,586,470,604,hsv,off,0
违章03/违章03_t142.4_21_off.jpg,违章03,142.38,516,601,541,630,hsv,off,0
违章03/违章03_t142.4_22_off.jpg,违章03,142.38,483,605,517,628,hsv,off,0
违章03/违章03_t142.4_23_off.jpg,违章03,142.38,459,607,474,618,hsv,off,0
违章03/违章03_t142.4_24_off.jpg,违章03,142.38,423,685,434,703,hsv,off,0
违章03/违章03_t142.6_0_off.jpg,违章03,142.61,1111,17,1139,28,hsv,off,0
违章03/违章03_t142.6_1_off.jpg,违章03,142.61,1052,27,1072,37,hsv,off,0
违章03/违章03_t142.6_3_stand.jpg,违章03,142.61,1013,62,1024,80,hsv,stand,0
违章03/违章03_t142.6_4_off.jpg,违章03,142.61,1203,147,1217,160,hsv,off,0
违章03/违章03_t142.6_5_off.jpg,违章03,142.61,1200,182,1224,191,hsv,off,0
违章03/违章03_t142.6_6_off.jpg,违章03,142.61,258,185,278,224,hsv,off,0
违章03/违章03_t142.6_7_off.jpg,违章03,142.61,415,200,424,224,hsv,off,0
违章03/违章03_t142.6_8_off.jpg,违章03,142.61,1219,213,1280,247,hsv,off,0
违章03/违章03_t142.6_9_off.jpg,违章03,142.61,882,222,892,251,hsv,off,0
违章03/违章03_t142.6_10_off.jpg,违章03,142.61,907,246,917,258,hsv,off,0
违章03/违章03_t142.6_11_off.jpg,违章03,142.61,804,263,812,274,hsv,off,0
违章03/违章03_t142.6_12_off.jpg,违章03,142.61,752,276,761,286,hsv,off,0
违章03/违章03_t142.6_13_off.jpg,违章03,142.61,363,287,384,299,hsv,off,0
违章03/违章03_t142.6_16_off.jpg,违章03,142.61,738,348,760,358,hsv,off,0
违章03/违章03_t142.6_17_off.jpg,违章03,142.61,701,350,718,363,hsv,off,0
违章03/违章03_t142.6_18_off.jpg,违章03,142.61,641,531,649,541,hsv,off,0
违章03/违章03_t142.6_19_off.jpg,违章03,142.61,600,546,613,554,hsv,off,0
违章03/违章03_t142.6_20_off.jpg,违章03,142.61,661,548,675,558,hsv,off,0
违章03/违章03_t142.6_21_off.jpg,违章03,142.61,570,554,585,565,hsv,off,0
违章03/违章03_t142.6_22_off.jpg,违章03,142.61,610,556,661,572,hsv,off,0
违章03/违章03_t142.6_23_off.jpg,违章03,142.61,538,561,554,597,hsv,off,0
违章03/违章03_t142.6_24_off.jpg,违章03,142.61,676,578,691,589,hsv,off,0
违章03/违章03_t142.6_25_off.jpg,违章03,142.61,651,601,683,617,hsv,off,0
违章03/违章03_t142.6_26_off.jpg,违章03,142.61,514,704,524,720,hsv,off,0
违章03/违章03_t142.8_0_off.jpg,违章03,142.85,1112,17,1139,28,hsv,off,0
违章03/违章03_t142.8_1_stand.jpg,违章03,142.85,1013,62,1024,80,hsv,stand,0
违章03/违章03_t142.8_2_off.jpg,违章03,142.85,1203,147,1218,160,hsv,off,0
违章03/违章03_t142.8_3_off.jpg,违章03,142.85,1200,181,1223,191,hsv,off,0
违章03/违章03_t142.8_4_off.jpg,违章03,142.85,258,185,278,224,hsv,off,0
违章03/违章03_t142.8_5_off.jpg,违章03,142.85,414,201,425,223,hsv,off,0
违章03/违章03_t142.8_6_off.jpg,违章03,142.85,1219,213,1280,247,hsv,off,0
违章03/违章03_t142.8_7_off.jpg,违章03,142.85,881,221,892,252,hsv,off,0
违章03/违章03_t142.8_8_off.jpg,违章03,142.85,907,246,917,258,hsv,off,0
违章03/违章03_t142.8_10_off.jpg,违章03,142.85,752,277,761,286,hsv,off,0
违章03/违章03_t142.8_11_off.jpg,违章03,142.85,473,308,485,317,hsv,off,0
违章03/违章03_t142.8_12_off.jpg,违章03,142.85,739,348,760,358,hsv,off,0
违章03/违章03_t142.8_13_off.jpg,违章03,142.85,701,350,718,362,hsv,off,0
违章03/违章03_t142.8_14_off.jpg,违章03,142.85,717,542,727,552,hsv,off,0
违章03/违章03_t142.8_15_off.jpg,违章03,142.85,742,559,761,572,hsv,off,0
违章03/违章03_t142.8_17_off.jpg,违章03,142.85,641,575,657,588,hsv,off,0
违章03/违章03_t142.8_18_off.jpg,违章03,142.85,615,584,626,596,hsv,off,0
违章03/违章03_t142.8_19_off.jpg,违章03,142.85,715,589,754,621,hsv,off,0
违章03/违章03_t142.8_20_off.jpg,违章03,142.85,765,591,778,605,hsv,off,0
违章03/违章03_t142.8_22_off.jpg,违章03,142.85,728,620,768,635,hsv,off,0
违章03/违章03_t142.8_23_off.jpg,违章03,142.85,652,641,693,666,hsv,off,0
违章03/违章03_t142.8_24_off.jpg,违章03,142.85,626,647,642,657,hsv,off,0
违章03/违章03_t143.1_0_off.jpg,违章03,143.08,1112,17,1138,28,hsv,off,0
违章03/违章03_t143.1_1_off.jpg,违章03,143.08,1051,27,1072,35,hsv,off,0
违章03/违章03_t143.1_2_stand.jpg,违章03,143.08,1012,61,1024,81,hsv,stand,0
违章03/违章03_t143.1_3_off.jpg,违章03,143.08,1201,147,1218,161,hsv,off,0
违章03/违章03_t143.1_4_off.jpg,违章03,143.08,1200,182,1224,191,hsv,off,0
违章03/违章03_t143.1_5_off.jpg,违章03,143.08,258,186,279,224,hsv,off,0
违章03/违章03_t143.1_6_off.jpg,违章03,143.08,415,205,424,223,hsv,off,0
违章03/违章03_t143.1_7_off.jpg,违章03,143.08,1220,214,1280,247,hsv,off,0
违章03/违章03_t143.1_8_off.jpg,违章03,143.08,882,224,892,251,hsv,off,0
违章03/违章03_t143.1_9_off.jpg,违章03,143.08,907,245,917,257,hsv,off,0
违章03/违章03_t143.1_10_off.jpg,违章03,143.08,752,276,761,286,hsv,off,0
违章03/违章03_t143.1_12_off.jpg,违章03,143.08,739,348,761,358,hsv,off,0
违章03/违章03_t143.1_13_off.jpg,违章03,143.08,853,576,868,590,hsv,off,0
违章03/违章03_t143.1_14_off.jpg,违章03,143.08,779,582,795,596,hsv,off,0
违章03/违章03_t143.1_15_off.jpg,违章03,143.08,733,592,853,663,hsv,off,0
违章03/违章03_t143.1_16_off.jpg,违章03,143.08,746,597,764,612,hsv,off,0
违章03/违章03_t143.1_17_off.jpg,违章03,143.08,714,607,730,620,hsv,off,0
违章03/违章03_t143.1_18_off.jpg,违章03,143.08,876,610,892,625,hsv,off,0
违章03/违章03_t143.1_19_off.jpg,违章03,143.08,709,622,740,669,hsv,off,0
违章03/违章03_t143.1_20_off.jpg,违章03,143.08,835,622,879,643,hsv,off,0
违章03/违章03_t143.1_21_off.jpg,违章03,143.08,867,642,879,660,hsv,off,0
违章03/违章03_t143.1_22_off.jpg,违章03,143.08,846,645,867,654,hsv,off,0
违章03/违章03_t143.1_23_off.jpg,违章03,143.08,727,674,747,684,hsv,off,0
违章03/违章03_t143.3_0_off.jpg,违章03,143.32,1112,17,1139,28,hsv,off,0
违章03/违章03_t143.3_1_off.jpg,违章03,143.32,1052,27,1072,35,hsv,off,0
违章03/违章03_t143.3_2_stand.jpg,违章03,143.32,1012,62,1024,80,hsv,stand,0
违章03/违章03_t143.3_3_off.jpg,违章03,143.32,1202,148,1218,161,hsv,off,0
违章03/违章03_t143.3_4_off.jpg,违章03,143.32,1200,181,1224,191,hsv,off,0
违章03/违章03_t143.3_5_off.jpg,违章03,143.32,258,186,279,224,hsv,off,0
违章03/违章03_t143.3_6_off.jpg,违章03,143.32,414,206,424,223,hsv,off,0
违章03/违章03_t143.3_7_off.jpg,违章03,143.32,1220,213,1280,247,hsv,off,0
违章03/违章03_t143.3_8_off.jpg,违章03,143.32,882,224,892,251,hsv,off,0
违章03/违章03_t143.3_9_off.jpg,违章03,143.32,907,246,917,257,hsv,off,0
违章03/违章03_t143.3_11_off.jpg,违章03,143.32,752,276,761,286,hsv,off,0
违章03/违章03_t143.3_12_off.jpg,违章03,143.32,662,307,689,319,hsv,off,0
违章03/违章03_t143.3_14_off.jpg,违章03,143.32,737,348,760,358,hsv,off,0
违章03/违章03_t143.3_15_off.jpg,违章03,143.32,699,350,718,363,hsv,off,0
违章03/违章03_t143.3_16_off.jpg,违章03,143.32,899,604,924,622,hsv,off,0
违章03/违章03_t143.3_17_off.jpg,违章03,143.32,889,621,898,631,hsv,off,0
违章03/违章03_t143.3_18_off.jpg,违章03,143.32,869,624,886,636,hsv,off,0
违章03/违章03_t143.3_19_off.jpg,违章03,143.32,1007,633,1023,649,hsv,off,0
违章03/违章03_t143.3_20_off.jpg,违章03,143.32,967,650,1007,668,hsv,off,0
违章03/违章03_t143.3_21_off.jpg,违章03,143.32,984,664,1022,685,hsv,off,0
违章03/违章03_t143.3_22_off.jpg,违章03,143.32,873,690,891,701,hsv,off,0
违章03/违章03_t143.6_0_off.jpg,违章03,143.56,1112,17,1140,28,hsv,off,0
违章03/违章03_t143.6_1_off.jpg,违章03,143.56,1043,28,1069,36,hsv,off,0
违章03/违章03_t143.6_2_stand.jpg,违章03,143.56,931,41,983,56,hsv,stand,0
违章03/违章03_t143.6_3_off.jpg,违章03,143.56,1013,62,1024,80,hsv,off,0
违章03/违章03_t143.6_4_off.jpg,违章03,143.56,1202,147,1218,161,hsv,off,0
违章03/违章03_t143.6_5_off.jpg,违章03,143.56,1200,181,1223,191,hsv,off,0
违章03/违章03_t143.6_6_off.jpg,违章03,143.56,258,185,279,224,hsv,off,0
违章03/违章03_t143.6_7_off.jpg,违章03,143.56,415,207,423,224,hsv,off,0
违章03/违章03_t143.6_8_off.jpg,违章03,143.56,1220,214,1280,247,hsv,off,0
违章03/违章03_t143.6_9_off.jpg,违章03,143.56,882,223,892,251,hsv,off,0
违章03/违章03_t143.6_10_off.jpg,违章03,143.56,907,246,917,257,hsv,off,0
违章03/违章03_t143.6_11_off.jpg,违章03,143.56,804,262,812,274,hsv,off,0
违章03/违章03_t143.6_12_off.jpg,违章03,143.56,636,307,657,315,hsv,off,0
违章03/违章03_t143.6_14_off.jpg,违章03,143.56,743,348,760,356,hsv,off,0
违章03/违章03_t143.6_16_off.jpg,违章03,143.56,1119,632,1133,640,hsv,off,0
违章03/违章03_t143.6_17_off.jpg,违章03,143.56,1049,641,1061,649,hsv,off,0
违章03/违章03_t143.6_18_off.jpg,违章03,143.56,1111,640,1120,654,hsv,off,0
违章03/违章03_t143.6_19_off.jpg,违章03,143.56,1014,648,1036,667,hsv,off,0
违章03/违章03_t143.6_20_off.jpg,违章03,143.56,1074,656,1111,694,hsv,off,0
违章03/违章03_t143.6_21_off.jpg,违章03,143.56,971,665,996,682,hsv,off,0
违章03/违章03_t143.6_22_off.jpg,违章03,143.56,929,674,956,708,hsv,off,0
违章03/违章03_t143.6_23_off.jpg,违章03,143.56,1143,679,1164,705,hsv,off,0
违章03/违章03_t143.6_24_off.jpg,违章03,143.56,986,680,1071,720,hsv,off,0
违章03/违章03_t143.6_25_off.jpg,违章03,143.56,1087,694,1151,720,hsv,off,0
违章03/违章03_t143.6_26_off.jpg,违章03,143.56,971,710,992,720,hsv,off,0
违章03/违章03_t143.6_27_off.jpg,违章03,143.56,1150,712,1162,720,hsv,off,0
违章03/违章03_t143.8_0_off.jpg,违章03,143.79,1113,16,1140,27,hsv,off,0
违章03/违章03_t143.8_3_stand.jpg,违章03,143.79,932,41,974,55,hsv,stand,0
违章03/违章03_t143.8_4_off.jpg,违章03,143.79,1012,61,1024,80,hsv,off,0
违章03/违章03_t143.8_6_off.jpg,违章03,143.79,1204,145,1219,160,hsv,off,0
违章03/违章03_t143.8_7_off.jpg,违章03,143.79,1201,181,1225,191,hsv,off,0
违章03/违章03_t143.8_8_off.jpg,违章03,143.79,259,184,279,223,hsv,off,0
违章03/违章03_t143.8_10_off.jpg,违章03,143.79,1220,213,1280,246,hsv,off,0
违章03/违章03_t143.8_11_off.jpg,违章03,143.79,882,221,892,251,hsv,off,0
违章03/违章03_t143.8_12_off.jpg,违章03,143.79,907,244,918,256,hsv,off,0
违章03/违章03_t143.8_16_off.jpg,违章03,143.79,1254,698,1280,720,hsv,off,0
违章03/违章03_t143.8_17_off.jpg,违章03,143.79,1170,709,1188,720,hsv,off,0
违章03/违章03_t144.0_0_off.jpg,违章03,144.03,1113,16,1140,26,hsv,off,0
违章03/违章03_t144.0_2_off.jpg,违章03,144.03,1014,31,1042,41,hsv,off,0
违章03/违章03_t144.0_3_stand.jpg,违章03,144.03,932,41,973,55,hsv,stand,0
违章03/违章03_t144.0_4_off.jpg,违章03,144.03,1012,60,1024,80,hsv,off,0
违章03/违章03_t144.0_5_off.jpg,违章03,144.03,748,73,776,81,hsv,off,0
违章03/违章03_t144.0_7_off.jpg,违章03,144.03,1202,146,1219,161,hsv,off,0
违章03/违章03_t144.0_8_off.jpg,违章03,144.03,1200,181,1224,191,hsv,off,0
违章03/违章03_t144.0_9_off.jpg,违章03,144.03,259,184,279,223,hsv,off,0
违章03/违章03_t144.0_10_off.jpg,违章03,144.03,414,205,423,224,hsv,off,0
违章03/违章03_t144.0_11_off.jpg,违章03,144.03,1221,213,1280,246,hsv,off,0
违章03/违章03_t144.0_12_off.jpg,违章03,144.03,752,275,761,285,hsv,off,0
违章03/违章03_t144.0_14_off.jpg,违章03,144.03,528,341,539,352,hsv,off,0
违章03/违章03_t144.0_15_off.jpg,违章03,144.03,739,347,763,357,hsv,off,0
违章03/违章03_t144.0_16_off.jpg,违章03,144.03,700,350,719,361,hsv,off,0
违章03/违章03_t144.0_17_off.jpg,违章03,144.03,498,353,515,362,hsv,off,0
违章03/违章03_t144.0_18_off.jpg,违章03,144.03,529,354,543,365,hsv,off,0
违章03/违章03_t144.0_19_off.jpg,违章03,144.03,600,609,611,617,hsv,off,0
违章03/违章03_t144.3_0_off.jpg,违章03,144.26,1114,16,1140,26,hsv,off,0
违章03/违章03_t144.3_1_off.jpg,违章03,144.26,1020,32,1041,40,hsv,off,0
违章03/违章03_t144.3_2_stand.jpg,违章03,144.26,932,42,972,54,hsv,stand,0
违章03/违章03_t144.3_3_off.jpg,违章03,144.26,1203,145,1219,161,hsv,off,0
违章03/违章03_t144.3_4_off.jpg,违章03,144.26,1200,181,1225,190,hsv,off,0
违章03/违章03_t144.3_5_off.jpg,违章03,144.26,260,185,279,223,hsv,off,0
违章03/违章03_t144.3_6_off.jpg,违章03,144.26,414,205,423,224,hsv,off,0
违章03/违章03_t144.3_7_off.jpg,违章03,144.26,1221,213,1280,246,hsv,off,0
违章03/违章03_t144.3_8_off.jpg,违章03,144.26,882,222,892,249,hsv,off,0
违章03/违章03_t144.3_9_off.jpg,违章03,144.26,908,244,917,256,hsv,off,0
违章03/违章03_t144.3_10_off.jpg,违章03,144.26,752,275,761,285,hsv,off,0
违章03/违章03_t144.3_12_off.jpg,违章03,144.26,528,341,545,365,hsv,off,0
违章03/违章03_t144.3_13_off.jpg,违章03,144.26,740,347,763,357,hsv,off,0
违章03/违章03_t144.3_14_off.jpg,违章03,144.26,702,350,719,360,hsv,off,0
违章03/违章03_t144.5_0_off.jpg,违章03,144.5,1114,16,1140,26,hsv,off,0
违章03/违章03_t144.5_1_off.jpg,违章03,144.5,1020,32,1041,40,hsv,off,0
违章03/违章03_t144.5_2_stand.jpg,违章03,144.5,933,41,972,54,hsv,stand,0
违章03/违章03_t144.5_3_off.jpg,违章03,144.5,1012,60,1025,79,hsv,off,0
违章03/违章03_t144.5_4_off.jpg,违章03,144.5,1204,145,1219,160,hsv,off,0
违章03/违章03_t144.5_5_off.jpg,违章03,144.5,1200,181,1225,191,hsv,off,0
违章03/违章03_t144.5_6_off.jpg,违章03,144.5,260,184,279,222,hsv,off,0
违章03/违章03_t144.5_7_off.jpg,违章03,144.5,414,205,423,222,hsv,off,0
违章03/违章03_t144.5_8_off.jpg,违章03,144.5,1221,213,1280,246,hsv,off,0
违章03/违章03_t144.5_9_off.jpg,违章03,144.5,948,218,1047,250,hsv,off,0
违章03/违章03_t144.5_10_off.jpg,违章03,144.5,882,222,893,249,hsv,off,0
违章03/违章03_t144.5_11_off.jpg,违章03,144.5,763,228,787,266,hsv,off,0
违章03/违章03_t144.5_12_off.jpg,违章03,144.5,624,230,717,290,hsv,off,0
违章03/违章03_t144.5_13_off.jpg,违章03,144.5,908,244,918,256,hsv,off,0
违章03/违章03_t144.5_14_off.jpg,违章03,144.5,752,275,761,285,hsv,off,0
违章03/违章03_t144.5_15_off.jpg,违章03,144.5,362,285,389,297,hsv,off,0
违章03/违章03_t144.5_17_off.jpg,违章03,144.5,528,341,546,365,hsv,off,0
违章03/违章03_t144.5_18_off.jpg,违章03,144.5,740,346,763,356,hsv,off,0
违章03/违章03_t144.5_19_off.jpg,违章03,144.5,703,350,720,359,hsv,off,0
违章03/违章03_t144.7_0_off.jpg,违章03,144.73,1115,15,1141,26,hsv,off,0
违章03/违章03_t144.7_1_stand.jpg,违章03,144.73,1019,32,1035,40,hsv,stand,0
违章03/违章03_t144.7_2_off.jpg,违章03,144.73,933,42,965,54,hsv,off,0
违章03/违章03_t144.7_3_off.jpg,违章03,144.73,845,56,876,66,hsv,off,0
违章03/违章03_t144.7_4_off.jpg,违章03,144.73,1014,59,1027,79,hsv,off,0
违章03/违章03_t144.7_7_off.jpg,违章03,144.73,729,75,755,83,hsv,off,0
违章03/违章03_t144.7_8_off.jpg,违章03,144.73,1204,145,1219,160,hsv,off,0
违章03/违章03_t144.7_9_off.jpg,违章03,144.73,259,184,279,222,hsv,off,0
违章03/违章03_t144.7_10_off.jpg,违章03,144.73,415,202,423,221,hsv,off,0
违章03/违章03_t144.7_11_off.jpg,违章03,144.73,883,222,894,248,hsv,off,0
违章03/违章03_t144.7_12_off.jpg,违章03,144.73,763,227,787,265,hsv,off,0
违章03/违章03_t144.7_13_off.jpg,违章03,144.73,625,230,717,290,hsv,off,0
违章03/违章03_t144.7_14_off.jpg,违章03,144.73,908,244,918,255,hsv,off,0
违章03/违章03_t144.7_15_off.jpg,违章03,144.73,753,273,761,284,hsv,off,0
违章03/违章03_t144.7_17_off.jpg,违章03,144.73,651,306,688,317,hsv,off,0
违章03/违章03_t144.7_18_off.jpg,违章03,144.73,528,341,545,365,hsv,off,0
违章03/违章03_t144.7_19_off.jpg,违章03,144.73,740,345,762,356,hsv,off,0
违章03/违章03_t144.7_20_off.jpg,违章03,144.73,704,349,720,358,hsv,off,0
违章03/违章03_t145.0_0_off.jpg,违章03,144.97,1117,15,1141,25,hsv,off,0
违章03/违章03_t145.0_2_off.jpg,违章03,144.97,1019,30,1041,38,hsv,off,0
违章03/违章03_t145.0_3_stand.jpg,违章03,144.97,933,42,963,53,hsv,stand,0
违章03/违章03_t145.0_4_off.jpg,违章03,144.97,1014,56,1027,78,hsv,off,0
违章03/违章03_t145.0_5_off.jpg,违章03,144.97,1205,145,1221,159,hsv,off,0
违章03/违章03_t145.0_6_off.jpg,违章03,144.97,1201,179,1225,190,hsv,off,0
违章03/违章03_t145.0_7_off.jpg,违章03,144.97,260,184,279,222,hsv,off,0
违章03/违章03_t145.0_8_off.jpg,违章03,144.97,415,203,423,219,hsv,off,0
违章03/违章03_t145.0_9_off.jpg,违章03,144.97,1223,212,1280,245,hsv,off,0
违章03/违章03_t145.0_10_off.jpg,违章03,144.97,883,222,894,246,hsv,off,0
违章03/违章03_t145.0_11_off.jpg,违章03,144.97,625,230,718,290,hsv,off,0
违章03/违章03_t145.0_12_off.jpg,违章03,144.97,909,244,918,255,hsv,off,0
违章03/违章03_t145.0_13_off.jpg,违章03,144.97,753,274,761,283,hsv,off,0
违章03/违章03_t145.0_14_off.jpg,违章03,144.97,650,305,688,316,hsv,off,0
违章03/违章03_t145.0_15_off.jpg,违章03,144.97,528,340,544,364,hsv,off,0
违章03/违章03_t145.0_16_off.jpg,违章03,144.97,740,346,762,354,hsv,off,0
违章03/违章03_t145.0_17_off.jpg,违章03,144.97,704,349,720,358,hsv,off,0
违章03/违章03_t145.0_18_off.jpg,违章03,144.97,498,351,515,360,hsv,off,0
违章03/违章03_t145.2_0_off.jpg,违章03,145.21,1117,15,1141,25,hsv,off,0
违章03/违章03_t145.2_2_stand.jpg,违章03,145.21,934,42,963,52,hsv,stand,0
违章03/违章03_t145.2_3_off.jpg,违章03,145.21,1014,56,1026,78,hsv,off,0
违章03/违章03_t145.2_4_off.jpg,违章03,145.21,1205,145,1221,159,hsv,off,0
违章03/违章03_t145.2_5_off.jpg,违章03,145.21,1202,180,1226,189,hsv,off,0
违章03/违章03_t145.2_6_off.jpg,违章03,145.21,261,183,280,221,hsv,off,0
违章03/违章03_t145.2_7_off.jpg,违章03,145.21,416,204,424,215,hsv,off,0
违章03/违章03_t145.2_8_off.jpg,违章03,145.21,1223,212,1280,244,hsv,off,0
违章03/违章03_t145.2_9_off.jpg,违章03,145.21,884,221,894,247,hsv,off,0
违章03/违章03_t145.2_10_off.jpg,违章03,145.21,764,226,790,264,hsv,off,0
违章03/违章03_t145.2_11_off.jpg,违章03,145.21,626,229,719,289,hsv,off,0
违章03/违章03_t145.2_12_off.jpg,违章03,145.21,909,243,918,255,hsv,off,0
违章03/违章03_t145.2_13_off.jpg,违章03,145.21,753,274,762,283,hsv,off,0
违章03/违章03_t145.2_14_off.jpg,违章03,145.21,528,340,546,364,hsv,off,0
违章03/违章03_t145.2_15_off.jpg,违章03,145.21,741,345,764,354,hsv,off,0
违章03/违章03_t145.2_16_off.jpg,违章03,145.21,705,349,717,360,hsv,off,0
违章03/违章03_t145.4_0_off.jpg,违章03,145.44,1117,12,1142,22,hsv,off,0
违章03/违章03_t145.4_1_stand.jpg,违章03,145.44,1014,28,1039,36,hsv,stand,0
违章03/违章03_t145.4_2_off.jpg,违章03,145.44,935,40,962,50,hsv,off,0
违章03/违章03_t145.4_3_off.jpg,违章03,145.44,1014,56,1028,76,hsv,off,0
违章03/违章03_t145.4_5_off.jpg,违章03,145.44,1205,142,1223,157,hsv,off,0
违章03/违章03_t145.4_6_off.jpg,违章03,145.44,1201,176,1227,187,hsv,off,0
违章03/违章03_t145.4_7_off.jpg,违章03,145.44,261,183,280,220,hsv,off,0
违章03/违章03_t145.4_8_off.jpg,违章03,145.44,415,203,424,215,hsv,off,0
违章03/违章03_t145.4_9_off.jpg,违章03,145.44,1223,210,1280,242,hsv,off,0
违章03/违章03_t145.4_10_off.jpg,违章03,145.44,884,220,894,244,hsv,off,0
违章03/违章03_t145.4_11_off.jpg,违章03,145.44,765,225,789,263,hsv,off,0
违章03/违章03_t145.4_12_off.jpg,违章03,145.44,626,229,718,288,hsv,off,0
违章03/违章03_t145.4_13_off.jpg,违章03,145.44,909,242,919,253,hsv,off,0
违章03/违章03_t145.4_15_off.jpg,违章03,145.44,528,338,545,362,hsv,off,0
违章03/违章03_t145.4_16_off.jpg,违章03,145.44,742,343,758,351,hsv,off,0
违章03/违章03_t145.4_17_off.jpg,违章03,145.44,704,347,718,356,hsv,off,0
违章03/违章03_t145.4_18_off.jpg,违章03,145.44,498,349,515,359,hsv,off,0
违章03/违章03_t145.7_0_off.jpg,违章03,145.68,1115,11,1142,22,hsv,off,0
违章03/违章03_t145.7_2_off.jpg,违章03,145.68,934,39,961,50,hsv,off,0
违章03/违章03_t145.7_3_off.jpg,违章03,145.68,1014,56,1027,76,hsv,off,0
违章03/违章03_t145.7_4_off.jpg,违章03,145.68,1204,142,1221,156,hsv,off,0
违章03/违章03_t145.7_5_off.jpg,违章03,145.68,1202,176,1227,187,hsv,off,0
违章03/违章03_t145.7_6_off.jpg,违章03,145.68,261,181,281,219,hsv,off,0
违章03/违章03_t145.7_8_off.jpg,违章03,145.68,1223,210,1280,242,hsv,off,0
违章03/违章03_t145.7_9_off.jpg,违章03,145.68,884,219,894,246,hsv,off,0
违章03/违章03_t145.7_10_off.jpg,违章03,145.68,626,228,718,287,hsv,off,0
违章03/违章03_t145.7_11_off.jpg,违章03,145.68,909,242,919,253,hsv,off,0
违章03/违章03_t145.7_12_off.jpg,违章03,145.68,806,258,814,270,hsv,off,0
违章03/违章03_t145.7_13_off.jpg,违章03,145.68,754,272,763,281,hsv,off,0
违章03/违章03_t145.7_14_off.jpg,违章03,145.68,529,338,544,362,hsv,off,0
违章03/违章03_t145.7_15_off.jpg,违章03,145.68,741,344,764,352,hsv,off,0
违章03/违章03_t145.7_16_off.jpg,违章03,145.68,499,349,516,359,hsv,off,0
违章03/违章03_t145.7_18_off.jpg,违章03,145.68,533,410,557,418,hsv,off,0
违章03/违章03_t145.9_0_off.jpg,违章03,145.91,1115,11,1142,22,hsv,off,0
违章03/违章03_t145.9_1_stand.jpg,违章03,145.91,1013,55,1026,75,hsv,stand,0
违章03/违章03_t145.9_3_off.jpg,违章03,145.91,1204,141,1220,155,hsv,off,0
违章03/违章03_t145.9_4_off.jpg,违章03,145.91,1202,176,1227,186,hsv,off,0
违章03/违章03_t145.9_5_off.jpg,违章03,145.91,260,181,280,219,hsv,off,0
违章03/违章03_t145.9_6_off.jpg,违章03,145.91,1222,209,1280,242,hsv,off,0
违章03/违章03_t145.9_7_off.jpg,违章03,145.91,883,219,894,246,hsv,off,0
违章03/违章03_t145.9_8_off.jpg,违章03,145.91,626,228,718,287,hsv,off,0
违章03/违章03_t145.9_9_off.jpg,违章03,145.91,909,241,918,253,hsv,off,0
违章03/违章03_t145.9_10_off.jpg,违章03,145.91,753,272,762,281,hsv,off,0
违章03/违章03_t145.9_11_off.jpg,违章03,145.91,528,338,544,362,hsv,off,0
违章03/违章03_t145.9_12_off.jpg,违章03,145.91,740,344,763,353,hsv,off,0
违章03/违章03_t145.9_13_off.jpg,违章03,145.91,703,347,718,357,hsv,off,0
违章03/违章03_t145.9_14_off.jpg,违章03,145.91,499,349,517,358,hsv,off,0
违章03/违章03_t146.2_0_off.jpg,违章03,146.15,1114,10,1141,21,hsv,off,0
违章03/违章03_t146.2_1_stand.jpg,违章03,146.15,1013,54,1025,75,hsv,stand,0
违章03/违章03_t146.2_2_off.jpg,违章03,146.15,1205,141,1219,155,hsv,off,0
违章03/违章03_t146.2_3_off.jpg,违章03,146.15,1202,176,1226,186,hsv,off,0
违章03/违章03_t146.2_4_off.jpg,违章03,146.15,258,180,279,219,hsv,off,0
违章03/违章03_t146.2_5_off.jpg,违章03,146.15,413,199,424,216,hsv,off,0
违章03/违章03_t146.2_6_off.jpg,违章03,146.15,1222,208,1280,241,hsv,off,0
违章03/违章03_t146.2_7_off.jpg,违章03,146.15,883,219,893,245,hsv,off,0
违章03/违章03_t146.2_8_off.jpg,违章03,146.15,626,226,719,286,hsv,off,0
违章03/违章03_t146.2_9_off.jpg,违章03,146.15,908,241,918,252,hsv,off,0
违章03/违章03_t146.2_10_off.jpg,违章03,146.15,753,271,762,280,hsv,off,0
违章03/违章03_t146.2_11_off.jpg,违章03,146.15,528,337,543,361,hsv,off,0
违章03/违章03_t146.2_12_off.jpg,违章03,146.15,738,343,763,352,hsv,off,0
违章03/违章03_t146.2_13_off.jpg,违章03,146.15,703,347,718,356,hsv,off,0
违章03/违章03_t146.2_14_off.jpg,违章03,146.15,499,349,516,358,hsv,off,0
违章03/违章03_t146.4_0_off.jpg,违章03,146.38,1112,9,1141,20,hsv,off,0
违章03/违章03_t146.4_1_stand.jpg,违章03,146.38,1012,53,1024,74,hsv,stand,0
违章03/违章03_t146.4_5_off.jpg,违章03,146.38,1203,140,1219,154,hsv,off,0
违章03/违章03_t146.4_6_off.jpg,违章03,146.38,1200,174,1225,185,hsv,off,0
违章03/违章03_t146.4_7_off.jpg,违章03,146.38,257,180,278,218,hsv,off,0
违章03/违章03_t146.4_8_off.jpg,违章03,146.38,412,198,423,216,hsv,off,0
违章03/违章03_t146.4_9_off.jpg,违章03,146.38,1220,205,1280,240,hsv,off,0
违章03/违章03_t146.4_10_off.jpg,违章03,146.38,882,218,893,245,hsv,off,0
违章03/违章03_t146.4_11_off.jpg,违章03,146.38,624,225,717,286,hsv,off,0
违章03/违章03_t146.4_12_off.jpg,违章03,146.38,907,240,916,251,hsv,off,0
违章03/违章03_t146.4_13_off.jpg,违章03,146.38,752,270,761,279,hsv,off,0
违章03/违章03_t146.4_14_off.jpg,违章03,146.38,736,342,762,351,hsv,off,0
违章03/违章03_t146.6_0_off.jpg,违章03,146.62,1110,8,1140,19,hsv,off,0
违章03/违章03_t146.6_1_stand.jpg,违章03,146.62,1012,51,1024,71,hsv,stand,0
违章03/违章03_t146.6_2_off.jpg,违章03,146.62,1202,138,1217,151,hsv,off,0
违章03/违章03_t146.6_3_off.jpg,违章03,146.62,1200,173,1223,182,hsv,off,0
违章03/违章03_t146.6_4_off.jpg,违章03,146.62,257,177,277,216,hsv,off,0
违章03/违章03_t146.6_5_off.jpg,违章03,146.62,413,194,422,217,hsv,off,0
违章03/违章03_t146.6_6_off.jpg,违章03,146.62,1219,205,1280,238,hsv,off,0
违章03/违章03_t146.6_7_off.jpg,违章03,146.62,881,213,891,241,hsv,off,0
违章03/违章03_t146.6_8_off.jpg,违章03,146.62,906,237,915,249,hsv,off,0
违章03/违章03_t146.6_9_off.jpg,违章03,146.62,751,267,760,277,hsv,off,0
违章03/违章03_t146.6_10_off.jpg,违章03,146.62,386,278,395,287,hsv,off,0
违章03/违章03_t146.6_11_off.jpg,违章03,146.62,389,293,401,302,hsv,off,0
违章03/违章03_t146.6_13_off.jpg,违章03,146.62,528,336,537,345,hsv,off,0
违章03/违章03_t146.6_14_off.jpg,违章03,146.62,736,340,758,350,hsv,off,0
违章03/违章03_t146.6_15_off.jpg,违章03,146.62,700,343,717,356,hsv,off,0
违章03/违章03_t146.9_0_off.jpg,违章03,146.86,1109,7,1139,18,hsv,off,0
违章03/违章03_t146.9_1_stand.jpg,违章03,146.86,1010,49,1023,70,hsv,stand,0
违章03/违章03_t146.9_2_off.jpg,违章03,146.86,1199,136,1216,151,hsv,off,0
违章03/违章03_t146.9_3_off.jpg,违章03,146.86,1199,172,1223,181,hsv,off,0
违章03/违章03_t146.9_4_off.jpg,违章03,146.86,254,176,275,215,hsv,off,0
违章03/违章03_t146.9_5_off.jpg,违章03,146.86,412,196,421,217,hsv,off,0
违章03/违章03_t146.9_6_off.jpg,违章03,146.86,1218,204,1280,237,hsv,off,0
违章03/违章03_t146.9_7_off.jpg,违章03,146.86,880,212,890,241,hsv,off,0
违章03/违章03_t146.9_8_off.jpg,违章03,146.86,905,236,914,248,hsv,off,0
违章03/违章03_t146.9_9_off.jpg,违章03,146.86,802,253,810,265,hsv,off,0
违章03/违章03_t146.9_10_off.jpg,违章03,146.86,750,267,758,276,hsv,off,0
违章03/违章03_t146.9_11_off.jpg,违章03,146.86,378,277,402,312,hsv,off,0
违章03/违章03_t146.9_13_off.jpg,违章03,146.86,735,338,758,348,hsv,off,0
违章03/违章03_t146.9_14_off.jpg,违章03,146.86,697,342,713,354,hsv,off,0
违章03/违章03_t146.9_15_off.jpg,违章03,146.86,527,347,539,357,hsv,off,0
违章03/违章03_t147.1_0_off.jpg,违章03,147.09,1110,4,1137,15,hsv,off,0
违章03/违章03_t147.1_1_stand.jpg,违章03,147.09,1010,47,1022,68,hsv,stand,0
违章03/违章03_t147.1_2_off.jpg,违章03,147.09,1200,134,1215,147,hsv,off,0
违章03/违章03_t147.1_3_off.jpg,违章03,147.09,1198,168,1221,178,hsv,off,0
违章03/违章03_t147.1_4_off.jpg,违章03,147.09,254,175,275,213,hsv,off,0
违章03/违章03_t147.1_5_off.jpg,违章03,147.09,411,190,420,215,hsv,off,0
违章03/违章03_t147.1_6_off.jpg,违章03,147.09,1218,201,1280,233,hsv,off,0
违章03/违章03_t147.1_7_off.jpg,违章03,147.09,878,209,890,239,hsv,off,0
违章03/违章03_t147.1_8_off.jpg,违章03,147.09,904,234,914,245,hsv,off,0
违章03/违章03_t147.1_9_off.jpg,违章03,147.09,801,250,810,262,hsv,off,0
违章03/违章03_t147.1_10_off.jpg,违章03,147.09,750,265,758,273,hsv,off,0
违章03/违章03_t147.1_11_off.jpg,违章03,147.09,733,336,758,346,hsv,off,0
违章03/违章03_t147.1_12_off.jpg,违章03,147.09,698,340,712,350,hsv,off,0
违章03/违章03_t147.1_13_off.jpg,违章03,147.09,495,342,512,352,hsv,off,0
违章03/违章03_t147.1_14_off.jpg,违章03,147.09,506,412,535,421,hsv,off,0
违章03/违章03_t147.3_0_off.jpg,违章03,147.33,1109,0,1138,12,hsv,off,0
违章03/违章03_t147.3_1_stand.jpg,违章03,147.33,1009,45,1022,65,hsv,stand,0
违章03/违章03_t147.3_2_off.jpg,违章03,147.33,1200,132,1215,145,hsv,off,0
违章03/违章03_t147.3_3_off.jpg,违章03,147.33,1198,167,1221,176,hsv,off,0
违章03/违章03_t147.3_4_off.jpg,违章03,147.33,253,172,274,210,hsv,off,0
违章03/违章03_t147.3_5_off.jpg,违章03,147.33,410,191,420,209,hsv,off,0
违章03/违章03_t147.3_6_off.jpg,违章03,147.33,1218,197,1280,231,hsv,off,0
违章03/违章03_t147.3_7_off.jpg,违章03,147.33,878,209,889,236,hsv,off,0
违章03/违章03_t147.3_8_off.jpg,违章03,147.33,904,232,913,242,hsv,off,0
违章03/违章03_t147.3_9_off.jpg,违章03,147.33,800,248,808,259,hsv,off,0
违章03/违章03_t147.3_10_off.jpg,违章03,147.33,749,262,757,270,hsv,off,0
违章03/违章03_t147.3_11_off.jpg,违章03,147.33,367,272,401,307,hsv,off,0
违章03/违章03_t147.3_12_off.jpg,违章03,147.33,735,333,756,342,hsv,off,0
违章03/违章03_t147.3_13_off.jpg,违章03,147.33,699,336,715,346,hsv,off,0
违章03/违章03_t147.3_14_off.jpg,违章03,147.33,494,340,512,348,hsv,off,0
违章03/违章03_t147.3_15_off.jpg,违章03,147.33,506,410,534,418,hsv,off,0
违章03/违章03_t147.6_0_off.jpg,违章03,147.56,1109,0,1136,9,hsv,off,0
违章03/违章03_t147.6_1_stand.jpg,违章03,147.56,1008,42,1020,63,hsv,stand,0
违章03/违章03_t147.6_2_off.jpg,违章03,147.56,1199,129,1215,143,hsv,off,0
违章03/违章03_t147.6_3_off.jpg,违章03,147.56,1196,165,1220,174,hsv,off,0
违章03/违章03_t147.6_4_off.jpg,违章03,147.56,252,169,272,208,hsv,off,0
违章03/违章03_t147.6_5_off.jpg,违章03,147.56,408,184,419,207,hsv,off,0
违章03/违章03_t147.6_6_off.jpg,违章03,147.56,1217,196,1280,229,hsv,off,0
违章03/违章03_t147.6_7_off.jpg,违章03,147.56,877,205,888,234,hsv,off,0
违章03/违章03_t147.6_8_off.jpg,违章03,147.56,903,230,912,240,hsv,off,0
违章03/违章03_t147.6_9_off.jpg,违章03,147.56,799,246,807,257,hsv,off,0
违章03/违章03_t147.6_10_off.jpg,违章03,147.56,747,260,755,268,hsv,off,0
违章03/违章03_t147.6_11_off.jpg,违章03,147.56,522,328,530,337,hsv,off,0
违章03/违章03_t147.6_12_off.jpg,违章03,147.56,733,331,757,340,hsv,off,0
违章03/违章03_t147.6_13_off.jpg,违章03,147.56,697,335,712,347,hsv,off,0
违章03/违章03_t147.6_14_off.jpg,违章03,147.56,524,340,534,350,hsv,off,0
违章03/违章03_t147.8_0_off.jpg,违章03,147.8,1108,0,1136,8,hsv,off,0
违章03/违章03_t147.8_1_off.jpg,违章03,147.8,928,24,966,36,hsv,off,0
违章03/违章03_t147.8_2_stand.jpg,违章03,147.8,1009,41,1020,62,hsv,stand,0
违章03/违章03_t147.8_3_off.jpg,违章03,147.8,1199,128,1214,143,hsv,off,0
违章03/违章03_t147.8_4_off.jpg,违章03,147.8,1197,164,1220,173,hsv,off,0
违章03/违章03_t147.8_5_off.jpg,违章03,147.8,253,168,272,205,hsv,off,0
违章03/违章03_t147.8_6_off.jpg,违章03,147.8,408,187,418,205,hsv,off,0
违章03/违章03_t147.8_7_off.jpg,违章03,147.8,1216,194,1280,228,hsv,off,0
违章03/违章03_t147.8_8_off.jpg,违章03,147.8,878,206,888,233,hsv,off,0
违章03/违章03_t147.8_9_off.jpg,违章03,147.8,903,229,912,239,hsv,off,0
违章03/违章03_t147.8_10_off.jpg,违章03,147.8,799,245,807,255,hsv,off,0
违章03/违章03_t147.8_12_off.jpg,违章03,147.8,364,268,398,304,hsv,off,0
违章03/违章03_t147.8_13_off.jpg,违章03,147.8,524,327,532,335,hsv,off,0
违章03/违章03_t147.8_14_off.jpg,违章03,147.8,733,330,757,339,hsv,off,0
违章03/违章03_t147.8_15_off.jpg,违章03,147.8,697,333,713,345,hsv,off,0
违章03/违章03_t147.8_16_off.jpg,违章03,147.8,525,338,534,348,hsv,off,0
违章03/违章03_t148.0_0_off.jpg,违章03,148.03,927,22,961,34,hsv,off,0
违章03/违章03_t148.0_1_stand.jpg,违章03,148.03,1008,38,1020,59,hsv,stand,0
违章03/违章03_t148.0_2_off.jpg,违章03,148.03,1197,125,1214,140,hsv,off,0
违章03/违章03_t148.0_3_off.jpg,违章03,148.03,1196,161,1219,171,hsv,off,0
违章03/违章03_t148.0_4_off.jpg,违章03,148.03,250,165,271,203,hsv,off,0
违章03/违章03_t148.0_5_off.jpg,违章03,148.03,407,184,417,202,hsv,off,0
违章03/违章03_t148.0_6_off.jpg,违章03,148.03,1216,193,1280,225,hsv,off,0
违章03/违章03_t148.0_7_off.jpg,违章03,148.03,877,204,888,230,hsv,off,0
违章03/违章03_t148.0_8_off.jpg,违章03,148.03,903,226,912,236,hsv,off,0
违章03/违章03_t148.0_9_off.jpg,违章03,148.03,799,242,807,253,hsv,off,0
违章03/违章03_t148.0_10_off.jpg,违章03,148.03,747,256,755,264,hsv,off,0
违章03/违章03_t148.0_11_off.jpg,违章03,148.03,362,266,398,301,hsv,off,0
违章03/违章03_t148.0_12_off.jpg,违章03,148.03,524,324,532,333,hsv,off,0
违章03/违章03_t148.0_13_off.jpg,违章03,148.03,733,328,756,336,hsv,off,0
违章03/违章03_t148.0_14_off.jpg,违章03,148.03,696,331,712,341,hsv,off,0
违章03/违章03_t148.0_15_off.jpg,违章03,148.03,525,335,535,346,hsv,off,0
违章03/违章03_t148.0_16_off.jpg,违章03,148.03,373,413,381,422,hsv,off,0
违章03/违章03_t148.3_0_stand.jpg,违章03,148.27,1007,36,1019,57,hsv,stand,0
违章03/违章03_t148.3_1_off.jpg,违章03,148.27,1196,125,1211,138,hsv,off,0
违章03/违章03_t148.3_2_off.jpg,违章03,148.27,1193,159,1217,169,hsv,off,0
违章03/违章03_t148.3_3_off.jpg,违章03,148.27,249,163,269,201,hsv,off,0
违章03/违章03_t148.3_4_off.jpg,违章03,148.27,406,179,415,203,hsv,off,0
违章03/违章03_t148.3_5_off.jpg,违章03,148.27,1215,190,1280,223,hsv,off,0
违章03/违章03_t148.3_6_off.jpg,违章03,148.27,875,201,886,228,hsv,off,0
违章03/违章03_t148.3_7_off.jpg,违章03,148.27,900,225,909,234,hsv,off,0
违章03/违章03_t148.3_9_off.jpg,违章03,148.27,358,263,393,298,hsv,off,0
违章03/违章03_t148.3_10_off.jpg,违章03,148.27,521,322,530,330,hsv,off,0
违章03/违章03_t148.3_11_off.jpg,违章03,148.27,730,325,752,334,hsv,off,0
违章03/违章03_t148.3_12_off.jpg,违章03,148.27,693,330,710,340,hsv,off,0
违章03/违章03_t148.3_13_off.jpg,违章03,148.27,522,333,534,344,hsv,off,0
违章03/违章03_t148.5_1_off.jpg,违章03,148.51,1011,2,1059,16,hsv,off,0
违章03/违章03_t148.5_2_stand.jpg,违章03,148.51,1006,34,1018,55,hsv,stand,0
违章03/违章03_t148.5_3_off.jpg,违章03,148.51,1196,122,1211,137,hsv,off,0
违章03/违章03_t148.5_4_off.jpg,违章03,148.51,248,161,268,200,hsv,off,0
违章03/违章03_t148.5_5_off.jpg,违章03,148.51,406,179,415,200,hsv,off,0
违章03/违章03_t148.5_6_off.jpg,违章03,148.51,1214,190,1280,222,hsv,off,0
违章03/违章03_t148.5_7_off.jpg,违章03,148.51,874,197,885,226,hsv,off,0
违章03/违章03_t148.5_8_off.jpg,违章03,148.51,900,221,909,233,hsv,off,0
违章03/违章03_t148.5_9_off.jpg,违章03,148.51,796,238,805,249,hsv,off,0
违章03/违章03_t148.5_10_off.jpg,违章03,148.51,744,252,752,260,hsv,off,0
违章03/违章03_t148.5_12_off.jpg,违章03,148.51,521,319,530,329,hsv,off,0
违章03/违章03_t148.5_13_off.jpg,违章03,148.51,731,324,753,332,hsv,off,0
违章03/违章03_t148.5_14_off.jpg,违章03,148.51,693,326,711,337,hsv,off,0
违章03/违章03_t148.5_15_off.jpg,违章03,148.51,521,331,533,342,hsv,off,0
违章03/违章03_t148.7_0_stand.jpg,违章03,148.74,1005,33,1018,55,hsv,stand,0
违章03/违章03_t148.7_1_off.jpg,违章03,148.74,1194,122,1210,135,hsv,off,0
违章03/违章03_t148.7_2_off.jpg,违章03,148.74,1192,157,1216,167,hsv,off,0
违章03/违章03_t148.7_3_off.jpg,违章03,148.74,248,159,268,199,hsv,off,0
违章03/违章03_t148.7_4_off.jpg,违章03,148.74,405,180,414,199,hsv,off,0
违章03/违章03_t148.7_5_off.jpg,违章03,148.74,1213,189,1280,221,hsv,off,0
违章03/违章03_t148.7_6_off.jpg,违章03,148.74,874,197,884,226,hsv,off,0
违章03/违章03_t148.7_7_off.jpg,违章03,148.74,615,207,709,267,hsv,off,0
违章03/违章03_t148.7_8_off.jpg,违章03,148.74,899,221,909,232,hsv,off,0
违章03/违章03_t148.7_9_off.jpg,违章03,148.74,796,238,804,248,hsv,off,0
违章03/违章03_t148.7_11_off.jpg,违章03,148.74,521,318,530,328,hsv,off,0
违章03/违章03_t148.7_12_off.jpg,违章03,148.74,730,322,754,332,hsv,off,0
违章03/违章03_t148.7_13_off.jpg,违章03,148.74,694,326,710,336,hsv,off,0
违章03/违章03_t148.7_14_off.jpg,违章03,148.74,490,329,507,339,hsv,off,0
违章03/违章03_t148.7_15_off.jpg,违章03,148.74,521,331,533,341,hsv,off,0
违章03/违章03_t149.0_0_stand.jpg,违章03,148.98,1004,32,1017,53,hsv,stand,0
违章03/违章03_t149.0_1_off.jpg,违章03,148.98,1192,121,1209,134,hsv,off,0
违章03/违章03_t149.0_2_off.jpg,违章03,148.98,1191,155,1215,165,hsv,off,0
违章03/违章03_t149.0_3_off.jpg,违章03,148.98,246,158,266,197,hsv,off,0
违章03/违章03_t149.0_4_off.jpg,违章03,148.98,405,177,414,198,hsv,off,0
违章03/违章03_t149.0_5_off.jpg,违章03,148.98,1211,186,1280,219,hsv,off,0
违章03/违章03_t149.0_6_off.jpg,违章03,148.98,873,195,883,224,hsv,off,0
违章03/违章03_t149.0_7_off.jpg,违章03,148.98,614,205,708,266,hsv,off,0
违章03/违章03_t149.0_8_off.jpg,违章03,148.98,898,219,907,230,hsv,off,0
违章03/违章03_t149.0_9_off.jpg,违章03,148.98,795,236,803,246,hsv,off,0
违章03/违章03_t149.0_10_off.jpg,违章03,148.98,743,250,751,258,hsv,off,0
违章03/违章03_t149.0_11_off.jpg,违章03,148.98,520,317,529,326,hsv,off,0
违章03/违章03_t149.0_12_off.jpg,违章03,148.98,729,321,752,330,hsv,off,0
违章03/违章03_t149.0_13_off.jpg,违章03,148.98,692,325,709,335,hsv,off,0
违章03/违章03_t149.0_14_off.jpg,违章03,148.98,520,329,531,340,hsv,off,0
违章03/违章03_t149.2_0_off.jpg,违章03,149.21,923,10,979,26,hsv,off,0
违章03/违章03_t149.2_1_stand.jpg,违章03,149.21,1004,30,1016,51,hsv,stand,0
违章03/违章03_t149.2_2_off.jpg,违章03,149.21,1193,118,1208,132,hsv,off,0
违章03/违章03_t149.2_3_off.jpg,违章03,149.21,1190,153,1214,163,hsv,off,0
违章03/违章03_t149.2_4_off.jpg,违章03,149.21,245,157,266,195,hsv,off,0
违章03/违章03_t149.2_5_off.jpg,违章03,149.21,405,176,413,194,hsv,off,0
违章03/违章03_t149.2_6_off.jpg,违章03,149.21,1211,185,1280,218,hsv,off,0
违章03/违章03_t149.2_7_off.jpg,违章03,149.21,872,193,883,223,hsv,off,0
违章03/违章03_t149.2_8_off.jpg,违章03,149.21,614,203,707,264,hsv,off,0
违章03/违章03_t149.2_9_off.jpg,违章03,149.21,898,217,907,228,hsv,off,0
违章03/违章03_t149.2_10_off.jpg,违章03,149.21,794,234,803,245,hsv,off,0
违章03/违章03_t149.2_12_off.jpg,违章03,149.21,520,316,529,324,hsv,off,0
违章03/违章03_t149.2_13_off.jpg,违章03,149.21,729,320,752,329,hsv,off,0
违章03/违章03_t149.2_14_off.jpg,违章03,149.21,693,323,708,332,hsv,off,0
违章03/违章03_t149.2_15_off.jpg,违章03,149.21,520,328,531,338,hsv,off,0
违章03/违章03_t149.4_1_stand.jpg,违章03,149.45,1002,29,1014,50,hsv,stand,0
违章03/违章03_t149.4_2_off.jpg,违章03,149.45,1192,117,1207,131,hsv,off,0
违章03/违章03_t149.4_3_off.jpg,违章03,149.45,1189,153,1212,162,hsv,off,0
违章03/违章03_t149.4_4_off.jpg,违章03,149.45,402,172,412,193,hsv,off,0
违章03/违章03_t149.4_5_off.jpg,违章03,149.45,1209,184,1280,217,hsv,off,0
违章03/违章03_t149.4_6_off.jpg,违章03,149.45,871,194,882,221,hsv,off,0
违章03/违章03_t149.4_7_off.jpg,违章03,149.45,896,216,906,228,hsv,off,0
违章03/违章03_t149.4_8_off.jpg,违章03,149.45,793,234,801,244,hsv,off,0
违章03/违章03_t149.4_10_off.jpg,违章03,149.45,519,314,528,324,hsv,off,0
违章03/违章03_t149.4_11_off.jpg,违章03,149.45,728,319,750,328,hsv,off,0
违章03/违章03_t149.4_12_off.jpg,违章03,149.45,689,323,706,334,hsv,off,0
违章03/违章03_t149.4_13_off.jpg,违章03,149.45,519,327,530,337,hsv,off,0
违章03/违章03_t149.7_0_stand.jpg,违章03,149.68,1000,28,1014,48,hsv,stand,0
违章03/违章03_t149.7_1_off.jpg,违章03,149.68,1190,115,1206,130,hsv,off,0
违章03/违章03_t149.7_2_off.jpg,违章03,149.68,1188,151,1211,160,hsv,off,0
违章03/违章03_t149.7_3_off.jpg,违章03,149.68,242,155,263,194,hsv,off,0
违章03/违章03_t149.7_4_off.jpg,违章03,149.68,401,171,410,196,hsv,off,0
违章03/违章03_t149.7_5_off.jpg,违章03,149.68,1209,181,1280,215,hsv,off,0
违章03/违章03_t149.7_6_off.jpg,违章03,149.68,870,192,881,220,hsv,off,0
违章03/违章03_t149.7_7_off.jpg,违章03,149.68,611,201,705,262,hsv,off,0
违章03/违章03_t149.7_8_off.jpg,违章03,149.68,895,215,905,226,hsv,off,0
违章03/违章03_t149.7_9_off.jpg,违章03,149.68,792,232,800,242,hsv,off,0
违章03/违章03_t149.7_11_off.jpg,违章03,149.68,357,256,390,291,hsv,off,0
违章03/违章03_t149.7_12_off.jpg,违章03,149.68,517,314,527,324,hsv,off,0
违章03/违章03_t149.7_13_off.jpg,违章03,149.68,726,317,749,326,hsv,off,0
违章03/违章03_t149.7_14_off.jpg,违章03,149.68,688,321,704,333,hsv,off,0
违章03/违章03_t149.7_15_off.jpg,违章03,149.68,518,326,528,336,hsv,off,0
违章03/违章03_t149.7_16_off.jpg,违章03,149.68,357,406,369,414,hsv,off,0
违章03/违章03_t149.9_0_off.jpg,违章03,149.92,958,7,972,15,hsv,off,0
违章03/违章03_t149.9_1_off.jpg,违章03,149.92,920,9,956,21,hsv,off,0
违章03/违章03_t149.9_2_stand.jpg,违章03,149.92,999,26,1013,48,hsv,stand,0
违章03/违章03_t149.9_3_off.jpg,违章03,149.92,1188,114,1204,128,hsv,off,0
违章03/违章03_t149.9_4_off.jpg,违章03,149.92,1186,149,1211,159,hsv,off,0
违章03/违章03_t149.9_5_off.jpg,违章03,149.92,241,154,262,193,hsv,off,0
违章03/违章03_t149.9_6_off.jpg,违章03,149.92,1207,181,1280,213,hsv,off,0
违章03/违章03_t149.9_7_off.jpg,违章03,149.92,869,192,880,219,hsv,off,0
违章03/违章03_t149.9_8_off.jpg,违章03,149.92,611,200,704,262,hsv,off,0
违章03/违章03_t149.9_9_off.jpg,违章03,149.92,894,214,904,225,hsv,off,0
违章03/违章03_t149.9_10_off.jpg,违章03,149.92,791,231,799,241,hsv,off,0
违章03/违章03_t149.9_12_off.jpg,违章03,149.92,357,254,388,290,hsv,off,0
违章03/违章03_t149.9_13_off.jpg,违章03,149.92,515,313,525,322,hsv,off,0
违章03/违章03_t149.9_14_off.jpg,违章03,149.92,725,316,749,326,hsv,off,0
违章03/违章03_t149.9_15_off.jpg,违章03,149.92,688,320,703,331,hsv,off,0
违章03/违章03_t149.9_16_off.jpg,违章03,149.92,516,325,527,335,hsv,off,0
违章03/违章03_t149.9_17_off.jpg,违章03,149.92,496,393,525,402,hsv,off,0
违章03/违章03_t150.2_0_off.jpg,违章03,150.16,919,9,954,21,hsv,off,0
违章03/违章03_t150.2_1_stand.jpg,违章03,150.16,998,24,1013,47,hsv,stand,0
违章03/违章03_t150.2_2_off.jpg,违章03,150.16,1188,113,1203,127,hsv,off,0
违章03/违章03_t150.2_3_off.jpg,违章03,150.16,1186,149,1210,159,hsv,off,0
违章03/违章03_t150.2_4_off.jpg,违章03,150.16,240,154,261,193,hsv,off,0
违章03/违章03_t150.2_5_off.jpg,违章03,150.16,1207,180,1280,213,hsv,off,0
违章03/违章03_t150.2_6_off.jpg,违章03,150.16,868,189,879,218,hsv,off,0
违章03/违章03_t150.2_7_off.jpg,违章03,150.16,610,199,703,260,hsv,off,0
违章03/违章03_t150.2_8_off.jpg,违章03,150.16,894,214,904,224,hsv,off,0
违章03/违章03_t150.2_9_off.jpg,违章03,150.16,790,230,799,240,hsv,off,0
违章03/违章03_t150.2_11_off.jpg,违章03,150.16,356,255,387,290,hsv,off,0
违章03/违章03_t150.2_12_off.jpg,违章03,150.16,514,312,524,321,hsv,off,0
违章03/违章03_t150.2_13_off.jpg,违章03,150.16,724,316,747,325,hsv,off,0
违章03/违章03_t150.2_14_off.jpg,违章03,150.16,687,320,704,330,hsv,off,0
违章03/违章03_t150.2_15_off.jpg,违章03,150.16,516,324,526,334,hsv,off,0
违章03/违章03_t150.2_16_off.jpg,违章03,150.16,497,393,525,401,hsv,off,0
违章03/违章03_t150.4_0_stand.jpg,违章03,150.39,1000,25,1012,46,hsv,stand,0
违章03/违章03_t150.4_2_off.jpg,违章03,150.39,1186,113,1203,126,hsv,off,0
违章03/违章03_t150.4_3_off.jpg,违章03,150.39,1185,148,1209,157,hsv,off,0
违章03/违章03_t150.4_4_off.jpg,违章03,150.39,398,172,409,192,hsv,off,0
违章03/违章03_t150.4_5_off.jpg,违章03,150.39,868,190,879,217,hsv,off,0
违章03/违章03_t150.4_6_off.jpg,违章03,150.39,894,212,904,224,hsv,off,0
违章03/违章03_t150.4_7_off.jpg,违章03,150.39,790,230,799,240,hsv,off,0
违章03/违章03_t150.4_9_off.jpg,违章03,150.39,516,312,524,321,hsv,off,0
违章03/违章03_t150.4_10_off.jpg,违章03,150.39,727,314,749,322,hsv,off,0
违章03/违章03_t150.4_11_off.jpg,违章03,150.39,689,318,704,329,hsv,off,0
违章03/违章03_t150.4_12_off.jpg,违章03,150.39,517,323,527,335,hsv,off,0
违章03/违章03_t150.6_0_stand.jpg,违章03,150.63,999,25,1012,45,hsv,stand,0
违章03/违章03_t150.6_1_off.jpg,违章03,150.63,1189,112,1204,125,hsv,off,0
违章03/违章03_t150.6_2_off.jpg,违章03,150.63,1186,146,1211,156,hsv,off,0
违章03/违章03_t150.6_3_off.jpg,违章03,150.63,241,151,262,191,hsv,off,0
违章03/违章03_t150.6_4_off.jpg,违章03,150.63,398,172,409,189,hsv,off,0
违章03/违章03_t150.6_5_off.jpg,违章03,150.63,1207,177,1280,210,hsv,off,0
违章03/违章03_t150.6_6_off.jpg,违章03,150.63,870,190,880,216,hsv,off,0
违章03/违章03_t150.6_7_off.jpg,违章03,150.63,610,198,704,258,hsv,off,0
违章03/违章03_t150.6_8_off.jpg,违章03,150.63,895,212,904,223,hsv,off,0
违章03/违章03_t150.6_11_off.jpg,违章03,150.63,728,313,750,323,hsv,off,0
违章03/违章03_t150.6_12_off.jpg,违章03,150.63,689,318,705,328,hsv,off,0
违章03/违章03_t150.6_13_off.jpg,违章03,150.63,518,323,528,334,hsv,off,0
违章03/违章03_t150.6_14_off.jpg,违章03,150.63,519,381,547,389,hsv,off,0
违章03/违章03_t150.6_15_off.jpg,违章03,150.63,499,391,526,399,hsv,off,0
违章03/违章03_t150.6_16_off.jpg,违章03,150.63,381,398,404,407,hsv,off,0
违章03/违章03_t150.9_0_stand.jpg,违章03,150.86,1001,24,1014,45,hsv,stand,0
违章03/违章03_t150.9_1_off.jpg,违章03,150.86,1189,111,1206,125,hsv,off,0
违章03/违章03_t150.9_2_off.jpg,违章03,150.86,1187,146,1211,156,hsv,off,0
违章03/违章03_t150.9_3_off.jpg,违章03,150.86,241,151,262,190,hsv,off,0
违章03/违章03_t150.9_4_off.jpg,违章03,150.86,1208,177,1280,210,hsv,off,0
违章03/违章03_t150.9_5_off.jpg,违章03,150.86,870,190,881,216,hsv,off,0
违章03/违章03_t150.9_6_off.jpg,违章03,150.86,611,198,704,258,hsv,off,0
违章03/违章03_t150.9_7_off.jpg,违章03,150.86,896,212,905,223,hsv,off,0
违章03/违章03_t150.9_8_off.jpg,违章03,150.86,739,245,750,253,hsv,off,0
违章03/违章03_t150.9_9_off.jpg,违章03,150.86,631,274,674,287,hsv,off,0
违章03/违章03_t150.9_10_off.jpg,违章03,150.86,518,311,526,319,hsv,off,0
违章03/违章03_t150.9_11_off.jpg,违章03,150.86,732,314,752,323,hsv,off,0
违章03/违章03_t150.9_12_off.jpg,违章03,150.86,692,319,708,330,hsv,off,0
违章03/违章03_t150.9_13_off.jpg,违章03,150.86,519,322,531,334,hsv,off,0
违章03/违章03_t150.9_14_off.jpg,违章03,150.86,523,382,550,390,hsv,off,0
违章03/违章03_t151.1_0_stand.jpg,违章03,151.1,1001,23,1015,44,hsv,stand,0
违章03/违章03_t151.1_1_off.jpg,违章03,151.1,1190,111,1206,125,hsv,off,0
违章03/违章03_t151.1_2_off.jpg,违章03,151.1,1187,146,1211,156,hsv,off,0
违章03/违章03_t151.1_3_off.jpg,违章03,151.1,241,150,263,189,hsv,off,0
违章03/违章03_t151.1_4_off.jpg,违章03,151.1,425,159,446,167,hsv,off,0
违章03/违章03_t151.1_5_off.jpg,违章03,151.1,400,166,411,192,hsv,off,0
违章03/违章03_t151.1_6_off.jpg,违章03,151.1,1210,177,1280,209,hsv,off,0
违章03/违章03_t151.1_7_off.jpg,违章03,151.1,871,189,881,216,hsv,off,0
违章03/违章03_t151.1_8_off.jpg,违章03,151.1,896,212,905,223,hsv,off,0
违章03/违章03_t151.1_9_off.jpg,违章03,151.1,741,243,752,254,hsv,off,0
违章03/违章03_t151.1_10_off.jpg,违章03,151.1,632,274,675,288,hsv,off,0
违章03/违章03_t151.1_11_off.jpg,违章03,151.1,518,309,527,319,hsv,off,0
违章03/违章03_t151.1_12_off.jpg,违章03,151.1,741,314,756,322,hsv,off,0
违章03/违章03_t151.1_13_off.jpg,违章03,151.1,696,319,715,331,hsv,off,0
违章03/违章03_t151.1_14_off.jpg,违章03,151.1,519,322,534,336,hsv,off,0
违章03/违章03_t151.3_0_stand.jpg,违章03,151.33,1003,22,1016,44,hsv,stand,0
违章03/违章03_t151.3_1_off.jpg,违章03,151.33,1191,109,1207,125,hsv,off,0
违章03/违章03_t151.3_2_off.jpg,违章03,151.33,1189,145,1213,155,hsv,off,0
违章03/违章03_t151.3_3_off.jpg,违章03,151.33,242,150,264,189,hsv,off,0
违章03/违章03_t151.3_4_off.jpg,违章03,151.33,399,165,411,191,hsv,off,0
违章03/违章03_t151.3_5_off.jpg,违章03,151.33,1211,177,1280,206,hsv,off,0
违章03/违章03_t151.3_6_off.jpg,违章03,151.33,872,188,882,215,hsv,off,0
违章03/违章03_t151.3_7_off.jpg,违章03,151.33,613,197,706,257,hsv,off,0
违章03/违章03_t151.3_8_off.jpg,违章03,151.33,897,211,906,222,hsv,off,0
违章03/违章03_t151.3_10_off.jpg,违章03,151.33,633,274,677,295,hsv,off,0
违章03/违章03_t151.3_11_off.jpg,违章03,151.33,517,308,528,319,hsv,off,0
违章03/违章03_t151.3_12_off.jpg,违章03,151.33,519,321,536,337,hsv,off,0
违章03/违章03_t151.3_13_off.jpg,违章03,151.33,704,321,722,332,hsv,off,0
违章03/违章03_t151.6_0_stand.jpg,违章03,151.57,1004,22,1016,43,hsv,stand,0
违章03/违章03_t151.6_1_off.jpg,违章03,151.57,1191,110,1207,124,hsv,off,0
违章03/违章03_t151.6_2_off.jpg,违章03,151.57,1190,145,1214,155,hsv,off,0
违章03/违章03_t151.6_3_off.jpg,违章03,151.57,243,150,264,188,hsv,off,0
违章03/违章03_t151.6_4_off.jpg,违章03,151.57,401,169,411,191,hsv,off,0
违章03/违章03_t151.6_5_off.jpg,违章03,151.57,1213,178,1280,204,hsv,off,0
违章03/违章03_t151.6_6_off.jpg,违章03,151.57,872,187,882,215,hsv,off,0
违章03/违章03_t151.6_7_off.jpg,违章03,151.57,897,211,906,222,hsv,off,0
违章03/违章03_t151.6_8_off.jpg,违章03,151.57,794,227,802,248,hsv,off,0
违章03/违章03_t151.6_9_off.jpg,违章03,151.57,486,320,503,328,hsv,off,0
违章03/违章03_t151.6_10_off.jpg,违章03,151.57,718,324,729,334,hsv,off,0
违章03/违章03_t151.6_11_off.jpg,违章03,151.57,367,400,376,408,hsv,off,0
违章03/违章03_t151.8_0_stand.jpg,违章03,151.81,1005,21,1017,42,hsv,stand,0
违章03/违章03_t151.8_1_off.jpg,违章03,151.81,1191,109,1209,123,hsv,off,0
违章03/违章03_t151.8_2_off.jpg,违章03,151.81,1190,145,1216,154,hsv,off,0
违章03/违章03_t151.8_3_off.jpg,违章03,151.81,244,149,265,188,hsv,off,0
违章03/违章03_t151.8_4_off.jpg,违章03,151.81,402,168,412,189,hsv,off,0
违章03/违章03_t151.8_5_off.jpg,违章03,151.81,1215,177,1280,202,hsv,off,0
违章03/违章03_t151.8_6_off.jpg,违章03,151.81,939,182,1079,222,hsv,off,0
违章03/违章03_t151.8_7_off.jpg,违章03,151.81,873,186,883,215,hsv,off,0
违章03/违章03_t151.8_8_off.jpg,违章03,151.81,898,210,907,220,hsv,off,0
违章03/违章03_t151.8_9_off.jpg,违章03,151.81,794,227,802,248,hsv,off,0
违章03/违章03_t151.8_11_off.jpg,违章03,151.81,732,329,744,337,hsv,off,0
违章03/违章03_t151.8_12_off.jpg,违章03,151.81,369,399,377,407,hsv,off,0
违章03/违章03_t152.0_0_stand.jpg,违章03,152.04,1004,21,1018,42,hsv,stand,0
违章03/违章03_t152.0_1_off.jpg,违章03,152.04,1194,108,1209,124,hsv,off,0
违章03/违章03_t152.0_2_off.jpg,违章03,152.04,1191,145,1216,155,hsv,off,0
违章03/违章03_t152.0_3_off.jpg,违章03,152.04,244,149,265,188,hsv,off,0
违章03/违章03_t152.0_4_off.jpg,违章03,152.04,403,169,412,187,hsv,off,0
违章03/违章03_t152.0_5_off.jpg,违章03,152.04,1216,178,1280,202,hsv,off,0
违章03/违章03_t152.0_6_off.jpg,违章03,152.04,873,186,883,215,hsv,off,0
违章03/违章03_t152.0_7_off.jpg,违章03,152.04,898,210,907,222,hsv,off,0
违章03/违章03_t152.3_0_stand.jpg,违章03,152.28,1005,21,1018,43,hsv,stand,0
违章03/违章03_t152.3_1_off.jpg,违章03,152.28,1194,109,1210,124,hsv,off,0
违章03/违章03_t152.3_2_off.jpg,违章03,152.28,1191,145,1216,155,hsv,off,0
违章03/违章03_t152.3_3_off.jpg,违章03,152.28,244,149,266,188,hsv,off,0
违章03/违章03_t152.3_4_off.jpg,违章03,152.28,402,171,412,187,hsv,off,0
违章03/违章03_t152.3_5_off.jpg,违章03,152.28,1216,178,1280,203,hsv,off,0
违章03/违章03_t152.3_6_off.jpg,违章03,152.28,873,187,884,215,hsv,off,0
违章03/违章03_t152.3_7_off.jpg,违章03,152.28,899,212,908,222,hsv,off,0
违章03/违章03_t152.3_8_off.jpg,违章03,152.28,795,227,803,248,hsv,off,0
违章03/违章03_t152.3_9_off.jpg,违章03,152.28,915,227,937,240,hsv,off,0
违章03/违章03_t152.3_10_off.jpg,违章03,152.28,383,266,394,274,hsv,off,0
违章03/违章03_t152.3_12_off.jpg,违章03,152.28,760,340,776,362,hsv,off,0
违章03/违章03_t152.3_13_off.jpg,违章03,152.28,384,396,392,404,hsv,off,0
违章03/违章03_t152.5_0_stand.jpg,违章03,152.51,1006,22,1019,42,hsv,stand,0
违章03/违章03_t152.5_1_off.jpg,违章03,152.51,1195,109,1211,123,hsv,off,0
违章03/违章03_t152.5_2_off.jpg,违章03,152.51,1192,145,1217,155,hsv,off,0
违章03/违章03_t152.5_3_off.jpg,违章03,152.51,247,148,267,187,hsv,off,0
违章03/违章03_t152.5_4_off.jpg,违章03,152.51,404,169,414,187,hsv,off,0
违章03/违章03_t152.5_5_off.jpg,违章03,152.51,1214,177,1280,206,hsv,off,0
违章03/违章03_t152.5_6_off.jpg,违章03,152.51,874,186,885,214,hsv,off,0
违章03/违章03_t152.5_7_off.jpg,违章03,152.51,900,211,909,222,hsv,off,0
违章03/违章03_t152.5_8_off.jpg,违章03,152.51,796,226,805,248,hsv,off,0
违章03/违章03_t152.5_9_off.jpg,违章03,152.51,372,250,394,285,hsv,off,0
违章03/违章03_t152.5_10_off.jpg,违章03,152.51,520,307,531,317,hsv,off,0
违章03/违章03_t152.8_0_stand.jpg,违章03,152.75,1007,22,1020,43,hsv,stand,0
违章03/违章03_t152.8_1_off.jpg,违章03,152.75,1195,110,1211,124,hsv,off,0
违章03/违章03_t152.8_2_off.jpg,违章03,152.75,1192,144,1217,155,hsv,off,0
违章03/违章03_t152.8_3_off.jpg,违章03,152.75,246,149,267,188,hsv,off,0
违章03/违章03_t152.8_4_off.jpg,违章03,152.75,405,170,414,187,hsv,off,0
违章03/违章03_t152.8_5_off.jpg,违章03,152.75,874,186,885,215,hsv,off,0
违章03/违章03_t152.8_6_off.jpg,违章03,152.75,900,211,909,222,hsv,off,0
违章03/违章03_t152.8_7_off.jpg,违章03,152.75,796,227,805,248,hsv,off,0
违章03/违章03_t152.8_8_off.jpg,违章03,152.75,899,270,915,282,hsv,off,0
违章03/违章03_t153.0_0_stand.jpg,违章03,152.98,1008,22,1020,43,hsv,stand,0
违章03/违章03_t153.0_1_off.jpg,违章03,152.98,1195,110,1212,124,hsv,off,0
违章03/违章03_t153.0_2_off.jpg,违章03,152.98,1192,145,1218,155,hsv,off,0
违章03/违章03_t153.0_3_off.jpg,违章03,152.98,246,149,268,187,hsv,off,0
违章03/违章03_t153.0_4_off.jpg,违章03,152.98,875,187,886,214,hsv,off,0
违章03/违章03_t153.0_5_off.jpg,违章03,152.98,900,210,909,222,hsv,off,0
违章03/违章03_t153.0_6_off.jpg,违章03,152.98,359,251,395,285,hsv,off,0
违章03/违章03_t153.2_0_stand.jpg,违章03,153.22,1008,21,1020,42,hsv,stand,0
违章03/违章03_t153.2_1_off.jpg,违章03,153.22,1195,109,1213,124,hsv,off,0
违章03/违章03_t153.2_2_off.jpg,违章03,153.22,1193,145,1219,155,hsv,off,0
违章03/违章03_t153.2_3_off.jpg,违章03,153.22,247,149,268,187,hsv,off,0
违章03/违章03_t153.2_4_off.jpg,违章03,153.22,405,169,415,186,hsv,off,0
违章03/违章03_t153.2_5_off.jpg,违章03,153.22,1211,178,1280,222,hsv,off,0
违章03/违章03_t153.2_6_off.jpg,违章03,153.22,875,185,886,215,hsv,off,0
违章03/违章03_t153.2_7_off.jpg,违章03,153.22,901,210,910,221,hsv,off,0
违章03/违章03_t153.2_8_off.jpg,违章03,153.22,797,227,806,247,hsv,off,0
违章03/违章03_t153.2_9_off.jpg,违章03,153.22,362,250,388,267,hsv,off,0
违章03/违章03_t153.2_10_off.jpg,违章03,153.22,376,265,395,284,hsv,off,0
违章03/违章03_t153.2_13_off.jpg,违章03,153.22,391,395,400,404,hsv,off,0
违章03/违章03_t153.5_0_stand.jpg,违章03,153.46,1008,22,1019,43,hsv,stand,0
违章03/违章03_t153.5_2_off.jpg,违章03,153.46,1197,110,1211,124,hsv,off,0
违章03/违章03_t153.5_3_off.jpg,违章03,153.46,1193,145,1218,155,hsv,off,0
违章03/违章03_t153.5_4_off.jpg,违章03,153.46,246,149,268,188,hsv,off,0
违章03/违章03_t153.5_5_off.jpg,违章03,153.46,407,170,415,188,hsv,off,0
违章03/违章03_t153.5_6_off.jpg,违章03,153.46,875,185,886,215,hsv,off,0
违章03/违章03_t153.5_7_off.jpg,违章03,153.46,900,209,909,222,hsv,off,0
违章03/违章03_t153.5_8_off.jpg,违章03,153.46,796,227,805,248,hsv,off,0
违章03/违章03_t153.5_9_off.jpg,违章03,153.46,361,250,390,260,hsv,off,0
违章03/违章03_t153.5_10_off.jpg,违章03,153.46,384,265,395,275,hsv,off,0
违章03/违章03_t153.5_11_off.jpg,违章03,153.46,520,308,532,318,hsv,off,0
违章03/违章03_t153.5_13_off.jpg,违章03,153.46,486,319,507,327,hsv,off,0
违章03/违章03_t153.5_14_off.jpg,违章03,153.46,412,395,426,404,hsv,off,0
违章03/违章03_t153.7_0_stand.jpg,违章03,153.69,1008,21,1021,43,hsv,stand,0
违章03/违章03_t153.7_1_off.jpg,违章03,153.69,1198,110,1213,123,hsv,off,0
违章03/违章03_t153.7_2_off.jpg,违章03,153.69,1193,145,1219,155,hsv,off,0
违章03/违章03_t153.7_3_off.jpg,违章03,153.69,247,149,268,188,hsv,off,0
违章03/违章03_t153.7_4_off.jpg,违章03,153.69,407,170,415,188,hsv,off,0
违章03/违章03_t153.7_5_off.jpg,违章03,153.69,875,186,887,215,hsv,off,0
违章03/违章03_t153.7_6_off.jpg,违章03,153.69,901,209,909,221,hsv,off,0
违章03/违章03_t153.7_7_off.jpg,违章03,153.69,797,227,806,248,hsv,off,0
违章03/违章03_t153.7_8_off.jpg,违章03,153.69,368,250,389,258,hsv,off,0
违章03/违章03_t153.7_10_off.jpg,违章03,153.69,498,319,508,328,hsv,off,0
违章03/违章03_t153.7_11_off.jpg,违章03,153.69,431,397,443,406,hsv,off,0
违章03/违章03_t153.9_0_stand.jpg,违章03,153.93,1008,21,1021,42,hsv,stand,0
违章03/违章03_t153.9_1_off.jpg,违章03,153.93,1198,109,1214,123,hsv,off,0
违章03/违章03_t153.9_2_off.jpg,违章03,153.93,1194,145,1219,154,hsv,off,0
违章03/违章03_t153.9_3_off.jpg,违章03,153.93,247,149,268,183,hsv,off,0
违章03/违章03_t153.9_4_off.jpg,违章03,153.93,407,170,415,186,hsv,off,0
违章03/违章03_t153.9_5_off.jpg,违章03,153.93,876,185,887,214,hsv,off,0
违章03/违章03_t153.9_6_off.jpg,违章03,153.93,901,209,911,221,hsv,off,0
违章03/违章03_t153.9_7_off.jpg,违章03,153.93,798,227,806,247,hsv,off,0
违章03/违章03_t153.9_9_off.jpg,违章03,153.93,521,307,533,318,hsv,off,0
违章03/违章03_t153.9_11_off.jpg,违章03,153.93,523,319,542,337,hsv,off,0
违章03/违章03_t154.2_0_stand.jpg,违章03,154.16,1008,20,1021,42,hsv,stand,0
违章03/违章03_t154.2_1_off.jpg,违章03,154.16,1196,109,1214,123,hsv,off,0
违章03/违章03_t154.2_2_off.jpg,违章03,154.16,1195,145,1219,155,hsv,off,0
违章03/违章03_t154.2_3_off.jpg,违章03,154.16,247,148,268,185,hsv,off,0
违章03/违章03_t154.2_4_off.jpg,违章03,154.16,407,171,415,187,hsv,off,0
违章03/违章03_t154.2_5_off.jpg,违章03,154.16,876,185,887,214,hsv,off,0
违章03/违章03_t154.2_6_off.jpg,违章03,154.16,901,209,910,220,hsv,off,0
违章03/违章03_t154.4_0_stand.jpg,违章03,154.4,1009,21,1022,42,hsv,stand,0
违章03/违章03_t154.4_1_off.jpg,违章03,154.4,1199,109,1213,123,hsv,off,0
违章03/违章03_t154.4_2_off.jpg,违章03,154.4,1195,145,1219,154,hsv,off,0
违章03/违章03_t154.4_3_off.jpg,违章03,154.4,248,148,268,186,hsv,off,0
违章03/违章03_t154.4_4_off.jpg,违章03,154.4,405,167,415,188,hsv,off,0
违章03/违章03_t154.4_5_off.jpg,违章03,154.4,875,185,887,214,hsv,off,0
违章03/违章03_t154.4_6_off.jpg,违章03,154.4,901,208,911,221,hsv,off,0
违章03/违章03_t154.4_9_off.jpg,违章03,154.4,1176,466,1188,484,hsv,off,0
违章03/违章03_t154.6_0_stand.jpg,违章03,154.63,1008,21,1020,41,hsv,stand,0
违章03/违章03_t154.6_1_off.jpg,违章03,154.63,1197,109,1212,123,hsv,off,0
违章03/违章03_t154.6_2_off.jpg,违章03,154.63,1194,145,1219,154,hsv,off,0
违章03/违章03_t154.6_3_off.jpg,违章03,154.63,247,148,268,186,hsv,off,0
违章03/违章03_t154.6_4_off.jpg,违章03,154.63,405,168,415,188,hsv,off,0
违章03/违章03_t154.6_5_off.jpg,违章03,154.63,875,184,887,214,hsv,off,0
违章03/违章03_t154.6_6_off.jpg,违章03,154.63,901,210,910,221,hsv,off,0
违章03/违章03_t154.6_8_off.jpg,违章03,154.63,797,226,805,247,hsv,off,0
违章03/违章03_t154.9_0_stand.jpg,违章03,154.87,1007,20,1021,41,hsv,stand,0
违章03/违章03_t154.9_1_off.jpg,违章03,154.87,1196,108,1212,123,hsv,off,0
违章03/违章03_t154.9_2_off.jpg,违章03,154.87,1194,144,1218,154,hsv,off,0
违章03/违章03_t154.9_3_off.jpg,违章03,154.87,247,148,267,186,hsv,off,0
违章03/违章03_t154.9_4_off.jpg,违章03,154.87,875,184,886,214,hsv,off,0
违章03/违章03_t154.9_5_off.jpg,违章03,154.87,900,209,909,220,hsv,off,0
违章03/违章03_t154.9_8_off.jpg,违章03,154.87,642,419,653,427,hsv,off,0
违章03/违章03_t155.1_0_stand.jpg,违章03,155.11,1007,20,1020,41,hsv,stand,0
违章03/违章03_t155.1_1_off.jpg,违章03,155.11,1195,108,1212,123,hsv,off,0
违章03/违章03_t155.1_2_off.jpg,违章03,155.11,1194,144,1217,154,hsv,off,0
违章03/违章03_t155.1_3_off.jpg,违章03,155.11,247,148,267,186,hsv,off,0
违章03/违章03_t155.1_4_off.jpg,违章03,155.11,404,168,415,188,hsv,off,0
违章03/违章03_t155.1_5_off.jpg,违章03,155.11,874,184,886,214,hsv,off,0
违章03/违章03_t155.1_6_off.jpg,违章03,155.11,900,209,909,219,hsv,off,0
违章03/违章03_t155.1_8_off.jpg,违章03,155.11,796,226,804,246,hsv,off,0
违章03/违章03_t155.1_9_off.jpg,违章03,155.11,697,424,709,434,hsv,off,0
违章03/违章03_t155.1_11_off.jpg,违章03,155.11,643,441,655,450,hsv,off,0
违章03/违章03_t155.3_0_stand.jpg,违章03,155.34,1007,21,1020,42,hsv,stand,0
违章03/违章03_t155.3_1_off.jpg,违章03,155.34,1194,109,1211,123,hsv,off,0
违章03/违章03_t155.3_2_off.jpg,违章03,155.34,874,186,885,212,hsv,off,0
违章03/违章03_t155.3_6_off.jpg,违章03,155.34,79,254,94,264,hsv,off,0
违章03/违章03_t155.3_8_off.jpg,违章03,155.34,742,437,754,447,hsv,off,0
违章03/违章03_t155.3_9_off.jpg,违章03,155.34,726,442,743,455,hsv,off,0
违章03/违章03_t155.3_10_off.jpg,违章03,155.34,701,450,724,463,hsv,off,0
违章03/违章03_t155.6_0_stand.jpg,违章03,155.58,1006,21,1019,42,hsv,stand,0
违章03/违章03_t155.6_1_off.jpg,违章03,155.58,1194,108,1210,123,hsv,off,0
违章03/违章03_t155.6_2_off.jpg,违章03,155.58,1193,144,1218,154,hsv,off,0
违章03/违章03_t155.6_3_off.jpg,违章03,155.58,245,148,266,187,hsv,off,0
违章03/违章03_t155.6_4_off.jpg,违章03,155.58,404,167,413,188,hsv,off,0
违章03/违章03_t155.6_5_off.jpg,违章03,155.58,874,186,885,212,hsv,off,0
违章03/违章03_t155.6_6_off.jpg,违章03,155.58,105,222,120,236,hsv,off,0
违章03/违章03_t155.6_7_off.jpg,违章03,155.58,21,226,38,234,hsv,off,0
违章03/违章03_t155.6_9_off.jpg,违章03,155.58,78,254,94,265,hsv,off,0
违章03/违章03_t155.6_10_off.jpg,违章03,155.58,62,264,115,296,hsv,off,0
违章03/违章03_t155.6_11_off.jpg,违章03,155.58,769,460,786,471,hsv,off,0
违章03/违章03_t155.8_0_stand.jpg,违章03,155.81,1005,20,1017,41,hsv,stand,0
违章03/违章03_t155.8_1_off.jpg,违章03,155.81,1195,109,1210,123,hsv,off,0
违章03/违章03_t155.8_2_off.jpg,违章03,155.81,1192,144,1219,153,hsv,off,0
违章03/违章03_t155.8_3_off.jpg,违章03,155.81,244,149,266,187,hsv,off,0
违章03/违章03_t155.8_4_off.jpg,违章03,155.81,403,168,413,188,hsv,off,0
违章03/违章03_t155.8_5_off.jpg,违章03,155.81,873,187,884,212,hsv,off,0
违章03/违章03_t155.8_6_off.jpg,违章03,155.81,616,194,709,255,hsv,off,0
违章03/违章03_t155.8_11_off.jpg,违章03,155.81,78,255,94,265,hsv,off,0
违章03/违章03_t155.8_12_off.jpg,违章03,155.81,62,265,132,297,hsv,off,0
违章03/违章03_t155.8_13_off.jpg,违章03,155.81,881,453,893,466,hsv,off,0
违章03/违章03_t155.8_14_off.jpg,违章03,155.81,866,463,879,472,hsv,off,0
违章03/违章03_t155.8_15_off.jpg,违章03,155.81,845,466,860,482,hsv,off,0
违章03/违章03_t156.1_0_stand.jpg,违章03,156.05,1005,18,1017,40,hsv,stand,0
违章03/违章03_t156.1_1_off.jpg,违章03,156.05,1194,107,1210,122,hsv,off,0
违章03/违章03_t156.1_2_off.jpg,违章03,156.05,1191,142,1219,152,hsv,off,0
违章03/违章03_t156.1_3_off.jpg,违章03,156.05,244,148,266,187,hsv,off,0
违章03/违章03_t156.1_4_off.jpg,违章03,156.05,403,170,412,187,hsv,off,0
违章03/违章03_t156.1_5_off.jpg,违章03,156.05,874,186,884,211,hsv,off,0
违章03/违章03_t156.1_6_off.jpg,违章03,156.05,106,222,120,237,hsv,off,0
违章03/违章03_t156.1_9_off.jpg,违章03,156.05,78,255,93,265,hsv,off,0
违章03/违章03_t156.1_10_off.jpg,违章03,156.05,63,265,126,298,hsv,off,0
违章03/违章03_t156.1_11_off.jpg,违章03,156.05,142,267,153,300,hsv,off,0
违章03/违章03_t156.1_12_off.jpg,违章03,156.05,955,473,967,482,hsv,off,0
违章03/违章03_t156.1_13_off.jpg,违章03,156.05,935,483,945,494,hsv,off,0
违章03/违章03_t156.3_0_stand.jpg,违章03,156.28,1005,18,1017,39,hsv,stand,0
违章03/违章03_t156.3_1_off.jpg,违章03,156.28,1193,106,1208,121,hsv,off,0
违章03/违章03_t156.3_2_off.jpg,违章03,156.28,1191,141,1219,151,hsv,off,0
违章03/违章03_t156.3_3_off.jpg,违章03,156.28,244,148,265,187,hsv,off,0
违章03/违章03_t156.3_4_off.jpg,违章03,156.28,873,184,884,210,hsv,off,0
违章03/违章03_t156.3_5_off.jpg,违章03,156.28,105,222,119,238,hsv,off,0
违章03/违章03_t156.3_6_off.jpg,违章03,156.28,17,226,38,234,hsv,off,0
违章03/违章03_t156.3_8_off.jpg,违章03,156.28,62,256,124,297,hsv,off,0
违章03/违章03_t156.3_10_off.jpg,违章03,156.28,141,266,154,298,hsv,off,0
违章03/违章03_t156.3_11_off.jpg,违章03,156.28,182,320,195,331,hsv,off,0
违章03/违章03_t156.3_12_off.jpg,违章03,156.28,1078,482,1087,492,hsv,off,0
违章03/违章03_t156.3_13_off.jpg,违章03,156.28,1050,497,1061,512,hsv,off,0
违章03/违章03_t156.5_0_stand.jpg,违章03,156.52,1006,17,1017,38,hsv,stand,0
违章03/违章03_t156.5_1_off.jpg,违章03,156.52,1084,101,1095,113,hsv,off,0
违章03/违章03_t156.5_2_off.jpg,违章03,156.52,1195,105,1209,121,hsv,off,0
违章03/违章03_t156.5_3_off.jpg,违章03,156.52,1190,140,1221,150,hsv,off,0
违章03/违章03_t156.5_4_off.jpg,违章03,156.52,243,147,265,186,hsv,off,0
违章03/违章03_t156.5_5_off.jpg,违章03,156.52,873,184,884,208,hsv,off,0
违章03/违章03_t156.5_6_off.jpg,违章03,156.52,106,222,119,237,hsv,off,0
违章03/违章03_t156.5_8_off.jpg,违章03,156.52,62,256,124,297,hsv,off,0
违章03/违章03_t156.5_10_off.jpg,违章03,156.52,141,265,153,296,hsv,off,0
违章03/违章03_t156.5_11_off.jpg,违章03,156.52,226,321,241,339,hsv,off,0
违章03/违章03_t156.8_0_stand.jpg,违章03,156.76,1006,16,1017,37,hsv,stand,0
违章03/违章03_t156.8_1_off.jpg,违章03,156.76,1195,103,1208,120,hsv,off,0
违章03/违章03_t156.8_2_off.jpg,违章03,156.76,1190,138,1216,149,hsv,off,0
违章03/违章03_t156.8_3_off.jpg,违章03,156.76,245,147,265,185,hsv,off,0
违章03/违章03_t156.8_4_off.jpg,违章03,156.76,873,183,884,199,hsv,off,0
违章03/违章03_t156.8_5_off.jpg,违章03,156.76,898,193,918,214,hsv,off,0
违章03/违章03_t156.8_6_off.jpg,违章03,156.76,106,223,117,236,hsv,off,0
违章03/违章03_t156.8_9_off.jpg,违章03,156.76,648,259,674,268,hsv,off,0
违章03/违章03_t156.8_10_off.jpg,违章03,156.76,62,262,124,296,hsv,off,0
违章03/违章03_t156.8_11_off.jpg,违章03,156.76,141,263,153,295,hsv,off,0
违章03/违章03_t156.8_12_off.jpg,违章03,156.76,279,323,300,345,hsv,off,0
违章03/违章03_t157.0_0_stand.jpg,违章03,156.99,1003,16,1015,36,hsv,stand,0
违章03/违章03_t157.0_1_off.jpg,违章03,156.99,1194,104,1208,117,hsv,off,0
违章03/违章03_t157.0_2_off.jpg,违章03,156.99,1190,137,1213,147,hsv,off,0
违章03/违章03_t157.0_3_off.jpg,违章03,156.99,243,147,264,186,hsv,off,0
违章03/违章03_t157.0_4_off.jpg,违章03,156.99,105,222,115,233,hsv,off,0
违章03/违章03_t157.0_6_off.jpg,违章03,156.99,358,248,384,289,hsv,off,0
违章03/违章03_t157.0_7_off.jpg,违章03,156.99,81,255,91,263,hsv,off,0
违章03/违章03_t157.0_8_off.jpg,违章03,156.99,680,259,692,268,hsv,off,0
违章03/违章03_t157.0_9_off.jpg,违章03,156.99,63,262,123,296,hsv,off,0
违章03/违章03_t157.0_10_off.jpg,违章03,156.99,141,263,153,294,hsv,off,0
违章03/违章03_t157.0_11_off.jpg,违章03,156.99,341,326,369,353,hsv,off,0
违章03/违章03_t157.2_0_stand.jpg,违章03,157.23,1001,15,1013,36,hsv,stand,0
违章03/违章03_t157.2_1_off.jpg,违章03,157.23,732,30,764,40,hsv,off,0
违章03/违章03_t157.2_2_off.jpg,违章03,157.23,1193,104,1203,115,hsv,off,0
违章03/违章03_t157.2_3_off.jpg,违章03,157.23,1189,137,1209,146,hsv,off,0
违章03/违章03_t157.2_4_off.jpg,违章03,157.23,242,145,263,185,hsv,off,0
违章03/违章03_t157.2_5_off.jpg,违章03,157.23,400,168,410,187,hsv,off,0
违章03/违章03_t157.2_6_off.jpg,违章03,157.23,104,222,116,233,hsv,off,0
违章03/违章03_t157.2_10_off.jpg,违章03,157.23,356,247,391,288,hsv,off,0
违章03/违章03_t157.2_11_off.jpg,违章03,157.23,59,253,123,295,hsv,off,0
违章03/违章03_t157.5_0_stand.jpg,违章03,157.46,1001,15,1012,32,hsv,stand,0
违章03/违章03_t157.5_1_off.jpg,违章03,157.46,747,28,763,37,hsv,off,0
违章03/违章03_t157.5_2_off.jpg,违章03,157.46,1193,101,1206,112,hsv,off,0
违章03/违章03_t157.5_3_off.jpg,违章03,157.46,1191,135,1213,144,hsv,off,0
违章03/违章03_t157.5_4_off.jpg,违章03,157.46,242,145,263,184,hsv,off,0
违章03/违章03_t157.5_5_off.jpg,违章03,157.46,400,167,410,186,hsv,off,0
违章03/违章03_t157.5_7_off.jpg,违章03,157.46,105,222,114,230,hsv,off,0
违章03/违章03_t157.5_11_off.jpg,违章03,157.46,249,245,287,259,hsv,off,0
违章03/违章03_t157.5_12_off.jpg,违章03,157.46,356,247,391,287,hsv,off,0
违章03/违章03_t157.5_13_off.jpg,违章03,157.46,62,252,124,295,hsv,off,0
违章03/违章03_t157.5_14_off.jpg,违章03,157.46,403,259,427,273,hsv,off,0
违章03/违章03_t157.5_15_off.jpg,违章03,157.46,138,262,152,296,hsv,off,0
违章03/违章03_t157.5_16_off.jpg,违章03,157.46,247,262,288,300,hsv,off,0
违章03/违章03_t157.5_18_off.jpg,违章03,157.46,518,304,527,312,hsv,off,0
违章03/违章03_t157.5_19_off.jpg,违章03,157.46,487,314,504,322,hsv,off,0
违章03/违章03_t157.7_0_stand.jpg,违章03,157.7,1000,12,1011,32,hsv,stand,0
违章03/违章03_t157.7_1_off.jpg,违章03,157.7,984,83,994,99,hsv,off,0
违章03/违章03_t157.7_2_off.jpg,违章03,157.7,1200,103,1214,111,hsv,off,0
违章03/违章03_t157.7_3_off.jpg,违章03,157.7,241,145,262,184,hsv,off,0
违章03/违章03_t157.7_4_off.jpg,违章03,157.7,399,166,409,185,hsv,off,0
违章03/违章03_t157.7_7_off.jpg,违章03,157.7,15,224,33,232,hsv,off,0
违章03/违章03_t157.7_10_off.jpg,违章03,157.7,246,243,286,258,hsv,off,0
违章03/违章03_t157.7_11_off.jpg,违章03,157.7,356,246,391,287,hsv,off,0
违章03/违章03_t157.7_12_off.jpg,违章03,157.7,70,252,123,294,hsv,off,0
违章03/违章03_t157.7_13_off.jpg,违章03,157.7,138,261,151,294,hsv,off,0
违章03/违章03_t157.7_14_off.jpg,违章03,157.7,247,263,287,299,hsv,off,0
违章03/违章03_t157.7_15_off.jpg,违章03,157.7,516,302,526,311,hsv,off,0
违章03/违章03_t157.7_16_off.jpg,违章03,157.7,486,313,502,322,hsv,off,0
违章03/违章03_t157.7_17_off.jpg,违章03,157.7,517,313,535,332,hsv,off,0
违章03/违章03_t157.9_1_stand.jpg,违章03,157.93,996,11,1009,29,hsv,stand,0
违章03/违章03_t157.9_2_off.jpg,违章03,157.93,982,80,992,99,hsv,off,0
违章03/违章03_t157.9_4_off.jpg,违章03,157.93,1195,100,1210,109,hsv,off,0
违章03/违章03_t157.9_5_off.jpg,违章03,157.93,236,145,259,183,hsv,off,0
违章03/违章03_t157.9_6_off.jpg,违章03,157.93,395,166,407,184,hsv,off,0
违章03/违章03_t157.9_7_off.jpg,违章03,157.93,864,176,875,206,hsv,off,0
违章03/违章03_t157.9_12_off.jpg,违章03,157.93,244,244,283,258,hsv,off,0
违章03/违章03_t157.9_13_off.jpg,违章03,157.93,352,244,389,287,hsv,off,0
违章03/违章03_t157.9_14_off.jpg,违章03,157.93,76,252,120,294,hsv,off,0
违章03/违章03_t157.9_15_off.jpg,违章03,157.93,243,257,284,298,hsv,off,0
违章03/违章03_t157.9_16_off.jpg,违章03,157.93,135,261,148,292,hsv,off,0
违章03/违章03_t157.9_17_off.jpg,违章03,157.93,513,301,523,310,hsv,off,0
违章03/违章03_t157.9_18_off.jpg,违章03,157.93,482,312,499,322,hsv,off,0
违章03/违章03_t157.9_19_off.jpg,违章03,157.93,514,313,532,331,hsv,off,0
违章03/违章03_t158.2_0_stand.jpg,违章03,158.17,993,8,1007,29,hsv,stand,0
违章03/违章03_t158.2_1_off.jpg,违章03,158.17,978,77,1005,96,hsv,off,0
违章03/违章03_t158.2_2_off.jpg,违章03,158.17,1191,131,1201,139,hsv,off,0
违章03/违章03_t158.2_3_off.jpg,违章03,158.17,232,143,255,182,hsv,off,0
违章03/违章03_t158.2_4_off.jpg,违章03,158.17,391,165,403,183,hsv,off,0
违章03/违章03_t158.2_7_off.jpg,违章03,158.17,10,223,24,236,hsv,off,0
违章03/违章03_t158.2_10_off.jpg,违章03,158.17,241,243,279,256,hsv,off,0
违章03/违章03_t158.2_11_off.jpg,违章03,158.17,349,243,384,285,hsv,off,0
违章03/违章03_t158.2_12_off.jpg,违章03,158.17,71,252,96,269,hsv,off,0
违章03/违章03_t158.2_13_off.jpg,违章03,158.17,240,254,281,297,hsv,off,0
违章03/违章03_t158.2_14_off.jpg,违章03,158.17,131,261,144,290,hsv,off,0
违章03/违章03_t158.2_15_off.jpg,违章03,158.17,95,271,120,293,hsv,off,0
违章03/违章03_t158.2_16_off.jpg,违章03,158.17,509,299,520,308,hsv,off,0
违章03/违章03_t158.2_17_off.jpg,违章03,158.17,479,310,495,319,hsv,off,0
违章03/违章03_t158.2_19_off.jpg,违章03,158.17,511,312,527,328,hsv,off,0
违章03/违章03_t158.4_0_off.jpg,违章03,158.41,831,8,854,18,hsv,off,0
违章03/违章03_t158.4_1_stand.jpg,违章03,158.41,991,8,1005,32,hsv,stand,0
违章03/违章03_t158.4_2_off.jpg,违章03,158.41,975,76,1001,96,hsv,off,0
违章03/违章03_t158.4_3_off.jpg,违章03,158.41,231,143,252,181,hsv,off,0
违章03/违章03_t158.4_4_off.jpg,违章03,158.41,1109,157,1280,214,hsv,off,0
违章03/违章03_t158.4_5_off.jpg,违章03,158.41,389,162,400,182,hsv,off,0
违章03/违章03_t158.4_6_off.jpg,违章03,158.41,858,175,869,203,hsv,off,0
违章03/违章03_t158.4_7_off.jpg,违章03,158.41,92,217,106,230,hsv,off,0
违章03/违章03_t158.4_9_off.jpg,违章03,158.41,403,223,412,233,hsv,off,0
违章03/违章03_t158.4_10_off.jpg,违章03,158.41,346,243,380,285,hsv,off,0
违章03/违章03_t158.4_11_off.jpg,违章03,158.41,242,244,276,256,hsv,off,0
违章03/违章03_t158.4_12_off.jpg,违章03,158.41,128,256,140,292,hsv,off,0
违章03/违章03_t158.4_13_off.jpg,违章03,158.41,81,260,96,273,hsv,off,0
违章03/违章03_t158.4_14_off.jpg,违章03,158.41,406,261,423,273,hsv,off,0
违章03/违章03_t158.4_15_off.jpg,违章03,158.41,507,299,523,328,hsv,off,0
违章03/违章03_t158.6_0_stand.jpg,违章03,158.64,986,9,999,32,hsv,stand,0
违章03/违章03_t158.6_2_off.jpg,违章03,158.64,227,142,249,180,hsv,off,0
违章03/违章03_t158.6_3_off.jpg,违章03,158.64,388,162,398,180,hsv,off,0
违章03/违章03_t158.6_5_off.jpg,违章03,158.64,89,218,101,228,hsv,off,0
违章03/违章03_t158.6_8_off.jpg,违章03,158.64,232,240,274,296,hsv,off,0
违章03/违章03_t158.6_9_off.jpg,违章03,158.64,125,256,135,268,hsv,off,0
违章03/违章03_t158.6_11_off.jpg,违章03,158.64,505,298,521,328,hsv,off,0
违章03/违章03_t158.9_0_stand.jpg,违章03,158.88,985,8,997,30,hsv,stand,0
违章03/违章03_t158.9_1_off.jpg,违章03,158.88,970,77,999,95,hsv,off,0
违章03/违章03_t158.9_2_off.jpg,违章03,158.88,1173,92,1188,106,hsv,off,0
违章03/违章03_t158.9_3_off.jpg,违章03,158.88,226,140,247,179,hsv,off,0
违章03/违章03_t158.9_4_off.jpg,违章03,158.88,386,165,396,180,hsv,off,0
违章03/违章03_t158.9_5_off.jpg,违章03,158.88,444,210,458,258,hsv,off,0
违章03/违章03_t158.9_6_off.jpg,违章03,158.88,86,217,98,227,hsv,off,0
违章03/违章03_t158.9_9_off.jpg,违章03,158.88,229,239,271,296,hsv,off,0
违章03/违章03_t158.9_10_off.jpg,违章03,158.88,501,298,519,328,hsv,off,0
违章03/违章03_t158.9_12_off.jpg,违章03,158.88,470,310,488,318,hsv,off,0
违章04/违章04_t0.0_0_off.jpg,违章04,0.0,839,133,854,157,hsv,off,0
违章04/违章04_t0.0_1_off.jpg,违章04,0.0,923,139,965,168,hsv,off,0
违章04/违章04_t0.0_2_off.jpg,违章04,0.0,1229,144,1244,163,hsv,off,0
违章04/违章04_t0.0_3_off.jpg,违章04,0.0,1227,190,1248,241,hsv,off,0
违章04/违章04_t0.0_4_off.jpg,违章04,0.0,351,193,447,233,hsv,off,0
违章04/违章04_t0.0_5_off.jpg,违章04,0.0,1244,202,1281,270,hsv,off,0
违章04/违章04_t0.0_6_stand.jpg,违章04,0.0,1181,210,1192,218,hsv,stand,0
违章04/违章04_t0.0_7_off.jpg,违章04,0.0,1385,216,1424,270,hsv,off,0
违章04/违章04_t0.0_8_off.jpg,违章04,0.0,990,239,1005,267,hsv,off,0
违章04/违章04_t0.0_9_off.jpg,违章04,0.0,802,257,817,273,hsv,off,0
违章04/违章04_t0.0_10_off.jpg,违章04,0.0,1031,275,1047,286,hsv,off,0
违章04/违章04_t0.0_11_off.jpg,违章04,0.0,864,283,881,321,hsv,off,0
违章04/违章04_t0.0_12_off.jpg,违章04,0.0,1221,300,1235,310,hsv,off,0
违章04/违章04_t0.0_15_off.jpg,违章04,0.0,1256,368,1316,414,hsv,off,0
违章04/违章04_t0.0_16_off.jpg,违章04,0.0,592,398,654,482,hsv,off,0
违章04/违章04_t0.0_17_off.jpg,违章04,0.0,800,398,883,480,hsv,off,0
违章04/违章04_t0.0_18_off.jpg,违章04,0.0,970,402,1021,440,hsv,off,0
违章04/违章04_t0.0_19_off.jpg,违章04,0.0,914,427,1017,466,hsv,off,0
违章04/违章04_t0.2_0_off.jpg,违章04,0.24,928,114,1052,155,hsv,off,0
违章04/违章04_t0.2_1_off.jpg,违章04,0.24,1230,142,1246,163,hsv,off,0
违章04/违章04_t0.2_3_off.jpg,违章04,0.24,1005,166,1061,187,hsv,off,0
违章04/违章04_t0.2_4_stand.jpg,违章04,0.24,1065,168,1073,187,hsv,stand,0
违章04/违章04_t0.2_5_off.jpg,违章04,0.24,907,173,924,183,hsv,off,0
违章04/违章04_t0.2_6_off.jpg,违章04,0.24,416,180,517,223,hsv,off,0
违章04/违章04_t0.2_7_off.jpg,违章04,0.24,1248,202,1282,269,hsv,off,0
违章04/违章04_t0.2_8_off.jpg,违章04,0.24,1384,216,1423,268,hsv,off,0
违章04/违章04_t0.2_9_off.jpg,违章04,0.24,1074,227,1084,237,hsv,off,0
违章04/违章04_t0.2_10_off.jpg,违章04,0.24,632,243,642,252,hsv,off,0
违章04/违章04_t0.2_11_off.jpg,违章04,0.24,897,242,906,256,hsv,off,0
违章04/违章04_t0.2_12_off.jpg,违章04,0.24,1898,255,1920,277,hsv,off,0
违章04/违章04_t0.2_13_off.jpg,违章04,0.24,1082,269,1100,280,hsv,off,0
违章04/违章04_t0.2_14_off.jpg,违章04,0.24,866,282,882,320,hsv,off,0
违章04/违章04_t0.2_15_off.jpg,违章04,0.24,1907,302,1920,325,hsv,off,0
违章04/违章04_t0.2_16_off.jpg,违章04,0.24,833,307,844,315,hsv,off,0
违章04/违章04_t0.2_17_off.jpg,违章04,0.24,966,340,996,358,hsv,off,0
违章04/违章04_t0.2_18_off.jpg,违章04,0.24,1101,356,1306,429,hsv,off,0
违章04/违章04_t0.2_19_off.jpg,违章04,0.24,1322,364,1377,409,hsv,off,0
违章04/违章04_t0.2_20_off.jpg,违章04,0.24,689,391,741,478,hsv,off,0
违章04/违章04_t0.2_21_off.jpg,违章04,0.24,911,392,1104,476,hsv,off,0
违章04/违章04_t0.5_0_off.jpg,违章04,0.47,956,80,991,194,hsv,off,0
违章04/违章04_t0.5_1_off.jpg,违章04,0.47,1033,96,1140,137,hsv,off,0
违章04/违章04_t0.5_2_off.jpg,违章04,0.47,1190,125,1229,244,hsv,off,0
违章04/违章04_t0.5_3_off.jpg,违章04,0.47,1230,140,1245,161,hsv,off,0
违章04/违章04_t0.5_4_stand.jpg,违章04,0.47,1099,151,1156,172,hsv,stand,0
违章04/违章04_t0.5_5_off.jpg,违章04,0.47,1006,153,1023,163,hsv,off,0
违章04/违章04_t0.5_6_off.jpg,违章04,0.47,486,165,590,210,hsv,off,0
违章04/违章04_t0.5_7_off.jpg,违章04,0.47,1228,190,1248,238,hsv,off,0
违章04/违章04_t0.5_8_off.jpg,违章04,0.47,1160,210,1176,228,hsv,off,0
违章04/违章04_t0.5_9_off.jpg,违章04,0.47,1384,214,1423,265,hsv,off,0
违章04/违章04_t0.5_10_off.jpg,违章04,0.47,626,232,651,249,hsv,off,0
违章04/违章04_t0.5_12_off.jpg,违章04,0.47,866,279,882,317,hsv,off,0
违章04/违章04_t0.5_15_off.jpg,违章04,0.47,1190,354,1371,424,hsv,off,0
违章04/违章04_t0.5_16_off.jpg,违章04,0.47,1386,357,1439,402,hsv,off,0
违章04/违章04_t0.5_17_off.jpg,违章04,0.47,989,383,1188,470,hsv,off,0
违章04/违章04_t0.5_18_off.jpg,违章04,0.47,1153,386,1192,428,hsv,off,0
违章04/违章04_t0.7_0_off.jpg,违章04,0.71,1138,78,1214,109,hsv,off,0
违章04/违章04_t0.7_1_off.jpg,违章04,0.71,1217,109,1231,120,hsv,off,0
违章04/违章04_t0.7_2_off.jpg,违章04,0.71,1038,123,1075,138,hsv,off,0
违章04/违章04_t0.7_3_stand.jpg,违章04,0.71,1110,132,1126,141,hsv,stand,0
违章04/违章04_t0.7_4_off.jpg,违章04,0.71,1200,135,1245,155,hsv,off,0
违章04/违章04_t0.7_5_off.jpg,违章04,0.71,964,158,979,196,hsv,off,0
违章04/违章04_t0.7_6_off.jpg,违章04,0.71,1183,178,1223,224,hsv,off,0
违章04/违章04_t0.7_7_off.jpg,违章04,0.71,1383,210,1422,263,hsv,off,0
违章04/违章04_t0.7_8_off.jpg,违章04,0.71,960,237,974,248,hsv,off,0
违章04/违章04_t0.7_9_off.jpg,违章04,0.71,647,239,657,247,hsv,off,0
违章04/违章04_t0.7_10_off.jpg,违章04,0.71,631,241,641,251,hsv,off,0
违章04/违章04_t0.7_11_off.jpg,违章04,0.71,1648,271,1692,284,hsv,off,0
违章04/违章04_t0.7_13_off.jpg,违章04,0.71,865,277,881,313,hsv,off,0
违章04/违章04_t0.7_15_off.jpg,违章04,0.71,1282,340,1435,418,hsv,off,0
违章04/违章04_t0.7_16_off.jpg,违章04,0.71,1371,342,1384,350,hsv,off,0
违章04/违章04_t0.7_17_off.jpg,违章04,0.71,1450,349,1499,397,hsv,off,0
违章04/违章04_t0.7_18_off.jpg,违章04,0.71,1091,372,1280,463,hsv,off,0
违章04/违章04_t0.7_19_off.jpg,违章04,0.71,1251,381,1284,420,hsv,off,0
违章04/违章04_t0.9_0_off.jpg,违章04,0.94,1245,56,1293,84,hsv,off,0
违章04/违章04_t0.9_1_stand.jpg,违章04,0.94,1036,116,1064,134,hsv,stand,0
违章04/违章04_t0.9_2_off.jpg,违章04,0.94,1324,117,1343,130,hsv,off,0
违章04/违章04_t0.9_3_off.jpg,违章04,0.94,1325,127,1345,137,hsv,off,0
违章04/违章04_t0.9_5_off.jpg,违章04,0.94,731,137,747,153,hsv,off,0
违章04/违章04_t0.9_6_off.jpg,违章04,0.94,979,143,990,155,hsv,off,0
违章04/违章04_t0.9_7_off.jpg,违章04,0.94,1209,193,1220,208,hsv,off,0
违章04/违章04_t0.9_9_off.jpg,违章04,0.94,1242,200,1275,221,hsv,off,0
违章04/违章04_t0.9_10_off.jpg,违章04,0.94,1381,206,1420,257,hsv,off,0
违章04/违章04_t0.9_11_off.jpg,违章04,0.94,1244,231,1272,248,hsv,off,0
违章04/违章04_t0.9_12_off.jpg,违章04,0.94,624,243,634,251,hsv,off,0
违章04/违章04_t0.9_13_off.jpg,违章04,0.94,1352,245,1366,254,hsv,off,0
违章04/违章04_t0.9_14_off.jpg,违章04,0.94,1407,244,1416,253,hsv,off,0
违章04/违章04_t0.9_15_off.jpg,违章04,0.94,1646,264,1684,278,hsv,off,0
违章04/违章04_t0.9_17_off.jpg,违章04,0.94,863,272,879,309,hsv,off,0
违章04/违章04_t0.9_18_off.jpg,违章04,0.94,1334,298,1348,307,hsv,off,0
违章04/违章04_t0.9_20_off.jpg,违章04,0.94,1380,330,1497,410,hsv,off,0
违章04/违章04_t0.9_21_off.jpg,违章04,0.94,1514,340,1559,387,hsv,off,0
违章04/违章04_t0.9_22_off.jpg,违章04,0.94,1199,360,1330,434,hsv,off,0
违章04/违章04_t0.9_23_off.jpg,违章04,0.94,1336,400,1349,419,hsv,off,0
违章04/违章04_t0.9_24_off.jpg,违章04,0.94,1277,410,1375,447,hsv,off,0
违章04/违章04_t1.2_0_off.jpg,违章04,1.18,1374,45,1423,84,hsv,off,0
违章04/违章04_t1.2_1_off.jpg,违章04,1.18,729,119,837,162,hsv,off,0
违章04/违章04_t1.2_2_stand.jpg,违章04,1.18,1030,119,1073,154,hsv,stand,0
违章04/违章04_t1.2_3_off.jpg,违章04,1.18,1310,175,1329,193,hsv,off,0
违章04/违章04_t1.2_5_off.jpg,违章04,1.18,1394,214,1406,228,hsv,off,0
违章04/违章04_t1.2_6_off.jpg,违章04,1.18,1374,224,1397,247,hsv,off,0
违章04/违章04_t1.2_7_off.jpg,违章04,1.18,998,237,1016,251,hsv,off,0
违章04/违章04_t1.2_9_off.jpg,违章04,1.18,1649,269,1693,283,hsv,off,0
违章04/违章04_t1.2_11_off.jpg,违章04,1.18,1494,284,1521,292,hsv,off,0
违章04/违章04_t1.2_12_off.jpg,违章04,1.18,645,320,674,337,hsv,off,0
违章04/违章04_t1.2_13_off.jpg,违章04,1.18,1489,332,1499,343,hsv,off,0
违章04/违章04_t1.2_14_off.jpg,违章04,1.18,1581,341,1624,388,hsv,off,0
违章04/违章04_t1.2_15_off.jpg,违章04,1.18,1321,357,1401,396,hsv,off,0
违章04/违章04_t1.2_16_off.jpg,违章04,1.18,550,369,625,392,hsv,off,0
违章04/违章04_t1.2_17_off.jpg,违章04,1.18,129,491,163,535,hsv,off,0
违章04/违章04_t1.4_1_off.jpg,违章04,1.41,1558,85,1568,95,hsv,off,0
违章04/违章04_t1.4_3_stand.jpg,违章04,1.41,1036,117,1079,154,hsv,stand,0
违章04/违章04_t1.4_4_off.jpg,违章04,1.41,1214,194,1229,215,hsv,off,0
违章04/违章04_t1.4_5_off.jpg,违章04,1.41,1266,208,1278,221,hsv,off,0
违章04/违章04_t1.4_7_off.jpg,违章04,1.41,1652,272,1697,285,hsv,off,0
违章04/违章04_t1.4_9_off.jpg,违章04,1.41,1666,343,1674,353,hsv,off,0
违章04/违章04_t1.4_10_off.jpg,违章04,1.41,1609,349,1632,366,hsv,off,0
违章04/违章04_t1.4_11_off.jpg,违章04,1.41,631,373,674,395,hsv,off,0
违章04/违章04_t1.4_12_off.jpg,违章04,1.41,154,409,351,490,hsv,off,0
违章04/违章04_t1.6_0_off.jpg,违章04,1.65,1667,7,1680,20,hsv,off,0
违章04/违章04_t1.6_1_off.jpg,违章04,1.65,1671,24,1688,36,hsv,off,0
违章04/违章04_t1.6_2_off.jpg,违章04,1.65,929,83,1039,127,hsv,off,0
违章04/违章04_t1.6_3_stand.jpg,违章04,1.65,1037,115,1082,151,hsv,stand,0
违章04/违章04_t1.6_5_off.jpg,违章04,1.65,664,224,684,237,hsv,off,0
违章04/违章04_t1.6_6_off.jpg,违章04,1.65,627,229,657,247,hsv,off,0
违章04/违章04_t1.6_7_off.jpg,违章04,1.65,637,278,675,290,hsv,off,0
违章04/违章04_t1.6_8_off.jpg,违章04,1.65,770,320,796,340,hsv,off,0
违章04/违章04_t1.6_9_off.jpg,违章04,1.65,724,371,749,390,hsv,off,0
违章04/违章04_t1.6_10_off.jpg,违章04,1.65,500,391,574,475,hsv,off,0
违章04/违章04_t1.6_11_off.jpg,违章04,1.65,205,409,354,488,hsv,off,0
违章04/违章04_t1.6_12_off.jpg,违章04,1.65,392,504,401,515,hsv,off,0
违章04/违章04_t1.9_0_stand.jpg,违章04,1.89,1207,143,1224,161,hsv,stand,0
违章04/违章04_t1.9_1_off.jpg,违章04,1.89,1011,236,1024,251,hsv,off,0
违章04/违章04_t1.9_2_off.jpg,违章04,1.89,875,273,893,311,hsv,off,0
违章04/违章04_t1.9_4_off.jpg,违章04,1.89,788,370,889,467,hsv,off,0
违章04/违章04_t1.9_5_off.jpg,违章04,1.89,564,385,643,472,hsv,off,0
违章04/违章04_t1.9_6_off.jpg,违章04,1.89,254,408,357,486,hsv,off,0
违章04/违章04_t1.9_7_off.jpg,违章04,1.89,393,505,401,515,hsv,off,0
违章04/违章04_t2.1_0_stand.jpg,违章04,2.12,1040,117,1084,154,hsv,stand,0
违章04/违章04_t2.1_2_off.jpg,违章04,2.12,1362,173,1377,192,hsv,off,0
违章04/违章04_t2.1_3_off.jpg,违章04,2.12,1206,200,1218,220,hsv,off,0
违章04/违章04_t2.1_4_off.jpg,违章04,2.12,1010,237,1029,253,hsv,off,0
违章04/违章04_t2.1_5_off.jpg,违章04,2.12,876,274,892,312,hsv,off,0
违章04/违章04_t2.1_6_off.jpg,违章04,2.12,1036,296,1049,304,hsv,off,0
违章04/违章04_t2.1_8_off.jpg,违章04,2.12,865,373,893,466,hsv,off,0
违章04/违章04_t2.1_9_off.jpg,违章04,2.12,303,406,356,481,hsv,off,0
违章04/违章04_t2.1_10_off.jpg,违章04,2.12,391,504,401,515,hsv,off,0
违章04/违章04_t2.4_0_stand.jpg,违章04,2.36,1038,120,1084,158,hsv,stand,0
违章04/违章04_t2.4_1_off.jpg,违章04,2.36,1208,149,1227,164,hsv,off,0
违章04/违章04_t2.4_2_off.jpg,违章04,2.36,1203,189,1236,236,hsv,off,0
违章04/违章04_t2.4_3_off.jpg,违章04,2.36,1267,208,1287,229,hsv,off,0
违章04/违章04_t2.4_4_off.jpg,违章04,2.36,1403,219,1419,236,hsv,off,0
违章04/违章04_t2.4_5_off.jpg,违章04,2.36,1003,239,1022,251,hsv,off,0
违章04/违章04_t2.4_7_off.jpg,违章04,2.36,875,275,893,313,hsv,off,0
违章04/违章04_t2.4_8_off.jpg,违章04,2.36,1125,290,1136,298,hsv,off,0
违章04/违章04_t2.4_11_off.jpg,违章04,2.36,700,379,780,469,hsv,off,0
违章04/违章04_t2.4_12_off.jpg,违章04,2.36,486,388,616,475,hsv,off,0
违章04/违章04_t2.4_13_off.jpg,违章04,2.36,391,504,400,513,hsv,off,0
违章04/违章04_t2.6_0_off.jpg,违章04,2.59,1857,45,1869,55,hsv,off,0
违章04/违章04_t2.6_2_stand.jpg,违章04,2.59,1037,121,1088,158,hsv,stand,0
违章04/违章04_t2.6_3_off.jpg,违章04,2.59,993,148,1007,176,hsv,off,0
违章04/违章04_t2.6_4_off.jpg,违章04,2.59,1208,152,1227,165,hsv,off,0
违章04/违章04_t2.6_5_off.jpg,违章04,2.59,1204,189,1247,241,hsv,off,0
违章04/违章04_t2.6_6_off.jpg,违章04,2.59,1401,222,1421,242,hsv,off,0
违章04/违章04_t2.6_7_off.jpg,违章04,2.59,1015,231,1038,251,hsv,off,0
违章04/违章04_t2.6_8_off.jpg,违章04,2.59,1263,239,1286,261,hsv,off,0
违章04/违章04_t2.6_10_off.jpg,违章04,2.59,1401,243,1422,265,hsv,off,0
违章04/违章04_t2.6_11_off.jpg,违章04,2.59,644,244,659,252,hsv,off,0
违章04/违章04_t2.6_12_off.jpg,违章04,2.59,876,277,893,314,hsv,off,0
违章04/违章04_t2.6_13_off.jpg,违章04,2.59,1209,285,1221,293,hsv,off,0
违章04/违章04_t2.6_16_off.jpg,违章04,2.59,1767,321,1848,448,hsv,off,0
违章04/违章04_t2.6_17_off.jpg,违章04,2.59,753,374,845,469,hsv,off,0
违章04/违章04_t2.6_18_off.jpg,违章04,2.59,486,386,668,477,hsv,off,0
违章04/违章04_t2.6_19_off.jpg,违章04,2.59,389,502,398,512,hsv,off,0
违章04/违章04_t2.8_2_off.jpg,违章04,2.83,1041,123,1078,142,hsv,off,0
违章04/违章04_t2.8_3_off.jpg,违章04,2.83,1155,125,1181,138,hsv,off,0
违章04/违章04_t2.8_4_stand.jpg,违章04,2.83,1071,142,1080,168,hsv,stand,0
违章04/违章04_t2.8_5_off.jpg,违章04,2.83,961,151,992,202,hsv,off,0
违章04/违章04_t2.8_6_off.jpg,违章04,2.83,1209,157,1225,166,hsv,off,0
违章04/违章04_t2.8_7_off.jpg,违章04,2.83,1360,179,1370,187,hsv,off,0
违章04/违章04_t2.8_9_off.jpg,违章04,2.83,1268,211,1286,232,hsv,off,0
违章04/违章04_t2.8_10_off.jpg,违章04,2.83,650,238,675,249,hsv,off,0
违章04/违章04_t2.8_11_off.jpg,违章04,2.83,875,276,891,314,hsv,off,0
违章04/违章04_t2.8_12_off.jpg,违章04,2.83,1292,280,1303,288,hsv,off,0
违章04/违章04_t2.8_13_off.jpg,违章04,2.83,813,367,890,468,hsv,off,0
违章04/违章04_t2.8_14_off.jpg,违章04,2.83,692,383,729,471,hsv,off,0
违章04/违章04_t2.8_15_off.jpg,违章04,2.83,486,387,668,476,hsv,off,0
违章04/违章04_t3.1_0_off.jpg,违章04,3.06,1042,120,1081,142,hsv,off,0
违章04/违章04_t3.1_1_off.jpg,违章04,3.06,1360,127,1377,144,hsv,off,0
违章04/违章04_t3.1_2_stand.jpg,违章04,3.06,1056,147,1078,158,hsv,stand,0
违章04/违章04_t3.1_3_off.jpg,违章04,3.06,1037,150,1054,185,hsv,off,0
违章04/违章04_t3.1_4_off.jpg,违章04,3.06,1267,212,1285,231,hsv,off,0
违章04/违章04_t3.1_6_off.jpg,违章04,3.06,651,243,673,251,hsv,off,0
违章04/违章04_t3.1_7_off.jpg,违章04,3.06,968,247,991,259,hsv,off,0
违章04/违章04_t3.1_8_off.jpg,违章04,3.06,1400,249,1412,262,hsv,off,0
违章04/违章04_t3.1_9_off.jpg,违章04,3.06,875,277,891,314,hsv,off,0
违章04/违章04_t3.1_12_off.jpg,违章04,3.06,917,369,972,466,hsv,off,0
违章04/违章04_t3.1_13_off.jpg,违章04,3.06,693,379,785,472,hsv,off,0
违章04/违章04_t3.1_14_off.jpg,违章04,3.06,485,386,667,474,hsv,off,0
违章04/违章04_t3.3_0_off.jpg,违章04,3.3,1632,0,1746,38,hsv,off,0
违章04/违章04_t3.3_1_off.jpg,违章04,3.3,1279,109,1306,124,hsv,off,0
违章04/违章04_t3.3_2_stand.jpg,违章04,3.3,1044,120,1079,140,hsv,stand,0
违章04/违章04_t3.3_3_off.jpg,违章04,3.3,1010,146,1021,175,hsv,off,0
违章04/违章04_t3.3_4_off.jpg,违章04,3.3,659,244,670,256,hsv,off,0
违章04/违章04_t3.3_5_off.jpg,违章04,3.3,875,277,891,314,hsv,off,0
违章04/违章04_t3.3_6_off.jpg,违章04,3.3,1758,320,1895,452,hsv,off,0
违章04/违章04_t3.3_7_off.jpg,违章04,3.3,931,363,1035,465,hsv,off,0
违章04/违章04_t3.3_8_off.jpg,违章04,3.3,696,376,840,470,hsv,off,0
违章04/违章04_t3.5_0_off.jpg,违章04,3.54,1806,0,1841,11,hsv,off,0
违章04/违章04_t3.5_1_off.jpg,违章04,3.54,1346,100,1372,116,hsv,off,0
违章04/违章04_t3.5_2_stand.jpg,违章04,3.54,1035,125,1082,161,hsv,stand,0
违章04/违章04_t3.5_4_off.jpg,违章04,3.54,1352,183,1360,194,hsv,off,0
违章04/违章04_t3.5_5_off.jpg,违章04,3.54,1013,249,1029,260,hsv,off,0
违章04/违章04_t3.5_6_off.jpg,违章04,3.54,875,277,891,314,hsv,off,0
违章04/违章04_t3.5_8_off.jpg,违章04,3.54,992,364,1098,466,hsv,off,0
违章04/违章04_t3.8_0_off.jpg,违章04,3.77,1770,0,1834,21,hsv,off,0
违章04/违章04_t3.8_2_off.jpg,违章04,3.77,1367,112,1376,130,hsv,off,0
违章04/违章04_t3.8_3_stand.jpg,违章04,3.77,1034,124,1080,161,hsv,stand,0
违章04/违章04_t3.8_4_off.jpg,违章04,3.77,1211,158,1223,168,hsv,off,0
违章04/违章04_t3.8_5_off.jpg,违章04,3.77,874,277,891,315,hsv,off,0
违章04/违章04_t3.8_6_off.jpg,违章04,3.77,1231,282,1241,297,hsv,off,0
违章04/违章04_t4.0_0_stand.jpg,违章04,4.01,1035,124,1081,161,hsv,stand,0
违章04/违章04_t4.0_1_off.jpg,违章04,4.01,1237,158,1245,167,hsv,off,0
违章04/违章04_t4.0_2_off.jpg,违章04,4.01,1015,237,1034,262,hsv,off,0
违章04/违章04_t4.0_3_off.jpg,违章04,4.01,94,347,106,355,hsv,off,0
违章04/违章04_t4.0_4_off.jpg,违章04,4.01,16,419,57,463,hsv,off,0
违章04/违章04_t4.2_0_stand.jpg,违章04,4.24,1034,123,1083,159,hsv,stand,0
违章04/违章04_t4.2_1_off.jpg,违章04,4.24,1272,304,1296,313,hsv,off,0
违章04/违章04_t4.2_2_off.jpg,违章04,4.24,717,330,744,344,hsv,off,0
违章04/违章04_t4.2_4_off.jpg,违章04,4.24,653,373,704,396,hsv,off,0
违章04/违章04_t4.2_5_off.jpg,违章04,4.24,1911,433,1920,450,hsv,off,0
违章04/违章04_t4.5_0_stand.jpg,违章04,4.48,1037,124,1084,160,hsv,stand,0
违章04/违章04_t4.5_1_off.jpg,违章04,4.48,779,335,804,350,hsv,off,0
违章04/违章04_t4.5_2_off.jpg,违章04,4.48,156,343,167,351,hsv,off,0
违章04/违章04_t4.5_3_off.jpg,违章04,4.48,696,375,729,392,hsv,off,0
违章04/违章04_t4.7_0_stand.jpg,违章04,4.71,1040,122,1087,159,hsv,stand,0
违章04/违章04_t4.7_1_off.jpg,违章04,4.71,1369,130,1383,150,hsv,off,0
违章04/违章04_t4.7_2_off.jpg,违章04,4.71,188,340,200,349,hsv,off,0
违章04/违章04_t4.7_3_off.jpg,违章04,4.71,856,356,876,372,hsv,off,0
违章04/违章04_t4.7_4_off.jpg,违章04,4.71,131,414,362,481,hsv,off,0
违章04/违章04_t5.0_0_off.jpg,违章04,4.95,978,90,994,98,hsv,off,0
违章04/违章04_t5.0_1_stand.jpg,违章04,4.95,1043,118,1090,158,hsv,stand,0
违章04/违章04_t5.0_3_off.jpg,违章04,4.95,881,274,899,312,hsv,off,0
违章04/违章04_t5.0_4_off.jpg,违章04,4.95,219,337,232,345,hsv,off,0
违章04/违章04_t5.0_5_off.jpg,违章04,4.95,924,369,993,469,hsv,off,0
违章04/违章04_t5.0_6_off.jpg,违章04,4.95,851,375,897,470,hsv,off,0
违章04/违章04_t5.0_7_off.jpg,违章04,4.95,151,411,360,480,hsv,off,0
违章04/违章04_t5.2_0_stand.jpg,违章04,5.19,1040,69,1090,187,hsv,stand,0
违章04/违章04_t5.2_1_off.jpg,违章04,5.19,969,94,985,103,hsv,off,0
违章04/违章04_t5.2_3_off.jpg,违章04,5.19,1379,129,1394,145,hsv,off,0
违章04/违章04_t5.2_4_off.jpg,违章04,5.19,1376,136,1386,148,hsv,off,0
违章04/违章04_t5.2_6_off.jpg,违章04,5.19,883,275,900,313,hsv,off,0
违章04/违章04_t5.2_7_off.jpg,违章04,5.19,252,336,264,344,hsv,off,0
违章04/违章04_t5.2_8_off.jpg,违章04,5.19,171,409,363,481,hsv,off,0
违章04/违章04_t5.2_10_off.jpg,违章04,5.19,522,448,536,464,hsv,off,0
违章04/违章04_t5.4_0_stand.jpg,违章04,5.42,1040,71,1092,192,hsv,stand,0
违章04/违章04_t5.4_1_off.jpg,违章04,5.42,959,83,1006,165,hsv,off,0
违章04/违章04_t5.4_2_off.jpg,违章04,5.42,885,276,903,313,hsv,off,0
违章04/违章04_t5.4_3_off.jpg,违章04,5.42,285,335,296,343,hsv,off,0
违章04/违章04_t5.4_4_off.jpg,违章04,5.42,203,409,367,480,hsv,off,0
违章04/违章04_t5.4_5_off.jpg,违章04,5.42,219,414,231,425,hsv,off,0
违章04/违章04_t5.7_0_stand.jpg,违章04,5.66,1003,68,1091,191,hsv,stand,0
违章04/违章04_t5.7_1_off.jpg,违章04,5.66,887,275,904,312,hsv,off,0
违章04/违章04_t5.7_2_off.jpg,违章04,5.66,1640,314,1743,452,hsv,off,0
违章04/违章04_t5.7_3_off.jpg,违章04,5.66,315,331,325,340,hsv,off,0
违章04/违章04_t5.7_4_off.jpg,违章04,5.66,235,409,369,479,hsv,off,0
违章04/违章04_t5.7_6_off.jpg,违章04,5.66,589,438,611,462,hsv,off,0
违章04/违章04_t5.9_1_stand.jpg,违章04,5.89,1059,76,1097,181,hsv,stand,0
违章04/违章04_t5.9_2_off.jpg,违章04,5.89,1900,105,1920,113,hsv,off,0
违章04/违章04_t5.9_3_off.jpg,违章04,5.89,889,275,905,313,hsv,off,0
违章04/违章04_t5.9_4_off.jpg,违章04,5.89,1776,310,1888,450,hsv,off,0
违章04/违章04_t5.9_5_off.jpg,违章04,5.89,350,329,359,337,hsv,off,0
违章04/违章04_t5.9_6_off.jpg,违章04,5.89,970,343,984,356,hsv,off,0
违章04/违章04_t5.9_7_off.jpg,违章04,5.89,0,407,17,421,hsv,off,0
违章04/违章04_t5.9_8_off.jpg,违章04,5.89,269,407,370,479,hsv,off,0
违章04/违章04_t5.9_9_off.jpg,违章04,5.89,0,435,21,456,hsv,off,0
违章04/违章04_t5.9_10_off.jpg,违章04,5.89,0,455,24,469,hsv,off,0
违章04/违章04_t5.9_11_off.jpg,违章04,5.89,402,499,411,510,hsv,off,0
违章04/违章04_t6.4_0_off.jpg,违章04,6.36,1374,28,1404,40,hsv,off,0
违章04/违章04_t6.4_1_off.jpg,违章04,6.36,1381,44,1392,52,hsv,off,0
违章04/违章04_t6.4_3_off.jpg,违章04,6.36,891,279,907,316,hsv,off,0
违章04/违章04_t6.4_4_off.jpg,违章04,6.36,1365,286,1404,313,hsv,off,0
违章04/违章04_t6.4_6_off.jpg,违章04,6.36,425,326,436,334,hsv,off,0
违章04/违章04_t6.4_8_off.jpg,违章04,6.36,1122,336,1138,350,hsv,off,0
违章04/违章04_t6.4_9_off.jpg,违章04,6.36,0,408,73,476,hsv,off,0
违章04/违章04_t6.4_10_off.jpg,违章04,6.36,340,420,369,438,hsv,off,0
违章04/违章04_t6.4_11_off.jpg,违章04,6.36,721,448,737,466,hsv,off,0
违章04/违章04_t6.4_12_off.jpg,违章04,6.36,404,503,413,513,hsv,off,0
违章04/违章04_t6.8_0_off.jpg,违章04,6.84,1365,31,1399,42,hsv,off,0
违章04/违章04_t6.8_1_off.jpg,违章04,6.84,1349,60,1416,186,hsv,off,0
违章04/违章04_t6.8_4_off.jpg,违章04,6.84,1219,137,1258,249,hsv,off,0
违章04/违章04_t6.8_5_off.jpg,违章04,6.84,1257,149,1272,168,hsv,off,0
违章04/违章04_t6.8_6_off.jpg,违章04,6.84,1256,196,1272,240,hsv,off,0
违章04/违章04_t6.8_8_off.jpg,违章04,6.84,5,263,54,280,hsv,off,0
违章04/违章04_t6.8_9_off.jpg,违章04,6.84,893,281,910,318,hsv,off,0
违章04/违章04_t6.8_10_off.jpg,违章04,6.84,1360,288,1396,314,hsv,off,0
违章04/违章04_t6.8_12_off.jpg,违章04,6.84,1035,301,1051,310,hsv,off,0
违章04/违章04_t6.8_13_off.jpg,违章04,6.84,499,321,512,331,hsv,off,0
违章04/违章04_t6.8_14_off.jpg,违章04,6.84,1782,322,1899,455,hsv,off,0
违章04/违章04_t6.8_15_off.jpg,违章04,6.84,1167,335,1182,349,hsv,off,0
违章04/违章04_t6.8_18_off.jpg,违章04,6.84,508,403,683,482,hsv,off,0
违章04/违章04_t6.8_19_off.jpg,违章04,6.84,0,408,121,482,hsv,off,0
违章04/违章04_t6.8_20_off.jpg,违章04,6.84,814,446,829,468,hsv,off,0
违章04/违章04_t7.1_0_off.jpg,违章04,7.07,1385,57,1421,167,hsv,off,0
违章04/违章04_t7.1_2_off.jpg,违章04,7.07,1259,149,1274,169,hsv,off,0
违章04/违章04_t7.1_3_off.jpg,违章04,7.07,1257,198,1274,248,hsv,off,0
违章04/违章04_t7.1_4_off.jpg,违章04,7.07,1388,210,1403,247,hsv,off,0
违章04/违章04_t7.1_5_off.jpg,违章04,7.07,29,261,79,280,hsv,off,0
违章04/违章04_t7.1_6_off.jpg,违章04,7.07,895,283,911,320,hsv,off,0
违章04/违章04_t7.1_8_off.jpg,违章04,7.07,539,320,552,328,hsv,off,0
违章04/违章04_t7.1_9_off.jpg,违章04,7.07,1783,322,1920,457,hsv,off,0
违章04/违章04_t7.1_10_off.jpg,违章04,7.07,1190,335,1205,350,hsv,off,0
违章04/违章04_t7.1_12_off.jpg,违章04,7.07,507,402,685,483,hsv,off,0
违章04/违章04_t7.1_13_off.jpg,违章04,7.07,864,448,876,466,hsv,off,0
违章04/违章04_t7.1_14_off.jpg,违章04,7.07,30,464,41,474,hsv,off,0
违章04/违章04_t7.3_0_stand.jpg,违章04,7.31,1260,149,1275,170,hsv,stand,0
违章04/违章04_t7.3_1_off.jpg,违章04,7.31,1258,199,1276,248,hsv,off,0
违章04/违章04_t7.3_2_off.jpg,违章04,7.31,54,260,103,278,hsv,off,0
违章04/违章04_t7.3_3_off.jpg,违章04,7.31,895,283,912,321,hsv,off,0
违章04/违章04_t7.3_5_off.jpg,违章04,7.31,1058,295,1068,305,hsv,off,0
违章04/违章04_t7.3_6_off.jpg,违章04,7.31,1043,303,1053,312,hsv,off,0
违章04/违章04_t7.3_7_off.jpg,违章04,7.31,577,318,590,328,hsv,off,0
违章04/违章04_t7.3_8_off.jpg,违章04,7.31,1785,322,1920,457,hsv,off,0
违章04/违章04_t7.3_9_off.jpg,违章04,7.31,1215,334,1230,349,hsv,off,0
违章04/违章04_t7.3_11_off.jpg,违章04,7.31,847,390,902,408,hsv,off,0
违章04/违章04_t7.3_12_off.jpg,违章04,7.31,507,403,689,483,hsv,off,0
违章04/违章04_t7.3_13_off.jpg,违章04,7.31,121,461,133,470,hsv,off,0
违章04/违章04_t7.3_14_off.jpg,违章04,7.31,0,550,30,563,hsv,off,0
违章04/违章04_t7.5_0_stand.jpg,违章04,7.54,1259,152,1275,171,hsv,stand,0
违章04/违章04_t7.5_1_off.jpg,违章04,7.54,1259,199,1276,249,hsv,off,0
违章04/违章04_t7.5_2_off.jpg,违章04,7.54,38,248,67,262,hsv,off,0
违章04/违章04_t7.5_3_off.jpg,违章04,7.54,77,255,128,275,hsv,off,0
违章04/违章04_t7.5_4_off.jpg,违章04,7.54,0,258,32,275,hsv,off,0
违章04/违章04_t7.5_5_off.jpg,违章04,7.54,44,258,64,270,hsv,off,0
违章04/违章04_t7.5_6_off.jpg,违章04,7.54,1247,273,1262,292,hsv,off,0
违章04/违章04_t7.5_7_off.jpg,违章04,7.54,896,284,913,322,hsv,off,0
违章04/违章04_t7.5_8_off.jpg,违章04,7.54,1059,295,1069,305,hsv,off,0
违章04/违章04_t7.5_9_off.jpg,违章04,7.54,1073,295,1087,311,hsv,off,0
违章04/违章04_t7.5_10_off.jpg,违章04,7.54,1035,298,1053,314,hsv,off,0
违章04/违章04_t7.5_11_off.jpg,违章04,7.54,616,316,627,325,hsv,off,0
违章04/违章04_t7.5_12_off.jpg,违章04,7.54,1785,324,1920,459,hsv,off,0
违章04/违章04_t7.5_16_off.jpg,违章04,7.54,531,401,689,483,hsv,off,0
违章04/违章04_t7.5_17_off.jpg,违章04,7.54,135,409,176,428,hsv,off,0
违章04/违章04_t7.5_18_off.jpg,违章04,7.54,963,445,973,466,hsv,off,0
违章04/违章04_t7.5_19_off.jpg,违章04,7.54,216,453,235,467,hsv,off,0
违章04/违章04_t7.5_22_off.jpg,违章04,7.54,43,538,82,550,hsv,off,0
违章04/违章04_t7.8_0_stand.jpg,违章04,7.78,1262,152,1277,171,hsv,stand,0
违章04/违章04_t7.8_1_off.jpg,违章04,7.78,1261,198,1278,250,hsv,off,0
违章04/违章04_t7.8_2_off.jpg,违章04,7.78,7,254,56,272,hsv,off,0
违章04/违章04_t7.8_3_off.jpg,违章04,7.78,105,255,154,273,hsv,off,0
违章04/违章04_t7.8_7_off.jpg,违章04,7.78,1249,273,1264,293,hsv,off,0
违章04/违章04_t7.8_8_off.jpg,违章04,7.78,898,285,915,323,hsv,off,0
违章04/违章04_t7.8_9_off.jpg,违章04,7.78,1148,288,1158,297,hsv,off,0
违章04/违章04_t7.8_10_off.jpg,违章04,7.78,1076,295,1092,304,hsv,off,0
违章04/违章04_t7.8_12_off.jpg,违章04,7.78,658,312,669,322,hsv,off,0
违章04/违章04_t7.8_13_off.jpg,违章04,7.78,1788,326,1920,461,hsv,off,0
违章04/违章04_t7.8_14_off.jpg,违章04,7.78,1266,332,1281,347,hsv,off,0
违章04/违章04_t7.8_17_off.jpg,违章04,7.78,944,386,1007,410,hsv,off,0
违章04/违章04_t7.8_18_off.jpg,违章04,7.78,715,397,914,483,hsv,off,0
违章04/违章04_t7.8_19_off.jpg,违章04,7.78,571,400,692,483,hsv,off,0
违章04/违章04_t7.8_21_off.jpg,违章04,7.78,320,451,339,464,hsv,off,0
违章04/违章04_t7.8_22_off.jpg,违章04,7.78,376,474,421,492,hsv,off,0
违章04/违章04_t7.8_23_off.jpg,违章04,7.78,432,492,446,500,hsv,off,0
违章04/违章04_t7.8_24_off.jpg,违章04,7.78,404,496,432,504,hsv,off,0
违章04/违章04_t7.8_25_off.jpg,违章04,7.78,0,520,15,528,hsv,off,0
违章04/违章04_t7.8_28_off.jpg,违章04,7.78,140,569,156,580,hsv,off,0
违章04/违章04_t8.0_0_stand.jpg,违章04,8.01,1264,151,1280,172,hsv,stand,0
违章04/违章04_t8.0_1_off.jpg,违章04,8.01,1262,200,1280,250,hsv,off,0
违章04/违章04_t8.0_2_off.jpg,违章04,8.01,1282,211,1316,279,hsv,off,0
违章04/违章04_t8.0_3_off.jpg,违章04,8.01,32,253,84,272,hsv,off,0
违章04/违章04_t8.0_4_off.jpg,违章04,8.01,117,252,127,270,hsv,off,0
违章04/违章04_t8.0_5_off.jpg,违章04,8.01,109,254,117,268,hsv,off,0
违章04/违章04_t8.0_6_off.jpg,违章04,8.01,129,254,179,272,hsv,off,0
违章04/违章04_t8.0_7_off.jpg,违章04,8.01,1251,274,1265,294,hsv,off,0
违章04/违章04_t8.0_8_off.jpg,违章04,8.01,899,286,916,323,hsv,off,0
违章04/违章04_t8.0_9_off.jpg,违章04,8.01,696,310,711,320,hsv,off,0
违章04/违章04_t8.0_10_off.jpg,违章04,8.01,1789,327,1920,463,hsv,off,0
违章04/违章04_t8.0_11_off.jpg,违章04,8.01,1607,338,1758,467,hsv,off,0
违章04/违章04_t8.0_14_off.jpg,违章04,8.01,987,384,1057,408,hsv,off,0
违章04/违章04_t8.0_15_off.jpg,违章04,8.01,716,395,914,483,hsv,off,0
违章04/违章04_t8.0_16_off.jpg,违章04,8.01,610,399,693,465,hsv,off,0
违章04/违章04_t8.0_17_off.jpg,违章04,8.01,426,443,450,461,hsv,off,0
违章04/违章04_t8.0_19_off.jpg,违章04,8.01,444,475,522,500,hsv,off,0
违章04/违章04_t8.0_20_off.jpg,违章04,8.01,582,522,612,537,hsv,off,0
违章04/违章04_t8.0_21_off.jpg,违章04,8.01,215,528,241,539,hsv,off,0
违章04/违章04_t8.0_22_off.jpg,违章04,8.01,252,532,276,541,hsv,off,0
违章04/违章04_t8.2_0_stand.jpg,违章04,8.25,1265,152,1281,172,hsv,stand,0
违章04/违章04_t8.2_1_off.jpg,违章04,8.25,1263,201,1281,251,hsv,off,0
违章04/违章04_t8.2_2_off.jpg,违章04,8.25,1284,212,1317,279,hsv,off,0
违章04/违章04_t8.2_3_off.jpg,违章04,8.25,57,251,109,270,hsv,off,0
违章04/违章04_t8.2_4_off.jpg,违章04,8.25,155,251,204,270,hsv,off,0
违章04/违章04_t8.2_5_off.jpg,违章04,8.25,134,256,142,265,hsv,off,0
违章04/违章04_t8.2_6_off.jpg,违章04,8.25,1252,275,1266,296,hsv,off,0
违章04/违章04_t8.2_7_off.jpg,违章04,8.25,901,286,918,324,hsv,off,0
违章04/违章04_t8.2_9_off.jpg,违章04,8.25,1791,328,1920,464,hsv,off,0
违章04/违章04_t8.2_10_off.jpg,违章04,8.25,1676,339,1759,466,hsv,off,0
违章04/违章04_t8.2_11_off.jpg,违章04,8.25,38,348,46,364,hsv,off,0
违章04/违章04_t8.2_12_off.jpg,违章04,8.25,624,373,662,384,hsv,off,0
违章04/违章04_t8.2_13_off.jpg,违章04,8.25,1029,382,1106,407,hsv,off,0
违章04/违章04_t8.2_14_off.jpg,违章04,8.25,719,393,915,482,hsv,off,0
违章04/违章04_t8.2_15_off.jpg,违章04,8.25,649,400,695,444,hsv,off,0
违章04/违章04_t8.2_18_off.jpg,违章04,8.25,629,478,780,556,hsv,off,0
违章04/违章04_t8.2_19_off.jpg,违章04,8.25,322,523,353,537,hsv,off,0
违章04/违章04_t8.2_20_off.jpg,违章04,8.25,353,526,394,538,hsv,off,0
违章04/违章04_t8.5_0_stand.jpg,违章04,8.49,1266,151,1284,172,hsv,stand,0
违章04/违章04_t8.5_1_off.jpg,违章04,8.49,1264,202,1282,251,hsv,off,0
违章04/违章04_t8.5_2_off.jpg,违章04,8.49,81,248,133,265,hsv,off,0
违章04/违章04_t8.5_3_off.jpg,违章04,8.49,179,248,229,268,hsv,off,0
违章04/违章04_t8.5_4_off.jpg,违章04,8.49,1253,275,1267,287,hsv,off,0
违章04/违章04_t8.5_5_off.jpg,违章04,8.49,902,287,919,324,hsv,off,0
违章04/违章04_t8.5_6_off.jpg,违章04,8.49,1074,297,1102,314,hsv,off,0
违章04/违章04_t8.5_7_off.jpg,违章04,8.49,1064,298,1074,307,hsv,off,0
违章04/违章04_t8.5_8_off.jpg,违章04,8.49,1039,301,1060,316,hsv,off,0
违章04/违章04_t8.5_9_off.jpg,违章04,8.49,778,304,792,314,hsv,off,0
违章04/违章04_t8.5_10_off.jpg,违章04,8.49,1792,328,1920,463,hsv,off,0
违章04/违章04_t8.5_11_off.jpg,违章04,8.49,235,336,243,345,hsv,off,0
违章04/违章04_t8.5_12_off.jpg,违章04,8.49,1746,337,1761,383,hsv,off,0
违章04/违章04_t8.5_13_off.jpg,违章04,8.49,62,346,70,360,hsv,off,0
违章04/违章04_t8.5_14_off.jpg,违章04,8.49,668,373,677,382,hsv,off,0
违章04/违章04_t8.5_15_off.jpg,违章04,8.49,1072,381,1155,405,hsv,off,0
违章04/违章04_t8.5_16_off.jpg,违章04,8.49,685,404,696,427,hsv,off,0
违章04/违章04_t8.5_17_off.jpg,违章04,8.49,264,495,360,524,hsv,off,0
违章04/违章04_t8.5_18_off.jpg,违章04,8.49,475,550,489,563,hsv,off,0
违章04/违章04_t8.7_0_stand.jpg,违章04,8.72,1267,153,1283,173,hsv,stand,0
违章04/违章04_t8.7_1_off.jpg,违章04,8.72,1265,202,1283,252,hsv,off,0
违章04/违章04_t8.7_2_off.jpg,违章04,8.72,1285,214,1318,281,hsv,off,0
违章04/违章04_t8.7_3_off.jpg,违章04,8.72,105,246,154,263,hsv,off,0
违章04/违章04_t8.7_4_off.jpg,违章04,8.72,203,246,252,265,hsv,off,0
违章04/违章04_t8.7_5_off.jpg,违章04,8.72,169,249,200,272,hsv,off,0
违章04/违章04_t8.7_8_off.jpg,违章04,8.72,902,288,919,326,hsv,off,0
违章04/违章04_t8.7_9_off.jpg,违章04,8.72,1115,295,1131,305,hsv,off,0
违章04/违章04_t8.7_10_off.jpg,违章04,8.72,1075,297,1109,315,hsv,off,0
违章04/违章04_t8.7_11_off.jpg,违章04,8.72,1064,298,1075,310,hsv,off,0
违章04/违章04_t8.7_12_off.jpg,违章04,8.72,816,300,830,312,hsv,off,0
违章04/违章04_t8.7_13_off.jpg,违章04,8.72,1032,302,1061,317,hsv,off,0
违章04/违章04_t8.7_16_off.jpg,违章04,8.72,1808,328,1920,463,hsv,off,0
违章04/违章04_t8.7_17_off.jpg,违章04,8.72,84,341,93,358,hsv,off,0
违章04/违章04_t8.7_18_off.jpg,违章04,8.72,440,390,465,406,hsv,off,0
违章04/违章04_t8.7_20_off.jpg,违章04,8.72,430,488,531,527,hsv,off,0
违章04/违章04_t8.7_21_off.jpg,违章04,8.72,801,548,816,564,hsv,off,0
违章04/违章04_t9.0_0_stand.jpg,违章04,8.96,1267,154,1285,175,hsv,stand,0
违章04/违章04_t9.0_1_off.jpg,违章04,8.96,1265,201,1284,253,hsv,off,0
违章04/违章04_t9.0_2_off.jpg,违章04,8.96,1284,214,1319,283,hsv,off,0
违章04/违章04_t9.0_3_off.jpg,违章04,8.96,0,240,69,311,hsv,off,0
违章04/违章04_t9.0_4_off.jpg,违章04,8.96,128,244,177,262,hsv,off,0
违章04/违章04_t9.0_5_off.jpg,违章04,8.96,226,244,275,264,hsv,off,0
违章04/违章04_t9.0_6_off.jpg,违章04,8.96,1254,277,1268,299,hsv,off,0
违章04/违章04_t9.0_7_off.jpg,违章04,8.96,903,289,920,326,hsv,off,0
违章04/违章04_t9.0_8_off.jpg,违章04,8.96,1115,296,1133,306,hsv,off,0
违章04/违章04_t9.0_9_off.jpg,违章04,8.96,854,298,868,309,hsv,off,0
违章04/违章04_t9.0_10_off.jpg,违章04,8.96,1075,298,1110,317,hsv,off,0
违章04/违章04_t9.0_11_off.jpg,违章04,8.96,1065,300,1076,312,hsv,off,0
违章04/违章04_t9.0_12_off.jpg,违章04,8.96,1032,303,1066,319,hsv,off,0
违章04/违章04_t9.0_16_off.jpg,违章04,8.96,1868,332,1920,464,hsv,off,0
违章04/违章04_t9.0_17_off.jpg,违章04,8.96,107,336,115,351,hsv,off,0
违章04/违章04_t9.0_18_off.jpg,违章04,8.96,726,338,761,353,hsv,off,0
违章04/违章04_t9.0_20_off.jpg,违章04,8.96,1104,456,1137,467,hsv,off,0
违章04/违章04_t9.0_22_off.jpg,违章04,8.96,1141,470,1370,548,hsv,off,0
违章04/违章04_t9.2_1_off.jpg,违章04,9.19,1268,155,1284,176,hsv,off,0
违章04/违章04_t9.2_2_off.jpg,违章04,9.19,1266,203,1284,254,hsv,off,0
违章04/违章04_t9.2_3_off.jpg,违章04,9.19,1284,215,1320,284,hsv,off,0
违章04/违章04_t9.2_4_off.jpg,违章04,9.19,0,239,91,319,hsv,off,0
违章04/违章04_t9.2_6_off.jpg,违章04,9.19,151,242,203,263,hsv,off,0
违章04/违章04_t9.2_7_off.jpg,违章04,9.19,226,243,236,258,hsv,off,0
违章04/违章04_t9.2_8_off.jpg,违章04,9.19,249,243,297,263,hsv,off,0
违章04/违章04_t9.2_9_off.jpg,违章04,9.19,216,244,246,269,hsv,off,0
违章04/违章04_t9.2_10_off.jpg,违章04,9.19,1431,257,1441,265,hsv,off,0
违章04/违章04_t9.2_11_off.jpg,违章04,9.19,1255,278,1269,299,hsv,off,0
违章04/违章04_t9.2_12_off.jpg,违章04,9.19,893,290,920,322,hsv,off,0
违章04/违章04_t9.2_13_off.jpg,违章04,9.19,1076,297,1132,316,hsv,off,0
违章04/违章04_t9.2_14_off.jpg,违章04,9.19,1065,300,1076,312,hsv,off,0
违章04/违章04_t9.2_15_off.jpg,违章04,9.19,1041,303,1052,314,hsv,off,0
违章04/违章04_t9.2_16_off.jpg,违章04,9.19,1052,302,1061,314,hsv,off,0
违章04/违章04_t9.2_18_off.jpg,违章04,9.19,805,336,822,346,hsv,off,0
违章04/违章04_t9.2_20_off.jpg,违章04,9.19,306,355,315,364,hsv,off,0
违章04/违章04_t9.2_23_off.jpg,违章04,9.19,117,421,210,505,hsv,off,0
违章04/违章04_t9.2_24_off.jpg,违章04,9.19,706,456,744,470,hsv,off,0
违章04/违章04_t9.2_26_off.jpg,违章04,9.19,1486,579,1554,600,hsv,off,0
违章04/违章04_t9.4_0_stand.jpg,违章04,9.43,1268,156,1284,177,hsv,stand,0
违章04/违章04_t9.4_1_off.jpg,违章04,9.43,1266,204,1284,256,hsv,off,0
违章04/违章04_t9.4_2_off.jpg,违章04,9.43,1284,216,1319,285,hsv,off,0
违章04/违章04_t9.4_3_off.jpg,违章04,9.43,229,234,259,250,hsv,off,0
违章04/违章04_t9.4_4_off.jpg,违章04,9.43,0,236,112,319,hsv,off,0
违章04/违章04_t9.4_5_off.jpg,违章04,9.43,171,240,222,260,hsv,off,0
违章04/违章04_t9.4_6_off.jpg,违章04,9.43,247,242,256,256,hsv,off,0
违章04/违章04_t9.4_7_off.jpg,违章04,9.43,268,242,317,261,hsv,off,0
违章04/违章04_t9.4_9_off.jpg,违章04,9.43,1254,280,1269,301,hsv,off,0
违章04/违章04_t9.4_10_off.jpg,违章04,9.43,904,291,919,313,hsv,off,0
违章04/违章04_t9.4_11_off.jpg,违章04,9.43,939,293,947,304,hsv,off,0
违章04/违章04_t9.4_13_off.jpg,违章04,9.43,1199,311,1235,322,hsv,off,0
违章04/违章04_t9.4_14_off.jpg,违章04,9.43,328,353,336,362,hsv,off,0
违章04/违章04_t9.4_15_off.jpg,违章04,9.43,1126,385,1139,393,hsv,off,0
违章04/违章04_t9.4_16_off.jpg,违章04,9.43,248,403,379,491,hsv,off,0
违章04/违章04_t9.4_18_off.jpg,违章04,9.43,138,419,208,505,hsv,off,0
违章04/违章04_t9.4_19_off.jpg,违章04,9.43,782,421,805,433,hsv,off,0
违章04/违章04_t9.4_20_off.jpg,违章04,9.43,623,424,633,433,hsv,off,0
违章04/违章04_t9.4_21_off.jpg,违章04,9.43,583,434,621,479,hsv,off,0
违章04/违章04_t9.4_22_off.jpg,违章04,9.43,724,455,765,470,hsv,off,0
违章04/违章04_t9.4_23_off.jpg,违章04,9.43,271,468,279,477,hsv,off,0
违章04/违章04_t9.4_26_off.jpg,违章04,9.43,1836,519,1920,565,hsv,off,0
违章04/违章04_t9.7_0_stand.jpg,违章04,9.66,1268,158,1284,178,hsv,stand,0
违章04/违章04_t9.7_1_off.jpg,违章04,9.66,1266,203,1285,257,hsv,off,0
违章04/违章04_t9.7_2_off.jpg,违章04,9.66,1282,217,1320,285,hsv,off,0
违章04/违章04_t9.7_3_off.jpg,违章04,9.66,0,233,129,320,hsv,off,0
违章04/违章04_t9.7_4_off.jpg,违章04,9.66,188,237,238,256,hsv,off,0
违章04/违章04_t9.7_5_off.jpg,违章04,9.66,1287,237,1295,246,hsv,off,0
违章04/违章04_t9.7_6_off.jpg,违章04,9.66,264,239,273,254,hsv,off,0
违章04/违章04_t9.7_7_off.jpg,违章04,9.66,285,239,334,258,hsv,off,0
违章04/违章04_t9.7_8_off.jpg,违章04,9.66,0,256,9,270,hsv,off,0
违章04/违章04_t9.7_11_off.jpg,违章04,9.66,903,291,920,326,hsv,off,0
违章04/违章04_t9.7_12_off.jpg,违章04,9.66,969,290,987,303,hsv,off,0
违章04/违章04_t9.7_15_off.jpg,违章04,9.66,0,326,21,345,hsv,off,0
违章04/违章04_t9.7_16_off.jpg,违章04,9.66,245,406,385,493,hsv,off,0
违章04/违章04_t9.7_18_off.jpg,违章04,9.66,155,419,207,504,hsv,off,0
违章04/违章04_t9.7_19_off.jpg,违章04,9.66,1538,428,1563,442,hsv,off,0
违章04/违章04_t9.7_20_off.jpg,违章04,9.66,1564,443,1629,481,hsv,off,0
违章04/违章04_t9.7_21_off.jpg,违章04,9.66,1465,450,1593,512,hsv,off,0
违章04/违章04_t9.7_22_off.jpg,违章04,9.66,1892,458,1920,467,hsv,off,0
违章04/违章04_t9.7_26_off.jpg,违章04,9.66,1635,487,1647,496,hsv,off,0
违章04/违章04_t9.7_27_off.jpg,违章04,9.66,1651,495,1680,518,hsv,off,0
违章04/违章04_t9.9_0_stand.jpg,违章04,9.9,1267,157,1286,179,hsv,stand,0
违章04/违章04_t9.9_1_off.jpg,违章04,9.9,1266,206,1285,257,hsv,off,0
违章04/违章04_t9.9_2_off.jpg,违章04,9.9,1284,217,1320,280,hsv,off,0
违章04/违章04_t9.9_3_off.jpg,违章04,9.9,0,231,143,320,hsv,off,0
违章04/违章04_t9.9_4_off.jpg,违章04,9.9,202,234,254,256,hsv,off,0
违章04/违章04_t9.9_5_off.jpg,违章04,9.9,279,237,288,252,hsv,off,0
违章04/违章04_t9.9_6_off.jpg,违章04,9.9,299,237,348,257,hsv,off,0
违章04/违章04_t9.9_8_off.jpg,违章04,9.9,1309,269,1317,279,hsv,off,0
违章04/违章04_t9.9_10_off.jpg,违章04,9.9,1011,286,1025,298,hsv,off,0
违章04/违章04_t9.9_11_off.jpg,违章04,9.9,903,291,920,330,hsv,off,0
违章04/违章04_t9.9_13_off.jpg,违章04,9.9,1061,303,1076,312,hsv,off,0
违章04/违章04_t9.9_14_off.jpg,违章04,9.9,1080,302,1105,311,hsv,off,0
违章04/违章04_t9.9_15_off.jpg,违章04,9.9,1040,306,1058,316,hsv,off,0
违章04/违章04_t9.9_16_off.jpg,违章04,9.9,4,325,34,346,hsv,off,0
违章04/违章04_t9.9_17_off.jpg,违章04,9.9,947,387,969,401,hsv,off,0
违章04/违章04_t9.9_18_off.jpg,违章04,9.9,1366,389,1378,397,hsv,off,0
违章04/违章04_t9.9_19_off.jpg,违章04,9.9,259,404,273,414,hsv,off,0
违章04/违章04_t9.9_20_off.jpg,违章04,9.9,246,406,384,496,hsv,off,0
违章04/违章04_t9.9_21_off.jpg,违章04,9.9,169,418,205,505,hsv,off,0
违章04/违章04_t9.9_23_off.jpg,违章04,9.9,1911,475,1920,504,hsv,off,0
违章04/违章04_t9.9_24_off.jpg,违章04,9.9,1897,528,1920,565,hsv,off,0
违章04/违章04_t10.1_0_stand.jpg,违章04,10.14,1267,160,1284,181,hsv,stand,0
违章04/违章04_t10.1_1_off.jpg,违章04,10.14,1901,168,1920,215,hsv,off,0
违章04/违章04_t10.1_2_off.jpg,违章04,10.14,1266,207,1286,259,hsv,off,0
违章04/违章04_t10.1_3_off.jpg,违章04,10.14,1286,220,1321,287,hsv,off,0
违章04/违章04_t10.1_4_off.jpg,违章04,10.14,0,230,156,320,hsv,off,0
违章04/违章04_t10.1_5_off.jpg,违章04,10.14,214,234,267,256,hsv,off,0
违章04/违章04_t10.1_6_off.jpg,违章04,10.14,292,236,300,252,hsv,off,0
违章04/违章04_t10.1_7_off.jpg,违章04,10.14,312,237,361,257,hsv,off,0
违章04/违章04_t10.1_8_off.jpg,违章04,10.14,279,238,311,263,hsv,off,0
违章04/违章04_t10.1_12_off.jpg,违章04,10.14,1255,282,1269,304,hsv,off,0
违章04/违章04_t10.1_13_off.jpg,违章04,10.14,1046,285,1063,297,hsv,off,0
违章04/违章04_t10.1_14_off.jpg,违章04,10.14,903,294,919,331,hsv,off,0
违章04/违章04_t10.1_16_off.jpg,违章04,10.14,1109,301,1134,310,hsv,off,0
违章04/违章04_t10.1_17_off.jpg,违章04,10.14,1061,305,1075,313,hsv,off,0
违章04/违章04_t10.1_18_off.jpg,违章04,10.14,1078,304,1108,315,hsv,off,0
违章04/违章04_t10.1_19_off.jpg,违章04,10.14,1040,308,1051,320,hsv,off,0
违章04/违章04_t10.1_20_off.jpg,违章04,10.14,5,325,45,349,hsv,off,0
违章04/违章04_t10.1_21_off.jpg,违章04,10.14,1296,332,1312,345,hsv,off,0
违章04/违章04_t10.1_23_off.jpg,违章04,10.14,1223,359,1240,368,hsv,off,0
违章04/违章04_t10.1_24_off.jpg,违章04,10.14,274,403,287,414,hsv,off,0
违章04/违章04_t10.1_25_off.jpg,违章04,10.14,248,409,384,499,hsv,off,0
违章04/违章04_t10.1_26_off.jpg,违章04,10.14,177,416,204,507,hsv,off,0
违章04/违章04_t10.1_27_off.jpg,违章04,10.14,1097,440,1122,449,hsv,off,0
违章04/违章04_t10.1_30_off.jpg,违章04,10.14,1843,532,1863,544,hsv,off,0
违章04/违章04_t10.4_1_off.jpg,违章04,10.37,1268,160,1286,182,hsv,off,0
违章04/违章04_t10.4_2_off.jpg,违章04,10.37,1267,209,1285,260,hsv,off,0
违章04/违章04_t10.4_3_off.jpg,违章04,10.37,1903,210,1920,226,hsv,off,0
违章04/违章04_t10.4_4_off.jpg,违章04,10.37,0,230,169,323,hsv,off,0
违章04/违章04_t10.4_5_off.jpg,违章04,10.37,226,234,278,256,hsv,off,0
违章04/违章04_t10.4_6_off.jpg,违章04,10.37,323,236,372,257,hsv,off,0
违章04/违章04_t10.4_7_off.jpg,违章04,10.37,1821,238,1865,251,hsv,off,0
违章04/违章04_t10.4_9_off.jpg,违章04,10.37,1084,283,1099,295,hsv,off,0
违章04/违章04_t10.4_10_off.jpg,违章04,10.37,1247,284,1269,306,hsv,off,0
违章04/违章04_t10.4_11_off.jpg,违章04,10.37,903,295,920,333,hsv,off,0
违章04/违章04_t10.4_12_off.jpg,违章04,10.37,1154,297,1166,307,hsv,off,0
违章04/违章04_t10.4_14_off.jpg,违章04,10.37,1066,305,1093,319,hsv,off,0
违章04/违章04_t10.4_16_off.jpg,违章04,10.37,1042,309,1066,324,hsv,off,0
违章04/违章04_t10.4_17_off.jpg,违章04,10.37,0,325,55,351,hsv,off,0
违章04/违章04_t10.4_18_off.jpg,违章04,10.37,1391,333,1417,349,hsv,off,0
违章04/违章04_t10.4_19_off.jpg,违章04,10.37,1361,334,1375,345,hsv,off,0
违章04/违章04_t10.4_20_off.jpg,违章04,10.37,1245,342,1258,350,hsv,off,0
违章04/违章04_t10.4_21_off.jpg,违章04,10.37,631,358,647,366,hsv,off,0
违章04/违章04_t10.4_22_off.jpg,违章04,10.37,1222,359,1243,368,hsv,off,0
违章04/违章04_t10.4_24_off.jpg,违章04,10.37,284,403,302,415,hsv,off,0
违章04/违章04_t10.4_26_off.jpg,违章04,10.37,1467,447,1512,464,hsv,off,0
违章04/违章04_t10.6_0_stand.jpg,违章04,10.61,1268,164,1283,184,hsv,stand,0
违章04/违章04_t10.6_1_off.jpg,违章04,10.61,1267,210,1321,291,hsv,off,0
违章04/违章04_t10.6_2_off.jpg,违章04,10.61,299,227,323,243,hsv,off,0
违章04/违章04_t10.6_3_off.jpg,违章04,10.61,0,230,176,325,hsv,off,0
违章04/违章04_t10.6_4_off.jpg,违章04,10.61,234,234,287,255,hsv,off,0
违章04/违章04_t10.6_5_off.jpg,违章04,10.61,297,235,380,264,hsv,off,0
违章04/违章04_t10.6_6_off.jpg,违章04,10.61,311,237,320,252,hsv,off,0
违章04/违章04_t10.6_8_off.jpg,违章04,10.61,1116,281,1131,294,hsv,off,0
违章04/违章04_t10.6_9_off.jpg,违章04,10.61,1255,286,1269,306,hsv,off,0
违章04/违章04_t10.6_10_off.jpg,违章04,10.61,903,297,920,334,hsv,off,0
违章04/违章04_t10.6_11_off.jpg,违章04,10.61,1154,299,1167,309,hsv,off,0
违章04/违章04_t10.6_14_off.jpg,违章04,10.61,1065,307,1076,318,hsv,off,0
违章04/违章04_t10.6_15_off.jpg,违章04,10.61,1076,307,1089,324,hsv,off,0
违章04/违章04_t10.6_16_off.jpg,违章04,10.61,1090,306,1116,320,hsv,off,0
违章04/违章04_t10.6_17_off.jpg,违章04,10.61,1040,311,1064,326,hsv,off,0
违章04/违章04_t10.6_18_off.jpg,违章04,10.61,4,326,62,351,hsv,off,0
违章04/违章04_t10.6_19_off.jpg,违章04,10.61,1251,342,1264,350,hsv,off,0
违章04/违章04_t10.6_20_off.jpg,违章04,10.61,640,359,657,367,hsv,off,0
违章04/违章04_t10.6_21_off.jpg,违章04,10.61,1227,359,1258,368,hsv,off,0
违章04/违章04_t10.6_22_off.jpg,违章04,10.61,505,388,515,396,hsv,off,0
违章04/违章04_t10.6_23_off.jpg,违章04,10.61,294,406,306,416,hsv,off,0
违章04/违章04_t10.6_24_off.jpg,违章04,10.61,1904,407,1920,422,hsv,off,0
违章04/违章04_t10.6_25_off.jpg,违章04,10.61,247,413,386,504,hsv,off,0
违章04/违章04_t10.6_26_off.jpg,违章04,10.61,334,471,342,479,hsv,off,0
违章04/违章04_t10.6_28_off.jpg,违章04,10.61,1580,530,1605,553,hsv,off,0
违章04/违章04_t10.8_0_stand.jpg,违章04,10.84,1268,163,1285,186,hsv,stand,0
违章04/违章04_t10.8_1_off.jpg,违章04,10.84,1267,212,1285,263,hsv,off,0
违章04/违章04_t10.8_2_off.jpg,违章04,10.84,1285,224,1321,293,hsv,off,0
违章04/违章04_t10.8_3_off.jpg,违章04,10.84,306,229,330,245,hsv,off,0
违章04/违章04_t10.8_4_off.jpg,违章04,10.84,0,230,183,326,hsv,off,0
违章04/违章04_t10.8_5_off.jpg,违章04,10.84,241,234,292,256,hsv,off,0
违章04/违章04_t10.8_6_off.jpg,违章04,10.84,318,239,328,252,hsv,off,0
违章04/违章04_t10.8_7_off.jpg,违章04,10.84,338,238,387,258,hsv,off,0
违章04/违章04_t10.8_8_off.jpg,违章04,10.84,140,260,158,268,hsv,off,0
违章04/违章04_t10.8_10_off.jpg,违章04,10.84,1144,280,1158,293,hsv,off,0
违章04/违章04_t10.8_11_off.jpg,违章04,10.84,1691,282,1711,291,hsv,off,0
违章04/违章04_t10.8_12_off.jpg,违章04,10.84,1245,287,1270,308,hsv,off,0
违章04/违章04_t10.8_13_off.jpg,违章04,10.84,903,299,920,336,hsv,off,0
违章04/违章04_t10.8_14_off.jpg,违章04,10.84,1117,305,1133,315,hsv,off,0
违章04/违章04_t10.8_15_off.jpg,违章04,10.84,1076,307,1110,326,hsv,off,0
违章04/违章04_t10.8_16_off.jpg,违章04,10.84,1065,310,1076,318,hsv,off,0
违章04/违章04_t10.8_17_off.jpg,违章04,10.84,1041,312,1062,326,hsv,off,0
违章04/违章04_t10.8_18_off.jpg,违章04,10.84,7,328,68,352,hsv,off,0
违章04/违章04_t10.8_20_off.jpg,违章04,10.84,1232,359,1262,370,hsv,off,0
违章04/违章04_t10.8_21_off.jpg,违章04,10.84,655,360,669,368,hsv,off,0
违章04/违章04_t10.8_22_off.jpg,违章04,10.84,539,388,548,396,hsv,off,0
违章04/违章04_t10.8_23_off.jpg,违章04,10.84,245,414,385,506,hsv,off,0
违章04/违章04_t11.1_0_stand.jpg,违章04,11.08,1268,166,1284,187,hsv,stand,0
违章04/违章04_t11.1_1_off.jpg,违章04,11.08,1267,216,1285,265,hsv,off,0
违章04/违章04_t11.1_3_off.jpg,违章04,11.08,1281,226,1320,295,hsv,off,0
违章04/违章04_t11.1_4_off.jpg,违章04,11.08,0,232,189,328,hsv,off,0
违章04/违章04_t11.1_5_off.jpg,违章04,11.08,249,235,297,257,hsv,off,0
违章04/违章04_t11.1_6_off.jpg,违章04,11.08,325,238,334,254,hsv,off,0
违章04/违章04_t11.1_7_off.jpg,违章04,11.08,349,239,393,259,hsv,off,0
违章04/违章04_t11.1_8_off.jpg,违章04,11.08,143,263,162,271,hsv,off,0
违章04/违章04_t11.1_10_off.jpg,违章04,11.08,1666,276,1698,305,hsv,off,0
违章04/违章04_t11.1_11_off.jpg,违章04,11.08,1168,280,1183,294,hsv,off,0
违章04/违章04_t11.1_12_off.jpg,违章04,11.08,1587,280,1609,310,hsv,off,0
违章04/违章04_t11.1_13_off.jpg,违章04,11.08,1246,289,1269,309,hsv,off,0
违章04/违章04_t11.1_15_off.jpg,违章04,11.08,903,300,920,337,hsv,off,0
违章04/违章04_t11.1_16_off.jpg,违章04,11.08,1104,307,1134,319,hsv,off,0
违章04/违章04_t11.1_17_off.jpg,违章04,11.08,1066,311,1077,320,hsv,off,0
违章04/违章04_t11.1_18_off.jpg,违章04,11.08,1076,310,1102,328,hsv,off,0
违章04/违章04_t11.1_19_off.jpg,违章04,11.08,1044,314,1067,327,hsv,off,0
违章04/违章04_t11.1_20_off.jpg,违章04,11.08,45,329,74,351,hsv,off,0
违章04/违章04_t11.1_22_off.jpg,违章04,11.08,1235,361,1266,371,hsv,off,0
违章04/违章04_t11.1_25_off.jpg,违章04,11.08,248,416,387,498,hsv,off,0
违章04/违章04_t11.3_0_stand.jpg,违章04,11.31,1269,167,1285,188,hsv,stand,0
违章04/违章04_t11.3_1_off.jpg,违章04,11.31,1652,175,1666,190,hsv,off,0
违章04/违章04_t11.3_2_off.jpg,违章04,11.31,1266,216,1285,266,hsv,off,0
违章04/违章04_t11.3_3_off.jpg,违章04,11.31,1788,218,1796,227,hsv,off,0
违章04/违章04_t11.3_4_off.jpg,违章04,11.31,0,233,194,328,hsv,off,0
违章04/违章04_t11.3_5_off.jpg,违章04,11.31,255,238,301,258,hsv,off,0
违章04/违章04_t11.3_6_off.jpg,违章04,11.31,330,241,338,256,hsv,off,0
违章04/违章04_t11.3_7_off.jpg,违章04,11.31,353,242,398,260,hsv,off,0
违章04/违章04_t11.3_10_off.jpg,违章04,11.31,1189,280,1206,293,hsv,off,0
违章04/违章04_t11.3_11_off.jpg,违章04,11.31,1552,282,1606,313,hsv,off,0
违章04/违章04_t11.3_12_off.jpg,违章04,11.31,1254,290,1269,310,hsv,off,0
违章04/违章04_t11.3_13_off.jpg,违章04,11.31,904,301,921,339,hsv,off,0
违章04/违章04_t11.3_14_off.jpg,违章04,11.31,1155,304,1164,313,hsv,off,0
违章04/违章04_t11.3_15_off.jpg,违章04,11.31,1111,309,1135,318,hsv,off,0
违章04/违章04_t11.3_16_off.jpg,违章04,11.31,1077,311,1105,329,hsv,off,0
违章04/违章04_t11.3_17_off.jpg,违章04,11.31,1067,313,1076,322,hsv,off,0
违章04/违章04_t11.3_18_off.jpg,违章04,11.31,1242,361,1266,372,hsv,off,0
违章04/违章04_t11.3_20_off.jpg,违章04,11.31,251,417,388,480,hsv,off,0
违章04/违章04_t11.6_0_stand.jpg,违章04,11.55,1268,169,1284,189,hsv,stand,0
违章04/违章04_t11.6_1_off.jpg,违章04,11.55,1557,188,1565,200,hsv,off,0
违章04/违章04_t11.6_2_off.jpg,违章04,11.55,1267,217,1285,267,hsv,off,0
违章04/违章04_t11.6_3_off.jpg,违章04,11.55,0,234,198,331,hsv,off,0
违章04/违章04_t11.6_5_off.jpg,违章04,11.55,258,239,304,259,hsv,off,0
违章04/违章04_t11.6_6_off.jpg,违章04,11.55,328,239,352,267,hsv,off,0
违章04/违章04_t11.6_7_off.jpg,违章04,11.55,332,241,341,256,hsv,off,0
违章04/违章04_t11.6_8_off.jpg,违章04,11.55,355,242,400,262,hsv,off,0
违章04/违章04_t11.6_9_off.jpg,违章04,11.55,1212,278,1232,292,hsv,off,0
违章04/违章04_t11.6_11_off.jpg,违章04,11.55,906,303,921,340,hsv,off,0
违章04/违章04_t11.6_12_off.jpg,违章04,11.55,1118,310,1135,319,hsv,off,0
违章04/违章04_t11.6_14_off.jpg,违章04,11.55,1082,312,1104,330,hsv,off,0
违章04/违章04_t11.6_15_off.jpg,违章04,11.55,22,331,81,356,hsv,off,0
违章04/违章04_t11.6_16_off.jpg,违章04,11.55,1392,340,1405,352,hsv,off,0
违章04/违章04_t11.6_18_off.jpg,违章04,11.55,1249,360,1276,374,hsv,off,0
违章04/违章04_t11.6_20_off.jpg,违章04,11.55,629,386,650,401,hsv,off,0
违章04/违章04_t11.8_0_off.jpg,违章04,11.79,1854,134,1920,219,hsv,off,0
违章04/违章04_t11.8_1_off.jpg,违章04,11.79,1662,167,1680,179,hsv,off,0
违章04/违章04_t11.8_2_stand.jpg,违章04,11.79,1269,169,1286,191,hsv,stand,0
违章04/违章04_t11.8_3_off.jpg,违章04,11.79,1561,180,1570,200,hsv,off,0
违章04/违章04_t11.8_4_off.jpg,违章04,11.79,0,235,200,330,hsv,off,0
违章04/违章04_t11.8_5_off.jpg,违章04,11.79,259,239,293,259,hsv,off,0
违章04/违章04_t11.8_6_off.jpg,违章04,11.79,294,240,306,258,hsv,off,0
违章04/违章04_t11.8_7_off.jpg,违章04,11.79,334,241,343,258,hsv,off,0
违章04/违章04_t11.8_9_off.jpg,违章04,11.79,355,243,402,262,hsv,off,0
违章04/违章04_t11.8_10_off.jpg,违章04,11.79,144,266,171,275,hsv,off,0
违章04/违章04_t11.8_11_off.jpg,违章04,11.79,1256,292,1272,306,hsv,off,0
违章04/违章04_t11.8_12_off.jpg,违章04,11.79,907,304,921,341,hsv,off,0
违章04/违章04_t11.8_13_off.jpg,违章04,11.79,1107,311,1136,325,hsv,off,0
违章04/违章04_t11.8_14_off.jpg,违章04,11.79,1082,313,1104,331,hsv,off,0
违章04/违章04_t11.8_16_off.jpg,违章04,11.79,23,333,82,354,hsv,off,0
违章04/违章04_t11.8_17_off.jpg,违章04,11.79,1281,344,1294,352,hsv,off,0
违章04/违章04_t11.8_18_off.jpg,违章04,11.79,1261,360,1286,375,hsv,off,0
违章04/违章04_t11.8_19_off.jpg,违章04,11.79,669,384,685,400,hsv,off,0
违章04/违章04_t12.0_0_off.jpg,违章04,12.02,1785,145,1806,181,hsv,off,0
违章04/违章04_t12.0_3_stand.jpg,违章04,12.02,1270,170,1287,191,hsv,stand,0
违章04/违章04_t12.0_4_off.jpg,违章04,12.02,1703,182,1805,243,hsv,off,0
违章04/违章04_t12.0_5_off.jpg,违章04,12.02,1855,183,1875,253,hsv,off,0
违章04/违章04_t12.0_6_off.jpg,违章04,12.02,1507,220,1566,264,hsv,off,0
违章04/违章04_t12.0_7_off.jpg,违章04,12.02,0,235,201,331,hsv,off,0
违章04/违章04_t12.0_8_off.jpg,违章04,12.02,259,240,294,259,hsv,off,0
违章04/违章04_t12.0_9_off.jpg,违章04,12.02,294,240,307,258,hsv,off,0
违章04/违章04_t12.0_10_off.jpg,违章04,12.02,356,244,402,262,hsv,off,0
违章04/违章04_t12.0_11_off.jpg,违章04,12.02,1656,277,1680,285,hsv,off,0
违章04/违章04_t12.0_13_off.jpg,违章04,12.02,908,304,922,342,hsv,off,0
违章04/违章04_t12.0_14_off.jpg,违章04,12.02,1108,312,1136,322,hsv,off,0
违章04/违章04_t12.0_15_off.jpg,违章04,12.02,1069,315,1078,323,hsv,off,0
违章04/违章04_t12.0_16_off.jpg,违章04,12.02,1079,315,1105,331,hsv,off,0
违章04/违章04_t12.0_18_off.jpg,违章04,12.02,1275,361,1298,375,hsv,off,0
违章04/违章04_t12.0_20_off.jpg,违章04,12.02,1727,361,1760,374,hsv,off,0
违章04/违章04_t12.0_21_off.jpg,违章04,12.02,1794,439,1814,480,hsv,off,0
违章04/违章04_t12.3_0_off.jpg,违章04,12.26,1585,140,1748,269,hsv,off,0
违章04/违章04_t12.3_1_stand.jpg,违章04,12.26,1271,171,1286,191,hsv,stand,0
违章04/违章04_t12.3_2_off.jpg,违章04,12.26,1412,231,1461,284,hsv,off,0
违章04/违章04_t12.3_3_off.jpg,违章04,12.26,318,233,344,251,hsv,off,0
违章04/违章04_t12.3_4_off.jpg,违章04,12.26,0,235,201,331,hsv,off,0
违章04/违章04_t12.3_5_off.jpg,违章04,12.26,260,240,306,258,hsv,off,0
违章04/违章04_t12.3_6_off.jpg,违章04,12.26,318,243,354,268,hsv,off,0
违章04/违章04_t12.3_7_off.jpg,违章04,12.26,357,243,401,262,hsv,off,0
违章04/违章04_t12.3_8_off.jpg,违章04,12.26,144,266,155,275,hsv,off,0
违章04/违章04_t12.3_13_off.jpg,违章04,12.26,909,305,923,342,hsv,off,0
违章04/违章04_t12.3_14_off.jpg,违章04,12.26,1108,306,1122,314,hsv,off,0
违章04/违章04_t12.3_15_off.jpg,违章04,12.26,54,334,83,353,hsv,off,0
违章04/违章04_t12.3_16_off.jpg,违章04,12.26,1315,345,1325,353,hsv,off,0
违章04/违章04_t12.3_17_off.jpg,违章04,12.26,1296,363,1315,374,hsv,off,0
违章04/违章04_t12.5_0_off.jpg,违章04,12.49,1478,153,1628,265,hsv,off,0
违章04/违章04_t12.5_1_stand.jpg,违章04,12.49,1271,169,1289,192,hsv,stand,0
违章04/违章04_t12.5_2_off.jpg,违章04,12.49,318,233,345,252,hsv,off,0
违章04/违章04_t12.5_3_off.jpg,违章04,12.49,67,235,200,321,hsv,off,0
违章04/违章04_t12.5_4_off.jpg,违章04,12.49,259,239,306,259,hsv,off,0
违章04/违章04_t12.5_5_off.jpg,违章04,12.49,320,239,352,268,hsv,off,0
违章04/违章04_t12.5_6_off.jpg,违章04,12.49,333,241,342,258,hsv,off,0
违章04/违章04_t12.5_7_off.jpg,违章04,12.49,355,243,401,262,hsv,off,0
违章04/违章04_t12.5_8_off.jpg,违章04,12.49,0,254,76,331,hsv,off,0
违章04/违章04_t12.5_10_off.jpg,违章04,12.49,1353,269,1367,281,hsv,off,0
违章04/违章04_t12.5_12_off.jpg,违章04,12.49,1258,294,1272,312,hsv,off,0
违章04/违章04_t12.5_13_off.jpg,违章04,12.49,909,305,924,342,hsv,off,0
违章04/违章04_t12.5_14_off.jpg,违章04,12.49,24,332,82,357,hsv,off,0
违章04/违章04_t12.5_15_off.jpg,违章04,12.49,1277,338,1302,346,hsv,off,0
违章04/违章04_t12.5_16_off.jpg,违章04,12.49,1396,343,1409,355,hsv,off,0
违章04/违章04_t12.5_19_off.jpg,违章04,12.49,633,548,665,569,hsv,off,0
违章04/违章04_t12.7_0_off.jpg,违章04,12.73,942,156,1272,314,hsv,off,0
违章04/违章04_t12.7_1_stand.jpg,违章04,12.73,1272,172,1288,192,hsv,stand,0
违章04/违章04_t12.7_2_off.jpg,违章04,12.73,260,240,276,248,hsv,off,0
违章04/违章04_t12.7_3_off.jpg,违章04,12.73,262,241,309,259,hsv,off,0
违章04/违章04_t12.7_4_off.jpg,违章04,12.73,335,242,344,258,hsv,off,0
违章04/违章04_t12.7_5_off.jpg,违章04,12.73,356,244,403,262,hsv,off,0
违章04/违章04_t12.7_8_off.jpg,违章04,12.73,1259,294,1274,313,hsv,off,0
违章04/违章04_t12.7_9_off.jpg,违章04,12.73,909,306,925,343,hsv,off,0
违章04/违章04_t12.7_11_off.jpg,违章04,12.73,25,333,83,358,hsv,off,0
违章04/违章04_t12.7_13_off.jpg,违章04,12.73,1104,431,1118,441,hsv,off,0
违章04/违章04_t12.7_14_off.jpg,违章04,12.73,708,436,724,445,hsv,off,0
违章04/违章04_t12.7_15_off.jpg,违章04,12.73,1127,442,1145,455,hsv,off,0
违章04/违章04_t12.7_17_off.jpg,违章04,12.73,641,468,689,484,hsv,off,0
违章04/违章04_t12.7_18_off.jpg,违章04,12.73,93,549,108,569,hsv,off,0
违章04/违章04_t13.0_0_stand.jpg,违章04,12.96,1272,173,1288,193,hsv,stand,0
违章04/违章04_t13.0_1_off.jpg,违章04,12.96,1271,181,1419,308,hsv,off,0
违章04/违章04_t13.0_2_off.jpg,违章04,12.96,0,235,201,332,hsv,off,0
违章04/违章04_t13.0_3_off.jpg,违章04,12.96,261,240,311,260,hsv,off,0
违章04/违章04_t13.0_4_off.jpg,违章04,12.96,355,243,404,263,hsv,off,0
违章04/违章04_t13.0_5_off.jpg,违章04,12.96,336,244,344,258,hsv,off,0
违章04/违章04_t13.0_11_off.jpg,违章04,12.96,910,307,924,319,hsv,off,0
违章04/违章04_t13.0_12_off.jpg,违章04,12.96,56,335,85,354,hsv,off,0
违章04/违章04_t13.0_14_off.jpg,违章04,12.96,1812,365,1920,404,hsv,off,0
违章04/违章04_t13.0_15_off.jpg,违章04,12.96,256,410,268,419,hsv,off,0
违章04/违章04_t13.0_17_off.jpg,违章04,12.96,733,423,756,435,hsv,off,0
违章04/违章04_t13.0_18_off.jpg,违章04,12.96,686,461,725,477,hsv,off,0
违章04/违章04_t13.0_19_off.jpg,违章04,12.96,213,545,232,571,hsv,off,0
违章04/违章04_t13.2_0_off.jpg,违章04,13.2,1076,157,1272,303,hsv,off,0
违章04/违章04_t13.2_1_stand.jpg,违章04,13.2,1274,174,1290,193,hsv,stand,0
违章04/违章04_t13.2_2_off.jpg,违章04,13.2,0,236,204,332,hsv,off,0
违章04/违章04_t13.2_3_off.jpg,违章04,13.2,261,240,309,262,hsv,off,0
违章04/违章04_t13.2_4_off.jpg,违章04,13.2,337,243,346,259,hsv,off,0
违章04/违章04_t13.2_5_off.jpg,违章04,13.2,360,245,405,263,hsv,off,0
违章04/违章04_t13.2_8_off.jpg,违章04,13.2,1458,260,1477,277,hsv,off,0
违章04/违章04_t13.2_9_off.jpg,违章04,13.2,153,266,174,275,hsv,off,0
违章04/违章04_t13.2_10_off.jpg,违章04,13.2,1039,272,1073,296,hsv,off,0
违章04/违章04_t13.2_12_off.jpg,违章04,13.2,943,280,988,298,hsv,off,0
违章04/违章04_t13.2_13_off.jpg,违章04,13.2,784,292,852,329,hsv,off,0
违章04/违章04_t13.2_16_off.jpg,违章04,13.2,759,298,783,331,hsv,off,0
违章04/违章04_t13.2_17_off.jpg,违章04,13.2,1260,301,1268,311,hsv,off,0
违章04/违章04_t13.2_18_off.jpg,违章04,13.2,911,307,924,316,hsv,off,0
违章04/违章04_t13.2_19_off.jpg,违章04,13.2,57,334,86,355,hsv,off,0
违章04/违章04_t13.2_20_off.jpg,违章04,13.2,1668,340,1689,353,hsv,off,0
违章04/违章04_t13.2_23_off.jpg,违章04,13.2,790,421,812,436,hsv,off,0
违章04/违章04_t13.2_24_off.jpg,违章04,13.2,726,463,768,480,hsv,off,0
违章04/违章04_t13.2_26_off.jpg,违章04,13.2,340,540,367,582,hsv,off,0
违章04/违章04_t13.4_0_stand.jpg,违章04,13.44,1076,158,1274,299,hsv,stand,0
违章04/违章04_t13.4_1_off.jpg,违章04,13.44,1274,173,1290,194,hsv,off,0
违章04/违章04_t13.4_2_off.jpg,违章04,13.44,1272,221,1290,272,hsv,off,0
违章04/违章04_t13.4_3_off.jpg,违章04,13.44,321,234,351,251,hsv,off,0
违章04/违章04_t13.4_4_off.jpg,违章04,13.44,0,236,204,332,hsv,off,0
违章04/违章04_t13.4_5_off.jpg,违章04,13.44,263,242,298,260,hsv,off,0
违章04/违章04_t13.4_6_off.jpg,违章04,13.44,298,243,309,258,hsv,off,0
违章04/违章04_t13.4_7_off.jpg,违章04,13.44,338,243,346,258,hsv,off,0
违章04/违章04_t13.4_8_off.jpg,违章04,13.44,361,244,406,263,hsv,off,0
违章04/违章04_t13.4_10_off.jpg,违章04,13.44,1497,257,1512,271,hsv,off,0
违章04/违章04_t13.4_12_off.jpg,违章04,13.44,1033,274,1063,295,hsv,off,0
违章04/违章04_t13.4_14_off.jpg,违章04,13.44,954,281,985,297,hsv,off,0
违章04/违章04_t13.4_15_off.jpg,违章04,13.44,712,303,730,329,hsv,off,0
违章04/违章04_t13.4_16_off.jpg,违章04,13.44,688,304,711,337,hsv,off,0
违章04/违章04_t13.4_17_off.jpg,违章04,13.44,911,307,925,333,hsv,off,0
违章04/违章04_t13.4_18_off.jpg,违章04,13.44,27,333,88,355,hsv,off,0
违章04/违章04_t13.4_19_off.jpg,违章04,13.44,818,350,832,365,hsv,off,0
违章04/违章04_t13.4_20_off.jpg,违章04,13.44,1811,359,1920,428,hsv,off,0
违章04/违章04_t13.4_21_off.jpg,违章04,13.44,1718,364,1768,394,hsv,off,0
违章04/违章04_t13.4_22_off.jpg,违章04,13.44,692,377,711,418,hsv,off,0
违章04/违章04_t13.4_24_off.jpg,违章04,13.44,835,424,858,436,hsv,off,0
违章04/违章04_t13.4_25_off.jpg,违章04,13.44,771,463,810,478,hsv,off,0
违章04/违章04_t13.4_26_off.jpg,违章04,13.44,688,575,718,592,hsv,off,0
违章04/违章04_t13.4_27_off.jpg,违章04,13.44,0,624,83,654,hsv,off,0
违章04/违章04_t13.7_0_stand.jpg,违章04,13.67,1236,158,1275,274,hsv,stand,0
违章04/违章04_t13.7_1_off.jpg,违章04,13.67,1275,172,1292,193,hsv,off,0
违章04/违章04_t13.7_2_off.jpg,违章04,13.67,987,219,1142,300,hsv,off,0
违章04/违章04_t13.7_3_off.jpg,违章04,13.67,1273,222,1290,270,hsv,off,0
违章04/违章04_t13.7_4_off.jpg,违章04,13.67,321,235,350,250,hsv,off,0
违章04/违章04_t13.7_5_off.jpg,违章04,13.67,0,236,203,332,hsv,off,0
违章04/违章04_t13.7_6_off.jpg,违章04,13.67,264,241,297,260,hsv,off,0
违章04/违章04_t13.7_7_off.jpg,违章04,13.67,298,243,310,258,hsv,off,0
违章04/违章04_t13.7_8_off.jpg,违章04,13.67,338,242,346,258,hsv,off,0
违章04/违章04_t13.7_9_off.jpg,违章04,13.67,362,243,406,263,hsv,off,0
违章04/违章04_t13.7_10_off.jpg,违章04,13.67,325,244,357,269,hsv,off,0
违章04/违章04_t13.7_14_off.jpg,违章04,13.67,944,282,980,298,hsv,off,0
违章04/违章04_t13.7_15_off.jpg,违章04,13.67,829,292,865,326,hsv,off,0
违章04/违章04_t13.7_17_off.jpg,违章04,13.67,802,296,824,329,hsv,off,0
违章04/违章04_t13.7_18_off.jpg,违章04,13.67,763,298,802,332,hsv,off,0
违章04/违章04_t13.7_19_off.jpg,违章04,13.67,641,304,729,353,hsv,off,0
违章04/违章04_t13.7_20_off.jpg,违章04,13.67,912,307,927,344,hsv,off,0
违章04/违章04_t13.7_21_off.jpg,违章04,13.67,620,311,638,343,hsv,off,0
违章04/违章04_t13.7_22_off.jpg,违章04,13.67,58,333,87,355,hsv,off,0
违章04/违章04_t13.7_23_off.jpg,违章04,13.67,1714,362,1768,385,hsv,off,0
违章04/违章04_t13.7_25_off.jpg,违章04,13.67,800,408,821,419,hsv,off,0
违章04/违章04_t13.7_26_off.jpg,违章04,13.67,260,410,269,419,hsv,off,0
违章04/违章04_t13.7_29_off.jpg,违章04,13.67,881,476,903,500,hsv,off,0
违章04/违章04_t13.7_30_off.jpg,违章04,13.67,809,568,836,581,hsv,off,0
违章04/违章04_t13.7_32_off.jpg,违章04,13.67,18,623,32,631,hsv,off,0
违章04/违章04_t13.7_33_off.jpg,违章04,13.67,50,627,162,662,hsv,off,0
违章04/违章04_t13.7_34_off.jpg,违章04,13.67,0,640,14,674,hsv,off,0
违章04/违章04_t13.9_0_stand.jpg,违章04,13.91,1236,155,1275,277,hsv,stand,0
违章04/违章04_t13.9_1_off.jpg,违章04,13.91,1276,172,1292,193,hsv,off,0
违章04/违章04_t13.9_2_off.jpg,违章04,13.91,1273,221,1291,272,hsv,off,0
违章04/违章04_t13.9_3_off.jpg,违章04,13.91,944,229,1056,294,hsv,off,0
违章04/违章04_t13.9_4_off.jpg,违章04,13.91,0,236,205,332,hsv,off,0
违章04/违章04_t13.9_6_off.jpg,违章04,13.91,264,240,311,261,hsv,off,0
违章04/违章04_t13.9_7_off.jpg,违章04,13.91,338,243,348,259,hsv,off,0
违章04/违章04_t13.9_8_off.jpg,违章04,13.91,363,243,407,263,hsv,off,0
违章04/违章04_t13.9_11_off.jpg,违章04,13.91,900,289,913,301,hsv,off,0
违章04/违章04_t13.9_12_off.jpg,违章04,13.91,867,290,893,320,hsv,off,0
违章04/违章04_t13.9_13_off.jpg,违章04,13.91,1262,295,1276,314,hsv,off,0
违章04/违章04_t13.9_15_off.jpg,违章04,13.91,790,297,819,330,hsv,off,0
违章04/违章04_t13.9_17_off.jpg,违章04,13.91,759,301,781,334,hsv,off,0
违章04/违章04_t13.9_18_off.jpg,违章04,13.91,913,308,927,344,hsv,off,0
违章04/违章04_t13.9_20_off.jpg,违章04,13.91,576,318,601,348,hsv,off,0
违章04/违章04_t13.9_21_off.jpg,违章04,13.91,555,320,572,350,hsv,off,0
违章04/违章04_t13.9_22_off.jpg,违章04,13.91,60,335,89,353,hsv,off,0
违章04/违章04_t13.9_23_off.jpg,违章04,13.91,1473,382,1482,396,hsv,off,0
违章04/违章04_t13.9_24_off.jpg,违章04,13.91,260,411,270,419,hsv,off,0
违章04/违章04_t13.9_29_off.jpg,违章04,13.91,60,612,150,642,hsv,off,0
违章04/违章04_t13.9_30_off.jpg,违章04,13.91,151,613,169,623,hsv,off,0
违章04/违章04_t13.9_31_off.jpg,违章04,13.91,136,628,244,664,hsv,off,0
违章04/违章04_t13.9_32_off.jpg,违章04,13.91,0,642,96,696,hsv,off,0
违章04/违章04_t14.1_0_stand.jpg,违章04,14.14,1237,158,1276,276,hsv,stand,0
违章04/违章04_t14.1_1_off.jpg,违章04,14.14,1276,175,1291,193,hsv,off,0
违章04/违章04_t14.1_2_off.jpg,违章04,14.14,1274,221,1293,272,hsv,off,0
违章04/违章04_t14.1_3_off.jpg,违章04,14.14,0,236,206,332,hsv,off,0
违章04/违章04_t14.1_4_off.jpg,违章04,14.14,265,241,312,260,hsv,off,0
违章04/违章04_t14.1_5_off.jpg,违章04,14.14,745,240,910,413,hsv,off,0
违章04/违章04_t14.1_6_off.jpg,违章04,14.14,363,244,408,264,hsv,off,0
违章04/违章04_t14.1_7_off.jpg,违章04,14.14,942,246,965,268,hsv,off,0
违章04/违章04_t14.1_8_off.jpg,违章04,14.14,1604,247,1621,261,hsv,off,0
违章04/违章04_t14.1_11_off.jpg,违章04,14.14,946,287,966,299,hsv,off,0
违章04/违章04_t14.1_13_off.jpg,违章04,14.14,1263,296,1277,315,hsv,off,0
违章04/违章04_t14.1_14_off.jpg,违章04,14.14,713,307,729,336,hsv,off,0
违章04/违章04_t14.1_15_off.jpg,违章04,14.14,678,308,709,340,hsv,off,0
违章04/违章04_t14.1_16_off.jpg,违章04,14.14,914,308,928,344,hsv,off,0
违章04/违章04_t14.1_17_off.jpg,违章04,14.14,654,312,672,343,hsv,off,0
违章04/违章04_t14.1_18_off.jpg,违章04,14.14,507,325,536,354,hsv,off,0
违章04/违章04_t14.1_19_off.jpg,违章04,14.14,492,328,504,347,hsv,off,0
违章04/违章04_t14.1_20_off.jpg,违章04,14.14,59,335,89,354,hsv,off,0
违章04/违章04_t14.1_22_off.jpg,违章04,14.14,574,370,594,392,hsv,off,0
违章04/违章04_t14.1_23_off.jpg,违章04,14.14,1318,372,1328,381,hsv,off,0
违章04/违章04_t14.1_24_off.jpg,违章04,14.14,258,410,464,506,hsv,off,0
违章04/违章04_t14.1_29_off.jpg,违章04,14.14,148,610,258,645,hsv,off,0
违章04/违章04_t14.1_30_off.jpg,违章04,14.14,224,631,330,668,hsv,off,0
违章04/违章04_t14.1_31_off.jpg,违章04,14.14,0,644,186,713,hsv,off,0
违章04/违章04_t14.4_0_stand.jpg,违章04,14.38,1237,158,1276,277,hsv,stand,0
违章04/违章04_t14.4_1_off.jpg,违章04,14.38,1277,172,1294,193,hsv,off,0
违章04/违章04_t14.4_2_off.jpg,违章04,14.38,1274,222,1293,272,hsv,off,0
违章04/违章04_t14.4_3_off.jpg,违章04,14.38,265,241,300,261,hsv,off,0
违章04/违章04_t14.4_4_off.jpg,违章04,14.38,300,241,312,259,hsv,off,0
违章04/违章04_t14.4_5_off.jpg,违章04,14.38,340,243,348,260,hsv,off,0
违章04/违章04_t14.4_6_off.jpg,违章04,14.38,1639,243,1657,258,hsv,off,0
违章04/违章04_t14.4_7_off.jpg,违章04,14.38,361,245,408,263,hsv,off,0
违章04/违章04_t14.4_8_off.jpg,违章04,14.38,765,250,889,392,hsv,off,0
违章04/违章04_t14.4_9_off.jpg,违章04,14.38,163,266,180,274,hsv,off,0
违章04/违章04_t14.4_10_off.jpg,违章04,14.38,1263,296,1277,315,hsv,off,0
违章04/违章04_t14.4_11_off.jpg,违章04,14.38,914,308,928,344,hsv,off,0
违章04/违章04_t14.4_12_off.jpg,违章04,14.38,637,313,664,345,hsv,off,0
违章04/违章04_t14.4_13_off.jpg,违章04,14.38,605,317,625,347,hsv,off,0
违章04/违章04_t14.4_14_off.jpg,违章04,14.38,566,321,578,329,hsv,off,0
违章04/违章04_t14.4_15_off.jpg,违章04,14.38,582,320,599,348,hsv,off,0
违章04/违章04_t14.4_16_off.jpg,违章04,14.38,514,323,579,367,hsv,off,0
违章04/违章04_t14.4_17_off.jpg,违章04,14.38,505,326,526,351,hsv,off,0
违章04/违章04_t14.4_18_off.jpg,违章04,14.38,477,329,497,351,hsv,off,0
违章04/违章04_t14.4_19_off.jpg,违章04,14.38,457,332,470,360,hsv,off,0
违章04/违章04_t14.4_20_off.jpg,违章04,14.38,61,335,87,355,hsv,off,0
违章04/违章04_t14.4_21_off.jpg,违章04,14.38,1406,345,1425,360,hsv,off,0
违章04/违章04_t14.4_22_off.jpg,违章04,14.38,1372,347,1388,355,hsv,off,0
违章04/违章04_t14.4_23_off.jpg,违章04,14.38,425,357,433,367,hsv,off,0
违章04/违章04_t14.4_24_off.jpg,违章04,14.38,474,356,485,370,hsv,off,0
违章04/违章04_t14.4_25_off.jpg,违章04,14.38,1374,358,1384,366,hsv,off,0
违章04/违章04_t14.4_26_off.jpg,违章04,14.38,257,411,466,495,hsv,off,0
违章04/违章04_t14.4_27_off.jpg,违章04,14.38,243,611,351,648,hsv,off,0
违章04/违章04_t14.4_28_off.jpg,违章04,14.38,316,632,417,672,hsv,off,0
违章04/违章04_t14.4_29_off.jpg,违章04,14.38,86,646,281,719,hsv,off,0
违章04/违章04_t14.4_30_off.jpg,违章04,14.38,1428,664,1459,676,hsv,off,0
违章04/违章04_t14.6_0_stand.jpg,违章04,14.61,1238,158,1276,276,hsv,stand,0
违章04/违章04_t14.6_1_off.jpg,违章04,14.61,1277,173,1294,194,hsv,off,0
违章04/违章04_t14.6_2_off.jpg,违章04,14.61,1275,223,1293,272,hsv,off,0
违章04/违章04_t14.6_3_off.jpg,违章04,14.61,0,237,206,332,hsv,off,0
违章04/违章04_t14.6_4_off.jpg,违章04,14.61,266,241,312,261,hsv,off,0
违章04/违章04_t14.6_5_off.jpg,违章04,14.61,1673,241,1688,254,hsv,off,0
违章04/违章04_t14.6_6_off.jpg,违章04,14.61,362,244,408,265,hsv,off,0
违章04/违章04_t14.6_7_off.jpg,违章04,14.61,659,261,738,341,hsv,off,0
违章04/违章04_t14.6_8_off.jpg,违章04,14.61,769,265,805,288,hsv,off,0
违章04/违章04_t14.6_11_off.jpg,违章04,14.61,1264,296,1278,315,hsv,off,0
违章04/违章04_t14.6_13_off.jpg,违章04,14.61,914,307,929,344,hsv,off,0
违章04/违章04_t14.6_14_off.jpg,违章04,14.61,569,322,590,352,hsv,off,0
违章04/违章04_t14.6_15_off.jpg,违章04,14.61,537,325,555,353,hsv,off,0
违章04/违章04_t14.6_16_off.jpg,违章04,14.61,515,328,531,345,hsv,off,0
违章04/违章04_t14.6_17_off.jpg,违章04,14.61,62,336,87,353,hsv,off,0
违章04/违章04_t14.6_18_off.jpg,违章04,14.61,488,338,505,359,hsv,off,0
违章04/违章04_t14.6_19_off.jpg,违章04,14.61,1406,345,1425,360,hsv,off,0
违章04/违章04_t14.6_20_off.jpg,违章04,14.61,1374,347,1388,355,hsv,off,0
违章04/违章04_t14.6_22_off.jpg,违章04,14.61,1376,358,1386,366,hsv,off,0
违章04/违章04_t14.6_23_off.jpg,违章04,14.61,1566,359,1773,424,hsv,off,0
违章04/违章04_t14.6_24_off.jpg,违章04,14.61,859,374,869,385,hsv,off,0
违章04/违章04_t14.6_25_off.jpg,违章04,14.61,795,403,817,412,hsv,off,0
违章04/违章04_t14.6_26_off.jpg,违章04,14.61,343,619,444,653,hsv,off,0
违章04/违章04_t14.6_27_off.jpg,违章04,14.61,411,636,508,679,hsv,off,0
违章04/违章04_t14.6_28_off.jpg,违章04,14.61,266,638,303,663,hsv,off,0
违章04/违章04_t14.8_0_stand.jpg,违章04,14.85,1238,158,1277,277,hsv,stand,0
违章04/违章04_t14.8_1_off.jpg,违章04,14.85,1277,174,1293,194,hsv,off,0
违章04/违章04_t14.8_2_off.jpg,违章04,14.85,1275,222,1294,272,hsv,off,0
违章04/违章04_t14.8_3_off.jpg,违章04,14.85,1295,234,1329,303,hsv,off,0
违章04/违章04_t14.8_4_off.jpg,违章04,14.85,1703,237,1719,252,hsv,off,0
违章04/违章04_t14.8_5_off.jpg,违章04,14.85,0,238,206,333,hsv,off,0
违章04/违章04_t14.8_6_off.jpg,违章04,14.85,266,242,313,262,hsv,off,0
违章04/违章04_t14.8_7_off.jpg,违章04,14.85,340,244,350,261,hsv,off,0
违章04/违章04_t14.8_8_off.jpg,违章04,14.85,362,244,409,265,hsv,off,0
违章04/违章04_t14.8_9_off.jpg,违章04,14.85,588,272,732,412,hsv,off,0
违章04/违章04_t14.8_11_off.jpg,违章04,14.85,1264,296,1278,316,hsv,off,0
违章04/违章04_t14.8_12_off.jpg,违章04,14.85,914,309,930,345,hsv,off,0
违章04/违章04_t14.8_13_off.jpg,违章04,14.85,531,327,546,341,hsv,off,0
违章04/违章04_t14.8_14_off.jpg,违章04,14.85,501,330,520,359,hsv,off,0
违章04/违章04_t14.8_15_off.jpg,违章04,14.85,471,333,487,361,hsv,off,0
违章04/违章04_t14.8_16_off.jpg,违章04,14.85,62,335,90,355,hsv,off,0
违章04/违章04_t14.8_17_off.jpg,违章04,14.85,42,344,51,356,hsv,off,0
违章04/违章04_t14.8_18_off.jpg,违章04,14.85,1399,345,1425,361,hsv,off,0
违章04/违章04_t14.8_19_off.jpg,违章04,14.85,1376,348,1390,356,hsv,off,0
违章04/违章04_t14.8_20_off.jpg,违章04,14.85,1815,353,1920,413,hsv,off,0
违章04/违章04_t14.8_21_off.jpg,违章04,14.85,426,356,434,369,hsv,off,0
违章04/违章04_t14.8_22_off.jpg,违章04,14.85,408,363,420,372,hsv,off,0
违章04/违章04_t14.8_23_off.jpg,违章04,14.85,865,374,875,390,hsv,off,0
违章04/违章04_t14.8_24_off.jpg,违章04,14.85,825,381,849,393,hsv,off,0
违章04/违章04_t14.8_25_off.jpg,违章04,14.85,370,641,397,670,hsv,off,0
违章04/违章04_t14.8_26_off.jpg,违章04,14.85,513,640,603,685,hsv,off,0
违章04/违章04_t15.1_0_stand.jpg,违章04,15.09,1238,160,1277,277,hsv,stand,0
违章04/违章04_t15.1_1_off.jpg,违章04,15.09,1277,175,1293,195,hsv,off,0
违章04/违章04_t15.1_2_off.jpg,违章04,15.09,1275,220,1294,273,hsv,off,0
违章04/违章04_t15.1_3_off.jpg,违章04,15.09,1728,235,1746,250,hsv,off,0
违章04/违章04_t15.1_4_off.jpg,违章04,15.09,0,238,207,334,hsv,off,0
违章04/违章04_t15.1_5_off.jpg,违章04,15.09,267,242,301,263,hsv,off,0
违章04/违章04_t15.1_6_off.jpg,违章04,15.09,302,244,313,260,hsv,off,0
违章04/违章04_t15.1_7_off.jpg,违章04,15.09,340,245,350,261,hsv,off,0
违章04/违章04_t15.1_8_off.jpg,违章04,15.09,362,246,409,265,hsv,off,0
违章04/违章04_t15.1_9_off.jpg,违章04,15.09,330,262,338,271,hsv,off,0
违章04/违章04_t15.1_10_off.jpg,违章04,15.09,161,268,180,276,hsv,off,0
违章04/违章04_t15.1_11_off.jpg,违章04,15.09,517,280,664,376,hsv,off,0
违章04/违章04_t15.1_13_off.jpg,违章04,15.09,1264,297,1278,318,hsv,off,0
违章04/违章04_t15.1_15_off.jpg,违章04,15.09,914,309,929,345,hsv,off,0
违章04/违章04_t15.1_16_off.jpg,违章04,15.09,40,335,58,350,hsv,off,0
违章04/违章04_t15.1_17_off.jpg,违章04,15.09,463,334,477,361,hsv,off,0
违章04/违章04_t15.1_18_off.jpg,违章04,15.09,62,336,90,352,hsv,off,0
违章04/违章04_t15.1_19_off.jpg,违章04,15.09,1398,346,1426,362,hsv,off,0
违章04/违章04_t15.1_20_off.jpg,违章04,15.09,1376,348,1392,359,hsv,off,0
违章04/违章04_t15.1_21_off.jpg,违章04,15.09,1805,353,1920,481,hsv,off,0
违章04/违章04_t15.1_22_off.jpg,违章04,15.09,0,358,30,368,hsv,off,0
违章04/违章04_t15.1_23_off.jpg,违章04,15.09,426,360,434,370,hsv,off,0
违章04/违章04_t15.1_24_off.jpg,违章04,15.09,868,374,878,390,hsv,off,0
违章04/违章04_t15.1_25_off.jpg,违章04,15.09,818,381,849,394,hsv,off,0
违章04/违章04_t15.1_27_off.jpg,违章04,15.09,624,644,707,692,hsv,off,0
违章04/违章04_t15.1_28_off.jpg,违章04,15.09,481,646,506,679,hsv,off,0
违章04/违章04_t15.3_0_stand.jpg,违章04,15.32,1238,162,1278,278,hsv,stand,0
违章04/违章04_t15.3_1_off.jpg,违章04,15.32,1278,175,1294,195,hsv,off,0
违章04/违章04_t15.3_3_off.jpg,违章04,15.32,1275,224,1294,274,hsv,off,0
违章04/违章04_t15.3_4_off.jpg,违章04,15.32,1749,233,1768,248,hsv,off,0
违章04/违章04_t15.3_5_off.jpg,违章04,15.32,0,238,207,334,hsv,off,0
违章04/违章04_t15.3_6_off.jpg,违章04,15.32,266,243,315,263,hsv,off,0
违章04/违章04_t15.3_7_off.jpg,违章04,15.32,340,247,350,261,hsv,off,0
违章04/违章04_t15.3_8_off.jpg,违章04,15.32,364,247,408,266,hsv,off,0
违章04/违章04_t15.3_10_off.jpg,违章04,15.32,463,290,591,373,hsv,off,0
违章04/违章04_t15.3_11_off.jpg,违章04,15.32,1264,297,1278,319,hsv,off,0
违章04/违章04_t15.3_13_off.jpg,违章04,15.32,913,309,930,346,hsv,off,0
违章04/违章04_t15.3_15_off.jpg,违章04,15.32,1398,346,1426,362,hsv,off,0
违章04/违章04_t15.3_16_off.jpg,违章04,15.32,1810,352,1920,481,hsv,off,0
违章04/违章04_t15.3_17_off.jpg,违章04,15.32,867,375,878,392,hsv,off,0
违章04/违章04_t15.3_18_off.jpg,违章04,15.32,825,381,849,394,hsv,off,0
违章04/违章04_t15.3_20_off.jpg,违章04,15.32,606,651,631,687,hsv,off,0
违章04/违章04_t15.3_21_off.jpg,违章04,15.32,746,650,823,699,hsv,off,0
违章04/违章04_t15.6_0_stand.jpg,违章04,15.56,1238,161,1278,279,hsv,stand,0
违章04/违章04_t15.6_1_off.jpg,违章04,15.56,1278,176,1293,197,hsv,off,0
违章04/违章04_t15.6_3_off.jpg,违章04,15.56,1275,225,1294,275,hsv,off,0
违章04/违章04_t15.6_4_off.jpg,违章04,15.56,1767,233,1786,248,hsv,off,0
违章04/违章04_t15.6_5_off.jpg,违章04,15.56,327,239,353,253,hsv,off,0
违章04/违章04_t15.6_6_off.jpg,违章04,15.56,267,244,317,264,hsv,off,0
违章04/违章04_t15.6_7_off.jpg,违章04,15.56,341,246,350,263,hsv,off,0
违章04/违章04_t15.6_8_off.jpg,违章04,15.56,362,247,409,267,hsv,off,0
违章04/违章04_t15.6_9_off.jpg,违章04,15.56,332,249,360,272,hsv,off,0
违章04/违章04_t15.6_11_off.jpg,违章04,15.56,1264,299,1279,318,hsv,off,0
违章04/违章04_t15.6_12_off.jpg,违章04,15.56,914,310,930,347,hsv,off,0
违章04/违章04_t15.6_14_off.jpg,违章04,15.56,1399,348,1426,363,hsv,off,0
违章04/违章04_t15.6_15_off.jpg,违章04,15.56,1814,352,1920,481,hsv,off,0
违章04/违章04_t15.6_16_off.jpg,违章04,15.56,868,376,879,393,hsv,off,0
违章04/违章04_t15.6_17_off.jpg,违章04,15.56,822,382,850,395,hsv,off,0
违章04/违章04_t15.6_19_off.jpg,违章04,15.56,665,627,915,773,hsv,off,0
违章04/违章04_t15.6_20_off.jpg,违章04,15.56,883,657,950,708,hsv,off,0
违章04/违章04_t15.6_21_off.jpg,违章04,15.56,937,678,955,688,hsv,off,0
违章04/违章04_t15.8_0_stand.jpg,违章04,15.79,1238,164,1278,280,hsv,stand,0
违章04/违章04_t15.8_1_off.jpg,违章04,15.79,1278,177,1294,197,hsv,off,0
违章04/违章04_t15.8_2_off.jpg,违章04,15.79,1276,226,1294,277,hsv,off,0
违章04/违章04_t15.8_3_off.jpg,违章04,15.79,1779,234,1799,248,hsv,off,0
违章04/违章04_t15.8_4_off.jpg,违章04,15.79,268,245,314,266,hsv,off,0
违章04/违章04_t15.8_5_off.jpg,违章04,15.79,341,248,351,264,hsv,off,0
违章04/违章04_t15.8_6_off.jpg,违章04,15.79,362,249,410,269,hsv,off,0
违章04/违章04_t15.8_7_off.jpg,违章04,15.79,330,251,361,273,hsv,off,0
违章04/违章04_t15.8_8_off.jpg,违章04,15.79,0,260,85,337,hsv,off,0
违章04/违章04_t15.8_11_off.jpg,违章04,15.79,1264,300,1279,319,hsv,off,0
违章04/违章04_t15.8_14_off.jpg,违章04,15.79,915,313,930,349,hsv,off,0
违章04/违章04_t15.8_15_off.jpg,违章04,15.79,38,339,50,349,hsv,off,0
违章04/违章04_t15.8_16_off.jpg,违章04,15.79,1399,349,1427,365,hsv,off,0
违章04/违章04_t15.8_17_off.jpg,违章04,15.79,1815,354,1920,483,hsv,off,0
违章04/违章04_t15.8_18_off.jpg,违章04,15.79,868,377,879,394,hsv,off,0
违章04/违章04_t15.8_19_off.jpg,违章04,15.79,788,387,808,396,hsv,off,0
违章04/违章04_t15.8_20_off.jpg,违章04,15.79,821,635,1062,789,hsv,off,0
违章04/违章04_t15.8_21_off.jpg,违章04,15.79,1030,672,1095,718,hsv,off,0
违章04/违章04_t16.0_0_off.jpg,违章04,16.03,1239,163,1278,280,hsv,off,0
违章04/违章04_t16.0_1_stand.jpg,违章04,16.03,1278,179,1293,199,hsv,stand,0
违章04/违章04_t16.0_2_off.jpg,违章04,16.03,1276,227,1295,277,hsv,off,0
违章04/违章04_t16.0_3_off.jpg,违章04,16.03,1787,234,1805,248,hsv,off,0
违章04/违章04_t16.0_4_off.jpg,违章04,16.03,326,241,341,259,hsv,off,0
违章04/违章04_t16.0_5_off.jpg,违章04,16.03,268,247,315,267,hsv,off,0
违章04/违章04_t16.0_6_off.jpg,违章04,16.03,330,249,351,274,hsv,off,0
违章04/违章04_t16.0_7_off.jpg,违章04,16.03,349,248,410,272,hsv,off,0
违章04/违章04_t16.0_8_off.jpg,违章04,16.03,166,272,181,280,hsv,off,0
违章04/违章04_t16.0_10_off.jpg,违章04,16.03,1265,301,1279,320,hsv,off,0
违章04/违章04_t16.0_11_off.jpg,违章04,16.03,915,314,930,350,hsv,off,0
违章04/违章04_t16.0_12_off.jpg,违章04,16.03,34,340,94,363,hsv,off,0
违章04/违章04_t16.0_13_off.jpg,违章04,16.03,1401,350,1427,366,hsv,off,0
违章04/违章04_t16.0_14_off.jpg,违章04,16.03,1379,353,1394,364,hsv,off,0
违章04/违章04_t16.0_15_off.jpg,违章04,16.03,1817,355,1920,482,hsv,off,0
违章04/违章04_t16.0_16_off.jpg,违章04,16.03,612,626,629,642,hsv,off,0
违章04/违章04_t16.0_17_off.jpg,违章04,16.03,604,642,614,652,hsv,off,0
违章04/违章04_t16.0_18_off.jpg,违章04,16.03,990,644,1216,803,hsv,off,0
违章04/违章04_t16.0_19_off.jpg,违章04,16.03,1189,679,1244,726,hsv,off,0
违章04/违章04_t16.3_0_stand.jpg,违章04,16.26,1278,180,1294,200,hsv,stand,0
违章04/违章04_t16.3_1_off.jpg,违章04,16.26,1792,235,1807,247,hsv,off,0
违章04/违章04_t16.3_2_off.jpg,违章04,16.26,268,248,319,269,hsv,off,0
违章04/违章04_t16.3_3_off.jpg,违章04,16.26,332,249,410,275,hsv,off,0
违章04/违章04_t16.3_4_off.jpg,违章04,16.26,342,250,352,266,hsv,off,0
违章04/违章04_t16.3_5_off.jpg,违章04,16.26,1265,301,1279,323,hsv,off,0
违章04/违章04_t16.3_7_off.jpg,违章04,16.26,916,314,930,339,hsv,off,0
违章04/违章04_t16.3_8_off.jpg,违章04,16.26,35,341,93,365,hsv,off,0
违章04/违章04_t16.3_9_off.jpg,违章04,16.26,1402,350,1427,366,hsv,off,0
违章04/违章04_t16.3_10_off.jpg,违章04,16.26,1818,355,1920,484,hsv,off,0
违章04/违章04_t16.3_11_off.jpg,违章04,16.26,625,399,671,420,hsv,off,0
违章04/违章04_t16.3_12_off.jpg,违章04,16.26,1331,665,1374,703,hsv,off,0
违章04/违章04_t16.3_13_off.jpg,违章04,16.26,1362,689,1405,733,hsv,off,0
违章04/违章04_t16.3_14_off.jpg,违章04,16.26,1180,701,1354,818,hsv,off,0
违章04/违章04_t16.5_0_off.jpg,违章04,16.5,1239,164,1278,282,hsv,off,0
违章04/违章04_t16.5_1_stand.jpg,违章04,16.5,1279,181,1293,200,hsv,stand,0
违章04/违章04_t16.5_2_off.jpg,违章04,16.5,1276,228,1294,278,hsv,off,0
违章04/违章04_t16.5_3_off.jpg,违章04,16.5,1791,235,1807,248,hsv,off,0
违章04/违章04_t16.5_4_off.jpg,违章04,16.5,324,242,346,261,hsv,off,0
违章04/违章04_t16.5_5_off.jpg,违章04,16.5,0,244,210,341,hsv,off,0
违章04/违章04_t16.5_6_off.jpg,违章04,16.5,270,250,316,269,hsv,off,0
违章04/违章04_t16.5_7_off.jpg,违章04,16.5,343,252,352,268,hsv,off,0
违章04/违章04_t16.5_8_off.jpg,违章04,16.5,328,252,410,276,hsv,off,0
违章04/违章04_t16.5_10_off.jpg,违章04,16.5,1265,302,1279,321,hsv,off,0
违章04/违章04_t16.5_11_off.jpg,违章04,16.5,35,342,53,365,hsv,off,0
违章04/违章04_t16.5_12_off.jpg,违章04,16.5,54,343,93,362,hsv,off,0
违章04/违章04_t16.5_13_off.jpg,违章04,16.5,1673,346,1709,368,hsv,off,0
违章04/违章04_t16.5_14_off.jpg,违章04,16.5,703,349,732,366,hsv,off,0
违章04/违章04_t16.5_15_off.jpg,违章04,16.5,1402,351,1427,366,hsv,off,0
违章04/违章04_t16.5_16_off.jpg,违章04,16.5,1378,353,1393,365,hsv,off,0
违章04/违章04_t16.5_17_off.jpg,违章04,16.5,1819,355,1920,484,hsv,off,0
违章04/违章04_t16.5_18_off.jpg,违章04,16.5,637,398,688,421,hsv,off,0
违章04/违章04_t16.5_19_off.jpg,违章04,16.5,1394,699,1583,836,hsv,off,0
违章04/违章04_t16.7_0_off.jpg,违章04,16.74,1239,168,1278,282,hsv,off,0
违章04/违章04_t16.7_1_stand.jpg,违章04,16.74,1279,180,1294,201,hsv,stand,0
违章04/违章04_t16.7_2_off.jpg,违章04,16.74,1277,229,1295,278,hsv,off,0
违章04/违章04_t16.7_3_off.jpg,违章04,16.74,1792,235,1808,249,hsv,off,0
违章04/违章04_t16.7_4_off.jpg,违章04,16.74,1295,241,1330,309,hsv,off,0
违章04/违章04_t16.7_5_off.jpg,违章04,16.74,331,244,411,277,hsv,off,0
违章04/违章04_t16.7_6_off.jpg,违章04,16.74,268,250,316,270,hsv,off,0
违章04/违章04_t16.7_7_off.jpg,违章04,16.74,343,254,352,268,hsv,off,0
违章04/违章04_t16.7_8_off.jpg,违章04,16.74,1265,303,1280,322,hsv,off,0
违章04/违章04_t16.7_9_off.jpg,违章04,16.74,35,343,62,366,hsv,off,0
违章04/违章04_t16.7_10_off.jpg,违章04,16.74,65,343,94,362,hsv,off,0
违章04/违章04_t16.7_11_off.jpg,违章04,16.74,1683,347,1709,369,hsv,off,0
违章04/违章04_t16.7_12_off.jpg,违章04,16.74,719,348,746,364,hsv,off,0
违章04/违章04_t16.7_13_off.jpg,违章04,16.74,1402,351,1427,367,hsv,off,0
违章04/违章04_t16.7_14_off.jpg,违章04,16.74,1820,356,1920,484,hsv,off,0
违章04/违章04_t16.7_15_off.jpg,违章04,16.74,650,404,661,416,hsv,off,0
违章04/违章04_t16.7_16_off.jpg,违章04,16.74,1636,735,1785,858,hsv,off,0
违章04/违章04_t17.0_0_off.jpg,违章04,16.97,1239,165,1279,284,hsv,off,0
违章04/违章04_t17.0_1_stand.jpg,违章04,16.97,1279,181,1295,201,hsv,stand,0
违章04/违章04_t17.0_2_off.jpg,违章04,16.97,1277,230,1296,279,hsv,off,0
违章04/违章04_t17.0_3_off.jpg,违章04,16.97,1793,235,1808,248,hsv,off,0
违章04/违章04_t17.0_4_off.jpg,违章04,16.97,270,250,318,271,hsv,off,0
违章04/违章04_t17.0_5_off.jpg,违章04,16.97,343,252,352,269,hsv,off,0
违章04/违章04_t17.0_6_off.jpg,违章04,16.97,363,253,411,274,hsv,off,0
违章04/违章04_t17.0_8_off.jpg,违章04,16.97,35,344,94,366,hsv,off,0
违章04/违章04_t17.0_9_off.jpg,违章04,16.97,1674,347,1709,369,hsv,off,0
违章04/违章04_t17.0_10_off.jpg,违章04,16.97,734,348,760,365,hsv,off,0
违章04/违章04_t17.0_11_off.jpg,违章04,16.97,1820,356,1920,454,hsv,off,0
违章04/违章04_t17.0_12_off.jpg,违章04,16.97,1681,362,1775,412,hsv,off,0
违章04/违章04_t17.0_13_off.jpg,违章04,16.97,667,401,718,423,hsv,off,0
违章04/违章04_t17.0_14_off.jpg,违章04,16.97,393,618,401,627,hsv,off,0
违章04/违章04_t17.2_0_stand.jpg,违章04,17.21,1240,168,1278,213,hsv,stand,0
违章04/违章04_t17.2_1_off.jpg,违章04,17.21,1279,181,1296,201,hsv,off,0
违章04/违章04_t17.2_2_off.jpg,违章04,17.21,1792,235,1808,248,hsv,off,0
违章04/违章04_t17.2_3_off.jpg,违章04,17.21,1247,236,1272,245,hsv,off,0
违章04/违章04_t17.2_4_off.jpg,违章04,17.21,328,244,355,270,hsv,off,0
违章04/违章04_t17.2_5_off.jpg,违章04,17.21,269,250,319,271,hsv,off,0
违章04/违章04_t17.2_6_off.jpg,违章04,17.21,332,254,411,278,hsv,off,0
违章04/违章04_t17.2_8_off.jpg,违章04,17.21,1440,257,1460,275,hsv,off,0
违章04/违章04_t17.2_10_off.jpg,违章04,17.21,35,344,94,367,hsv,off,0
违章04/违章04_t17.2_12_off.jpg,违章04,17.21,752,348,778,366,hsv,off,0
违章04/违章04_t17.2_13_off.jpg,违章04,17.21,1824,355,1920,399,hsv,off,0
违章04/违章04_t17.2_14_off.jpg,违章04,17.21,1739,362,1775,381,hsv,off,0
违章04/违章04_t17.2_15_off.jpg,违章04,17.21,429,367,437,376,hsv,off,0
违章04/违章04_t17.2_16_off.jpg,违章04,17.21,680,400,739,421,hsv,off,0
违章04/违章04_t17.2_19_off.jpg,违章04,17.21,510,614,527,634,hsv,off,0
违章04/违章04_t17.2_20_off.jpg,违章04,17.21,486,759,497,769,hsv,off,0
违章04/违章04_t17.4_0_stand.jpg,违章04,17.44,1240,167,1279,216,hsv,stand,0
违章04/违章04_t17.4_1_off.jpg,违章04,17.44,1279,182,1295,204,hsv,off,0
违章04/违章04_t17.4_2_off.jpg,违章04,17.44,1793,235,1809,249,hsv,off,0
违章04/违章04_t17.4_4_off.jpg,违章04,17.44,271,252,319,273,hsv,off,0
违章04/违章04_t17.4_5_off.jpg,违章04,17.44,347,254,412,280,hsv,off,0
违章04/违章04_t17.4_7_off.jpg,违章04,17.44,66,346,96,367,hsv,off,0
违章04/违章04_t17.4_8_off.jpg,违章04,17.44,789,348,815,369,hsv,off,0
违章04/违章04_t17.4_9_off.jpg,违章04,17.44,430,368,438,378,hsv,off,0
违章04/违章04_t17.4_10_off.jpg,违章04,17.44,365,488,374,498,hsv,off,0
违章04/违章04_t17.4_11_off.jpg,违章04,17.44,98,628,133,648,hsv,off,0
违章04/违章04_t17.4_12_off.jpg,违章04,17.44,76,637,98,655,hsv,off,0
违章04/违章04_t17.4_13_off.jpg,违章04,17.44,64,644,74,657,hsv,off,0
违章04/违章04_t17.4_14_off.jpg,违章04,17.44,1865,660,1920,699,hsv,off,0
违章04/违章04_t17.7_0_stand.jpg,违章04,17.68,1280,180,1296,202,hsv,stand,0
违章04/违章04_t17.7_1_off.jpg,违章04,17.68,329,248,339,264,hsv,off,0
违章04/违章04_t17.7_2_off.jpg,违章04,17.68,270,252,317,273,hsv,off,0
违章04/违章04_t17.7_3_off.jpg,违章04,17.68,345,255,354,271,hsv,off,0
违章04/违章04_t17.7_4_off.jpg,违章04,17.68,365,255,412,275,hsv,off,0
违章04/违章04_t17.7_7_off.jpg,违章04,17.68,37,346,95,370,hsv,off,0
违章04/违章04_t17.7_8_off.jpg,违章04,17.68,1675,349,1696,363,hsv,off,0
违章04/违章04_t17.7_9_off.jpg,违章04,17.68,871,365,884,378,hsv,off,0
违章04/违章04_t17.7_10_off.jpg,违章04,17.68,430,368,438,378,hsv,off,0
违章04/违章04_t17.7_11_off.jpg,违章04,17.68,1687,371,1710,398,hsv,off,0
违章04/违章04_t17.7_14_off.jpg,违章04,17.68,85,631,201,671,hsv,off,0
违章04/违章04_t17.7_15_off.jpg,违章04,17.68,747,777,761,788,hsv,off,0
违章04/违章04_t17.7_16_off.jpg,违章04,17.68,762,787,779,795,hsv,off,0
违章04/违章04_t17.9_0_stand.jpg,违章04,17.91,1280,182,1296,203,hsv,stand,0
违章04/违章04_t17.9_1_off.jpg,违章04,17.91,271,252,318,273,hsv,off,0
违章04/违章04_t17.9_2_off.jpg,违章04,17.91,344,255,354,271,hsv,off,0
违章04/违章04_t17.9_3_off.jpg,违章04,17.91,365,255,413,275,hsv,off,0
违章04/违章04_t17.9_5_off.jpg,违章04,17.91,1443,288,1461,298,hsv,off,0
违章04/违章04_t17.9_7_off.jpg,违章04,17.91,918,317,934,354,hsv,off,0
违章04/违章04_t17.9_8_off.jpg,违章04,17.91,37,346,64,370,hsv,off,0
违章04/违章04_t17.9_9_off.jpg,违章04,17.91,1405,354,1416,366,hsv,off,0
违章04/违章04_t17.9_11_off.jpg,违章04,17.91,871,383,881,399,hsv,off,0
违章04/违章04_t17.9_13_off.jpg,违章04,17.91,871,482,889,506,hsv,off,0
违章04/违章04_t17.9_14_off.jpg,违章04,17.91,207,604,215,615,hsv,off,0
违章04/违章04_t17.9_15_off.jpg,违章04,17.91,159,630,274,674,hsv,off,0
违章04/违章04_t17.9_16_off.jpg,违章04,17.91,898,789,913,802,hsv,off,0
违章04/违章04_t18.1_0_stand.jpg,违章04,18.15,1242,171,1281,217,hsv,stand,0
违章04/违章04_t18.1_1_off.jpg,违章04,18.15,1281,183,1298,205,hsv,off,0
违章04/违章04_t18.1_2_off.jpg,违章04,18.15,330,249,415,283,hsv,off,0
违章04/违章04_t18.1_3_off.jpg,违章04,18.15,273,255,320,276,hsv,off,0
违章04/违章04_t18.1_4_off.jpg,违章04,18.15,347,258,356,274,hsv,off,0
违章04/违章04_t18.1_7_off.jpg,违章04,18.15,920,319,934,355,hsv,off,0
违章04/违章04_t18.1_8_off.jpg,违章04,18.15,39,349,98,372,hsv,off,0
违章04/违章04_t18.1_9_off.jpg,违章04,18.15,1679,350,1697,364,hsv,off,0
违章04/违章04_t18.1_11_off.jpg,违章04,18.15,1692,374,1711,386,hsv,off,0
违章04/违章04_t18.1_12_off.jpg,违章04,18.15,872,384,883,402,hsv,off,0
违章04/违章04_t18.1_13_off.jpg,违章04,18.15,824,391,855,404,hsv,off,0
违章04/违章04_t18.1_14_off.jpg,违章04,18.15,792,394,815,404,hsv,off,0
违章04/违章04_t18.1_15_off.jpg,违章04,18.15,268,424,278,432,hsv,off,0
违章04/违章04_t18.1_17_off.jpg,违章04,18.15,1037,476,1061,504,hsv,off,0
违章04/违章04_t18.1_19_off.jpg,违章04,18.15,1122,624,1169,659,hsv,off,0
违章04/违章04_t18.1_21_off.jpg,违章04,18.15,236,634,354,681,hsv,off,0
违章04/违章04_t18.4_0_stand.jpg,违章04,18.39,1245,172,1285,288,hsv,stand,0
违章04/违章04_t18.4_1_off.jpg,违章04,18.39,1283,234,1298,279,hsv,off,0
违章04/违章04_t18.4_2_off.jpg,违章04,18.39,330,253,419,286,hsv,off,0
违章04/违章04_t18.4_3_off.jpg,违章04,18.39,276,258,327,281,hsv,off,0
违章04/违章04_t18.4_4_off.jpg,违章04,18.39,1305,286,1325,305,hsv,off,0
违章04/违章04_t18.4_5_off.jpg,违章04,18.39,4,309,12,325,hsv,off,0
违章04/违章04_t18.4_6_off.jpg,违章04,18.39,1272,310,1286,328,hsv,off,0
违章04/违章04_t18.4_7_off.jpg,违章04,18.39,922,322,939,359,hsv,off,0
违章04/违章04_t18.4_8_off.jpg,违章04,18.39,1197,327,1208,335,hsv,off,0
违章04/违章04_t18.4_9_off.jpg,违章04,18.39,44,351,104,377,hsv,off,0
违章04/违章04_t18.4_10_off.jpg,违章04,18.39,436,375,444,384,hsv,off,0
违章04/违章04_t18.4_11_off.jpg,违章04,18.39,876,388,886,404,hsv,off,0
违章04/违章04_t18.4_12_off.jpg,违章04,18.39,682,404,715,417,hsv,off,0
违章04/违章04_t18.4_13_off.jpg,违章04,18.39,648,409,676,419,hsv,off,0
违章04/违章04_t18.4_14_off.jpg,违章04,18.39,272,428,283,436,hsv,off,0
违章04/违章04_t18.4_15_off.jpg,违章04,18.39,323,428,348,440,hsv,off,0
违章04/违章04_t18.4_16_off.jpg,违章04,18.39,755,444,767,460,hsv,off,0
违章04/违章04_t18.4_17_off.jpg,违章04,18.39,1214,456,1223,465,hsv,off,0
违章04/违章04_t18.4_18_off.jpg,违章04,18.39,1229,472,1255,505,hsv,off,0
违章04/违章04_t18.4_20_off.jpg,违章04,18.39,374,612,383,626,hsv,off,0
违章04/违章04_t18.4_21_off.jpg,违章04,18.39,328,641,438,688,hsv,off,0
违章04/违章04_t18.6_0_stand.jpg,违章04,18.62,1285,191,1300,210,hsv,stand,0
违章04/违章04_t18.6_1_off.jpg,违章04,18.62,335,258,364,281,hsv,off,0
违章04/违章04_t18.6_2_off.jpg,违章04,18.62,275,263,327,284,hsv,off,0
违章04/违章04_t18.6_3_off.jpg,违章04,18.62,339,265,419,289,hsv,off,0
违章04/违章04_t18.6_5_off.jpg,违章04,18.62,1272,312,1287,331,hsv,off,0
违章04/违章04_t18.6_6_off.jpg,违章04,18.62,922,328,938,363,hsv,off,0
违章04/违章04_t18.6_8_off.jpg,违章04,18.62,45,357,103,381,hsv,off,0
违章04/违章04_t18.6_10_off.jpg,违章04,18.62,876,391,887,408,hsv,off,0
违章04/违章04_t18.6_11_off.jpg,违章04,18.62,829,398,858,411,hsv,off,0
违章04/违章04_t18.6_12_off.jpg,违章04,18.62,794,401,802,411,hsv,off,0
违章04/违章04_t18.6_13_off.jpg,违章04,18.62,648,413,669,421,hsv,off,0
违章04/违章04_t18.6_14_off.jpg,违章04,18.62,769,446,780,461,hsv,off,0
违章04/违章04_t18.6_15_off.jpg,违章04,18.62,463,617,471,632,hsv,off,0
违章04/违章04_t18.6_16_off.jpg,违章04,18.62,416,647,526,699,hsv,off,0
违章04/违章04_t18.9_1_stand.jpg,违章04,18.86,1286,193,1301,213,hsv,stand,0
违章04/违章04_t18.9_2_off.jpg,违章04,18.86,337,261,347,277,hsv,off,0
违章04/违章04_t18.9_3_off.jpg,违章04,18.86,347,260,365,273,hsv,off,0
违章04/违章04_t18.9_4_off.jpg,违章04,18.86,278,266,326,285,hsv,off,0
违章04/违章04_t18.9_5_off.jpg,违章04,18.86,353,266,362,283,hsv,off,0
违章04/违章04_t18.9_6_off.jpg,违章04,18.86,340,268,372,291,hsv,off,0
违章04/违章04_t18.9_7_off.jpg,违章04,18.86,372,269,420,288,hsv,off,0
违章04/违章04_t18.9_9_off.jpg,违章04,18.86,6,314,14,329,hsv,off,0
违章04/违章04_t18.9_10_off.jpg,违章04,18.86,1273,315,1288,334,hsv,off,0
违章04/违章04_t18.9_11_off.jpg,违章04,18.86,924,328,939,365,hsv,off,0
违章04/违章04_t18.9_13_off.jpg,违章04,18.86,46,359,105,383,hsv,off,0
违章04/违章04_t18.9_14_off.jpg,违章04,18.86,1409,363,1436,379,hsv,off,0
违章04/违章04_t18.9_15_off.jpg,违章04,18.86,1386,365,1403,377,hsv,off,0
违章04/违章04_t18.9_17_off.jpg,违章04,18.86,877,393,888,411,hsv,off,0
违章04/违章04_t18.9_18_off.jpg,违章04,18.86,846,400,859,414,hsv,off,0
违章04/违章04_t18.9_19_off.jpg,违章04,18.86,758,406,775,417,hsv,off,0
违章04/违章04_t18.9_20_off.jpg,违章04,18.86,376,434,473,476,hsv,off,0
违章04/违章04_t18.9_21_off.jpg,违章04,18.86,785,444,796,458,hsv,off,0
违章04/违章04_t18.9_22_off.jpg,违章04,18.86,452,469,479,493,hsv,off,0
违章04/违章04_t18.9_23_off.jpg,违章04,18.86,559,611,575,637,hsv,off,0
违章04/违章04_t18.9_24_off.jpg,违章04,18.86,512,652,622,707,hsv,off,0
违章04/违章04_t19.1_0_stand.jpg,违章04,19.09,1289,195,1303,215,hsv,stand,0
违章04/违章04_t19.1_1_off.jpg,违章04,19.09,1803,247,1820,261,hsv,off,0
违章04/违章04_t19.1_2_off.jpg,违章04,19.09,335,260,369,292,hsv,off,0
违章04/违章04_t19.1_3_off.jpg,违章04,19.09,283,266,329,285,hsv,off,0
违章04/违章04_t19.1_4_off.jpg,违章04,19.09,375,269,422,289,hsv,off,0
违章04/违章04_t19.1_6_off.jpg,违章04,19.09,10,313,18,335,hsv,off,0
违章04/违章04_t19.1_7_off.jpg,违章04,19.09,1275,316,1290,336,hsv,off,0
违章04/违章04_t19.1_8_off.jpg,违章04,19.09,926,329,941,366,hsv,off,0
违章04/违章04_t19.1_10_off.jpg,违章04,19.09,50,359,108,383,hsv,off,0
违章04/违章04_t19.1_11_off.jpg,违章04,19.09,1685,360,1721,382,hsv,off,0
违章04/违章04_t19.1_12_off.jpg,违章04,19.09,1413,364,1439,380,hsv,off,0
违章04/违章04_t19.1_13_off.jpg,违章04,19.09,1388,366,1404,379,hsv,off,0
违章04/违章04_t19.1_14_off.jpg,违章04,19.09,1832,369,1920,474,hsv,off,0
违章04/违章04_t19.1_15_off.jpg,违章04,19.09,440,381,448,391,hsv,off,0
违章04/违章04_t19.1_16_off.jpg,违章04,19.09,879,394,890,411,hsv,off,0
违章04/违章04_t19.1_17_off.jpg,违章04,19.09,848,401,861,415,hsv,off,0
违章04/违章04_t19.1_19_off.jpg,违章04,19.09,801,443,812,452,hsv,off,0
违章04/违章04_t19.1_20_off.jpg,违章04,19.09,665,608,681,640,hsv,off,0
违章04/违章04_t19.1_24_off.jpg,违章04,19.09,620,656,725,714,hsv,off,0
违章04/违章04_t19.3_0_stand.jpg,违章04,19.33,1291,197,1307,217,hsv,stand,0
违章04/违章04_t19.3_1_off.jpg,违章04,19.33,1806,249,1823,263,hsv,off,0
违章04/违章04_t19.3_2_off.jpg,违章04,19.33,345,261,426,293,hsv,off,0
违章04/违章04_t19.3_3_off.jpg,违章04,19.33,0,262,228,359,hsv,off,0
违章04/违章04_t19.3_4_off.jpg,违章04,19.33,286,266,336,288,hsv,off,0
违章04/违章04_t19.3_6_off.jpg,违章04,19.33,1279,318,1297,337,hsv,off,0
违章04/违章04_t19.3_7_off.jpg,违章04,19.33,929,332,944,368,hsv,off,0
违章04/违章04_t19.3_8_off.jpg,违章04,19.33,54,359,112,383,hsv,off,0
违章04/违章04_t19.3_9_off.jpg,违章04,19.33,1836,371,1920,498,hsv,off,0
违章04/违章04_t19.3_11_off.jpg,违章04,19.33,444,382,452,392,hsv,off,0
违章04/违章04_t19.3_12_off.jpg,违章04,19.33,883,396,893,413,hsv,off,0
违章04/违章04_t19.3_13_off.jpg,违章04,19.33,850,403,864,416,hsv,off,0
违章04/违章04_t19.3_14_off.jpg,违章04,19.33,784,404,816,416,hsv,off,0
违章04/违章04_t19.3_15_off.jpg,违章04,19.33,820,442,829,451,hsv,off,0
违章04/违章04_t19.3_16_off.jpg,违章04,19.33,786,610,798,626,hsv,off,0
违章04/违章04_t19.3_17_off.jpg,违章04,19.33,736,661,840,722,hsv,off,0
违章04/违章04_t19.6_0_off.jpg,违章04,19.56,1255,180,1294,301,hsv,off,0
违章04/违章04_t19.6_1_stand.jpg,违章04,19.56,1294,198,1310,218,hsv,stand,0
违章04/违章04_t19.6_2_off.jpg,违章04,19.56,1293,245,1311,294,hsv,off,0
违章04/违章04_t19.6_3_off.jpg,违章04,19.56,1809,250,1825,264,hsv,off,0
违章04/违章04_t19.6_4_off.jpg,违章04,19.56,1313,255,1346,325,hsv,off,0
违章04/违章04_t19.6_5_off.jpg,违章04,19.56,347,261,429,292,hsv,off,0
违章04/违章04_t19.6_6_off.jpg,违章04,19.56,289,267,338,288,hsv,off,0
违章04/违章04_t19.6_7_off.jpg,违章04,19.56,1311,274,1320,282,hsv,off,0
违章04/违章04_t19.6_8_off.jpg,违章04,19.56,351,285,369,293,hsv,off,0
违章04/违章04_t19.6_10_off.jpg,违章04,19.56,18,315,26,333,hsv,off,0
违章04/违章04_t19.6_11_off.jpg,违章04,19.56,1282,319,1296,338,hsv,off,0
违章04/违章04_t19.6_12_off.jpg,违章04,19.56,933,332,948,368,hsv,off,0
违章04/违章04_t19.6_13_off.jpg,违章04,19.56,58,359,116,383,hsv,off,0
违章04/违章04_t19.6_14_off.jpg,违章04,19.56,1394,369,1409,381,hsv,off,0
违章04/违章04_t19.6_15_off.jpg,违章04,19.56,1419,368,1444,384,hsv,off,0
违章04/违章04_t19.6_16_off.jpg,违章04,19.56,1840,373,1920,500,hsv,off,0
违章04/违章04_t19.6_17_off.jpg,违章04,19.56,1710,378,1721,387,hsv,off,0
违章04/违章04_t19.6_18_off.jpg,违章04,19.56,885,396,896,412,hsv,off,0
违章04/违章04_t19.6_20_off.jpg,违章04,19.56,800,405,835,416,hsv,off,0
违章04/违章04_t19.6_21_off.jpg,违章04,19.56,854,404,867,416,hsv,off,0
违章04/违章04_t19.6_22_off.jpg,违章04,19.56,867,667,962,730,hsv,off,0
违章04/违章04_t19.8_0_off.jpg,违章04,19.8,1257,183,1296,300,hsv,off,0
违章04/违章04_t19.8_1_stand.jpg,违章04,19.8,1297,200,1311,218,hsv,stand,0
违章04/违章04_t19.8_2_off.jpg,违章04,19.8,1810,252,1830,266,hsv,off,0
违章04/违章04_t19.8_3_off.jpg,违章04,19.8,350,261,431,294,hsv,off,0
违章04/违章04_t19.8_4_off.jpg,违章04,19.8,0,264,233,359,hsv,off,0
违章04/违章04_t19.8_5_off.jpg,违章04,19.8,290,267,340,288,hsv,off,0
违章04/违章04_t19.8_6_off.jpg,违章04,19.8,20,315,29,335,hsv,off,0
违章04/违章04_t19.8_7_off.jpg,违章04,19.8,1284,320,1298,340,hsv,off,0
违章04/违章04_t19.8_9_off.jpg,违章04,19.8,934,334,948,369,hsv,off,0
违章04/违章04_t19.8_10_off.jpg,违章04,19.8,60,359,118,384,hsv,off,0
违章04/违章04_t19.8_11_off.jpg,违章04,19.8,1841,374,1920,502,hsv,off,0
违章04/违章04_t19.8_12_off.jpg,违章04,19.8,1711,378,1723,389,hsv,off,0
违章04/违章04_t19.8_13_off.jpg,违章04,19.8,887,398,898,414,hsv,off,0
违章04/违章04_t19.8_15_off.jpg,违章04,19.8,434,541,443,552,hsv,off,0
违章04/违章04_t19.8_16_off.jpg,违章04,19.8,1050,639,1060,651,hsv,off,0
违章04/违章04_t19.8_18_off.jpg,违章04,19.8,1008,676,1095,740,hsv,off,0
违章04/违章04_t20.0_0_stand.jpg,违章04,20.04,1299,199,1314,218,hsv,stand,0
违章04/违章04_t20.0_1_off.jpg,违章04,20.04,1813,251,1833,266,hsv,off,0
违章04/违章04_t20.0_2_off.jpg,违章04,20.04,1314,259,1351,325,hsv,off,0
违章04/违章04_t20.0_3_off.jpg,违章04,20.04,0,263,236,359,hsv,off,0
违章04/违章04_t20.0_4_off.jpg,违章04,20.04,350,262,434,293,hsv,off,0
违章04/违章04_t20.0_6_off.jpg,违章04,20.04,294,267,344,288,hsv,off,0
违章04/违章04_t20.0_8_off.jpg,违章04,20.04,24,314,32,333,hsv,off,0
违章04/违章04_t20.0_9_off.jpg,违章04,20.04,1286,319,1300,339,hsv,off,0
违章04/违章04_t20.0_10_off.jpg,违章04,20.04,937,332,950,368,hsv,off,0
违章04/违章04_t20.0_11_off.jpg,违章04,20.04,63,359,121,383,hsv,off,0
违章04/违章04_t20.0_12_off.jpg,违章04,20.04,1422,368,1450,384,hsv,off,0
违章04/违章04_t20.0_13_off.jpg,违章04,20.04,1844,373,1920,502,hsv,off,0
违章04/违章04_t20.0_14_off.jpg,违章04,20.04,1713,379,1723,388,hsv,off,0
违章04/违章04_t20.0_15_off.jpg,违章04,20.04,889,397,900,414,hsv,off,0
违章04/违章04_t20.0_16_off.jpg,违章04,20.04,858,403,872,417,hsv,off,0
违章04/违章04_t20.0_17_off.jpg,违章04,20.04,1167,685,1243,747,hsv,off,0
违章04/违章04_t20.3_0_stand.jpg,违章04,20.27,1300,197,1316,218,hsv,stand,0
违章04/违章04_t20.3_1_off.jpg,违章04,20.27,1813,250,1832,264,hsv,off,0
违章04/违章04_t20.3_2_off.jpg,违章04,20.27,1317,256,1351,324,hsv,off,0
违章04/违章04_t20.3_3_off.jpg,违章04,20.27,0,263,239,359,hsv,off,0
违章04/违章04_t20.3_4_off.jpg,违章04,20.27,353,262,379,286,hsv,off,0
违章04/违章04_t20.3_5_off.jpg,违章04,20.27,297,267,343,288,hsv,off,0
违章04/违章04_t20.3_6_off.jpg,违章04,20.27,360,268,436,294,hsv,off,0
违章04/违章04_t20.3_7_off.jpg,违章04,20.27,26,315,34,334,hsv,off,0
违章04/违章04_t20.3_8_off.jpg,违章04,20.27,1287,319,1302,340,hsv,off,0
违章04/违章04_t20.3_9_off.jpg,违章04,20.27,937,332,952,368,hsv,off,0
违章04/违章04_t20.3_10_off.jpg,违章04,20.27,66,360,123,382,hsv,off,0
违章04/违章04_t20.3_11_off.jpg,违章04,20.27,1395,369,1410,380,hsv,off,0
违章04/违章04_t20.3_12_off.jpg,违章04,20.27,1423,368,1450,384,hsv,off,0
违章04/违章04_t20.3_13_off.jpg,违章04,20.27,1845,373,1920,501,hsv,off,0
违章04/违章04_t20.3_14_off.jpg,违章04,20.27,1714,379,1723,387,hsv,off,0
违章04/违章04_t20.3_15_off.jpg,违章04,20.27,611,476,633,490,hsv,off,0
违章04/违章04_t20.3_16_off.jpg,违章04,20.27,1342,693,1402,755,hsv,off,0
违章04/违章04_t20.5_0_stand.jpg,违章04,20.51,1301,198,1316,217,hsv,stand,0
违章04/违章04_t20.5_2_off.jpg,违章04,20.51,1813,249,1833,263,hsv,off,0
违章04/违章04_t20.5_3_off.jpg,违章04,20.51,1316,257,1352,324,hsv,off,0
违章04/违章04_t20.5_4_off.jpg,违章04,20.51,0,263,240,359,hsv,off,0
违章04/违章04_t20.5_5_off.jpg,违章04,20.51,355,262,437,294,hsv,off,0
违章04/违章04_t20.5_6_off.jpg,违章04,20.51,297,267,344,288,hsv,off,0
违章04/违章04_t20.5_8_off.jpg,违章04,20.51,27,315,35,331,hsv,off,0
违章04/违章04_t20.5_9_off.jpg,违章04,20.51,1288,318,1302,338,hsv,off,0
违章04/违章04_t20.5_10_off.jpg,违章04,20.51,938,331,953,367,hsv,off,0
违章04/违章04_t20.5_11_off.jpg,违章04,20.51,67,359,124,383,hsv,off,0
违章04/违章04_t20.5_12_off.jpg,违章04,20.51,1424,367,1451,383,hsv,off,0
违章04/违章04_t20.5_13_off.jpg,违章04,20.51,1846,372,1920,500,hsv,off,0
违章04/违章04_t20.5_14_off.jpg,违章04,20.51,1712,379,1723,387,hsv,off,0
违章04/违章04_t20.5_16_off.jpg,违章04,20.51,635,468,678,486,hsv,off,0
违章04/违章04_t20.5_17_off.jpg,违章04,20.51,1542,710,1583,763,hsv,off,0
违章04/违章04_t20.7_0_off.jpg,违章04,20.74,1262,181,1302,298,hsv,off,0
违章04/违章04_t20.7_1_stand.jpg,违章04,20.74,1302,197,1316,216,hsv,stand,0
违章04/违章04_t20.7_3_off.jpg,违章04,20.74,1299,245,1318,293,hsv,off,0
违章04/违章04_t20.7_4_off.jpg,违章04,20.74,1813,248,1834,262,hsv,off,0
违章04/违章04_t20.7_5_off.jpg,违章04,20.74,1318,257,1353,324,hsv,off,0
违章04/违章04_t20.7_6_off.jpg,违章04,20.74,355,263,365,282,hsv,off,0
违章04/违章04_t20.7_7_off.jpg,违章04,20.74,365,263,388,276,hsv,off,0
违章04/违章04_t20.7_8_off.jpg,违章04,20.74,296,268,344,289,hsv,off,0
违章04/违章04_t20.7_9_off.jpg,违章04,20.74,354,270,438,295,hsv,off,0
违章04/违章04_t20.7_11_off.jpg,违章04,20.74,1288,318,1303,337,hsv,off,0
违章04/违章04_t20.7_12_off.jpg,违章04,20.74,68,361,125,384,hsv,off,0
违章04/违章04_t20.7_13_off.jpg,违章04,20.74,1424,366,1452,382,hsv,off,0
违章04/违章04_t20.7_14_off.jpg,违章04,20.74,1395,368,1412,379,hsv,off,0
违章04/违章04_t20.7_15_off.jpg,违章04,20.74,1847,371,1920,498,hsv,off,0
违章04/违章04_t20.7_16_off.jpg,违章04,20.74,1714,377,1724,385,hsv,off,0
违章04/违章04_t20.7_18_off.jpg,违章04,20.74,661,468,699,484,hsv,off,0
违章04/违章04_t21.0_0_off.jpg,违章04,20.98,1263,181,1303,297,hsv,off,0
违章04/违章04_t21.0_1_stand.jpg,违章04,20.98,1303,196,1318,216,hsv,stand,0
违章04/违章04_t21.0_2_off.jpg,违章04,20.98,1301,244,1319,293,hsv,off,0
违章04/违章04_t21.0_3_off.jpg,违章04,20.98,1815,247,1835,262,hsv,off,0
违章04/违章04_t21.0_4_off.jpg,违章04,20.98,1319,258,1355,324,hsv,off,0
违章04/违章04_t21.0_5_off.jpg,违章04,20.98,356,263,439,296,hsv,off,0
违章04/违章04_t21.0_6_off.jpg,违章04,20.98,0,266,242,362,hsv,off,0
违章04/违章04_t21.0_7_off.jpg,违章04,20.98,298,269,347,291,hsv,off,0
违章04/违章04_t21.0_8_off.jpg,违章04,20.98,30,318,38,336,hsv,off,0
违章04/违章04_t21.0_9_off.jpg,违章04,20.98,1290,318,1304,339,hsv,off,0
违章04/违章04_t21.0_11_off.jpg,违章04,20.98,1235,361,1253,370,hsv,off,0
违章04/违章04_t21.0_12_off.jpg,违章04,20.98,70,362,127,386,hsv,off,0
违章04/违章04_t21.0_13_off.jpg,违章04,20.98,1397,368,1412,379,hsv,off,0
违章04/违章04_t21.0_14_off.jpg,违章04,20.98,1849,370,1920,498,hsv,off,0
违章04/违章04_t21.0_16_off.jpg,违章04,20.98,291,451,367,491,hsv,off,0
违章04/违章04_t21.0_17_off.jpg,违章04,20.98,670,470,712,488,hsv,off,0
违章04/违章04_t21.0_18_off.jpg,违章04,20.98,286,497,339,539,hsv,off,0
违章04/违章04_t21.2_0_stand.jpg,违章04,21.21,1304,198,1318,216,hsv,stand,0
违章04/违章04_t21.2_1_off.jpg,违章04,21.21,1814,247,1835,262,hsv,off,0
违章04/违章04_t21.2_2_off.jpg,违章04,21.21,1319,257,1355,329,hsv,off,0
违章04/违章04_t21.2_3_off.jpg,违章04,21.21,0,268,243,364,hsv,off,0
违章04/违章04_t21.2_4_off.jpg,违章04,21.21,299,272,347,292,hsv,off,0
违章04/违章04_t21.2_5_off.jpg,违章04,21.21,393,273,440,293,hsv,off,0
违章04/违章04_t21.2_7_off.jpg,违章04,21.21,31,320,39,338,hsv,off,0
违章04/违章04_t21.2_8_off.jpg,违章04,21.21,71,364,128,388,hsv,off,0
违章04/违章04_t21.2_9_off.jpg,违章04,21.21,1850,370,1920,476,hsv,off,0
违章04/违章04_t21.2_12_off.jpg,违章04,21.21,701,473,736,490,hsv,off,0
违章04/违章04_t21.2_13_off.jpg,违章04,21.21,1524,493,1537,505,hsv,off,0
违章04/违章04_t21.4_0_stand.jpg,违章04,21.45,1265,179,1304,286,hsv,stand,0
违章04/违章04_t21.4_1_off.jpg,违章04,21.45,1304,195,1321,217,hsv,off,0
违章04/违章04_t21.4_3_off.jpg,违章04,21.45,1303,245,1321,283,hsv,off,0
违章04/违章04_t21.4_4_off.jpg,违章04,21.45,1817,245,1837,260,hsv,off,0
违章04/违章04_t21.4_5_off.jpg,违章04,21.45,1322,257,1357,283,hsv,off,0
违章04/违章04_t21.4_6_off.jpg,违章04,21.45,300,272,348,293,hsv,off,0
违章04/违章04_t21.4_7_off.jpg,违章04,21.45,360,272,439,298,hsv,off,0
违章04/违章04_t21.4_10_off.jpg,违章04,21.45,30,321,39,342,hsv,off,0
违章04/违章04_t21.4_11_off.jpg,违章04,21.45,70,365,128,389,hsv,off,0
违章04/违章04_t21.4_12_off.jpg,违章04,21.45,1855,369,1920,448,hsv,off,0
违章04/违章04_t21.4_13_off.jpg,违章04,21.45,1736,373,1809,417,hsv,off,0
违章04/违章04_t21.4_14_off.jpg,违章04,21.45,1719,375,1728,383,hsv,off,0
违章04/违章04_t21.4_15_off.jpg,违章04,21.45,1721,384,1734,395,hsv,off,0
违章04/违章04_t21.4_17_off.jpg,违章04,21.45,712,396,737,404,hsv,off,0
违章04/违章04_t21.4_18_off.jpg,违章04,21.45,725,472,752,488,hsv,off,0
违章04/违章04_t21.7_0_stand.jpg,违章04,21.69,1266,182,1305,233,hsv,stand,0
违章04/违章04_t21.7_1_off.jpg,违章04,21.69,1305,195,1322,217,hsv,off,0
违章04/违章04_t21.7_3_off.jpg,违章04,21.69,1270,238,1300,267,hsv,off,0
违章04/违章04_t21.7_4_off.jpg,违章04,21.69,1818,245,1839,260,hsv,off,0
违章04/违章04_t21.7_5_off.jpg,违章04,21.69,353,267,440,299,hsv,off,0
违章04/违章04_t21.7_6_off.jpg,违章04,21.69,0,269,243,367,hsv,off,0
违章04/违章04_t21.7_7_off.jpg,违章04,21.69,298,272,350,294,hsv,off,0
违章04/违章04_t21.7_9_off.jpg,违章04,21.69,32,322,40,341,hsv,off,0
违章04/违章04_t21.7_10_off.jpg,违章04,21.69,71,366,130,391,hsv,off,0
违章04/违章04_t21.7_11_off.jpg,违章04,21.69,458,387,466,396,hsv,off,0
违章04/违章04_t21.7_12_off.jpg,违章04,21.69,669,420,693,429,hsv,off,0
违章04/违章04_t21.7_13_off.jpg,违章04,21.69,821,430,844,442,hsv,off,0
违章04/违章04_t21.7_14_off.jpg,违章04,21.69,757,470,790,490,hsv,off,0
违章04/违章04_t21.7_15_off.jpg,违章04,21.69,394,507,402,517,hsv,off,0
违章04/违章04_t21.9_0_stand.jpg,违章04,21.92,1266,184,1306,237,hsv,stand,0
违章04/违章04_t21.9_1_off.jpg,违章04,21.92,1306,197,1322,216,hsv,off,0
违章04/违章04_t21.9_2_off.jpg,违章04,21.92,1271,239,1302,270,hsv,off,0
违章04/违章04_t21.9_3_off.jpg,违章04,21.92,1305,255,1314,265,hsv,off,0
违章04/违章04_t21.9_4_off.jpg,违章04,21.92,300,274,352,295,hsv,off,0
违章04/违章04_t21.9_5_off.jpg,违章04,21.92,375,276,384,292,hsv,off,0
违章04/违章04_t21.9_6_off.jpg,违章04,21.92,366,276,442,301,hsv,off,0
违章04/违章04_t21.9_8_off.jpg,违章04,21.92,33,324,41,341,hsv,off,0
违章04/违章04_t21.9_9_off.jpg,违章04,21.92,943,334,957,354,hsv,off,0
违章04/违章04_t21.9_10_off.jpg,违章04,21.92,73,368,131,393,hsv,off,0
违章04/违章04_t21.9_12_off.jpg,违章04,21.92,814,409,832,419,hsv,off,0
违章04/违章04_t21.9_13_off.jpg,违章04,21.92,396,508,404,518,hsv,off,0
违章04/违章04_t22.2_0_stand.jpg,违章04,22.16,1267,184,1307,286,hsv,stand,0
违章04/违章04_t22.2_1_off.jpg,违章04,22.16,1306,197,1322,218,hsv,off,0
违章04/违章04_t22.2_2_off.jpg,违章04,22.16,1305,246,1320,279,hsv,off,0
违章04/违章04_t22.2_3_off.jpg,违章04,22.16,1335,260,1353,274,hsv,off,0
违章04/违章04_t22.2_4_off.jpg,违章04,22.16,0,272,245,370,hsv,off,0
违章04/违章04_t22.2_5_off.jpg,违章04,22.16,301,275,351,296,hsv,off,0
违章04/违章04_t22.2_6_off.jpg,违章04,22.16,384,277,442,301,hsv,off,0
违章04/违章04_t22.2_8_off.jpg,违章04,22.16,944,335,958,371,hsv,off,0
违章04/违章04_t22.2_9_off.jpg,违章04,22.16,1711,361,1727,374,hsv,off,0
违章04/违章04_t22.2_10_off.jpg,违章04,22.16,73,369,132,393,hsv,off,0
违章04/违章04_t22.2_12_off.jpg,违章04,22.16,896,401,905,414,hsv,off,0
违章04/违章04_t22.2_14_off.jpg,违章04,22.16,396,509,404,519,hsv,off,0
违章04/违章04_t22.4_0_stand.jpg,违章04,22.39,1307,199,1322,218,hsv,stand,0
违章04/违章04_t22.4_1_off.jpg,违章04,22.39,371,271,386,281,hsv,off,0
违章04/违章04_t22.4_2_off.jpg,违章04,22.39,0,273,246,371,hsv,off,0
违章04/违章04_t22.4_3_off.jpg,违章04,22.39,302,276,352,298,hsv,off,0
违章04/违章04_t22.4_4_off.jpg,违章04,22.39,358,277,443,303,hsv,off,0
违章04/违章04_t22.4_5_off.jpg,违章04,22.39,944,335,959,372,hsv,off,0
违章04/违章04_t22.4_6_off.jpg,违章04,22.39,1715,365,1726,373,hsv,off,0
违章04/违章04_t22.4_7_off.jpg,违章04,22.39,74,370,132,395,hsv,off,0
违章04/违章04_t22.4_8_off.jpg,违章04,22.39,897,402,906,415,hsv,off,0
违章04/违章04_t22.4_9_off.jpg,违章04,22.39,844,407,879,421,hsv,off,0
违章04/违章04_t22.4_10_off.jpg,违章04,22.39,800,410,831,423,hsv,off,0
违章04/违章04_t22.6_0_stand.jpg,违章04,22.63,1306,198,1324,219,hsv,stand,0
违章04/违章04_t22.6_2_off.jpg,违章04,22.63,359,271,443,303,hsv,off,0
违章04/违章04_t22.6_3_off.jpg,违章04,22.63,302,277,353,298,hsv,off,0
违章04/违章04_t22.6_5_off.jpg,违章04,22.63,1295,320,1310,340,hsv,off,0
违章04/违章04_t22.6_6_off.jpg,违章04,22.63,36,327,44,345,hsv,off,0
违章04/违章04_t22.6_8_off.jpg,违章04,22.63,945,336,959,372,hsv,off,0
违章04/违章04_t22.6_9_off.jpg,违章04,22.63,1244,347,1259,358,hsv,off,0
违章04/违章04_t22.6_10_off.jpg,违章04,22.63,75,371,133,395,hsv,off,0
违章04/违章04_t22.6_11_off.jpg,违章04,22.63,1402,371,1417,382,hsv,off,0
违章04/违章04_t22.6_13_off.jpg,违章04,22.63,897,402,907,416,hsv,off,0
违章04/违章04_t22.6_14_off.jpg,违章04,22.63,853,408,881,422,hsv,off,0
违章04/违章04_t22.6_16_off.jpg,违章04,22.63,397,510,405,521,hsv,off,0
违章04/违章04_t22.9_0_off.jpg,违章04,22.86,1267,182,1307,300,hsv,off,0
违章04/违章04_t22.9_1_stand.jpg,违章04,22.86,1307,197,1324,219,hsv,stand,0
违章04/违章04_t22.9_2_off.jpg,违章04,22.86,1305,246,1326,296,hsv,off,0
违章04/违章04_t22.9_3_off.jpg,违章04,22.86,1821,247,1841,261,hsv,off,0
违章04/违章04_t22.9_4_off.jpg,违章04,22.86,1325,258,1361,326,hsv,off,0
违章04/违章04_t22.9_5_off.jpg,违章04,22.86,361,271,388,288,hsv,off,0
违章04/违章04_t22.9_6_off.jpg,违章04,22.86,303,277,352,298,hsv,off,0
违章04/违章04_t22.9_7_off.jpg,违章04,22.86,384,277,443,301,hsv,off,0
违章04/违章04_t22.9_10_off.jpg,违章04,22.86,1295,320,1310,339,hsv,off,0
违章04/违章04_t22.9_12_off.jpg,违章04,22.86,944,336,960,372,hsv,off,0
违章04/违章04_t22.9_13_off.jpg,违章04,22.86,1431,368,1459,384,hsv,off,0
违章04/违章04_t22.9_14_off.jpg,违章04,22.86,75,370,133,394,hsv,off,0
违章04/违章04_t22.9_15_off.jpg,违章04,22.86,1401,371,1416,380,hsv,off,0
违章04/违章04_t22.9_17_off.jpg,违章04,22.86,897,402,906,415,hsv,off,0
违章04/违章04_t22.9_18_off.jpg,违章04,22.86,799,409,811,417,hsv,off,0
违章04/违章04_t22.9_19_off.jpg,违章04,22.86,814,409,846,420,hsv,off,0
违章04/违章04_t22.9_20_off.jpg,违章04,22.86,844,408,879,421,hsv,off,0
违章04/违章04_t22.9_21_off.jpg,违章04,22.86,777,414,800,427,hsv,off,0
违章04/违章04_t23.1_0_off.jpg,违章04,23.1,1267,181,1308,300,hsv,off,0
违章04/违章04_t23.1_1_stand.jpg,违章04,23.1,1307,198,1323,219,hsv,stand,0
违章04/违章04_t23.1_2_off.jpg,违章04,23.1,1305,246,1359,325,hsv,off,0
违章04/违章04_t23.1_3_off.jpg,违章04,23.1,1820,246,1841,262,hsv,off,0
违章04/违章04_t23.1_4_off.jpg,违章04,23.1,303,276,351,298,hsv,off,0
违章04/违章04_t23.1_5_off.jpg,违章04,23.1,363,279,443,303,hsv,off,0
违章04/违章04_t23.1_6_off.jpg,违章04,23.1,1295,320,1310,340,hsv,off,0
违章04/违章04_t23.1_7_off.jpg,违章04,23.1,35,327,43,345,hsv,off,0
违章04/违章04_t23.1_8_off.jpg,违章04,23.1,944,336,958,373,hsv,off,0
违章04/违章04_t23.1_9_off.jpg,违章04,23.1,1432,368,1459,384,hsv,off,0
违章04/违章04_t23.1_10_off.jpg,违章04,23.1,74,370,132,394,hsv,off,0
违章04/违章04_t23.1_11_off.jpg,违章04,23.1,1857,370,1920,476,hsv,off,0
违章04/违章04_t23.1_12_off.jpg,违章04,23.1,1400,372,1414,382,hsv,off,0
违章04/违章04_t23.1_14_off.jpg,违章04,23.1,896,402,906,416,hsv,off,0
违章04/违章04_t23.1_15_off.jpg,违章04,23.1,854,408,879,422,hsv,off,0
违章04/违章04_t23.1_16_off.jpg,违章04,23.1,814,412,829,422,hsv,off,0
违章04/违章04_t23.3_0_stand.jpg,违章04,23.34,1306,200,1322,220,hsv,stand,0
违章04/违章04_t23.3_2_off.jpg,违章04,23.34,1819,247,1840,262,hsv,off,0
违章04/违章04_t23.3_4_off.jpg,违章04,23.34,0,274,245,371,hsv,off,0
违章04/违章04_t23.3_5_off.jpg,违章04,23.34,301,276,352,298,hsv,off,0
违章04/违章04_t23.3_6_off.jpg,违章04,23.34,375,278,442,303,hsv,off,0
违章04/违章04_t23.3_9_off.jpg,违章04,23.34,1294,320,1309,341,hsv,off,0
违章04/违章04_t23.3_11_off.jpg,违章04,23.34,942,336,958,372,hsv,off,0
违章04/违章04_t23.3_12_off.jpg,违章04,23.34,1241,346,1257,357,hsv,off,0
违章04/违章04_t23.3_13_off.jpg,违章04,23.34,1432,368,1458,384,hsv,off,0
违章04/违章04_t23.3_14_off.jpg,违章04,23.34,74,370,131,395,hsv,off,0
违章04/违章04_t23.3_15_off.jpg,违章04,23.34,1856,370,1920,498,hsv,off,0
违章04/违章04_t23.3_16_off.jpg,违章04,23.34,1396,372,1410,380,hsv,off,0
违章04/违章04_t23.3_17_off.jpg,违章04,23.34,1720,376,1732,386,hsv,off,0
违章04/违章04_t23.3_19_off.jpg,违章04,23.34,896,403,905,415,hsv,off,0
违章04/违章04_t23.3_20_off.jpg,违章04,23.34,850,409,880,422,hsv,off,0
违章04/违章04_t23.3_21_off.jpg,违章04,23.34,372,445,499,496,hsv,off,0
违章04/违章04_t23.6_0_off.jpg,违章04,23.57,1267,182,1307,302,hsv,off,0
违章04/违章04_t23.6_1_stand.jpg,违章04,23.57,1306,200,1321,220,hsv,stand,0
违章04/违章04_t23.6_2_off.jpg,违章04,23.57,1305,247,1358,327,hsv,off,0
违章04/违章04_t23.6_3_off.jpg,违章04,23.57,1819,247,1840,263,hsv,off,0
违章04/违章04_t23.6_5_off.jpg,违章04,23.57,0,274,245,372,hsv,off,0
违章04/违章04_t23.6_6_off.jpg,违章04,23.57,302,277,351,298,hsv,off,0
违章04/违章04_t23.6_7_off.jpg,违章04,23.57,362,279,442,304,hsv,off,0
违章04/违章04_t23.6_9_off.jpg,违章04,23.57,1294,321,1309,341,hsv,off,0
违章04/违章04_t23.6_11_off.jpg,违章04,23.57,942,337,957,373,hsv,off,0
违章04/违章04_t23.6_12_off.jpg,违章04,23.57,1245,349,1257,358,hsv,off,0
违章04/违章04_t23.6_13_off.jpg,违章04,23.57,1432,368,1458,385,hsv,off,0
违章04/违章04_t23.6_14_off.jpg,违章04,23.57,74,371,132,392,hsv,off,0
违章04/违章04_t23.6_15_off.jpg,违章04,23.57,1856,370,1920,498,hsv,off,0
违章04/违章04_t23.6_16_off.jpg,违章04,23.57,896,403,905,416,hsv,off,0
违章04/违章04_t23.6_17_off.jpg,违章04,23.57,853,408,878,422,hsv,off,0
违章04/违章04_t23.6_19_off.jpg,违章04,23.57,813,412,832,422,hsv,off,0
违章04/违章04_t23.6_20_off.jpg,违章04,23.57,440,445,495,484,hsv,off,0
违章04/违章04_t23.8_0_stand.jpg,违章04,23.81,1305,200,1321,220,hsv,stand,0
违章04/违章04_t23.8_1_off.jpg,违章04,23.81,1304,247,1324,296,hsv,off,0
违章04/违章04_t23.8_2_off.jpg,违章04,23.81,1818,248,1839,263,hsv,off,0
违章04/违章04_t23.8_3_off.jpg,违章04,23.81,1322,260,1358,328,hsv,off,0
违章04/违章04_t23.8_4_off.jpg,违章04,23.81,0,274,245,372,hsv,off,0
违章04/违章04_t23.8_5_off.jpg,违章04,23.81,301,277,352,299,hsv,off,0
违章04/违章04_t23.8_6_off.jpg,违章04,23.81,376,278,442,303,hsv,off,0
违章04/违章04_t23.8_7_off.jpg,违章04,23.81,1294,321,1308,342,hsv,off,0
违章04/违章04_t23.8_8_off.jpg,违章04,23.81,34,327,42,346,hsv,off,0
违章04/违章04_t23.8_9_off.jpg,违章04,23.81,941,336,957,373,hsv,off,0
违章04/违章04_t23.8_10_off.jpg,违章04,23.81,1243,348,1255,356,hsv,off,0
违章04/违章04_t23.8_11_off.jpg,违章04,23.81,1432,369,1457,385,hsv,off,0
违章04/违章04_t23.8_12_off.jpg,违章04,23.81,73,371,131,390,hsv,off,0
违章04/违章04_t23.8_13_off.jpg,违章04,23.81,1854,370,1920,499,hsv,off,0
违章04/违章04_t23.8_14_off.jpg,违章04,23.81,1720,377,1730,386,hsv,off,0
违章04/违章04_t23.8_15_off.jpg,违章04,23.81,459,392,467,400,hsv,off,0
违章04/违章04_t23.8_16_off.jpg,违章04,23.81,895,403,905,416,hsv,off,0
违章04/违章04_t23.8_17_off.jpg,违章04,23.81,706,422,735,432,hsv,off,0
违章04/违章04_t24.0_0_stand.jpg,违章04,24.04,1306,199,1321,220,hsv,stand,0
违章04/违章04_t24.0_1_off.jpg,违章04,24.04,1818,247,1838,263,hsv,off,0
违章04/违章04_t24.0_2_off.jpg,违章04,24.04,1323,258,1359,327,hsv,off,0
违章04/违章04_t24.0_3_off.jpg,违章04,24.04,1258,266,1267,274,hsv,off,0
违章04/违章04_t24.0_4_off.jpg,违章04,24.04,0,274,245,372,hsv,off,0
违章04/违章04_t24.0_5_off.jpg,违章04,24.04,301,277,351,299,hsv,off,0
违章04/违章04_t24.0_6_off.jpg,违章04,24.04,376,279,442,304,hsv,off,0
违章04/违章04_t24.0_8_off.jpg,违章04,24.04,1294,321,1308,341,hsv,off,0
违章04/违章04_t24.0_9_off.jpg,违章04,24.04,34,327,42,347,hsv,off,0
违章04/违章04_t24.0_10_off.jpg,违章04,24.04,943,338,957,373,hsv,off,0
违章04/违章04_t24.0_11_off.jpg,违章04,24.04,1241,347,1257,358,hsv,off,0
违章04/违章04_t24.0_12_off.jpg,违章04,24.04,1432,369,1458,385,hsv,off,0
违章04/违章04_t24.0_13_off.jpg,违章04,24.04,1854,370,1920,498,hsv,off,0
违章04/违章04_t24.0_14_off.jpg,违章04,24.04,74,373,100,387,hsv,off,0
违章04/违章04_t24.0_15_off.jpg,违章04,24.04,101,372,131,384,hsv,off,0
违章04/违章04_t24.0_16_off.jpg,违章04,24.04,1720,377,1730,386,hsv,off,0
违章04/违章04_t24.0_17_off.jpg,违章04,24.04,895,403,905,416,hsv,off,0
违章04/违章04_t24.0_18_off.jpg,违章04,24.04,848,409,880,422,hsv,off,0
违章04/违章04_t24.0_19_off.jpg,违章04,24.04,805,411,838,423,hsv,off,0
违章04/违章04_t24.0_20_off.jpg,违章04,24.04,706,422,738,432,hsv,off,0
违章04/违章04_t24.3_0_stand.jpg,违章04,24.28,1305,200,1321,221,hsv,stand,0
违章04/违章04_t24.3_1_off.jpg,违章04,24.28,1817,248,1839,263,hsv,off,0
违章04/违章04_t24.3_2_off.jpg,违章04,24.28,1321,260,1358,328,hsv,off,0
违章04/违章04_t24.3_3_off.jpg,违章04,24.28,360,272,385,297,hsv,off,0
违章04/违章04_t24.3_4_off.jpg,违章04,24.28,301,278,349,300,hsv,off,0
违章04/违章04_t24.3_5_off.jpg,违章04,24.28,374,278,442,305,hsv,off,0
违章04/违章04_t24.3_6_off.jpg,违章04,24.28,1293,322,1308,343,hsv,off,0
违章04/违章04_t24.3_7_off.jpg,违章04,24.28,34,328,42,350,hsv,off,0
违章04/违章04_t24.3_8_off.jpg,违章04,24.28,941,338,957,374,hsv,off,0
违章04/违章04_t24.3_9_off.jpg,违章04,24.28,1243,349,1256,360,hsv,off,0
违章04/违章04_t24.3_10_off.jpg,违章04,24.28,1431,370,1457,385,hsv,off,0
违章04/违章04_t24.3_11_off.jpg,违章04,24.28,1855,371,1920,499,hsv,off,0
违章04/违章04_t24.3_12_off.jpg,违章04,24.28,73,372,131,391,hsv,off,0
违章04/违章04_t24.3_13_off.jpg,违章04,24.28,1719,378,1730,387,hsv,off,0
违章04/违章04_t24.3_14_off.jpg,违章04,24.28,895,404,905,417,hsv,off,0
违章04/违章04_t24.3_15_off.jpg,违章04,24.28,813,413,840,424,hsv,off,0
违章04/违章04_t24.5_0_stand.jpg,违章04,24.51,1306,202,1321,221,hsv,stand,0
违章04/违章04_t24.5_1_off.jpg,违章04,24.51,1817,249,1838,264,hsv,off,0
违章04/违章04_t24.5_2_off.jpg,违章04,24.51,1323,262,1358,329,hsv,off,0
违章04/违章04_t24.5_4_off.jpg,违章04,24.51,0,277,246,375,hsv,off,0
违章04/违章04_t24.5_5_off.jpg,违章04,24.51,302,280,351,301,hsv,off,0
违章04/违章04_t24.5_6_off.jpg,违章04,24.51,363,280,442,306,hsv,off,0
违章04/违章04_t24.5_7_off.jpg,违章04,24.51,1294,323,1308,343,hsv,off,0
违章04/违章04_t24.5_8_off.jpg,违章04,24.51,35,329,43,350,hsv,off,0
违章04/违章04_t24.5_9_off.jpg,违章04,24.51,943,340,957,375,hsv,off,0
违章04/违章04_t24.5_10_off.jpg,违章04,24.51,1432,370,1457,386,hsv,off,0
违章04/违章04_t24.5_11_off.jpg,违章04,24.51,1855,371,1920,500,hsv,off,0
违章04/违章04_t24.5_12_off.jpg,违章04,24.51,74,373,132,398,hsv,off,0
违章04/违章04_t24.5_13_off.jpg,违章04,24.51,1720,379,1729,387,hsv,off,0
违章04/违章04_t24.5_14_off.jpg,违章04,24.51,896,405,905,418,hsv,off,0
违章04/违章04_t24.5_15_off.jpg,违章04,24.51,813,414,838,425,hsv,off,0
违章04/违章04_t24.5_16_off.jpg,违章04,24.51,1102,516,1112,524,hsv,off,0
违章04/违章04_t24.8_0_off.jpg,违章04,24.75,1266,186,1306,303,hsv,off,0
违章04/违章04_t24.8_1_stand.jpg,违章04,24.75,1306,202,1322,221,hsv,stand,0
违章04/违章04_t24.8_2_off.jpg,违章04,24.75,1304,251,1359,328,hsv,off,0
违章04/违章04_t24.8_3_off.jpg,违章04,24.75,1818,250,1838,265,hsv,off,0
违章04/违章04_t24.8_4_off.jpg,违章04,24.75,0,277,247,374,hsv,off,0
违章04/违章04_t24.8_5_off.jpg,违章04,24.75,303,280,351,301,hsv,off,0
违章04/违章04_t24.8_6_off.jpg,违章04,24.75,384,281,443,305,hsv,off,0
违章04/违章04_t24.8_7_off.jpg,违章04,24.75,1294,324,1309,344,hsv,off,0
违章04/违章04_t24.8_8_off.jpg,违章04,24.75,36,330,44,349,hsv,off,0
违章04/违章04_t24.8_9_off.jpg,违章04,24.75,944,340,958,376,hsv,off,0
违章04/违章04_t24.8_10_off.jpg,违章04,24.75,1432,371,1458,387,hsv,off,0
违章04/违章04_t24.8_11_off.jpg,违章04,24.75,1855,372,1920,500,hsv,off,0
违章04/违章04_t24.8_12_off.jpg,违章04,24.75,75,375,133,398,hsv,off,0
违章04/违章04_t24.8_13_off.jpg,违章04,24.75,1720,377,1731,388,hsv,off,0
违章04/违章04_t24.8_14_off.jpg,违章04,24.75,896,406,906,418,hsv,off,0
违章04/违章04_t24.8_15_off.jpg,违章04,24.75,869,411,879,420,hsv,off,0
违章04/违章04_t24.8_16_off.jpg,违章04,24.75,577,488,600,507,hsv,off,0
违章04/违章04_t25.0_0_off.jpg,违章04,24.99,1266,187,1307,304,hsv,off,0
违章04/违章04_t25.0_1_stand.jpg,违章04,24.99,1306,203,1321,223,hsv,stand,0
违章04/违章04_t25.0_2_off.jpg,违章04,24.99,1305,251,1359,330,hsv,off,0
违章04/违章04_t25.0_3_off.jpg,违章04,24.99,1818,251,1838,265,hsv,off,0
违章04/违章04_t25.0_4_off.jpg,违章04,24.99,360,275,444,307,hsv,off,0
违章04/违章04_t25.0_5_off.jpg,违章04,24.99,0,278,247,375,hsv,off,0
违章04/违章04_t25.0_6_off.jpg,违章04,24.99,303,281,353,303,hsv,off,0
违章04/违章04_t25.0_7_off.jpg,违章04,24.99,201,308,220,317,hsv,off,0
违章04/违章04_t25.0_9_off.jpg,违章04,24.99,1294,324,1309,346,hsv,off,0
违章04/违章04_t25.0_10_off.jpg,违章04,24.99,37,331,45,352,hsv,off,0
违章04/违章04_t25.0_12_off.jpg,违章04,24.99,944,340,958,376,hsv,off,0
违章04/违章04_t25.0_13_off.jpg,违章04,24.99,1432,372,1457,387,hsv,off,0
违章04/违章04_t25.0_14_off.jpg,违章04,24.99,1855,373,1920,501,hsv,off,0
违章04/违章04_t25.0_15_off.jpg,违章04,24.99,76,375,133,398,hsv,off,0
违章04/违章04_t25.0_16_off.jpg,违章04,24.99,1720,378,1731,388,hsv,off,0
违章04/违章04_t25.0_17_off.jpg,违章04,24.99,676,445,695,460,hsv,off,0
违章04/违章04_t25.0_18_off.jpg,违章04,24.99,643,452,684,470,hsv,off,0
违章04/违章04_t25.2_0_off.jpg,违章04,25.22,1267,188,1308,306,hsv,off,0
违章04/违章04_t25.2_1_stand.jpg,违章04,25.22,1307,204,1323,224,hsv,stand,0
违章04/违章04_t25.2_2_off.jpg,违章04,25.22,1306,252,1325,300,hsv,off,0
违章04/违章04_t25.2_3_off.jpg,违章04,25.22,1819,253,1839,267,hsv,off,0
违章04/违章04_t25.2_4_off.jpg,违章04,25.22,1324,263,1359,331,hsv,off,0
违章04/违章04_t25.2_5_off.jpg,违章04,25.22,363,277,389,302,hsv,off,0
违章04/违章04_t25.2_6_off.jpg,违章04,25.22,0,280,249,377,hsv,off,0
违章04/违章04_t25.2_7_off.jpg,违章04,25.22,307,283,356,304,hsv,off,0
违章04/违章04_t25.2_8_off.jpg,违章04,25.22,378,287,388,301,hsv,off,0
违章04/违章04_t25.2_9_off.jpg,违章04,25.22,370,286,445,309,hsv,off,0
违章04/违章04_t25.2_10_off.jpg,违章04,25.22,1295,326,1310,348,hsv,off,0
违章04/违章04_t25.2_11_off.jpg,违章04,25.22,39,333,47,349,hsv,off,0
违章04/违章04_t25.2_12_off.jpg,违章04,25.22,1433,374,1459,389,hsv,off,0
违章04/违章04_t25.2_13_off.jpg,违章04,25.22,1856,375,1920,503,hsv,off,0
违章04/违章04_t25.2_14_off.jpg,违章04,25.22,106,377,135,396,hsv,off,0
违章04/违章04_t25.2_15_off.jpg,违章04,25.22,79,378,105,400,hsv,off,0
违章04/违章04_t25.2_16_off.jpg,违章04,25.22,1721,382,1730,390,hsv,off,0
违章04/违章04_t25.2_17_off.jpg,违章04,25.22,757,414,770,424,hsv,off,0
违章04/违章04_t25.2_18_off.jpg,违章04,25.22,1147,436,1158,446,hsv,off,0
违章04/违章04_t25.2_19_off.jpg,违章04,25.22,1169,449,1182,458,hsv,off,0
违章04/违章04_t25.2_20_off.jpg,违章04,25.22,668,450,708,466,hsv,off,0
违章04/违章04_t25.2_21_off.jpg,违章04,25.22,170,559,183,574,hsv,off,0
违章04/违章04_t25.2_22_off.jpg,违章04,25.22,1423,668,1444,684,hsv,off,0
违章04/违章04_t25.2_23_off.jpg,违章04,25.22,1405,675,1421,683,hsv,off,0
违章04/违章04_t25.5_0_off.jpg,违章04,25.46,1268,192,1308,307,hsv,off,0
违章04/违章04_t25.5_1_stand.jpg,违章04,25.46,1308,205,1324,226,hsv,stand,0
违章04/违章04_t25.5_2_off.jpg,违章04,25.46,1820,253,1840,268,hsv,off,0
违章04/违章04_t25.5_3_off.jpg,违章04,25.46,1307,254,1326,302,hsv,off,0
违章04/违章04_t25.5_4_off.jpg,违章04,25.46,1324,266,1360,333,hsv,off,0
违章04/违章04_t25.5_5_off.jpg,违章04,25.46,365,278,446,310,hsv,off,0
违章04/违章04_t25.5_6_off.jpg,违章04,25.46,0,281,250,377,hsv,off,0
违章04/违章04_t25.5_7_off.jpg,违章04,25.46,307,284,356,305,hsv,off,0
违章04/违章04_t25.5_9_off.jpg,违章04,25.46,1296,327,1311,346,hsv,off,0
违章04/违章04_t25.5_10_off.jpg,违章04,25.46,1433,374,1460,390,hsv,off,0
违章04/违章04_t25.5_11_off.jpg,违章04,25.46,1858,376,1920,504,hsv,off,0
违章04/违章04_t25.5_12_off.jpg,违章04,25.46,79,378,136,401,hsv,off,0
违章04/违章04_t25.5_13_off.jpg,违章04,25.46,1191,384,1204,393,hsv,off,0
违章04/违章04_t25.5_15_off.jpg,违章04,25.46,738,401,763,415,hsv,off,0
违章04/违章04_t25.5_16_off.jpg,违章04,25.46,1272,425,1285,434,hsv,off,0
违章04/违章04_t25.5_17_off.jpg,违章04,25.46,651,443,663,458,hsv,off,0
违章04/违章04_t25.5_18_off.jpg,违章04,25.46,676,443,727,460,hsv,off,0
违章04/违章04_t25.5_20_off.jpg,违章04,25.46,1611,673,1649,696,hsv,off,0
违章04/违章04_t25.7_0_stand.jpg,违章04,25.69,1308,205,1324,226,hsv,stand,0
违章04/违章04_t25.7_1_off.jpg,违章04,25.69,1819,255,1839,269,hsv,off,0
违章04/违章04_t25.7_2_off.jpg,违章04,25.69,361,278,446,311,hsv,off,0
违章04/违章04_t25.7_3_off.jpg,违章04,25.69,305,284,355,305,hsv,off,0
违章04/违章04_t25.7_5_off.jpg,违章04,25.69,700,318,730,327,hsv,off,0
违章04/违章04_t25.7_7_off.jpg,违章04,25.69,1296,327,1310,347,hsv,off,0
违章04/违章04_t25.7_8_off.jpg,违章04,25.69,39,334,47,353,hsv,off,0
违章04/违章04_t25.7_9_off.jpg,违章04,25.69,1226,335,1240,344,hsv,off,0
违章04/违章04_t25.7_10_off.jpg,违章04,25.69,1432,375,1459,391,hsv,off,0
违章04/违章04_t25.7_11_off.jpg,违章04,25.69,1857,377,1920,492,hsv,off,0
违章04/违章04_t25.7_12_off.jpg,违章04,25.69,79,378,136,402,hsv,off,0
违章04/违章04_t25.7_13_off.jpg,违章04,25.69,1710,382,1812,450,hsv,off,0
违章04/违章04_t25.7_14_off.jpg,违章04,25.69,719,438,766,454,hsv,off,0
违章04/违章04_t25.7_15_off.jpg,违章04,25.69,779,440,792,454,hsv,off,0
违章04/违章04_t25.7_16_off.jpg,违章04,25.69,303,512,350,530,hsv,off,0
违章04/违章04_t25.9_0_off.jpg,违章04,25.93,1268,192,1308,308,hsv,off,0
违章04/违章04_t25.9_1_stand.jpg,违章04,25.93,1308,209,1322,227,hsv,stand,0
违章04/违章04_t25.9_2_off.jpg,违章04,25.93,1305,256,1326,301,hsv,off,0
违章04/违章04_t25.9_3_off.jpg,违章04,25.93,1818,256,1839,271,hsv,off,0
违章04/违章04_t25.9_4_off.jpg,违章04,25.93,364,280,446,313,hsv,off,0
违章04/违章04_t25.9_5_off.jpg,违章04,25.93,0,282,250,380,hsv,off,0
违章04/违章04_t25.9_6_off.jpg,违章04,25.93,306,286,354,307,hsv,off,0
违章04/违章04_t25.9_7_off.jpg,违章04,25.93,765,316,791,324,hsv,off,0
违章04/违章04_t25.9_8_off.jpg,违章04,25.93,714,322,742,331,hsv,off,0
违章04/违章04_t25.9_10_off.jpg,违章04,25.93,39,336,47,353,hsv,off,0
违章04/违章04_t25.9_11_off.jpg,违章04,25.93,79,379,136,403,hsv,off,0
违章04/违章04_t25.9_12_off.jpg,违章04,25.93,1857,379,1920,445,hsv,off,0
违章04/违章04_t25.9_13_off.jpg,违章04,25.93,1710,383,1813,435,hsv,off,0
违章04/违章04_t25.9_14_off.jpg,违章04,25.93,790,392,810,406,hsv,off,0
违章04/违章04_t25.9_16_off.jpg,违章04,25.93,744,435,777,452,hsv,off,0
违章04/违章04_t25.9_17_off.jpg,违章04,25.93,399,519,408,528,hsv,off,0
违章04/违章04_t26.2_0_stand.jpg,违章04,26.17,1267,192,1306,247,hsv,stand,0
违章04/违章04_t26.2_1_off.jpg,违章04,26.17,1307,209,1323,229,hsv,off,0
违章04/违章04_t26.2_2_off.jpg,违章04,26.17,1272,251,1302,280,hsv,off,0
违章04/违章04_t26.2_3_off.jpg,违章04,26.17,1817,258,1839,272,hsv,off,0
违章04/违章04_t26.2_4_off.jpg,违章04,26.17,1336,274,1355,285,hsv,off,0
违章04/违章04_t26.2_5_off.jpg,违章04,26.17,365,281,390,299,hsv,off,0
违章04/违章04_t26.2_6_off.jpg,违章04,26.17,306,287,352,307,hsv,off,0
违章04/违章04_t26.2_7_off.jpg,违章04,26.17,387,287,445,310,hsv,off,0
违章04/违章04_t26.2_8_off.jpg,违章04,26.17,378,289,388,305,hsv,off,0
违章04/违章04_t26.2_9_off.jpg,违章04,26.17,739,326,763,336,hsv,off,0
违章04/违章04_t26.2_11_off.jpg,违章04,26.17,38,337,46,353,hsv,off,0
违章04/违章04_t26.2_12_off.jpg,违章04,26.17,78,380,135,404,hsv,off,0
违章04/违章04_t26.2_13_off.jpg,违章04,26.17,1859,380,1920,428,hsv,off,0
违章04/违章04_t26.2_14_off.jpg,违章04,26.17,1720,385,1731,395,hsv,off,0
违章04/违章04_t26.2_15_off.jpg,违章04,26.17,1709,386,1811,426,hsv,off,0
违章04/违章04_t26.2_16_off.jpg,违章04,26.17,813,389,836,404,hsv,off,0
违章04/违章04_t26.2_17_off.jpg,违章04,26.17,462,400,470,410,hsv,off,0
违章04/违章04_t26.2_18_off.jpg,违章04,26.17,748,428,762,446,hsv,off,0
违章04/违章04_t26.2_19_off.jpg,违章04,26.17,768,433,800,449,hsv,off,0
违章04/违章04_t26.2_20_off.jpg,违章04,26.17,399,520,407,528,hsv,off,0
违章04/违章04_t26.2_21_off.jpg,违章04,26.17,153,614,226,677,hsv,off,0
违章04/违章04_t26.4_0_stand.jpg,违章04,26.4,1266,195,1304,241,hsv,stand,0
违章04/违章04_t26.4_1_off.jpg,违章04,26.4,1306,209,1321,229,hsv,off,0
违章04/违章04_t26.4_2_off.jpg,违章04,26.4,1816,259,1837,273,hsv,off,0
违章04/违章04_t26.4_3_off.jpg,违章04,26.4,361,280,444,310,hsv,off,0
违章04/违章04_t26.4_4_off.jpg,违章04,26.4,304,286,350,307,hsv,off,0
违章04/违章04_t26.4_5_off.jpg,违章04,26.4,377,288,386,304,hsv,off,0
违章04/违章04_t26.4_6_off.jpg,违章04,26.4,361,298,390,313,hsv,off,0
违章04/违章04_t26.4_7_off.jpg,违章04,26.4,194,313,204,322,hsv,off,0
违章04/违章04_t26.4_8_off.jpg,违章04,26.4,799,323,829,332,hsv,off,0
违章04/违章04_t26.4_10_off.jpg,违章04,26.4,75,380,132,403,hsv,off,0
违章04/违章04_t26.4_12_off.jpg,违章04,26.4,1859,381,1920,418,hsv,off,0
违章04/违章04_t26.4_15_off.jpg,违章04,26.4,792,427,831,443,hsv,off,0
违章04/违章04_t26.4_16_off.jpg,违章04,26.4,833,434,846,451,hsv,off,0
违章04/违章04_t26.4_17_off.jpg,违章04,26.4,0,904,18,920,hsv,off,0
违章04/违章04_t26.6_0_stand.jpg,违章04,26.64,1263,193,1301,242,hsv,stand,0
违章04/违章04_t26.6_1_off.jpg,违章04,26.64,1303,209,1319,230,hsv,off,0
违章04/违章04_t26.6_2_off.jpg,违章04,26.64,1812,260,1833,274,hsv,off,0
违章04/违章04_t26.6_3_off.jpg,违章04,26.64,358,281,441,314,hsv,off,0
违章04/违章04_t26.6_4_off.jpg,违章04,26.64,300,286,352,309,hsv,off,0
违章04/违章04_t26.6_7_off.jpg,违章04,26.64,33,336,41,351,hsv,off,0
违章04/违章04_t26.6_8_off.jpg,违章04,26.64,71,379,130,404,hsv,off,0
违章04/违章04_t26.6_9_off.jpg,违章04,26.64,870,386,889,401,hsv,off,0
违章04/违章04_t26.6_11_off.jpg,违章04,26.64,822,427,853,442,hsv,off,0
违章04/违章04_t26.6_12_off.jpg,违章04,26.64,294,455,498,555,hsv,off,0
违章04/违章04_t26.6_13_off.jpg,违章04,26.64,364,568,372,580,hsv,off,0
违章04/违章04_t26.6_14_off.jpg,违章04,26.64,361,588,375,605,hsv,off,0
违章04/违章04_t26.6_15_off.jpg,违章04,26.64,52,839,65,847,hsv,off,0
违章04/违章04_t26.6_16_off.jpg,违章04,26.64,64,843,167,900,hsv,off,0
违章04/违章04_t26.9_0_stand.jpg,违章04,26.87,1261,195,1300,241,hsv,stand,0
违章04/违章04_t26.9_1_off.jpg,违章04,26.87,1300,208,1318,231,hsv,off,0
违章04/违章04_t26.9_2_off.jpg,违章04,26.87,356,281,439,314,hsv,off,0
违章04/违章04_t26.9_3_off.jpg,违章04,26.87,299,286,349,308,hsv,off,0
违章04/违章04_t26.9_7_off.jpg,违章04,26.87,69,380,128,403,hsv,off,0
违章04/违章04_t26.9_8_off.jpg,违章04,26.87,900,387,916,400,hsv,off,0
违章04/违章04_t26.9_10_off.jpg,违章04,26.87,771,425,796,440,hsv,off,0
违章04/违章04_t26.9_11_off.jpg,违章04,26.87,864,427,878,440,hsv,off,0
违章04/违章04_t26.9_12_off.jpg,违章04,26.87,699,429,733,441,hsv,off,0
违章04/违章04_t26.9_14_off.jpg,违章04,26.87,411,582,455,631,hsv,off,0
违章04/违章04_t26.9_15_off.jpg,违章04,26.87,720,699,731,709,hsv,off,0
违章04/违章04_t26.9_16_off.jpg,违章04,26.87,133,808,244,880,hsv,off,0
违章04/违章04_t27.1_0_stand.jpg,违章04,27.11,1258,196,1296,244,hsv,stand,0
违章04/违章04_t27.1_1_off.jpg,违章04,27.11,1298,210,1315,232,hsv,off,0
违章04/违章04_t27.1_2_off.jpg,违章04,27.11,295,287,342,307,hsv,off,0
违章04/违章04_t27.1_3_off.jpg,违章04,27.11,369,289,377,304,hsv,off,0
违章04/违章04_t27.1_4_off.jpg,违章04,27.11,352,289,435,313,hsv,off,0
违章04/违章04_t27.1_5_off.jpg,违章04,27.11,191,312,210,321,hsv,off,0
违章04/违章04_t27.1_6_off.jpg,违章04,27.11,26,335,34,352,hsv,off,0
违章04/违章04_t27.1_8_off.jpg,违章04,27.11,65,379,124,403,hsv,off,0
违章04/违章04_t27.1_10_off.jpg,违章04,27.11,945,400,960,416,hsv,off,0
违章04/违章04_t27.1_11_off.jpg,违章04,27.11,847,420,870,432,hsv,off,0
违章04/违章04_t27.1_12_off.jpg,违章04,27.11,894,455,917,474,hsv,off,0
违章04/违章04_t27.1_13_off.jpg,违章04,27.11,457,587,500,641,hsv,off,0
违章04/违章04_t27.1_14_off.jpg,违章04,27.11,800,703,814,715,hsv,off,0
违章04/违章04_t27.1_16_off.jpg,违章04,27.11,143,845,161,854,hsv,off,0
违章04/违章04_t27.1_17_off.jpg,违章04,27.11,181,852,203,862,hsv,off,0
违章04/违章04_t27.3_0_stand.jpg,违章04,27.34,1256,199,1295,245,hsv,stand,0
违章04/违章04_t27.3_1_off.jpg,违章04,27.34,1296,210,1312,233,hsv,off,0
违章04/违章04_t27.3_2_off.jpg,违章04,27.34,349,280,376,297,hsv,off,0
违章04/违章04_t27.3_3_off.jpg,违章04,27.34,0,282,235,379,hsv,off,0
违章04/违章04_t27.3_4_off.jpg,违章04,27.34,293,287,340,307,hsv,off,0
违章04/违章04_t27.3_5_off.jpg,违章04,27.34,356,287,432,312,hsv,off,0
违章04/违章04_t27.3_6_off.jpg,违章04,27.34,366,288,375,304,hsv,off,0
违章04/违章04_t27.3_9_off.jpg,违章04,27.34,932,347,948,385,hsv,off,0
违章04/违章04_t27.3_10_off.jpg,违章04,27.34,63,379,120,399,hsv,off,0
违章04/违章04_t27.3_12_off.jpg,违章04,27.34,885,414,895,427,hsv,off,0
违章04/违章04_t27.3_13_off.jpg,违章04,27.34,1002,417,1012,428,hsv,off,0
违章04/违章04_t27.3_14_off.jpg,违章04,27.34,788,420,799,429,hsv,off,0
违章04/违章04_t27.3_15_off.jpg,违章04,27.34,828,420,869,433,hsv,off,0
违章04/违章04_t27.3_16_off.jpg,违章04,27.34,494,588,531,635,hsv,off,0
违章04/违章04_t27.3_17_off.jpg,违章04,27.34,882,704,899,717,hsv,off,0
违章04/违章04_t27.3_18_off.jpg,违章04,27.34,205,795,215,803,hsv,off,0
违章04/违章04_t27.3_19_off.jpg,违章04,27.34,170,829,195,840,hsv,off,0
违章04/违章04_t27.3_20_off.jpg,违章04,27.34,218,837,247,847,hsv,off,0
违章04/违章04_t27.6_0_stand.jpg,违章04,27.58,1253,201,1292,245,hsv,stand,0
违章04/违章04_t27.6_1_off.jpg,违章04,27.58,1292,212,1310,234,hsv,off,0
违章04/违章04_t27.6_2_off.jpg,违章04,27.58,1258,264,1283,282,hsv,off,0
违章04/违章04_t27.6_3_off.jpg,违章04,27.58,0,282,232,378,hsv,off,0
违章04/违章04_t27.6_4_off.jpg,违章04,27.58,289,285,336,306,hsv,off,0
违章04/违章04_t27.6_5_off.jpg,违章04,27.58,371,287,430,310,hsv,off,0
违章04/违章04_t27.6_6_off.jpg,违章04,27.58,363,288,372,304,hsv,off,0
违章04/违章04_t27.6_9_off.jpg,违章04,27.58,930,348,945,385,hsv,off,0
违章04/违章04_t27.6_10_off.jpg,违章04,27.58,58,379,116,402,hsv,off,0
违章04/违章04_t27.6_12_off.jpg,违章04,27.58,883,414,892,427,hsv,off,0
违章04/违章04_t27.6_13_off.jpg,违章04,27.58,830,420,866,433,hsv,off,0
违章04/违章04_t27.6_15_off.jpg,违章04,27.58,508,587,538,624,hsv,off,0
违章04/违章04_t27.6_17_off.jpg,违章04,27.58,965,707,987,722,hsv,off,0
违章04/违章04_t27.6_19_off.jpg,违章04,27.58,181,812,209,834,hsv,off,0
违章04/违章04_t27.6_20_off.jpg,违章04,27.58,231,820,283,839,hsv,off,0
违章04/违章04_t27.6_21_off.jpg,违章04,27.58,0,862,41,936,hsv,off,0
违章04/违章04_t27.8_0_stand.jpg,违章04,27.82,1252,199,1291,294,hsv,stand,0
违章04/违章04_t27.8_1_off.jpg,违章04,27.82,1291,213,1307,233,hsv,off,0
违章04/违章04_t27.8_2_off.jpg,违章04,27.82,1289,263,1304,287,hsv,off,0
违章04/违章04_t27.8_3_off.jpg,违章04,27.82,0,281,230,377,hsv,off,0
违章04/违章04_t27.8_4_off.jpg,违章04,27.82,345,280,360,296,hsv,off,0
违章04/违章04_t27.8_5_off.jpg,违章04,27.82,288,285,336,305,hsv,off,0
违章04/违章04_t27.8_6_off.jpg,违章04,27.82,362,287,370,303,hsv,off,0
违章04/违章04_t27.8_7_off.jpg,违章04,27.82,353,289,380,312,hsv,off,0
违章04/违章04_t27.8_8_off.jpg,违章04,27.82,381,288,428,307,hsv,off,0
违章04/违章04_t27.8_10_off.jpg,违章04,27.82,17,333,25,352,hsv,off,0
违章04/违章04_t27.8_11_off.jpg,违章04,27.82,929,348,944,385,hsv,off,0
违章04/违章04_t27.8_12_off.jpg,违章04,27.82,56,378,115,401,hsv,off,0
违章04/违章04_t27.8_14_off.jpg,违章04,27.82,881,414,890,426,hsv,off,0
违章04/违章04_t27.8_16_off.jpg,违章04,27.82,505,580,533,617,hsv,off,0
违章04/违章04_t27.8_18_off.jpg,违章04,27.82,1052,709,1078,725,hsv,off,0
违章04/违章04_t27.8_19_off.jpg,违章04,27.82,181,758,268,832,hsv,off,0
违章04/违章04_t27.8_20_off.jpg,违章04,27.82,214,789,225,797,hsv,off,0
违章04/违章04_t27.8_21_off.jpg,违章04,27.82,307,788,319,802,hsv,off,0
违章04/违章04_t27.8_22_off.jpg,违章04,27.82,229,811,291,836,hsv,off,0
违章04/违章04_t27.8_23_off.jpg,违章04,27.82,0,822,11,836,hsv,off,0
违章04/违章04_t27.8_24_off.jpg,违章04,27.82,641,1059,666,1080,hsv,off,0
违章04/违章04_t28.1_0_off.jpg,违章04,28.05,1250,198,1290,307,hsv,off,0
违章04/违章04_t28.1_1_stand.jpg,违章04,28.05,1289,215,1304,234,hsv,stand,0
违章04/违章04_t28.1_2_off.jpg,违章04,28.05,1287,262,1303,298,hsv,off,0
违章04/违章04_t28.1_3_off.jpg,违章04,28.05,1318,278,1336,292,hsv,off,0
违章04/违章04_t28.1_4_off.jpg,违章04,28.05,0,281,228,377,hsv,off,0
违章04/违章04_t28.1_5_off.jpg,违章04,28.05,343,280,371,298,hsv,off,0
违章04/违章04_t28.1_6_off.jpg,违章04,28.05,285,285,333,305,hsv,off,0
违章04/违章04_t28.1_7_off.jpg,违章04,28.05,348,286,426,312,hsv,off,0
违章04/违章04_t28.1_8_off.jpg,违章04,28.05,359,288,368,303,hsv,off,0
违章04/违章04_t28.1_10_off.jpg,违章04,28.05,1277,336,1291,357,hsv,off,0
违章04/违章04_t28.1_11_off.jpg,违章04,28.05,926,348,942,385,hsv,off,0
违章04/违章04_t28.1_12_off.jpg,违章04,28.05,53,378,112,401,hsv,off,0
违章04/违章04_t28.1_13_off.jpg,违章04,28.05,443,400,451,410,hsv,off,0
违章04/违章04_t28.1_14_off.jpg,违章04,28.05,879,415,888,427,hsv,off,0
违章04/违章04_t28.1_15_off.jpg,违章04,28.05,701,432,720,441,hsv,off,0
违章04/违章04_t28.1_16_off.jpg,违章04,28.05,1134,508,1149,517,hsv,off,0
违章04/违章04_t28.1_17_off.jpg,违章04,28.05,378,519,386,529,hsv,off,0
违章04/违章04_t28.1_18_off.jpg,违章04,28.05,496,576,527,621,hsv,off,0
违章04/违章04_t28.1_19_off.jpg,违章04,28.05,1140,713,1172,730,hsv,off,0
违章04/违章04_t28.1_20_off.jpg,违章04,28.05,175,757,270,833,hsv,off,0
违章04/违章04_t28.1_21_off.jpg,违章04,28.05,302,779,317,800,hsv,off,0
违章04/违章04_t28.1_22_off.jpg,违章04,28.05,208,789,218,797,hsv,off,0
违章04/违章04_t28.1_23_off.jpg,违章04,28.05,224,816,277,836,hsv,off,0
违章04/违章04_t28.1_24_off.jpg,违章04,28.05,0,883,26,948,hsv,off,0
违章04/违章04_t28.1_25_off.jpg,违章04,28.05,635,1055,661,1080,hsv,off,0
违章04/违章04_t28.3_0_off.jpg,违章04,28.29,1249,199,1289,316,hsv,off,0
违章04/违章04_t28.3_1_stand.jpg,违章04,28.29,1288,216,1303,234,hsv,stand,0
违章04/违章04_t28.3_2_off.jpg,违章04,28.29,1286,261,1305,312,hsv,off,0
违章04/违章04_t28.3_3_off.jpg,违章04,28.29,0,280,226,376,hsv,off,0
违章04/违章04_t28.3_4_off.jpg,违章04,28.29,286,284,298,293,hsv,off,0
违章04/违章04_t28.3_5_off.jpg,违章04,28.29,283,288,331,305,hsv,off,0
违章04/违章04_t28.3_6_off.jpg,违章04,28.29,348,288,425,313,hsv,off,0
违章04/违章04_t28.3_8_off.jpg,违章04,28.29,1276,336,1290,357,hsv,off,0
违章04/违章04_t28.3_9_off.jpg,违章04,28.29,926,348,941,385,hsv,off,0
违章04/违章04_t28.3_10_off.jpg,违章04,28.29,52,377,110,401,hsv,off,0
违章04/违章04_t28.3_12_off.jpg,违章04,28.29,878,414,888,427,hsv,off,0
违章04/违章04_t28.3_13_off.jpg,违章04,28.29,837,420,861,433,hsv,off,0
违章04/违章04_t28.3_14_off.jpg,违章04,28.29,274,454,480,554,hsv,off,0
违章04/违章04_t28.3_15_off.jpg,违章04,28.29,1223,503,1243,513,hsv,off,0
违章04/违章04_t28.3_16_off.jpg,违章04,28.29,488,579,521,616,hsv,off,0
违章04/违章04_t28.3_18_off.jpg,违章04,28.29,169,756,258,831,hsv,off,0
违章04/违章04_t28.3_20_off.jpg,违章04,28.29,297,790,305,798,hsv,off,0
违章04/违章04_t28.3_21_off.jpg,违章04,28.29,219,816,269,834,hsv,off,0
违章04/违章04_t28.3_22_off.jpg,违章04,28.29,629,1051,660,1080,hsv,off,0
违章04/违章04_t28.5_0_stand.jpg,违章04,28.52,1287,214,1303,234,hsv,stand,0
违章04/违章04_t28.5_1_off.jpg,违章04,28.52,1286,262,1304,312,hsv,off,0
违章04/违章04_t28.5_2_off.jpg,违章04,28.52,342,278,423,308,hsv,off,0
违章04/违章04_t28.5_3_off.jpg,违章04,28.52,0,280,224,375,hsv,off,0
违章04/违章04_t28.5_4_off.jpg,违章04,28.52,284,284,330,304,hsv,off,0
违章04/违章04_t28.5_5_off.jpg,违章04,28.52,356,286,366,303,hsv,off,0
违章04/违章04_t28.5_6_off.jpg,违章04,28.52,340,293,356,311,hsv,off,0
违章04/违章04_t28.5_7_off.jpg,违章04,28.52,40,322,49,353,hsv,off,0
违章04/违章04_t28.5_9_off.jpg,违章04,28.52,1274,335,1289,355,hsv,off,0
违章04/违章04_t28.5_10_off.jpg,违章04,28.52,925,348,940,385,hsv,off,0
违章04/违章04_t28.5_11_off.jpg,违章04,28.52,50,376,109,400,hsv,off,0
违章04/违章04_t28.5_13_off.jpg,违章04,28.52,1417,384,1446,400,hsv,off,0
违章04/违章04_t28.5_15_off.jpg,违章04,28.52,1408,409,1423,426,hsv,off,0
违章04/违章04_t28.5_16_off.jpg,违章04,28.52,877,415,886,426,hsv,off,0
违章04/违章04_t28.5_17_off.jpg,违章04,28.52,797,419,814,433,hsv,off,0
违章04/违章04_t28.5_18_off.jpg,违章04,28.52,830,419,860,433,hsv,off,0
违章04/违章04_t28.5_20_off.jpg,违章04,28.52,375,518,383,527,hsv,off,0
违章04/违章04_t28.5_21_off.jpg,违章04,28.52,480,551,496,568,hsv,off,0
违章04/违章04_t28.5_22_off.jpg,违章04,28.52,476,566,514,601,hsv,off,0
违章04/违章04_t28.5_23_off.jpg,违章04,28.52,167,755,261,830,hsv,off,0
违章04/违章04_t28.5_24_off.jpg,违章04,28.52,293,780,306,798,hsv,off,0
违章04/违章04_t28.5_25_off.jpg,违章04,28.52,216,812,271,833,hsv,off,0
违章04/违章04_t28.5_26_off.jpg,违章04,28.52,623,1048,657,1080,hsv,off,0
违章04/违章04_t28.8_0_off.jpg,违章04,28.76,1247,198,1286,316,hsv,off,0
违章04/违章04_t28.8_1_stand.jpg,违章04,28.76,1286,216,1302,235,hsv,stand,0
违章04/违章04_t28.8_2_off.jpg,违章04,28.76,1285,262,1340,340,hsv,off,0
违章04/违章04_t28.8_3_off.jpg,违章04,28.76,0,280,224,376,hsv,off,0
违章04/违章04_t28.8_4_off.jpg,违章04,28.76,283,286,329,305,hsv,off,0
违章04/违章04_t28.8_5_off.jpg,违章04,28.76,376,288,423,307,hsv,off,0
违章04/违章04_t28.8_8_off.jpg,违章04,28.76,1273,336,1288,355,hsv,off,0
违章04/违章04_t28.8_9_off.jpg,违章04,28.76,924,349,940,385,hsv,off,0
违章04/违章04_t28.8_10_off.jpg,违章04,28.76,1377,369,1385,378,hsv,off,0
违章04/违章04_t28.8_11_off.jpg,违章04,28.76,50,377,109,400,hsv,off,0
违章04/违章04_t28.8_12_off.jpg,违章04,28.76,1378,382,1394,399,hsv,off,0
违章04/违章04_t28.8_13_off.jpg,违章04,28.76,1410,385,1436,400,hsv,off,0
违章04/违章04_t28.8_14_off.jpg,违章04,28.76,876,415,886,428,hsv,off,0
违章04/违章04_t28.8_15_off.jpg,违章04,28.76,832,420,860,433,hsv,off,0
违章04/违章04_t28.8_16_off.jpg,违章04,28.76,704,429,716,440,hsv,off,0
违章04/违章04_t28.8_17_off.jpg,违章04,28.76,1504,431,1513,439,hsv,off,0
违章04/违章04_t28.8_18_off.jpg,违章04,28.76,348,454,479,541,hsv,off,0
违章04/违章04_t28.8_19_off.jpg,违章04,28.76,1470,457,1481,469,hsv,off,0
违章04/违章04_t28.8_20_off.jpg,违章04,28.76,474,547,499,594,hsv,off,0
违章04/违章04_t28.8_21_off.jpg,违章04,28.76,164,757,276,831,hsv,off,0
违章04/违章04_t28.8_22_off.jpg,违章04,28.76,292,779,306,799,hsv,off,0
违章04/违章04_t28.8_24_off.jpg,违章04,28.76,213,813,269,835,hsv,off,0
违章04/违章04_t28.8_25_off.jpg,违章04,28.76,623,1050,655,1080,hsv,off,0
违章04/违章04_t29.0_0_off.jpg,违章04,28.99,1247,199,1285,317,hsv,off,0
违章04/违章04_t29.0_1_stand.jpg,违章04,28.99,1286,216,1301,235,hsv,stand,0
违章04/违章04_t29.0_2_off.jpg,违章04,28.99,1284,263,1303,312,hsv,off,0
违章04/违章04_t29.0_3_off.jpg,违章04,28.99,1301,274,1338,342,hsv,off,0
违章04/违章04_t29.0_4_off.jpg,违章04,28.99,340,278,364,303,hsv,off,0
违章04/违章04_t29.0_5_off.jpg,违章04,28.99,0,280,222,376,hsv,off,0
违章04/违章04_t29.0_6_off.jpg,违章04,28.99,282,286,328,305,hsv,off,0
违章04/违章04_t29.0_7_off.jpg,违章04,28.99,342,287,374,312,hsv,off,0
违章04/违章04_t29.0_8_off.jpg,违章04,28.99,375,288,423,307,hsv,off,0
违章04/违章04_t29.0_11_off.jpg,违章04,28.99,1273,336,1288,355,hsv,off,0
违章04/违章04_t29.0_12_off.jpg,违章04,28.99,924,349,939,386,hsv,off,0
违章04/违章04_t29.0_14_off.jpg,违章04,28.99,49,376,107,400,hsv,off,0
违章04/违章04_t29.0_15_off.jpg,违章04,28.99,1409,385,1435,401,hsv,off,0
违章04/违章04_t29.0_17_off.jpg,违章04,28.99,876,415,885,428,hsv,off,0
违章04/违章04_t29.0_18_off.jpg,违章04,28.99,821,421,859,433,hsv,off,0
违章04/违章04_t29.0_19_off.jpg,违章04,28.99,381,454,479,538,hsv,off,0
违章04/违章04_t29.0_20_off.jpg,违章04,28.99,481,548,502,576,hsv,off,0
违章04/违章04_t29.0_21_off.jpg,违章04,28.99,168,757,266,832,hsv,off,0
违章04/违章04_t29.0_22_off.jpg,违章04,28.99,201,789,212,797,hsv,off,0
违章04/违章04_t29.0_23_off.jpg,违章04,28.99,296,790,304,800,hsv,off,0
违章04/违章04_t29.0_24_off.jpg,违章04,28.99,215,817,268,837,hsv,off,0
违章04/违章04_t29.0_25_off.jpg,违章04,28.99,627,1054,656,1080,hsv,off,0
违章04/违章04_t29.2_0_off.jpg,违章04,29.23,1246,199,1286,318,hsv,off,0
违章04/违章04_t29.2_1_stand.jpg,违章04,29.23,1285,216,1301,236,hsv,stand,0
违章04/违章04_t29.2_2_off.jpg,违章04,29.23,1283,263,1302,313,hsv,off,0
违章04/违章04_t29.2_3_off.jpg,违章04,29.23,1820,268,1837,276,hsv,off,0
违章04/违章04_t29.2_4_off.jpg,违章04,29.23,1789,270,1808,284,hsv,off,0
违章04/违章04_t29.2_5_off.jpg,违章04,29.23,1302,274,1338,342,hsv,off,0
违章04/违章04_t29.2_6_off.jpg,违章04,29.23,339,278,367,297,hsv,off,0
违章04/违章04_t29.2_7_off.jpg,违章04,29.23,0,280,222,376,hsv,off,0
违章04/违章04_t29.2_8_off.jpg,违章04,29.23,280,284,327,305,hsv,off,0
违章04/违章04_t29.2_9_off.jpg,违章04,29.23,354,287,363,302,hsv,off,0
违章04/违章04_t29.2_11_off.jpg,违章04,29.23,1272,336,1287,356,hsv,off,0
违章04/违章04_t29.2_12_off.jpg,违章04,29.23,922,349,938,385,hsv,off,0
违章04/违章04_t29.2_13_off.jpg,违章04,29.23,1370,370,1380,380,hsv,off,0
违章04/违章04_t29.2_14_off.jpg,违章04,29.23,47,377,107,400,hsv,off,0
违章04/违章04_t29.2_15_off.jpg,违章04,29.23,1408,385,1434,401,hsv,off,0
违章04/违章04_t29.2_17_off.jpg,违章04,29.23,438,400,446,408,hsv,off,0
违章04/违章04_t29.2_18_off.jpg,违章04,29.23,875,415,885,427,hsv,off,0
违章04/违章04_t29.2_20_off.jpg,违章04,29.23,411,454,478,538,hsv,off,0
违章04/违章04_t29.2_22_off.jpg,违章04,29.23,170,757,264,832,hsv,off,0
违章04/违章04_t29.2_23_off.jpg,违章04,29.23,296,782,311,801,hsv,off,0
违章04/违章04_t29.2_24_off.jpg,违章04,29.23,203,789,214,797,hsv,off,0
违章04/违章04_t29.2_25_off.jpg,违章04,29.23,219,815,272,836,hsv,off,0
违章04/违章04_t29.2_26_off.jpg,违章04,29.23,630,1057,657,1080,hsv,off,0
违章04/违章04_t29.5_0_off.jpg,违章04,29.47,1246,198,1286,315,hsv,off,0
违章04/违章04_t29.5_1_stand.jpg,违章04,29.47,1285,214,1301,234,hsv,stand,0
违章04/违章04_t29.5_2_off.jpg,违章04,29.47,1283,261,1302,312,hsv,off,0
违章04/违章04_t29.5_3_off.jpg,违章04,29.47,1788,268,1809,283,hsv,off,0
违章04/违章04_t29.5_4_off.jpg,违章04,29.47,1302,273,1337,341,hsv,off,0
违章04/违章04_t29.5_5_off.jpg,违章04,29.47,338,277,366,293,hsv,off,0
违章04/违章04_t29.5_6_off.jpg,违章04,29.47,0,278,222,375,hsv,off,0
违章04/违章04_t29.5_7_off.jpg,违章04,29.47,279,282,331,304,hsv,off,0
违章04/违章04_t29.5_8_off.jpg,违章04,29.47,354,285,363,300,hsv,off,0
违章04/违章04_t29.5_9_off.jpg,违章04,29.47,344,285,422,309,hsv,off,0
违章04/违章04_t29.5_10_off.jpg,违章04,29.47,179,308,197,316,hsv,off,0
违章04/违章04_t29.5_12_off.jpg,违章04,29.47,8,330,16,344,hsv,off,0
违章04/违章04_t29.5_13_off.jpg,违章04,29.47,1272,335,1287,357,hsv,off,0
违章04/违章04_t29.5_15_off.jpg,违章04,29.47,922,348,938,384,hsv,off,0
违章04/违章04_t29.5_16_off.jpg,违章04,29.47,1374,370,1384,381,hsv,off,0
违章04/违章04_t29.5_17_off.jpg,违章04,29.47,47,375,106,399,hsv,off,0
违章04/违章04_t29.5_18_off.jpg,违章04,29.47,1839,393,1852,403,hsv,off,0
违章04/违章04_t29.5_19_off.jpg,违章04,29.47,1692,395,1701,403,hsv,off,0
违章04/违章04_t29.5_20_off.jpg,违章04,29.47,1668,394,1783,513,hsv,off,0
违章04/违章04_t29.5_21_off.jpg,违章04,29.47,438,398,446,407,hsv,off,0
违章04/违章04_t29.5_22_off.jpg,违章04,29.47,875,414,885,426,hsv,off,0
违章04/违章04_t29.5_23_off.jpg,违章04,29.47,828,419,859,432,hsv,off,0
违章04/违章04_t29.5_24_off.jpg,违章04,29.47,427,452,478,532,hsv,off,0
违章04/违章04_t29.5_26_off.jpg,违章04,29.47,299,777,315,799,hsv,off,0
违章04/违章04_t29.5_27_off.jpg,违章04,29.47,206,787,216,795,hsv,off,0
违章04/违章04_t29.5_28_off.jpg,违章04,29.47,220,812,278,835,hsv,off,0
违章04/违章04_t29.5_29_off.jpg,违章04,29.47,633,1057,659,1080,hsv,off,0
违章04/违章04_t29.7_0_off.jpg,违章04,29.7,1247,198,1286,315,hsv,off,0
违章04/违章04_t29.7_1_stand.jpg,违章04,29.7,1286,213,1302,234,hsv,stand,0
违章04/违章04_t29.7_2_off.jpg,违章04,29.7,1285,262,1304,310,hsv,off,0
违章04/违章04_t29.7_3_off.jpg,违章04,29.7,1790,268,1811,282,hsv,off,0
违章04/违章04_t29.7_4_off.jpg,违章04,29.7,1303,272,1338,339,hsv,off,0
违章04/违章04_t29.7_5_off.jpg,违章04,29.7,0,277,223,373,hsv,off,0
违章04/违章04_t29.7_6_off.jpg,违章04,29.7,338,276,422,309,hsv,off,0
违章04/违章04_t29.7_7_off.jpg,违章04,29.7,282,281,332,302,hsv,off,0
违章04/违章04_t29.7_10_off.jpg,违章04,29.7,1273,334,1288,356,hsv,off,0
违章04/违章04_t29.7_12_off.jpg,违章04,29.7,924,346,939,383,hsv,off,0
违章04/违章04_t29.7_13_off.jpg,违章04,29.7,1379,367,1388,381,hsv,off,0
违章04/违章04_t29.7_14_off.jpg,违章04,29.7,49,374,107,397,hsv,off,0
违章04/违章04_t29.7_15_off.jpg,违章04,29.7,1826,388,1920,517,hsv,off,0
违章04/违章04_t29.7_16_off.jpg,违章04,29.7,1693,393,1704,403,hsv,off,0
违章04/违章04_t29.7_17_off.jpg,违章04,29.7,876,413,886,425,hsv,off,0
违章04/违章04_t29.7_18_off.jpg,违章04,29.7,830,418,859,431,hsv,off,0
违章04/违章04_t29.7_19_off.jpg,违章04,29.7,456,458,474,471,hsv,off,0
违章04/违章04_t29.7_20_off.jpg,违章04,29.7,451,486,479,528,hsv,off,0
违章04/违章04_t29.7_22_off.jpg,违章04,29.7,173,752,272,829,hsv,off,0
违章04/违章04_t29.7_23_off.jpg,违章04,29.7,301,790,310,799,hsv,off,0
违章04/违章04_t29.7_24_off.jpg,违章04,29.7,223,810,282,834,hsv,off,0
违章04/违章04_t29.7_25_off.jpg,违章04,29.7,0,863,9,892,hsv,off,0
违章04/违章04_t29.7_26_off.jpg,违章04,29.7,636,1057,661,1080,hsv,off,0
违章04/违章04_t29.9_0_off.jpg,违章04,29.94,1247,195,1287,314,hsv,off,0
违章04/违章04_t29.9_1_stand.jpg,违章04,29.94,1287,212,1303,232,hsv,stand,0
违章04/违章04_t29.9_2_off.jpg,违章04,29.94,1790,267,1811,282,hsv,off,0
违章04/违章04_t29.9_3_off.jpg,违章04,29.94,1304,272,1339,338,hsv,off,0
违章04/违章04_t29.9_5_off.jpg,违章04,29.94,283,280,329,301,hsv,off,0
违章04/违章04_t29.9_6_off.jpg,违章04,29.94,341,282,423,308,hsv,off,0
违章04/违章04_t29.9_8_off.jpg,违章04,29.94,10,326,18,346,hsv,off,0
违章04/违章04_t29.9_9_off.jpg,违章04,29.94,1274,333,1288,353,hsv,off,0
违章04/违章04_t29.9_10_off.jpg,违章04,29.94,924,345,939,382,hsv,off,0
违章04/违章04_t29.9_12_off.jpg,违章04,29.94,49,372,108,396,hsv,off,0
违章04/违章04_t29.9_14_off.jpg,违章04,29.94,1410,382,1436,398,hsv,off,0
违章04/违章04_t29.9_15_off.jpg,违章04,29.94,1827,387,1920,516,hsv,off,0
违章04/违章04_t29.9_16_off.jpg,违章04,29.94,876,412,886,425,hsv,off,0
违章04/违章04_t29.9_17_off.jpg,违章04,29.94,467,484,479,505,hsv,off,0
违章04/违章04_t29.9_19_off.jpg,违章04,29.94,301,775,318,798,hsv,off,0
违章04/违章04_t29.9_21_off.jpg,违章04,29.94,224,808,285,833,hsv,off,0
违章04/违章04_t29.9_22_off.jpg,违章04,29.94,0,861,10,896,hsv,off,0
违章04/违章04_t29.9_23_off.jpg,违章04,29.94,638,1057,664,1080,hsv,off,0
违章04/违章04_t30.2_0_off.jpg,违章04,30.17,1247,194,1286,312,hsv,off,0
违章04/违章04_t30.2_1_stand.jpg,违章04,30.17,1286,212,1301,231,hsv,stand,0
违章04/违章04_t30.2_2_off.jpg,违章04,30.17,1284,258,1338,338,hsv,off,0
违章04/违章04_t30.2_3_off.jpg,违章04,30.17,1790,265,1811,279,hsv,off,0
违章04/违章04_t30.2_4_off.jpg,违章04,30.17,339,272,423,305,hsv,off,0
违章04/违章04_t30.2_5_off.jpg,违章04,30.17,0,274,222,370,hsv,off,0
违章04/违章04_t30.2_6_off.jpg,违章04,30.17,281,279,328,299,hsv,off,0
违章04/违章04_t30.2_7_off.jpg,违章04,30.17,1273,332,1288,351,hsv,off,0
违章04/违章04_t30.2_8_off.jpg,违章04,30.17,921,343,939,380,hsv,off,0
违章04/违章04_t30.2_9_off.jpg,违章04,30.17,54,369,107,392,hsv,off,0
违章04/违章04_t30.2_10_off.jpg,违章04,30.17,48,374,67,393,hsv,off,0
违章04/违章04_t30.2_11_off.jpg,违章04,30.17,1410,380,1436,396,hsv,off,0
违章04/违章04_t30.2_12_off.jpg,违章04,30.17,1826,386,1920,514,hsv,off,0
违章04/违章04_t30.2_14_off.jpg,违章04,30.17,876,410,885,423,hsv,off,0
违章04/违章04_t30.2_16_off.jpg,违章04,30.17,272,456,442,548,hsv,off,0
违章04/违章04_t30.2_17_off.jpg,违章04,30.17,373,513,382,523,hsv,off,0
违章04/违章04_t30.2_18_off.jpg,违章04,30.17,301,774,316,795,hsv,off,0
违章04/违章04_t30.2_20_off.jpg,违章04,30.17,223,804,285,830,hsv,off,0
违章04/违章04_t30.2_22_off.jpg,违章04,30.17,637,1054,665,1080,hsv,off,0
违章04/违章04_t30.4_0_off.jpg,违章04,30.41,1249,192,1288,311,hsv,off,0
违章04/违章04_t30.4_1_stand.jpg,违章04,30.41,1287,211,1304,231,hsv,stand,0
违章04/违章04_t30.4_3_off.jpg,违章04,30.41,1286,258,1341,337,hsv,off,0
违章04/违章04_t30.4_4_off.jpg,违章04,30.41,1792,264,1813,278,hsv,off,0
违章04/违章04_t30.4_5_off.jpg,违章04,30.41,340,271,425,304,hsv,off,0
违章04/违章04_t30.4_6_off.jpg,违章04,30.41,0,272,225,368,hsv,off,0
违章04/违章04_t30.4_7_off.jpg,违章04,30.41,281,276,333,298,hsv,off,0
违章04/违章04_t30.4_8_off.jpg,违章04,30.41,178,302,198,311,hsv,off,0
违章04/违章04_t30.4_11_off.jpg,违章04,30.41,1276,330,1290,352,hsv,off,0
违章04/违章04_t30.4_13_off.jpg,违章04,30.41,925,342,942,379,hsv,off,0
违章04/违章04_t30.4_14_off.jpg,违章04,30.41,51,369,109,392,hsv,off,0
违章04/违章04_t30.4_15_off.jpg,违章04,30.41,1829,385,1920,513,hsv,off,0
违章04/违章04_t30.4_16_off.jpg,违章04,30.41,441,393,449,402,hsv,off,0
违章04/违章04_t30.4_17_off.jpg,违章04,30.41,878,408,887,421,hsv,off,0
违章04/违章04_t30.4_18_off.jpg,违章04,30.41,376,512,384,522,hsv,off,0
违章04/违章04_t30.4_19_off.jpg,违章04,30.41,209,779,219,787,hsv,off,0
违章04/违章04_t30.4_20_off.jpg,违章04,30.41,302,782,312,793,hsv,off,0
违章04/违章04_t30.4_21_off.jpg,违章04,30.41,224,801,288,828,hsv,off,0
违章04/违章04_t30.4_22_off.jpg,违章04,30.41,638,1052,667,1080,hsv,off,0
违章04/违章04_t30.6_0_off.jpg,违章04,30.64,1253,188,1293,307,hsv,off,0
违章04/违章04_t30.6_1_stand.jpg,违章04,30.64,1293,205,1308,224,hsv,stand,0
违章04/违章04_t30.6_2_off.jpg,违章04,30.64,1290,253,1309,302,hsv,off,0
违章04/违章04_t30.6_3_off.jpg,违章04,30.64,1798,258,1819,273,hsv,off,0
违章04/违章04_t30.6_4_off.jpg,违章04,30.64,1306,265,1345,332,hsv,off,0
违章04/违章04_t30.6_5_off.jpg,违章04,30.64,343,267,429,301,hsv,off,0
违章04/违章04_t30.6_6_off.jpg,违章04,30.64,0,269,229,365,hsv,off,0
违章04/违章04_t30.6_7_off.jpg,违章04,30.64,285,272,338,295,hsv,off,0
违章04/违章04_t30.6_8_off.jpg,违章04,30.64,16,321,24,334,hsv,off,0
违章04/违章04_t30.6_9_off.jpg,违章04,30.64,1280,326,1295,346,hsv,off,0
违章04/违章04_t30.6_11_off.jpg,违章04,30.64,930,337,945,374,hsv,off,0
违章04/违章04_t30.6_12_off.jpg,违章04,30.64,1401,359,1410,372,hsv,off,0
违章04/违章04_t30.6_13_off.jpg,违章04,30.64,55,365,115,390,hsv,off,0
违章04/违章04_t30.6_14_off.jpg,违章04,30.64,1834,379,1920,508,hsv,off,0
违章04/违章04_t30.6_15_off.jpg,违章04,30.64,1701,385,1710,393,hsv,off,0
违章04/违章04_t30.6_16_off.jpg,违章04,30.64,445,388,453,398,hsv,off,0
违章04/违章04_t30.6_17_off.jpg,违章04,30.64,882,404,892,417,hsv,off,0
违章04/违章04_t30.6_20_off.jpg,违章04,30.64,1040,617,1052,626,hsv,off,0
违章04/违章04_t30.6_21_off.jpg,违章04,30.64,180,741,278,817,hsv,off,0
违章04/违章04_t30.6_22_off.jpg,违章04,30.64,303,768,321,790,hsv,off,0
违章04/违章04_t30.6_23_off.jpg,违章04,30.64,213,774,224,783,hsv,off,0
违章04/违章04_t30.6_24_off.jpg,违章04,30.64,228,798,288,822,hsv,off,0
违章04/违章04_t30.6_26_off.jpg,违章04,30.64,642,1046,677,1080,hsv,off,0
违章04/违章04_t30.9_0_off.jpg,违章04,30.88,1255,185,1295,305,hsv,off,0
违章04/违章04_t30.9_1_stand.jpg,违章04,30.88,1293,202,1309,223,hsv,stand,0
违章04/违章04_t30.9_2_off.jpg,违章04,30.88,1292,249,1347,330,hsv,off,0
违章04/违章04_t30.9_3_off.jpg,违章04,30.88,1801,254,1822,269,hsv,off,0
违章04/违章04_t30.9_4_off.jpg,违章04,30.88,344,267,431,300,hsv,off,0
违章04/违章04_t30.9_5_off.jpg,违章04,30.88,289,273,339,294,hsv,off,0
违章04/违章04_t30.9_6_off.jpg,违章04,30.88,19,321,27,339,hsv,off,0
违章04/违章04_t30.9_7_off.jpg,违章04,30.88,1282,323,1296,342,hsv,off,0
违章04/违章04_t30.9_9_off.jpg,违章04,30.88,932,336,947,373,hsv,off,0
违章04/违章04_t30.9_10_off.jpg,违章04,30.88,1408,355,1416,366,hsv,off,0
违章04/违章04_t30.9_11_off.jpg,违章04,30.88,58,365,117,389,hsv,off,0
违章04/违章04_t30.9_12_off.jpg,违章04,30.88,1418,371,1444,387,hsv,off,0
违章04/违章04_t30.9_13_off.jpg,违章04,30.88,1837,375,1920,504,hsv,off,0
违章04/违章04_t30.9_15_off.jpg,违章04,30.88,884,402,894,415,hsv,off,0
违章04/违章04_t30.9_16_off.jpg,违章04,30.88,660,422,686,431,hsv,off,0
违章04/违章04_t30.9_18_off.jpg,违章04,30.88,502,547,518,582,hsv,off,0
违章04/违章04_t30.9_19_off.jpg,违章04,30.88,312,771,326,791,hsv,off,0
违章04/违章04_t30.9_21_off.jpg,违章04,30.88,231,799,298,828,hsv,off,0
违章04/违章04_t30.9_22_off.jpg,违章04,30.88,0,862,11,896,hsv,off,0
违章04/违章04_t30.9_23_off.jpg,违章04,30.88,647,1051,679,1080,hsv,off,0
违章04/违章04_t31.1_0_stand.jpg,违章04,31.12,1296,195,1313,216,hsv,stand,0
违章04/违章04_t31.1_1_off.jpg,违章04,31.12,1295,242,1350,322,hsv,off,0
违章04/违章04_t31.1_2_off.jpg,违章04,31.12,1804,246,1826,261,hsv,off,0
违章04/违章04_t31.1_3_off.jpg,违章04,31.12,353,263,434,296,hsv,off,0
违章04/违章04_t31.1_4_off.jpg,违章04,31.12,290,267,342,289,hsv,off,0
违章04/违章04_t31.1_7_off.jpg,违章04,31.12,1285,316,1300,335,hsv,off,0
违章04/违章04_t31.1_10_off.jpg,违章04,31.12,935,330,950,367,hsv,off,0
违章04/违章04_t31.1_12_off.jpg,违章04,31.12,61,360,121,386,hsv,off,0
违章04/违章04_t31.1_13_off.jpg,违章04,31.12,1844,368,1920,497,hsv,off,0
违章04/违章04_t31.1_14_off.jpg,违章04,31.12,1708,375,1717,383,hsv,off,0
违章04/违章04_t31.1_16_off.jpg,违章04,31.12,888,397,896,408,hsv,off,0
违章04/违章04_t31.1_18_off.jpg,违章04,31.12,386,502,394,512,hsv,off,0
违章04/违章04_t31.1_19_off.jpg,违章04,31.12,507,548,535,602,hsv,off,0
违章04/违章04_t31.1_20_off.jpg,违章04,31.12,224,781,236,789,hsv,off,0
违章04/违章04_t31.1_21_off.jpg,违章04,31.12,0,864,8,873,hsv,off,0
违章04/违章04_t31.1_22_off.jpg,违章04,31.12,0,874,15,918,hsv,off,0
违章04/违章04_t31.1_23_off.jpg,违章04,31.12,657,1056,687,1080,hsv,off,0
违章04/违章04_t31.4_0_off.jpg,违章04,31.35,1267,175,1306,296,hsv,off,0
违章04/违章04_t31.4_1_stand.jpg,违章04,31.35,1303,192,1322,213,hsv,stand,0
违章04/违章04_t31.4_3_off.jpg,违章04,31.35,1305,237,1324,289,hsv,off,0
违章04/违章04_t31.4_4_off.jpg,违章04,31.35,1818,243,1839,258,hsv,off,0
违章04/违章04_t31.4_5_off.jpg,违章04,31.35,1325,250,1359,319,hsv,off,0
违章04/违章04_t31.4_6_off.jpg,违章04,31.35,356,258,443,293,hsv,off,0
违章04/违章04_t31.4_7_off.jpg,违章04,31.35,0,261,245,359,hsv,off,0
违章04/违章04_t31.4_8_off.jpg,违章04,31.35,300,264,352,287,hsv,off,0
违章04/违章04_t31.4_9_off.jpg,违章04,31.35,1294,313,1309,335,hsv,off,0
违章04/违章04_t31.4_11_off.jpg,违章04,31.35,944,327,960,364,hsv,off,0
违章04/违章04_t31.4_13_off.jpg,违章04,31.35,73,358,131,383,hsv,off,0
违章04/违章04_t31.4_14_off.jpg,违章04,31.35,1431,361,1458,377,hsv,off,0
违章04/违章04_t31.4_15_off.jpg,违章04,31.35,1856,365,1920,494,hsv,off,0
违章04/违章04_t31.4_17_off.jpg,违章04,31.35,897,394,905,406,hsv,off,0
违章04/违章04_t31.4_18_off.jpg,违章04,31.35,777,398,853,445,hsv,off,0
违章04/违章04_t31.4_19_off.jpg,违章04,31.35,703,408,739,420,hsv,off,0
违章04/违章04_t31.4_21_off.jpg,违章04,31.35,396,499,404,510,hsv,off,0
违章04/违章04_t31.4_22_off.jpg,违章04,31.35,513,552,562,622,hsv,off,0
违章04/违章04_t31.4_23_off.jpg,违章04,31.35,235,785,246,793,hsv,off,0
违章04/违章04_t31.4_24_off.jpg,违章04,31.35,0,870,28,959,hsv,off,0
违章04/违章04_t31.4_25_off.jpg,违章04,31.35,668,1062,693,1080,hsv,off,0
违章04/违章04_t31.6_0_off.jpg,违章04,31.59,1274,171,1313,294,hsv,off,0
违章04/违章04_t31.6_1_stand.jpg,违章04,31.59,1310,189,1329,211,hsv,stand,0
违章04/违章04_t31.6_2_off.jpg,违章04,31.59,1312,234,1330,288,hsv,off,0
违章04/违章04_t31.6_3_off.jpg,违章04,31.59,1827,240,1848,256,hsv,off,0
违章04/违章04_t31.6_4_off.jpg,违章04,31.59,1332,247,1367,317,hsv,off,0
违章04/违章04_t31.6_5_off.jpg,违章04,31.59,366,258,450,291,hsv,off,0
违章04/违章04_t31.6_6_off.jpg,违章04,31.59,307,264,359,285,hsv,off,0
违章04/违章04_t31.6_7_off.jpg,违章04,31.59,1332,266,1341,275,hsv,off,0
违章04/违章04_t31.6_8_off.jpg,违章04,31.59,70,309,78,318,hsv,off,0
违章04/违章04_t31.6_9_off.jpg,违章04,31.59,1301,311,1316,333,hsv,off,0
违章04/违章04_t31.6_12_off.jpg,违章04,31.59,949,326,965,363,hsv,off,0
违章04/违章04_t31.6_13_off.jpg,违章04,31.59,80,357,140,381,hsv,off,0
违章04/违章04_t31.6_14_off.jpg,违章04,31.59,1864,362,1920,492,hsv,off,0
违章04/违章04_t31.6_15_off.jpg,违章04,31.59,466,377,474,387,hsv,off,0
违章04/违章04_t31.6_16_off.jpg,违章04,31.59,903,393,911,403,hsv,off,0
违章04/违章04_t31.6_17_off.jpg,违章04,31.59,824,400,841,411,hsv,off,0
违章04/违章04_t31.6_18_off.jpg,违章04,31.59,782,402,826,447,hsv,off,0
违章04/违章04_t31.6_19_off.jpg,违章04,31.59,830,456,849,464,hsv,off,0
违章04/违章04_t31.6_21_off.jpg,违章04,31.59,403,498,411,508,hsv,off,0
违章04/违章04_t31.6_22_off.jpg,违章04,31.59,517,570,566,627,hsv,off,0
违章04/违章04_t31.6_23_off.jpg,违章04,31.59,508,588,517,608,hsv,off,0
违章04/违章04_t31.6_24_off.jpg,违章04,31.59,1477,617,1487,626,hsv,off,0
违章04/违章04_t31.8_0_stand.jpg,违章04,31.82,1309,193,1325,215,hsv,stand,0
违章04/违章04_t31.8_1_off.jpg,违章04,31.82,1829,233,1846,254,hsv,off,0
违章04/违章04_t31.8_2_off.jpg,违章04,31.82,360,256,452,297,hsv,off,0
违章04/违章04_t31.8_3_off.jpg,违章04,31.82,1482,257,1499,277,hsv,off,0
违章04/违章04_t31.8_4_off.jpg,违章04,31.82,0,260,257,388,hsv,off,0
违章04/违章04_t31.8_5_off.jpg,违章04,31.82,306,262,361,291,hsv,off,0
违章04/违章04_t31.8_7_off.jpg,违章04,31.82,1301,315,1309,330,hsv,off,0
违章04/违章04_t31.8_8_off.jpg,违章04,31.82,950,325,967,368,hsv,off,0
违章04/违章04_t31.8_9_off.jpg,违章04,31.82,1226,329,1237,341,hsv,off,0
违章04/违章04_t31.8_10_off.jpg,违章04,31.82,1438,352,1458,374,hsv,off,0
违章04/违章04_t31.8_11_off.jpg,违章04,31.82,1866,355,1920,492,hsv,off,0
违章04/违章04_t31.8_12_off.jpg,违章04,31.82,466,379,476,391,hsv,off,0
违章04/违章04_t31.8_13_off.jpg,违章04,31.82,781,395,810,470,hsv,off,0
违章04/违章04_t31.8_14_off.jpg,违章04,31.82,843,403,853,413,hsv,off,0
违章04/违章04_t31.8_15_off.jpg,违章04,31.82,569,480,595,488,hsv,off,0
违章04/违章04_t31.8_16_off.jpg,违章04,31.82,519,515,537,530,hsv,off,0
违章04/违章04_t31.8_17_off.jpg,违章04,31.82,512,532,521,541,hsv,off,0
违章04/违章04_t31.8_18_off.jpg,违章04,31.82,513,577,562,630,hsv,off,0
违章04/违章04_t31.8_19_off.jpg,违章04,31.82,337,658,346,668,hsv,off,0
违章04/违章04_t31.8_20_off.jpg,违章04,31.82,243,788,335,849,hsv,off,0
违章04/违章04_t32.1_0_stand.jpg,违章04,32.06,1316,195,1333,216,hsv,stand,0
违章04/违章04_t32.1_1_off.jpg,违章04,32.06,1833,247,1854,262,hsv,off,0
违章04/违章04_t32.1_2_off.jpg,违章04,32.06,0,265,259,390,hsv,off,0
违章04/违章04_t32.1_3_off.jpg,违章04,32.06,367,264,456,298,hsv,off,0
违章04/违章04_t32.1_4_off.jpg,违章04,32.06,310,269,364,293,hsv,off,0
违章04/违章04_t32.1_6_off.jpg,违章04,32.06,1304,317,1321,337,hsv,off,0
违章04/违章04_t32.1_7_off.jpg,违章04,32.06,954,334,969,370,hsv,off,0
违章04/违章04_t32.1_8_off.jpg,违章04,32.06,1229,337,1242,345,hsv,off,0
违章04/违章04_t32.1_9_off.jpg,违章04,32.06,1254,342,1270,354,hsv,off,0
违章04/违章04_t32.1_10_off.jpg,违章04,32.06,1443,364,1468,380,hsv,off,0
违章04/违章04_t32.1_11_off.jpg,违章04,32.06,1872,368,1920,499,hsv,off,0
违章04/违章04_t32.1_12_off.jpg,违章04,32.06,1734,376,1744,386,hsv,off,0
违章04/违章04_t32.1_13_off.jpg,违章04,32.06,468,385,479,395,hsv,off,0
违章04/违章04_t32.1_14_off.jpg,违章04,32.06,775,416,805,481,hsv,off,0
违章04/违章04_t32.1_16_off.jpg,违章04,32.06,515,578,561,638,hsv,off,0
违章04/违章04_t32.1_18_off.jpg,违章04,32.06,232,797,328,850,hsv,off,0
违章04/违章04_t32.3_0_stand.jpg,违章04,32.29,1289,175,1329,296,hsv,stand,0
违章04/违章04_t32.3_1_off.jpg,违章04,32.29,1324,191,1345,214,hsv,off,0
违章04/违章04_t32.3_2_off.jpg,违章04,32.29,1847,239,1869,257,hsv,off,0
违章04/违章04_t32.3_3_off.jpg,违章04,32.29,1327,240,1347,289,hsv,off,0
违章04/违章04_t32.3_4_off.jpg,违章04,32.29,1345,253,1382,319,hsv,off,0
违章04/违章04_t32.3_5_off.jpg,违章04,32.29,379,264,464,298,hsv,off,0
违章04/违章04_t32.3_6_off.jpg,违章04,32.29,323,270,375,293,hsv,off,0
违章04/违章04_t32.3_7_off.jpg,违章04,32.29,221,299,241,307,hsv,off,0
违章04/违章04_t32.3_8_off.jpg,违章04,32.29,88,312,96,327,hsv,off,0
违章04/违章04_t32.3_9_off.jpg,违章04,32.29,1312,314,1331,336,hsv,off,0
违章04/违章04_t32.3_12_off.jpg,违章04,32.29,962,330,980,367,hsv,off,0
违章04/违章04_t32.3_14_off.jpg,违章04,32.29,98,364,157,389,hsv,off,0
违章04/违章04_t32.3_15_off.jpg,违章04,32.29,1887,366,1920,460,hsv,off,0
违章04/违章04_t32.3_16_off.jpg,违章04,32.29,480,384,488,394,hsv,off,0
违章04/违章04_t32.3_17_off.jpg,违章04,32.29,917,397,925,409,hsv,off,0
违章04/违章04_t32.3_18_off.jpg,违章04,32.29,786,422,802,465,hsv,off,0
违章04/违章04_t32.3_19_off.jpg,违章04,32.29,319,441,521,526,hsv,off,0
违章04/违章04_t32.3_20_off.jpg,违章04,32.29,792,470,802,481,hsv,off,0
违章04/违章04_t32.3_21_off.jpg,违章04,32.29,432,503,441,512,hsv,off,0
违章04/违章04_t32.3_23_off.jpg,违章04,32.29,518,516,535,536,hsv,off,0
违章04/违章04_t32.3_24_off.jpg,违章04,32.29,514,576,560,632,hsv,off,0
违章04/违章04_t32.5_0_stand.jpg,违章04,32.53,1296,172,1336,292,hsv,stand,0
违章04/违章04_t32.5_1_off.jpg,违章04,32.53,1336,189,1351,209,hsv,off,0
违章04/违章04_t32.5_2_off.jpg,违章04,32.53,1857,236,1879,252,hsv,off,0
违章04/违章04_t32.5_3_off.jpg,违章04,32.53,1334,238,1354,288,hsv,off,0
违章04/违章04_t32.5_4_off.jpg,违章04,32.53,1353,249,1388,315,hsv,off,0
违章04/违章04_t32.5_5_off.jpg,违章04,32.53,331,270,381,292,hsv,off,0
违章04/违章04_t32.5_6_off.jpg,违章04,32.53,394,270,470,297,hsv,off,0
违章04/违章04_t32.5_7_off.jpg,违章04,32.53,1323,312,1339,334,hsv,off,0
违章04/违章04_t32.5_8_off.jpg,违章04,32.53,68,321,76,337,hsv,off,0
违章04/违章04_t32.5_9_off.jpg,违章04,32.53,968,328,985,365,hsv,off,0
违章04/违章04_t32.5_10_off.jpg,违章04,32.53,0,345,16,362,hsv,off,0
违章04/违章04_t32.5_12_off.jpg,违章04,32.53,1462,360,1489,375,hsv,off,0
违章04/违章04_t32.5_13_off.jpg,违章04,32.53,106,364,164,388,hsv,off,0
违章04/违章04_t32.5_16_off.jpg,违章04,32.53,923,395,932,407,hsv,off,0
违章04/违章04_t32.5_17_off.jpg,违章04,32.53,868,400,906,414,hsv,off,0
违章04/违章04_t32.5_18_off.jpg,违章04,32.53,736,413,763,422,hsv,off,0
违章04/违章04_t32.5_19_off.jpg,违章04,32.53,342,440,526,517,hsv,off,0
违章04/违章04_t32.5_21_off.jpg,违章04,32.53,792,472,800,481,hsv,off,0
违章04/违章04_t32.5_22_off.jpg,违章04,32.53,511,513,534,533,hsv,off,0
违章04/违章04_t32.5_23_off.jpg,违章04,32.53,510,564,560,628,hsv,off,0
违章04/违章04_t32.5_24_off.jpg,违章04,32.53,217,801,229,809,hsv,off,0
违章04/违章04_t32.8_0_stand.jpg,违章04,32.77,1342,189,1359,211,hsv,stand,0
违章04/违章04_t32.8_1_off.jpg,违章04,32.77,1865,237,1885,252,hsv,off,0
违章04/违章04_t32.8_2_off.jpg,违章04,32.77,396,265,480,297,hsv,off,0
违章04/违章04_t32.8_3_off.jpg,违章04,32.77,339,271,389,293,hsv,off,0
违章04/违章04_t32.8_4_off.jpg,违章04,32.77,106,313,114,327,hsv,off,0
违章04/违章04_t32.8_5_off.jpg,违章04,32.77,1330,312,1346,334,hsv,off,0
违章04/违章04_t32.8_7_off.jpg,违章04,32.77,976,329,992,366,hsv,off,0
违章04/违章04_t32.8_8_off.jpg,违章04,32.77,8,347,27,364,hsv,off,0
违章04/违章04_t32.8_10_off.jpg,违章04,32.77,116,366,175,389,hsv,off,0
违章04/违章04_t32.8_11_off.jpg,违章04,32.77,495,384,504,393,hsv,off,0
违章04/违章04_t32.8_12_off.jpg,违章04,32.77,931,396,939,406,hsv,off,0
违章04/违章04_t32.8_14_off.jpg,违章04,32.77,394,441,535,498,hsv,off,0
违章04/违章04_t32.8_15_off.jpg,违章04,32.77,512,520,534,538,hsv,off,0
违章04/违章04_t32.8_16_off.jpg,违章04,32.77,504,571,559,640,hsv,off,0
违章04/违章04_t32.8_18_off.jpg,违章04,32.77,1091,610,1101,618,hsv,off,0
违章04/违章04_t36.5_0_off.jpg,违章04,36.54,335,173,422,207,hsv,off,0
违章04/违章04_t36.5_1_off.jpg,违章04,36.54,273,176,326,201,hsv,off,0
违章04/违章04_t36.5_2_stand.jpg,违章04,36.54,1309,193,1324,217,hsv,stand,0
违章04/违章04_t36.5_5_off.jpg,违章04,36.54,1340,213,1348,226,hsv,off,0
违章04/违章04_t36.5_7_off.jpg,违章04,36.54,1836,216,1859,233,hsv,off,0
违章04/违章04_t36.5_8_off.jpg,违章04,36.54,40,263,99,288,hsv,off,0
违章04/违章04_t36.5_9_off.jpg,违章04,36.54,716,306,746,324,hsv,off,0
违章04/违章04_t36.5_10_off.jpg,违章04,36.54,1717,346,1740,378,hsv,off,0
违章04/违章04_t36.5_11_off.jpg,违章04,36.54,1738,346,1830,385,hsv,off,0
违章04/违章04_t36.5_12_off.jpg,违章04,36.54,1875,347,1920,397,hsv,off,0
违章04/违章04_t36.5_13_off.jpg,违章04,36.54,645,362,691,384,hsv,off,0
违章04/违章04_t36.5_15_off.jpg,违章04,36.54,1423,457,1440,467,hsv,off,0
违章04/违章04_t36.5_16_off.jpg,违章04,36.54,0,518,14,546,hsv,off,0
违章04/违章04_t36.5_17_off.jpg,违章04,36.54,344,667,399,714,hsv,off,0
违章04/违章04_t36.8_0_off.jpg,违章04,36.77,248,167,304,195,hsv,off,0
违章04/违章04_t36.8_1_off.jpg,违章04,36.77,307,166,401,203,hsv,off,0
违章04/违章04_t36.8_2_stand.jpg,违章04,36.77,1258,197,1285,205,hsv,stand,0
违章04/违章04_t36.8_4_off.jpg,违章04,36.77,1812,219,1834,236,hsv,off,0
违章04/违章04_t36.8_5_off.jpg,违章04,36.77,1456,225,1485,247,hsv,off,0
违章04/违章04_t36.8_7_off.jpg,违章04,36.77,12,256,74,283,hsv,off,0
违章04/违章04_t36.8_8_off.jpg,违章04,36.77,416,295,424,307,hsv,off,0
违章04/违章04_t36.8_9_off.jpg,违章04,36.77,704,304,731,321,hsv,off,0
违章04/违章04_t36.8_10_off.jpg,违章04,36.77,1697,346,1808,381,hsv,off,0
违章04/违章04_t36.8_11_off.jpg,违章04,36.77,1856,348,1920,394,hsv,off,0
违章04/违章04_t36.8_12_off.jpg,违章04,36.77,641,360,680,383,hsv,off,0
违章04/违章04_t36.8_13_off.jpg,违章04,36.77,1473,460,1490,471,hsv,off,0
违章04/违章04_t36.8_14_off.jpg,违章04,36.77,29,511,45,520,hsv,off,0
违章04/违章04_t36.8_15_off.jpg,违章04,36.77,347,663,408,715,hsv,off,0
违章04/违章04_t38.0_0_off.jpg,违章04,37.95,1766,165,1834,202,hsv,off,0
违章04/违章04_t38.0_1_off.jpg,违章04,37.95,304,172,399,208,hsv,off,0
违章04/违章04_t38.0_2_off.jpg,违章04,37.95,247,175,301,201,hsv,off,0
违章04/违章04_t38.0_3_stand.jpg,违章04,37.95,1256,187,1283,195,hsv,stand,0
违章04/违章04_t38.0_6_off.jpg,违章04,37.95,1811,201,1831,216,hsv,off,0
违章04/违章04_t38.0_9_off.jpg,违章04,37.95,10,266,72,291,hsv,off,0
违章04/违章04_t38.0_10_off.jpg,违章04,37.95,705,305,732,323,hsv,off,0
违章04/违章04_t38.0_11_off.jpg,违章04,37.95,430,311,441,322,hsv,off,0
违章04/违章04_t38.0_12_off.jpg,违章04,37.95,1853,331,1920,375,hsv,off,0
违章04/违章04_t38.0_13_off.jpg,违章04,37.95,1720,333,1805,364,hsv,off,0
违章04/违章04_t38.0_14_off.jpg,违章04,37.95,1706,341,1720,351,hsv,off,0
违章04/违章04_t38.0_15_off.jpg,违章04,37.95,651,362,680,384,hsv,off,0
违章04/违章04_t38.0_18_off.jpg,违章04,37.95,1494,450,1511,461,hsv,off,0
违章04/违章04_t38.0_20_off.jpg,违章04,37.95,358,672,422,726,hsv,off,0
违章04/违章04_t38.2_0_off.jpg,违章04,38.19,1882,155,1920,234,hsv,off,0
违章04/违章04_t38.2_1_off.jpg,违章04,38.19,1752,163,1833,191,hsv,off,0
违章04/违章04_t38.2_2_off.jpg,违章04,38.19,0,170,178,263,hsv,off,0
违章04/违章04_t38.2_3_off.jpg,违章04,38.19,302,172,338,208,hsv,off,0
违章04/违章04_t38.2_4_off.jpg,违章04,38.19,1641,175,1700,206,hsv,off,0
违章04/违章04_t38.2_5_off.jpg,违章04,38.19,238,176,293,200,hsv,off,0
违章04/违章04_t38.2_6_off.jpg,违章04,38.19,1745,179,1754,187,hsv,off,0
违章04/违章04_t38.2_7_off.jpg,违章04,38.19,339,181,390,204,hsv,off,0
违章04/违章04_t38.2_8_stand.jpg,违章04,38.19,1248,185,1275,195,hsv,stand,0
违章04/违章04_t38.2_9_off.jpg,违章04,38.19,1800,200,1817,214,hsv,off,0
违章04/违章04_t38.2_11_off.jpg,违章04,38.19,1683,217,1700,231,hsv,off,0
违章04/违章04_t38.2_12_off.jpg,违章04,38.19,2,266,63,291,hsv,off,0
违章04/违章04_t38.2_13_off.jpg,违章04,38.19,408,299,416,310,hsv,off,0
违章04/违章04_t38.2_14_off.jpg,违章04,38.19,697,305,724,323,hsv,off,0
违章04/违章04_t38.2_15_off.jpg,违章04,38.19,424,312,434,321,hsv,off,0
违章04/违章04_t38.2_16_off.jpg,违章04,38.19,1840,329,1920,375,hsv,off,0
违章04/违章04_t38.2_17_off.jpg,违章04,38.19,1709,330,1792,362,hsv,off,0
违章04/违章04_t38.2_18_off.jpg,违章04,38.19,1691,332,1701,340,hsv,off,0
违章04/违章04_t38.2_19_off.jpg,违章04,38.19,1694,340,1707,350,hsv,off,0
违章04/违章04_t38.2_20_off.jpg,违章04,38.19,645,362,672,384,hsv,off,0
违章04/违章04_t38.2_22_off.jpg,违章04,38.19,1483,449,1500,461,hsv,off,0
违章04/违章04_t38.2_24_off.jpg,违章04,38.19,353,672,415,727,hsv,off,0
违章04/违章04_t38.4_0_off.jpg,违章04,38.42,1710,164,1819,252,hsv,off,0
违章04/违章04_t38.4_1_off.jpg,违章04,38.42,0,171,168,262,hsv,off,0
违章04/违章04_t38.4_2_off.jpg,违章04,38.42,230,177,284,200,hsv,off,0
违章04/违章04_t38.4_3_stand.jpg,违章04,38.42,1237,179,1267,199,hsv,stand,0
违章04/违章04_t38.4_4_off.jpg,违章04,38.42,294,181,381,208,hsv,off,0
违章04/违章04_t38.4_5_off.jpg,违章04,38.42,1523,185,1577,213,hsv,off,0
违章04/违章04_t38.4_7_off.jpg,违章04,38.42,1880,187,1920,201,hsv,off,0
违章04/违章04_t38.4_10_off.jpg,违章04,38.42,1788,201,1805,216,hsv,off,0
违章04/违章04_t38.4_12_off.jpg,违章04,38.42,0,267,53,292,hsv,off,0
违章04/违章04_t38.4_13_off.jpg,违章04,38.42,1713,270,1733,279,hsv,off,0
违章04/违章04_t38.4_15_off.jpg,违章04,38.42,418,314,428,325,hsv,off,0
违章04/违章04_t38.4_16_off.jpg,违章04,38.42,1677,330,1695,353,hsv,off,0
违章04/违章04_t38.4_17_off.jpg,违章04,38.42,1827,331,1920,379,hsv,off,0
违章04/违章04_t38.4_18_off.jpg,违章04,38.42,1696,333,1779,366,hsv,off,0
违章04/违章04_t38.4_19_off.jpg,违章04,38.42,640,365,665,387,hsv,off,0
违章04/违章04_t38.4_20_off.jpg,违章04,38.42,1473,452,1489,464,hsv,off,0
违章04/违章04_t38.4_21_off.jpg,违章04,38.42,32,454,42,462,hsv,off,0
违章04/违章04_t38.4_22_off.jpg,违章04,38.42,346,675,411,726,hsv,off,0
违章04/违章04_t38.7_1_off.jpg,违章04,38.66,0,171,164,262,hsv,off,0
违章04/违章04_t38.7_2_off.jpg,违章04,38.66,283,173,324,208,hsv,off,0
违章04/违章04_t38.7_3_off.jpg,违章04,38.66,1587,175,1689,228,hsv,off,0
违章04/违章04_t38.7_4_off.jpg,违章04,38.66,222,176,278,201,hsv,off,0
违章04/违章04_t38.7_5_stand.jpg,违章04,38.66,1232,179,1262,199,hsv,stand,0
违章04/违章04_t38.7_6_off.jpg,违章04,38.66,324,181,375,205,hsv,off,0
违章04/违章04_t38.7_7_off.jpg,违章04,38.66,1538,182,1600,201,hsv,off,0
违章04/违章04_t38.7_9_off.jpg,违章04,38.66,1412,194,1460,220,hsv,off,0
违章04/违章04_t38.7_11_off.jpg,违章04,38.66,1781,202,1798,216,hsv,off,0
违章04/违章04_t38.7_13_off.jpg,违章04,38.66,1675,222,1706,232,hsv,off,0
违章04/违章04_t38.7_14_off.jpg,违章04,38.66,1562,254,1609,287,hsv,off,0
违章04/违章04_t38.7_15_off.jpg,违章04,38.66,0,267,46,293,hsv,off,0
违章04/违章04_t38.7_17_off.jpg,违章04,38.66,687,308,713,326,hsv,off,0
违章04/违章04_t38.7_18_off.jpg,违章04,38.66,1820,330,1920,379,hsv,off,0
违章04/违章04_t38.7_19_off.jpg,违章04,38.66,1674,332,1684,341,hsv,off,0
违章04/违章04_t38.7_20_off.jpg,违章04,38.66,1691,332,1773,365,hsv,off,0
违章04/违章04_t38.7_21_off.jpg,违章04,38.66,1671,341,1689,353,hsv,off,0
违章04/违章04_t38.7_22_off.jpg,违章04,38.66,603,365,613,379,hsv,off,0
违章04/违章04_t38.7_23_off.jpg,违章04,38.66,637,365,661,387,hsv,off,0
违章04/违章04_t38.7_24_off.jpg,违章04,38.66,1469,450,1484,463,hsv,off,0
违章04/违章04_t38.7_26_off.jpg,违章04,38.66,343,675,406,726,hsv,off,0
违章04/违章04_t38.9_2_off.jpg,违章04,38.89,0,175,156,265,hsv,off,0
违章04/违章04_t38.9_4_off.jpg,违章04,38.89,1641,178,1713,208,hsv,off,0
违章04/违章04_t38.9_5_off.jpg,违章04,38.89,216,181,270,205,hsv,off,0
违章04/违章04_t38.9_6_stand.jpg,违章04,38.89,1224,180,1255,205,hsv,stand,0
违章04/违章04_t38.9_7_off.jpg,违章04,38.89,296,186,306,201,hsv,off,0
违章04/违章04_t38.9_8_off.jpg,违章04,38.89,318,186,368,209,hsv,off,0
违章04/违章04_t38.9_10_off.jpg,违章04,38.89,1469,188,1568,242,hsv,off,0
违章04/违章04_t38.9_12_off.jpg,违章04,38.89,1415,196,1478,215,hsv,off,0
违章04/违章04_t38.9_14_off.jpg,违章04,38.89,1771,207,1789,222,hsv,off,0
违章04/违章04_t38.9_15_off.jpg,违章04,38.89,1904,213,1920,230,hsv,off,0
违章04/违章04_t38.9_17_off.jpg,违章04,38.89,1711,219,1721,233,hsv,off,0
违章04/违章04_t38.9_19_off.jpg,违章04,38.89,1532,270,1545,291,hsv,off,0
违章04/违章04_t38.9_20_off.jpg,违章04,38.89,0,272,38,295,hsv,off,0
违章04/违章04_t38.9_21_off.jpg,违章04,38.89,387,304,395,315,hsv,off,0
违章04/违章04_t38.9_22_off.jpg,违章04,38.89,401,308,414,321,hsv,off,0
违章04/违章04_t38.9_23_off.jpg,违章04,38.89,681,313,706,331,hsv,off,0
违章04/违章04_t38.9_24_off.jpg,违章04,38.89,406,320,418,331,hsv,off,0
违章04/违章04_t38.9_25_off.jpg,违章04,38.89,1809,334,1920,386,hsv,off,0
违章04/违章04_t38.9_26_off.jpg,违章04,38.89,1661,336,1762,370,hsv,off,0
违章04/违章04_t38.9_27_off.jpg,违章04,38.89,595,371,605,385,hsv,off,0
违章04/违章04_t38.9_28_off.jpg,违章04,38.89,629,370,654,392,hsv,off,0
违章04/违章04_t38.9_29_off.jpg,违章04,38.89,1459,456,1475,468,hsv,off,0
违章04/违章04_t38.9_31_off.jpg,违章04,38.89,336,680,398,732,hsv,off,0
违章04/违章04_t39.1_0_off.jpg,违章04,39.13,1843,88,1920,241,hsv,off,0
违章04/违章04_t39.1_3_off.jpg,违章04,39.13,0,176,148,266,hsv,off,0
违章04/违章04_t39.1_4_off.jpg,违章04,39.13,1675,177,1728,194,hsv,off,0
违章04/违章04_t39.1_5_off.jpg,违章04,39.13,266,178,361,214,hsv,off,0
违章04/违章04_t39.1_6_off.jpg,违章04,39.13,206,181,263,207,hsv,off,0
违章04/违章04_t39.1_7_off.jpg,违章04,39.13,1216,181,1248,207,hsv,off,0
违章04/违章04_t39.1_10_off.jpg,违章04,39.13,1550,187,1666,227,hsv,off,0
违章04/违章04_t39.1_12_off.jpg,违章04,39.13,1359,199,1493,250,hsv,off,0
违章04/违章04_t39.1_13_off.jpg,违章04,39.13,1311,205,1369,223,hsv,off,0
违章04/违章04_t39.1_14_off.jpg,违章04,39.13,1762,208,1780,223,hsv,off,0
违章04/违章04_t39.1_15_off.jpg,违章04,39.13,1765,225,1780,247,hsv,off,0
违章04/违章04_t39.1_18_off.jpg,违章04,39.13,0,273,30,295,hsv,off,0
违章04/违章04_t39.1_19_off.jpg,违章04,39.13,672,315,698,332,hsv,off,0
违章04/违章04_t39.1_20_off.jpg,违章04,39.13,379,317,389,333,hsv,off,0
违章04/违章04_t39.1_21_off.jpg,违章04,39.13,396,322,409,334,hsv,off,0
违章04/违章04_t39.1_22_off.jpg,违章04,39.13,1672,337,1754,372,hsv,off,0
违章04/违章04_t39.1_23_off.jpg,违章04,39.13,1800,336,1920,389,hsv,off,0
违章04/违章04_t39.1_24_off.jpg,违章04,39.13,1656,339,1665,347,hsv,off,0
违章04/违章04_t39.1_25_off.jpg,违章04,39.13,1652,347,1673,361,hsv,off,0
违章04/违章04_t39.1_26_off.jpg,违章04,39.13,621,371,647,394,hsv,off,0
违章04/违章04_t39.1_27_off.jpg,违章04,39.13,586,373,595,388,hsv,off,0
违章04/违章04_t39.1_28_off.jpg,违章04,39.13,1448,458,1464,469,hsv,off,0
违章04/违章04_t39.1_31_off.jpg,违章04,39.13,328,681,390,737,hsv,off,0
违章04/违章04_t39.4_0_off.jpg,违章04,39.37,1676,103,1787,260,hsv,off,0
违章04/违章04_t39.4_1_off.jpg,违章04,39.37,1843,172,1866,229,hsv,off,0
违章04/违章04_t39.4_2_off.jpg,违章04,39.37,0,180,144,269,hsv,off,0
违章04/违章04_t39.4_3_stand.jpg,违章04,39.37,1209,185,1246,211,hsv,stand,0
违章04/违章04_t39.4_4_off.jpg,违章04,39.37,207,186,260,210,hsv,off,0
违章04/违章04_t39.4_5_off.jpg,违章04,39.37,275,187,358,217,hsv,off,0
违章04/违章04_t39.4_8_off.jpg,违章04,39.37,1378,200,1514,241,hsv,off,0
违章04/违章04_t39.4_11_off.jpg,违章04,39.37,97,210,117,219,hsv,off,0
违章04/违章04_t39.4_12_off.jpg,违章04,39.37,1290,210,1337,224,hsv,off,0
违章04/违章04_t39.4_13_off.jpg,违章04,39.37,1758,211,1775,225,hsv,off,0
违章04/违章04_t39.4_16_off.jpg,违章04,39.37,1663,262,1687,272,hsv,off,0
违章04/违章04_t39.4_17_off.jpg,违章04,39.37,1643,264,1653,277,hsv,off,0
违章04/违章04_t39.4_18_off.jpg,违章04,39.37,0,277,27,298,hsv,off,0
违章04/违章04_t39.4_19_off.jpg,违章04,39.37,670,319,696,336,hsv,off,0
违章04/违章04_t39.4_20_off.jpg,违章04,39.37,372,329,382,340,hsv,off,0
违章04/违章04_t39.4_21_off.jpg,违章04,39.37,1795,337,1920,392,hsv,off,0
违章04/违章04_t39.4_22_off.jpg,违章04,39.37,1668,340,1749,375,hsv,off,0
违章04/违章04_t39.4_23_off.jpg,违章04,39.37,1648,349,1668,365,hsv,off,0
违章04/违章04_t39.4_24_off.jpg,违章04,39.37,583,375,592,390,hsv,off,0
违章04/违章04_t39.4_25_off.jpg,违章04,39.37,617,375,644,397,hsv,off,0
违章04/违章04_t39.4_27_off.jpg,违章04,39.37,1442,461,1458,473,hsv,off,0
违章04/违章04_t39.4_28_off.jpg,违章04,39.37,5,465,18,473,hsv,off,0
违章04/违章04_t39.4_29_off.jpg,违章04,39.37,406,558,440,586,hsv,off,0
违章04/违章04_t39.4_30_off.jpg,违章04,39.37,0,776,108,870,hsv,off,0
违章04/违章04_t39.4_31_off.jpg,违章04,39.37,103,795,135,808,hsv,off,0
违章04/违章04_t39.4_32_off.jpg,违章04,39.37,43,809,171,884,hsv,off,0
违章04/违章04_t39.6_0_off.jpg,违章04,39.6,1555,105,1726,243,hsv,off,0
违章04/违章04_t39.6_1_off.jpg,违章04,39.6,1687,142,1711,157,hsv,off,0
违章04/违章04_t39.6_2_off.jpg,违章04,39.6,1716,149,1727,161,hsv,off,0
违章04/违章04_t39.6_3_off.jpg,违章04,39.6,0,181,137,269,hsv,off,0
违章04/违章04_t39.6_4_off.jpg,违章04,39.6,197,186,252,211,hsv,off,0
违章04/违章04_t39.6_5_off.jpg,违章04,39.6,263,189,351,218,hsv,off,0
违章04/违章04_t39.6_6_stand.jpg,违章04,39.6,1243,202,1251,213,hsv,stand,0
违章04/违章04_t39.6_7_off.jpg,违章04,39.6,1432,202,1468,216,hsv,off,0
违章04/违章04_t39.6_9_off.jpg,违章04,39.6,1325,210,1354,234,hsv,off,0
违章04/违章04_t39.6_11_off.jpg,违章04,39.6,1748,213,1769,230,hsv,off,0
违章04/违章04_t39.6_14_off.jpg,违章04,39.6,1552,275,1582,285,hsv,off,0
违章04/违章04_t39.6_15_off.jpg,违章04,39.6,0,278,18,299,hsv,off,0
违章04/违章04_t39.6_16_off.jpg,违章04,39.6,369,309,377,321,hsv,off,0
违章04/违章04_t39.6_17_off.jpg,违章04,39.6,660,321,686,338,hsv,off,0
违章04/违章04_t39.6_18_off.jpg,违章04,39.6,342,331,353,341,hsv,off,0
违章04/违章04_t39.6_19_off.jpg,违章04,39.6,1785,339,1920,395,hsv,off,0
违章04/违章04_t39.6_20_off.jpg,违章04,39.6,1659,340,1739,377,hsv,off,0
违章04/违章04_t39.6_21_off.jpg,违章04,39.6,1645,343,1653,351,hsv,off,0
违章04/违章04_t39.6_22_off.jpg,违章04,39.6,1639,351,1660,368,hsv,off,0
违章04/违章04_t39.6_23_off.jpg,违章04,39.6,606,377,634,400,hsv,off,0
违章04/违章04_t39.6_24_off.jpg,违章04,39.6,575,379,584,387,hsv,off,0
违章04/违章04_t39.6_25_off.jpg,违章04,39.6,1430,464,1446,476,hsv,off,0
违章04/违章04_t39.6_26_off.jpg,违章04,39.6,294,497,303,506,hsv,off,0
违章04/违章04_t39.6_27_off.jpg,违章04,39.6,37,521,48,529,hsv,off,0
违章04/违章04_t39.6_28_off.jpg,违章04,39.6,12,530,55,574,hsv,off,0
违章04/违章04_t39.6_29_off.jpg,违章04,39.6,591,558,633,588,hsv,off,0
违章04/违章04_t39.6_31_off.jpg,违章04,39.6,213,731,295,804,hsv,off,0
违章04/违章04_t39.6_32_off.jpg,违章04,39.6,0,750,50,780,hsv,off,0
违章04/违章04_t39.6_33_off.jpg,违章04,39.6,265,752,361,810,hsv,off,0
违章04/违章04_t39.6_34_off.jpg,违章04,39.6,0,844,188,966,hsv,off,0
违章04/违章04_t39.6_35_off.jpg,违章04,39.6,668,1032,723,1080,hsv,off,0
违章04/违章04_t39.8_0_off.jpg,违章04,39.84,1432,117,1602,248,hsv,off,0
违章04/违章04_t39.8_1_off.jpg,违章04,39.84,1553,152,1577,167,hsv,off,0
违章04/违章04_t39.8_2_off.jpg,违章04,39.84,190,186,243,211,hsv,off,0
违章04/违章04_t39.8_3_off.jpg,违章04,39.84,270,192,280,208,hsv,off,0
违章04/违章04_t39.8_4_off.jpg,违章04,39.84,291,192,344,215,hsv,off,0
违章04/违章04_t39.8_5_stand.jpg,违章04,39.84,1236,204,1245,213,hsv,stand,0
违章04/违章04_t39.8_6_off.jpg,违章04,39.84,1317,208,1368,224,hsv,off,0
违章04/违章04_t39.8_7_off.jpg,违章04,39.84,1739,212,1760,228,hsv,off,0
违章04/违章04_t39.8_9_off.jpg,违章04,39.84,1560,262,1577,284,hsv,off,0
违章04/违章04_t39.8_10_off.jpg,违章04,39.84,1522,266,1555,287,hsv,off,0
违章04/违章04_t39.8_11_off.jpg,违章04,39.84,1509,273,1518,288,hsv,off,0
违章04/违章04_t39.8_13_off.jpg,违章04,39.84,362,310,370,321,hsv,off,0
违章04/违章04_t39.8_14_off.jpg,违章04,39.84,1636,339,1648,350,hsv,off,0
违章04/违章04_t39.8_15_off.jpg,违章04,39.84,1776,339,1920,395,hsv,off,0
违章04/违章04_t39.8_16_off.jpg,违章04,39.84,1651,340,1730,376,hsv,off,0
违章04/违章04_t39.8_17_off.jpg,违章04,39.84,1631,350,1652,367,hsv,off,0
违章04/违章04_t39.8_18_off.jpg,违章04,39.84,706,369,791,429,hsv,off,0
违章04/违章04_t39.8_19_off.jpg,违章04,39.84,598,376,627,399,hsv,off,0
违章04/违章04_t39.8_21_off.jpg,违章04,39.84,1422,462,1438,473,hsv,off,0
违章04/违章04_t39.8_22_off.jpg,违章04,39.84,332,594,530,720,hsv,off,0
违章04/违章04_t39.8_23_off.jpg,违章04,39.84,0,1018,61,1080,hsv,off,0
违章04/违章04_t40.1_0_stand.jpg,违章04,40.07,1190,128,1236,185,hsv,stand,0
违章04/违章04_t40.1_1_off.jpg,违章04,40.07,1327,132,1491,262,hsv,off,0
违章04/违章04_t40.1_2_off.jpg,违章04,40.07,1433,166,1453,180,hsv,off,0
违章04/违章04_t40.1_3_off.jpg,违章04,40.07,287,193,339,217,hsv,off,0
违章04/违章04_t40.1_4_off.jpg,违章04,40.07,1232,205,1241,216,hsv,off,0
违章04/违章04_t40.1_5_off.jpg,违章04,40.07,1735,214,1755,231,hsv,off,0
违章04/违章04_t40.1_6_off.jpg,违章04,40.07,355,248,363,257,hsv,off,0
违章04/违章04_t40.1_8_off.jpg,违章04,40.07,293,333,306,347,hsv,off,0
违章04/违章04_t40.1_9_off.jpg,违章04,40.07,1772,341,1920,398,hsv,off,0
违章04/违章04_t40.1_10_off.jpg,违章04,40.07,1626,342,1726,378,hsv,off,0
违章04/违章04_t40.1_11_off.jpg,违章04,40.07,595,380,619,402,hsv,off,0
违章04/违章04_t40.1_12_off.jpg,违章04,40.07,1418,466,1434,477,hsv,off,0
违章04/违章04_t40.1_13_off.jpg,违章04,40.07,620,536,650,554,hsv,off,0
违章04/违章04_t40.1_14_off.jpg,违章04,40.07,738,847,785,915,hsv,off,0
违章04/违章04_t40.1_15_off.jpg,违章04,40.07,801,972,818,1001,hsv,off,0
违章04/违章04_t40.3_0_stand.jpg,违章04,40.31,1187,133,1236,195,hsv,stand,0
违章04/违章04_t40.3_1_off.jpg,违章04,40.31,1266,151,1385,244,hsv,off,0
违章04/违章04_t40.3_2_off.jpg,违章04,40.31,1325,183,1344,196,hsv,off,0
违章04/违章04_t40.3_3_off.jpg,违章04,40.31,285,197,337,221,hsv,off,0
违章04/违章04_t40.3_4_off.jpg,违章04,40.31,1231,210,1241,223,hsv,off,0
违章04/违章04_t40.3_5_off.jpg,违章04,40.31,1732,224,1753,239,hsv,off,0
违章04/违章04_t40.3_6_off.jpg,违章04,40.31,353,252,361,260,hsv,off,0
违章04/违章04_t40.3_7_off.jpg,违章04,40.31,355,316,363,327,hsv,off,0
违章04/违章04_t40.3_8_off.jpg,违章04,40.31,663,327,674,336,hsv,off,0
违章04/违章04_t40.3_9_off.jpg,违章04,40.31,1624,351,1725,388,hsv,off,0
违章04/违章04_t40.3_10_off.jpg,违章04,40.31,1769,351,1920,409,hsv,off,0
违章04/违章04_t40.3_11_off.jpg,违章04,40.31,619,473,632,482,hsv,off,0
违章04/违章04_t40.3_12_off.jpg,违章04,40.31,1416,472,1432,484,hsv,off,0
违章04/违章04_t40.3_13_off.jpg,违章04,40.31,0,475,115,525,hsv,off,0
违章04/违章04_t40.3_14_off.jpg,违章04,40.31,177,634,200,646,hsv,off,0
违章04/违章04_t40.3_15_off.jpg,违章04,40.31,130,636,155,647,hsv,off,0
违章04/违章04_t40.3_16_off.jpg,违章04,40.31,0,639,32,651,hsv,off,0
违章04/违章04_t40.3_17_off.jpg,违章04,40.31,19,650,35,672,hsv,off,0
违章04/违章04_t40.3_18_off.jpg,违章04,40.31,309,760,443,969,hsv,off,0
违章04/违章04_t40.3_19_off.jpg,违章04,40.31,736,888,745,896,hsv,off,0
违章04/违章04_t40.3_20_off.jpg,违章04,40.31,735,914,751,947,hsv,off,0
违章04/违章04_t40.5_0_off.jpg,违章04,40.54,1194,140,1237,191,hsv,off,0
违章04/违章04_t40.5_1_stand.jpg,违章04,40.54,1170,178,1193,222,hsv,stand,0
违章04/违章04_t40.5_2_off.jpg,违章04,40.54,1261,185,1275,195,hsv,off,0
违章04/违章04_t40.5_3_off.jpg,违章04,40.54,1248,195,1290,235,hsv,off,0
违章04/违章04_t40.5_4_off.jpg,违章04,40.54,287,201,338,224,hsv,off,0
违章04/违章04_t40.5_5_off.jpg,违章04,40.54,1198,201,1227,230,hsv,off,0
违章04/违章04_t40.5_6_off.jpg,违章04,40.54,1231,214,1242,230,hsv,off,0
违章04/违章04_t40.5_8_off.jpg,违章04,40.54,1390,232,1428,280,hsv,off,0
违章04/违章04_t40.5_9_off.jpg,违章04,40.54,1732,232,1752,248,hsv,off,0
违章04/违章04_t40.5_11_off.jpg,违章04,40.54,85,328,286,407,hsv,off,0
违章04/违章04_t40.5_12_off.jpg,违章04,40.54,648,332,675,350,hsv,off,0
违章04/违章04_t40.5_13_off.jpg,违章04,40.54,1623,357,1725,396,hsv,off,0
违章04/违章04_t40.5_14_off.jpg,违章04,40.54,1769,359,1920,418,hsv,off,0
违章04/违章04_t40.5_15_off.jpg,违章04,40.54,1629,360,1639,369,hsv,off,0
违章04/违章04_t40.5_16_off.jpg,违章04,40.54,593,388,623,411,hsv,off,0
违章04/违章04_t40.5_17_off.jpg,违章04,40.54,560,392,569,400,hsv,off,0
违章04/违章04_t40.5_18_off.jpg,违章04,40.54,43,417,67,425,hsv,off,0
违章04/违章04_t40.5_19_off.jpg,违章04,40.54,0,440,192,540,hsv,off,0
违章04/违章04_t40.5_20_off.jpg,违章04,40.54,1415,480,1431,491,hsv,off,0
违章04/违章04_t40.5_21_off.jpg,违章04,40.54,69,600,144,627,hsv,off,0
违章04/违章04_t40.8_1_off.jpg,违章04,40.78,1198,152,1241,209,hsv,off,0
违章04/违章04_t40.8_2_stand.jpg,违章04,40.78,1079,185,1179,234,hsv,stand,0
违章04/违章04_t40.8_3_off.jpg,违章04,40.78,0,197,89,280,hsv,off,0
违章04/违章04_t40.8_4_off.jpg,违章04,40.78,253,197,291,233,hsv,off,0
违章04/违章04_t40.8_5_off.jpg,违章04,40.78,1162,201,1193,214,hsv,off,0
违章04/违章04_t40.8_6_off.jpg,违章04,40.78,291,207,342,230,hsv,off,0
违章04/违章04_t40.8_7_off.jpg,违章04,40.78,1127,215,1146,227,hsv,off,0
违章04/违章04_t40.8_8_off.jpg,违章04,40.78,1234,216,1248,241,hsv,off,0
违章04/违章04_t40.8_10_off.jpg,违章04,40.78,1393,240,1432,289,hsv,off,0
违章04/违章04_t40.8_11_off.jpg,违章04,40.78,1734,242,1755,257,hsv,off,0
违章04/违章04_t40.8_13_off.jpg,违章04,40.78,358,262,366,271,hsv,off,0
违章04/违章04_t40.8_15_off.jpg,违章04,40.78,116,352,306,422,hsv,off,0
违章04/违章04_t40.8_16_off.jpg,违章04,40.78,1625,367,1728,407,hsv,off,0
违章04/违章04_t40.8_17_off.jpg,违章04,40.78,1771,370,1920,429,hsv,off,0
违章04/违章04_t40.8_18_off.jpg,违章04,40.78,228,388,451,500,hsv,off,0
违章04/违章04_t40.8_19_off.jpg,违章04,40.78,595,396,626,419,hsv,off,0
违章04/违章04_t40.8_20_off.jpg,违章04,40.78,0,429,252,563,hsv,off,0
违章04/违章04_t40.8_22_off.jpg,违章04,40.78,1416,490,1432,502,hsv,off,0
违章04/违章04_t40.8_23_off.jpg,违章04,40.78,401,535,571,706,hsv,off,0
违章04/违章04_t40.8_24_off.jpg,违章04,40.78,0,564,11,584,hsv,off,0
违章04/违章04_t40.8_26_off.jpg,违章04,40.78,286,585,320,595,hsv,off,0
违章04/违章04_t40.8_27_off.jpg,违章04,40.78,151,592,237,628,hsv,off,0
违章04/违章04_t40.8_28_off.jpg,违章04,40.78,416,706,460,774,hsv,off,0
违章04/违章04_t40.8_29_off.jpg,违章04,40.78,1863,902,1920,964,hsv,off,0
违章04/违章04_t41.0_0_off.jpg,违章04,41.02,1200,156,1244,248,hsv,off,0
违章04/违章04_t41.0_1_off.jpg,违章04,41.02,0,199,117,286,hsv,off,0
违章04/违章04_t41.0_2_off.jpg,违章04,41.02,992,200,1088,238,hsv,off,0
违章04/违章04_t41.0_3_off.jpg,违章04,41.02,253,202,348,238,hsv,off,0
违章04/违章04_t41.0_4_off.jpg,违章04,41.02,228,208,249,230,hsv,off,0
违章04/违章04_t41.0_5_stand.jpg,违章04,41.02,1073,215,1108,228,hsv,stand,0
违章04/违章04_t41.0_6_off.jpg,违章04,41.02,1238,223,1252,249,hsv,off,0
违章04/违章04_t41.0_7_off.jpg,违章04,41.02,1041,229,1055,238,hsv,off,0
违章04/违章04_t41.0_8_off.jpg,违章04,41.02,89,240,272,328,hsv,off,0
违章04/违章04_t41.0_10_off.jpg,违章04,41.02,1395,250,1434,297,hsv,off,0
违章04/违章04_t41.0_13_off.jpg,违章04,41.02,0,294,11,316,hsv,off,0
违章04/违章04_t41.0_15_off.jpg,违章04,41.02,138,356,310,421,hsv,off,0
违章04/违章04_t41.0_17_off.jpg,违章04,41.02,1649,380,1725,416,hsv,off,0
违章04/违章04_t41.0_18_off.jpg,违章04,41.02,1630,388,1652,406,hsv,off,0
违章04/违章04_t41.0_19_off.jpg,违章04,41.02,599,401,630,425,hsv,off,0
违章04/违章04_t41.0_20_off.jpg,违章04,41.02,254,406,430,495,hsv,off,0
违章04/违章04_t41.0_21_off.jpg,违章04,41.02,0,420,269,571,hsv,off,0
违章04/违章04_t41.0_23_off.jpg,违章04,41.02,1419,498,1433,510,hsv,off,0
违章04/违章04_t41.0_24_off.jpg,违章04,41.02,380,523,503,640,hsv,off,0
违章04/违章04_t41.0_25_off.jpg,违章04,41.02,332,564,341,572,hsv,off,0
违章04/违章04_t41.0_26_off.jpg,违章04,41.02,302,568,331,577,hsv,off,0
违章04/违章04_t41.0_27_off.jpg,违章04,41.02,193,574,267,609,hsv,off,0
违章04/违章04_t41.0_28_off.jpg,违章04,41.02,395,1029,429,1050,hsv,off,0
违章04/违章04_t41.2_0_stand.jpg,违章04,41.25,1233,117,1263,148,hsv,stand,0
违章04/违章04_t41.2_1_off.jpg,违章04,41.25,0,210,124,296,hsv,off,0
违章04/违章04_t41.2_2_off.jpg,违章04,41.25,258,212,352,249,hsv,off,0
违章04/违章04_t41.2_3_off.jpg,违章04,41.25,197,216,254,241,hsv,off,0
违章04/违章04_t41.2_5_off.jpg,违章04,41.25,1240,234,1255,260,hsv,off,0
违章04/违章04_t41.2_8_off.jpg,违章04,41.25,148,265,166,275,hsv,off,0
违章04/违章04_t41.2_9_off.jpg,违章04,41.25,1742,264,1762,279,hsv,off,0
违章04/违章04_t41.2_11_off.jpg,违章04,41.25,0,305,16,325,hsv,off,0
违章04/违章04_t41.2_13_off.jpg,违章04,41.25,132,368,293,424,hsv,off,0
违章04/违章04_t41.2_14_off.jpg,违章04,41.25,1630,370,1655,387,hsv,off,0
违章04/违章04_t41.2_16_off.jpg,违章04,41.25,1652,390,1736,428,hsv,off,0
违章04/违章04_t41.2_17_off.jpg,违章04,41.25,1780,391,1920,451,hsv,off,0
违章04/违章04_t41.2_18_off.jpg,违章04,41.25,1633,399,1653,418,hsv,off,0
违章04/违章04_t41.2_20_off.jpg,违章04,41.25,602,412,634,435,hsv,off,0
违章04/违章04_t41.2_21_off.jpg,违章04,41.25,239,414,391,503,hsv,off,0
违章04/违章04_t41.2_22_off.jpg,违章04,41.25,0,419,251,551,hsv,off,0
违章04/违章04_t41.2_23_off.jpg,违章04,41.25,1421,510,1436,521,hsv,off,0
违章04/违章04_t41.2_24_off.jpg,违章04,41.25,332,530,427,611,hsv,off,0
违章04/违章04_t41.2_25_off.jpg,违章04,41.25,280,558,310,567,hsv,off,0
违章04/违章04_t41.2_26_off.jpg,违章04,41.25,194,561,245,587,hsv,off,0
违章04/违章04_t41.2_29_off.jpg,违章04,41.25,1385,825,1395,834,hsv,off,0
违章04/违章04_t41.2_31_off.jpg,违章04,41.25,1417,871,1425,880,hsv,off,0
违章04/违章04_t41.2_32_off.jpg,违章04,41.25,325,955,392,982,hsv,off,0
违章04/违章04_t41.2_33_off.jpg,违章04,41.25,206,964,276,1001,hsv,off,0
违章04/违章04_t41.2_34_off.jpg,违章04,41.25,305,981,320,992,hsv,off,0
违章04/违章04_t41.5_0_stand.jpg,违章04,41.49,1207,175,1248,227,hsv,stand,0
违章04/违章04_t41.5_1_off.jpg,违章04,41.49,6,215,127,300,hsv,off,0
违章04/违章04_t41.5_2_off.jpg,违章04,41.49,263,219,356,255,hsv,off,0
违章04/违章04_t41.5_3_off.jpg,违章04,41.49,202,221,257,247,hsv,off,0
违章04/违章04_t41.5_5_off.jpg,违章04,41.49,2,237,11,250,hsv,off,0
违章04/违章04_t41.5_6_off.jpg,违章04,41.49,833,236,854,262,hsv,off,0
违章04/违章04_t41.5_7_off.jpg,违章04,41.49,894,242,948,259,hsv,off,0
违章04/违章04_t41.5_8_off.jpg,违章04,41.49,1280,247,1301,271,hsv,off,0
违章04/违章04_t41.5_9_off.jpg,违章04,41.49,4,257,13,269,hsv,off,0
违章04/违章04_t41.5_11_off.jpg,违章04,41.49,1399,267,1439,314,hsv,off,0
违章04/违章04_t41.5_12_off.jpg,违章04,41.49,0,268,12,301,hsv,off,0
违章04/违章04_t41.5_13_off.jpg,违章04,41.49,1744,269,1765,287,hsv,off,0
违章04/违章04_t41.5_15_off.jpg,违章04,41.49,109,282,131,290,hsv,off,0
违章04/违章04_t41.5_18_off.jpg,违章04,41.49,0,309,20,331,hsv,off,0
违章04/违章04_t41.5_20_off.jpg,违章04,41.49,663,363,688,380,hsv,off,0
违章04/违章04_t41.5_21_off.jpg,违章04,41.49,384,366,395,377,hsv,off,0
违章04/违章04_t41.5_22_off.jpg,违章04,41.49,92,373,236,424,hsv,off,0
违章04/违章04_t41.5_23_off.jpg,违章04,41.49,1641,396,1652,406,hsv,off,0
违章04/违章04_t41.5_24_off.jpg,违章04,41.49,1655,398,1737,435,hsv,off,0
违章04/违章04_t41.5_25_off.jpg,违章04,41.49,1782,398,1920,458,hsv,off,0
违章04/违章04_t41.5_26_off.jpg,违章04,41.49,1635,406,1658,425,hsv,off,0
违章04/违章04_t41.5_27_off.jpg,违章04,41.49,0,415,203,529,hsv,off,0
违章04/违章04_t41.5_28_off.jpg,违章04,41.49,604,418,636,441,hsv,off,0
违章04/违章04_t41.5_30_off.jpg,违章04,41.49,192,425,401,505,hsv,off,0
违章04/违章04_t41.5_31_off.jpg,违章04,41.49,1423,517,1438,529,hsv,off,0
违章04/违章04_t41.5_33_off.jpg,违章04,41.49,1387,671,1396,679,hsv,off,0
违章04/违章04_t41.5_34_off.jpg,违章04,41.49,1358,721,1371,732,hsv,off,0
违章04/违章04_t41.5_35_off.jpg,违章04,41.49,1334,739,1359,755,hsv,off,0
违章04/违章04_t41.5_37_off.jpg,违章04,41.49,1367,807,1389,821,hsv,off,0
违章04/违章04_t41.5_38_off.jpg,违章04,41.49,1334,821,1349,839,hsv,off,0
违章04/违章04_t41.5_39_off.jpg,违章04,41.49,1380,840,1391,854,hsv,off,0
违章04/违章04_t41.5_40_off.jpg,违章04,41.49,228,893,336,931,hsv,off,0
违章04/违章04_t41.5_41_off.jpg,违章04,41.49,168,906,226,939,hsv,off,0
违章04/违章04_t41.7_0_stand.jpg,违章04,41.72,1208,181,1253,273,hsv,stand,0
违章04/违章04_t41.7_1_off.jpg,违章04,41.72,0,221,143,306,hsv,off,0
违章04/违章04_t41.7_2_off.jpg,违章04,41.72,206,228,260,250,hsv,off,0
违章04/违章04_t41.7_4_off.jpg,违章04,41.72,268,233,359,260,hsv,off,0
违章04/违章04_t41.7_5_off.jpg,违章04,41.72,287,234,296,249,hsv,off,0
违章04/违章04_t41.7_6_off.jpg,违章04,41.72,759,245,825,275,hsv,off,0
违章04/违章04_t41.7_7_off.jpg,违章04,41.72,1245,247,1260,274,hsv,off,0
违章04/违章04_t41.7_8_off.jpg,违章04,41.72,827,256,855,269,hsv,off,0
违章04/违章04_t41.7_9_off.jpg,违章04,41.72,8,263,16,274,hsv,off,0
违章04/违章04_t41.7_11_off.jpg,违章04,41.72,1746,279,1766,294,hsv,off,0
违章04/违章04_t41.7_15_off.jpg,违章04,41.72,0,386,172,497,hsv,off,0
违章04/违章04_t41.7_17_off.jpg,违章04,41.72,1643,402,1657,413,hsv,off,0
违章04/违章04_t41.7_18_off.jpg,违章04,41.72,1637,405,1740,443,hsv,off,0
违章04/违章04_t41.7_19_off.jpg,违章04,41.72,1785,406,1920,465,hsv,off,0
违章04/违章04_t41.7_20_off.jpg,违章04,41.72,608,424,640,447,hsv,off,0
违章04/违章04_t41.7_22_off.jpg,违章04,41.72,1427,524,1443,536,hsv,off,0
违章04/违章04_t41.7_23_off.jpg,违章04,41.72,105,546,133,562,hsv,off,0
违章04/违章04_t41.7_24_off.jpg,违章04,41.72,1164,701,1175,712,hsv,off,0
违章04/违章04_t41.7_25_off.jpg,违章04,41.72,1177,774,1188,786,hsv,off,0
违章04/违章04_t41.7_26_off.jpg,违章04,41.72,1146,791,1165,820,hsv,off,0
违章04/违章04_t41.7_27_off.jpg,违章04,41.72,184,854,280,895,hsv,off,0
违章04/违章04_t41.7_28_off.jpg,违章04,41.72,128,868,183,902,hsv,off,0
违章04/违章04_t41.7_29_off.jpg,违章04,41.72,835,896,850,907,hsv,off,0
违章04/违章04_t41.7_31_off.jpg,违章04,41.72,836,907,850,916,hsv,off,0
违章04/违章04_t41.7_32_off.jpg,违章04,41.72,16,939,27,948,hsv,off,0
违章04/违章04_t41.7_33_off.jpg,违章04,41.72,34,942,58,950,hsv,off,0
违章04/违章04_t42.0_0_stand.jpg,违章04,41.96,1214,187,1256,240,hsv,stand,0
违章04/违章04_t42.0_1_off.jpg,违章04,41.96,0,224,150,298,hsv,off,0
违章04/违章04_t42.0_2_off.jpg,违章04,41.96,276,228,365,263,hsv,off,0
违章04/违章04_t42.0_3_off.jpg,违章04,41.96,212,230,267,256,hsv,off,0
违章04/违章04_t42.0_4_off.jpg,违章04,41.96,1249,252,1264,278,hsv,off,0
违章04/违章04_t42.0_5_off.jpg,违章04,41.96,728,255,753,280,hsv,off,0
违章04/违章04_t42.0_8_off.jpg,违章04,41.96,1752,282,1771,298,hsv,off,0
违章04/违章04_t42.0_9_off.jpg,违章04,41.96,379,356,387,365,hsv,off,0
违章04/违章04_t42.0_10_off.jpg,违章04,41.96,394,374,406,385,hsv,off,0
违章04/违章04_t42.0_11_off.jpg,违章04,41.96,0,391,116,433,hsv,off,0
违章04/违章04_t42.0_12_off.jpg,违章04,41.96,1643,408,1665,436,hsv,off,0
违章04/违章04_t42.0_13_off.jpg,违章04,41.96,1663,409,1746,447,hsv,off,0
违章04/违章04_t42.0_14_off.jpg,违章04,41.96,1792,410,1920,469,hsv,off,0
违章04/违章04_t42.0_15_off.jpg,违章04,41.96,615,427,646,450,hsv,off,0
违章04/违章04_t42.0_17_off.jpg,违章04,41.96,82,439,201,508,hsv,off,0
违章04/违章04_t42.0_18_off.jpg,违章04,41.96,1434,528,1450,540,hsv,off,0
违章04/违章04_t42.0_19_off.jpg,违章04,41.96,53,537,80,552,hsv,off,0
违章04/违章04_t42.0_20_off.jpg,违章04,41.96,996,759,1009,774,hsv,off,0
违章04/违章04_t42.0_21_off.jpg,违章04,41.96,955,777,972,788,hsv,off,0
违章04/违章04_t42.0_22_off.jpg,违章04,41.96,989,780,1011,835,hsv,off,0
违章04/违章04_t42.2_0_walk.jpg,违章04,42.19,1216,225,1248,280,hsv,walk,0
违章04/违章04_t42.2_1_off.jpg,违章04,42.19,0,226,153,304,hsv,off,0
违章04/违章04_t42.2_2_off.jpg,违章04,42.19,274,231,366,266,hsv,off,0
违章04/违章04_t42.2_3_off.jpg,违章04,42.19,214,233,268,258,hsv,off,0
违章04/违章04_t42.2_5_off.jpg,违章04,42.19,623,265,686,291,hsv,off,0
违章04/违章04_t42.2_8_off.jpg,违章04,42.19,684,274,694,285,hsv,off,0
违章04/违章04_t42.2_11_off.jpg,违章04,42.19,1754,287,1773,303,hsv,off,0
违章04/违章04_t42.2_12_off.jpg,违章04,42.19,1407,301,1424,328,hsv,off,0
违章04/违章04_t42.2_13_off.jpg,违章04,42.19,1427,300,1445,323,hsv,off,0
违章04/违章04_t42.2_14_off.jpg,违章04,42.19,334,337,356,362,hsv,off,0
违章04/违章04_t42.2_15_off.jpg,违章04,42.19,358,336,371,346,hsv,off,0
违章04/违章04_t42.2_16_off.jpg,违章04,42.19,377,344,388,355,hsv,off,0
违章04/违章04_t42.2_17_off.jpg,违章04,42.19,0,390,77,432,hsv,off,0
违章04/违章04_t42.2_18_off.jpg,违章04,42.19,649,400,668,415,hsv,off,0
违章04/违章04_t42.2_19_off.jpg,违章04,42.19,1651,413,1661,422,hsv,off,0
违章04/违章04_t42.2_20_off.jpg,违章04,42.19,1665,414,1748,452,hsv,off,0
违章04/违章04_t42.2_21_off.jpg,违章04,42.19,1794,416,1920,473,hsv,off,0
违章04/违章04_t42.2_22_off.jpg,违章04,42.19,1646,422,1666,441,hsv,off,0
违章04/违章04_t42.2_23_off.jpg,违章04,42.19,41,437,154,505,hsv,off,0
违章04/违章04_t42.2_24_off.jpg,违章04,42.19,621,437,642,453,hsv,off,0
违章04/违章04_t42.2_25_off.jpg,违章04,42.19,0,458,43,473,hsv,off,0
违章04/违章04_t42.2_26_off.jpg,违章04,42.19,1436,532,1451,544,hsv,off,0
违章04/违章04_t42.2_28_off.jpg,违章04,42.19,128,701,147,726,hsv,off,0
违章04/违章04_t42.2_29_off.jpg,违章04,42.19,170,701,199,721,hsv,off,0
违章04/违章04_t42.2_30_off.jpg,违章04,42.19,807,728,823,746,hsv,off,0
违章04/违章04_t42.2_32_off.jpg,违章04,42.19,49,811,58,821,hsv,off,0
违章04/违章04_t42.2_33_off.jpg,违章04,42.19,819,820,831,829,hsv,off,0
违章04/违章04_t42.2_36_off.jpg,违章04,42.19,622,898,636,909,hsv,off,0
违章04/违章04_t42.4_0_walk.jpg,违章04,42.43,1215,231,1249,285,hsv,walk,0
违章04/违章04_t42.4_1_off.jpg,违章04,42.43,21,232,156,317,hsv,off,0
违章04/违章04_t42.4_2_off.jpg,违章04,42.43,281,235,368,271,hsv,off,0
违章04/违章04_t42.4_3_off.jpg,违章04,42.43,217,239,271,263,hsv,off,0
违章04/违章04_t42.4_4_off.jpg,违章04,42.43,296,245,306,261,hsv,off,0
违章04/违章04_t42.4_5_off.jpg,违章04,42.43,0,246,27,308,hsv,off,0
违章04/违章04_t42.4_8_off.jpg,违章04,42.43,558,275,616,314,hsv,off,0
违章04/违章04_t42.4_9_off.jpg,违章04,42.43,1432,289,1440,297,hsv,off,0
违章04/违章04_t42.4_10_off.jpg,违章04,42.43,1757,293,1776,308,hsv,off,0
违章04/违章04_t42.4_11_off.jpg,违章04,42.43,1428,303,1447,331,hsv,off,0
违章04/违章04_t42.4_12_off.jpg,违章04,42.43,1409,306,1426,334,hsv,off,0
违章04/违章04_t42.4_13_off.jpg,违章04,42.43,0,339,59,393,hsv,off,0
违章04/违章04_t42.4_14_off.jpg,违章04,42.43,326,342,359,375,hsv,off,0
违章04/违章04_t42.4_15_off.jpg,违章04,42.43,23,395,31,404,hsv,off,0
违章04/违章04_t42.4_16_off.jpg,违章04,42.43,0,405,63,442,hsv,off,0
违章04/违章04_t42.4_17_off.jpg,违章04,42.43,1655,417,1664,426,hsv,off,0
违章04/违章04_t42.4_18_off.jpg,违章04,42.43,1668,420,1752,457,hsv,off,0
违章04/违章04_t42.4_19_off.jpg,违章04,42.43,1797,421,1920,478,hsv,off,0
违章04/违章04_t42.4_20_off.jpg,违章04,42.43,1649,428,1668,446,hsv,off,0
违章04/违章04_t42.4_21_off.jpg,违章04,42.43,25,448,136,514,hsv,off,0
违章04/违章04_t42.4_22_off.jpg,违章04,42.43,0,468,25,481,hsv,off,0
违章04/违章04_t42.4_23_off.jpg,违章04,42.43,88,534,143,581,hsv,off,0
违章04/违章04_t42.4_24_off.jpg,违章04,42.43,1440,538,1456,549,hsv,off,0
违章04/违章04_t42.4_25_off.jpg,违章04,42.43,155,681,165,691,hsv,off,0
违章04/违章04_t42.4_26_off.jpg,违章04,42.43,702,690,712,698,hsv,off,0
违章04/违章04_t42.4_27_off.jpg,违章04,42.43,108,693,126,701,hsv,off,0
违章04/违章04_t42.4_28_off.jpg,违章04,42.43,375,728,384,744,hsv,off,0
违章04/违章04_t42.4_29_off.jpg,违章04,42.43,316,740,381,802,hsv,off,0
违章04/违章04_t42.7_0_off.jpg,违章04,42.67,0,235,157,319,hsv,off,0
违章04/违章04_t42.7_1_walk.jpg,违章04,42.67,1217,234,1250,288,hsv,walk,0
违章04/违章04_t42.7_2_off.jpg,违章04,42.67,497,239,607,324,hsv,off,0
违章04/违章04_t42.7_3_off.jpg,违章04,42.67,220,242,271,267,hsv,off,0
违章04/违章04_t42.7_4_off.jpg,违章04,42.67,290,245,371,274,hsv,off,0
违章04/违章04_t42.7_5_off.jpg,违章04,42.67,299,248,309,265,hsv,off,0
违章04/违章04_t42.7_8_off.jpg,违章04,42.67,1759,297,1778,312,hsv,off,0
违章04/违章04_t42.7_10_off.jpg,违章04,42.67,1429,308,1449,334,hsv,off,0
违章04/违章04_t42.7_11_off.jpg,违章04,42.67,1410,311,1428,336,hsv,off,0
违章04/违章04_t42.7_12_off.jpg,违章04,42.67,365,349,387,368,hsv,off,0
违章04/违章04_t42.7_13_off.jpg,违章04,42.67,656,409,672,422,hsv,off,0
违章04/违章04_t42.7_14_off.jpg,违章04,42.67,1655,421,1666,431,hsv,off,0
违章04/违章04_t42.7_15_off.jpg,违章04,42.67,1670,424,1753,460,hsv,off,0
违章04/违章04_t42.7_16_off.jpg,违章04,42.67,1799,425,1920,481,hsv,off,0
违章04/违章04_t42.7_17_off.jpg,违章04,42.67,1650,431,1670,449,hsv,off,0
违章04/违章04_t42.7_18_off.jpg,违章04,42.67,627,445,647,460,hsv,off,0
违章04/违章04_t42.7_19_off.jpg,违章04,42.67,52,514,68,532,hsv,off,0
违章04/违章04_t42.7_21_off.jpg,违章04,42.67,1442,540,1458,552,hsv,off,0
违章04/违章04_t42.7_22_off.jpg,违章04,42.67,604,641,617,651,hsv,off,0
违章04/违章04_t42.7_23_off.jpg,违章04,42.67,605,660,617,669,hsv,off,0
违章04/违章04_t42.7_24_off.jpg,违章04,42.67,604,686,640,779,hsv,off,0
违章04/违章04_t42.7_25_off.jpg,违章04,42.67,0,751,78,777,hsv,off,0
违章04/违章04_t42.7_26_off.jpg,违章04,42.67,1818,931,1897,1011,hsv,off,0
违章04/违章04_t42.7_28_off.jpg,违章04,42.67,1808,1023,1819,1036,hsv,off,0
违章04/违章04_t42.9_0_walk.jpg,违章04,42.9,1222,239,1253,293,hsv,walk,0
违章04/违章04_t42.9_1_off.jpg,违章04,42.9,0,240,162,328,hsv,off,0
违章04/违章04_t42.9_2_off.jpg,违章04,42.9,223,247,276,272,hsv,off,0
违章04/违章04_t42.9_3_off.jpg,违章04,42.9,303,253,312,269,hsv,off,0
违章04/违章04_t42.9_4_off.jpg,违章04,42.9,287,252,373,279,hsv,off,0
违章04/违章04_t42.9_8_off.jpg,违章04,42.9,438,295,555,344,hsv,off,0
违章04/违章04_t42.9_10_off.jpg,违章04,42.9,1761,301,1780,315,hsv,off,0
违章04/违章04_t42.9_11_off.jpg,违章04,42.9,1434,313,1449,338,hsv,off,0
违章04/违章04_t42.9_12_off.jpg,违章04,42.9,1412,314,1430,341,hsv,off,0
违章04/违章04_t42.9_13_off.jpg,违章04,42.9,5,354,77,398,hsv,off,0
违章04/违章04_t42.9_15_off.jpg,违章04,42.9,657,413,675,428,hsv,off,0
违章04/违章04_t42.9_16_off.jpg,违章04,42.9,1659,424,1671,434,hsv,off,0
违章04/违章04_t42.9_17_off.jpg,违章04,42.9,1673,426,1759,465,hsv,off,0
违章04/违章04_t42.9_18_off.jpg,违章04,42.9,1802,428,1920,483,hsv,off,0
违章04/违章04_t42.9_19_off.jpg,违章04,42.9,1653,435,1675,454,hsv,off,0
违章04/违章04_t42.9_20_off.jpg,违章04,42.9,629,450,651,465,hsv,off,0
违章04/违章04_t42.9_21_off.jpg,违章04,42.9,426,463,442,485,hsv,off,0
违章04/违章04_t42.9_22_off.jpg,违章04,42.9,33,488,97,548,hsv,off,0
违章04/违章04_t42.9_23_off.jpg,违章04,42.9,1446,545,1460,557,hsv,off,0
违章04/违章04_t42.9_24_off.jpg,违章04,42.9,502,639,518,662,hsv,off,0
违章04/违章04_t42.9_25_off.jpg,违章04,42.9,692,648,708,662,hsv,off,0
违章04/违章04_t42.9_26_off.jpg,违章04,42.9,1604,871,1662,917,hsv,off,0
违章04/违章04_t42.9_27_off.jpg,违章04,42.9,1596,928,1612,940,hsv,off,0
违章04/违章04_t42.9_28_off.jpg,违章04,42.9,1596,1068,1607,1080,hsv,off,0
违章04/违章04_t43.1_0_walk.jpg,违章04,43.14,1218,243,1252,295,hsv,walk,0
违章04/违章04_t43.1_1_off.jpg,违章04,43.14,222,252,276,277,hsv,off,0
违章04/违章04_t43.1_3_off.jpg,违章04,43.14,300,258,373,285,hsv,off,0
违章04/违章04_t43.1_7_off.jpg,违章04,43.14,413,305,499,359,hsv,off,0
违章04/违章04_t43.1_8_off.jpg,违章04,43.14,111,317,157,370,hsv,off,0
违章04/违章04_t43.1_9_off.jpg,违章04,43.14,1432,317,1450,342,hsv,off,0
违章04/违章04_t43.1_10_off.jpg,违章04,43.14,1409,318,1429,346,hsv,off,0
违章04/违章04_t43.1_11_off.jpg,违章04,43.14,157,377,173,394,hsv,off,0
违章04/违章04_t43.1_12_off.jpg,违章04,43.14,142,383,165,399,hsv,off,0
违章04/违章04_t43.1_13_off.jpg,违章04,43.14,657,419,673,433,hsv,off,0
违章04/违章04_t43.1_14_off.jpg,违章04,43.14,1657,428,1669,438,hsv,off,0
违章04/违章04_t43.1_15_off.jpg,违章04,43.14,1670,432,1754,469,hsv,off,0
违章04/违章04_t43.1_16_off.jpg,违章04,43.14,1651,439,1674,458,hsv,off,0
违章04/违章04_t43.1_17_off.jpg,违章04,43.14,199,441,341,532,hsv,off,0
违章04/违章04_t43.1_18_off.jpg,违章04,43.14,626,447,649,470,hsv,off,0
违章04/违章04_t43.1_19_off.jpg,违章04,43.14,1443,550,1459,560,hsv,off,0
违章04/违章04_t43.1_20_off.jpg,违章04,43.14,686,589,717,624,hsv,off,0
违章04/违章04_t43.1_21_off.jpg,违章04,43.14,404,631,424,643,hsv,off,0
违章04/违章04_t43.1_23_off.jpg,违章04,43.14,1697,778,1708,787,hsv,off,0
违章04/违章04_t43.1_24_off.jpg,违章04,43.14,1440,834,1488,886,hsv,off,0
违章04/违章04_t43.1_25_off.jpg,违章04,43.14,1444,898,1452,906,hsv,off,0
违章04/违章04_t43.1_26_off.jpg,违章04,43.14,1421,1008,1436,1048,hsv,off,0
违章04/违章04_t43.1_27_off.jpg,违章04,43.14,1443,1013,1466,1052,hsv,off,0
违章04/违章04_t43.1_28_off.jpg,违章04,43.14,1361,1029,1405,1080,hsv,off,0
违章04/违章04_t43.1_29_off.jpg,违章04,43.14,1476,1030,1498,1064,hsv,off,0
违章04/违章04_t43.1_30_off.jpg,违章04,43.14,1519,1057,1574,1080,hsv,off,0
