crop_path,video,frame_ts,fi,x1,y1,x2,y2,source,label,verified
违章01/违章01_t0.0_0_stand.jpg,违章01,0.0,0,368,171,528,331,prior_roi,stand,0
违章01/违章01_t0.2_1_stand.jpg,违章01,0.24,7,368,171,528,331,prior_roi,stand,0
违章01/违章01_t0.5_2_stand.jpg,违章01,0.47,14,368,171,528,331,prior_roi,stand,0
违章01/违章01_t0.7_3_stand.jpg,违章01,0.71,21,368,171,528,331,prior_roi,stand,0
违章01/违章01_t0.9_4_stand.jpg,违章01,0.94,28,368,171,528,331,prior_roi,stand,0
违章01/违章01_t1.2_5_stand.jpg,违章01,1.18,35,368,171,528,331,prior_roi,stand,0
违章01/违章01_t1.4_6_stand.jpg,违章01,1.41,42,368,171,528,331,prior_roi,stand,0
违章01/违章01_t1.6_7_stand.jpg,违章01,1.65,49,368,171,528,331,prior_roi,stand,0
违章01/违章01_t1.9_8_stand.jpg,违章01,1.89,56,368,171,528,331,prior_roi,stand,0
违章01/违章01_t2.1_9_stand.jpg,违章01,2.12,63,368,171,528,331,prior_roi,stand,0
违章01/违章01_t2.4_10_stand.jpg,违章01,2.36,70,368,171,528,331,prior_roi,stand,0
违章01/违章01_t2.6_11_stand.jpg,违章01,2.59,77,368,171,528,331,prior_roi,stand,0
违章01/违章01_t2.8_12_stand.jpg,违章01,2.83,84,368,171,528,331,prior_roi,stand,0
违章01/违章01_t3.1_13_stand.jpg,违章01,3.06,91,368,171,528,331,prior_roi,stand,0
违章01/违章01_t3.3_14_stand.jpg,违章01,3.3,98,368,171,528,331,prior_roi,stand,0
违章01/违章01_t3.5_15_stand.jpg,违章01,3.54,105,368,171,528,331,prior_roi,stand,0
违章01/违章01_t3.8_16_stand.jpg,违章01,3.77,112,368,171,528,331,prior_roi,stand,0
违章01/违章01_t4.0_17_stand.jpg,违章01,4.01,119,368,171,528,331,prior_roi,stand,0
违章01/违章01_t4.2_18_stand.jpg,违章01,4.24,126,368,171,528,331,prior_roi,stand,0
违章01/违章01_t4.5_19_stand.jpg,违章01,4.48,133,368,171,528,331,prior_roi,stand,0
违章01/违章01_t4.7_20_stand.jpg,违章01,4.71,140,368,171,528,331,prior_roi,stand,0
违章01/违章01_t5.0_21_stand.jpg,违章01,4.95,147,368,171,528,331,prior_roi,stand,0
违章01/违章01_t5.2_22_stand.jpg,违章01,5.19,154,368,171,528,331,prior_roi,stand,0
违章01/违章01_t5.4_23_stand.jpg,违章01,5.42,161,368,171,528,331,prior_roi,stand,0
违章01/违章01_t5.7_24_stand.jpg,违章01,5.66,168,368,171,528,331,prior_roi,stand,0
违章01/违章01_t5.9_25_stand.jpg,违章01,5.89,175,368,171,528,331,prior_roi,stand,0
违章01/违章01_t6.1_26_stand.jpg,违章01,6.13,182,368,171,528,331,prior_roi,stand,0
违章01/违章01_t6.4_27_stand.jpg,违章01,6.36,189,368,171,528,331,prior_roi,stand,0
违章01/违章01_t6.6_28_stand.jpg,违章01,6.6,196,368,171,528,331,prior_roi,stand,0
违章01/违章01_t6.8_29_stand.jpg,违章01,6.84,203,368,171,528,331,prior_roi,stand,0
违章01/违章01_t7.1_30_stand.jpg,违章01,7.07,210,368,171,528,331,prior_roi,stand,0
违章01/违章01_t7.3_31_stand.jpg,违章01,7.31,217,368,171,528,331,prior_roi,stand,0
违章01/违章01_t8.0_34_stand.jpg,违章01,8.01,238,368,171,528,331,prior_roi,stand,0
违章01/违章01_t8.2_35_stand.jpg,违章01,8.25,245,368,171,528,331,prior_roi,stand,0
违章01/违章01_t8.2_36_off.jpg,违章01,8.25,245,841,207,1001,367,prior_off,off,0
违章01/违章01_t8.7_39_off.jpg,违章01,8.72,259,368,171,528,331,impostor,off,0
违章01/违章01_t9.0_41_off.jpg,违章01,8.96,266,368,171,528,331,impostor,off,0
违章01/违章01_t9.0_42_off.jpg,违章01,8.96,266,551,544,711,704,prior_off,off,0
违章01/违章01_t9.2_44_off.jpg,违章01,9.19,273,368,171,528,331,impostor,off,0
违章01/违章01_t9.4_46_off.jpg,违章01,9.43,280,368,171,528,331,impostor,off,0
违章01/违章01_t9.7_48_off.jpg,违章01,9.66,287,368,171,528,331,impostor,off,0
违章01/违章01_t9.9_50_off.jpg,违章01,9.9,294,368,171,528,331,impostor,off,0
违章01/违章01_t10.1_52_off.jpg,违章01,10.14,301,368,171,528,331,impostor,off,0
违章01/违章01_t10.4_53_stand.jpg,违章01,10.37,308,368,171,528,331,prior_roi,stand,0
违章01/违章01_t10.4_54_off.jpg,违章01,10.37,308,368,171,528,331,impostor,off,0
违章01/违章01_t10.6_56_off.jpg,违章01,10.61,315,368,171,528,331,impostor,off,0
违章01/违章01_t10.8_57_stand.jpg,违章01,10.84,322,368,171,528,331,prior_roi,stand,0
违章01/违章01_t11.1_58_stand.jpg,违章01,11.08,329,368,171,528,331,prior_roi,stand,0
违章01/违章01_t11.3_59_stand.jpg,违章01,11.31,336,368,171,528,331,prior_roi,stand,0
违章01/违章01_t11.6_60_stand.jpg,违章01,11.55,343,368,171,528,331,prior_roi,stand,0
违章01/违章01_t11.8_61_stand.jpg,违章01,11.79,350,368,171,528,331,prior_roi,stand,0
违章01/违章01_t12.0_62_stand.jpg,违章01,12.02,357,368,171,528,331,prior_roi,stand,0
违章01/违章01_t12.3_63_stand.jpg,违章01,12.26,364,368,171,528,331,prior_roi,stand,0
违章01/违章01_t12.5_64_stand.jpg,违章01,12.49,371,368,171,528,331,prior_roi,stand,0
违章01/违章01_t12.7_65_stand.jpg,违章01,12.73,378,368,171,528,331,prior_roi,stand,0
违章01/违章01_t13.0_66_stand.jpg,违章01,12.96,385,368,171,528,331,prior_roi,stand,0
违章01/违章01_t13.2_67_stand.jpg,违章01,13.2,392,368,171,528,331,prior_roi,stand,0
违章01/违章01_t13.4_68_stand.jpg,违章01,13.44,399,368,171,528,331,prior_roi,stand,0
违章01/违章01_t13.7_69_stand.jpg,违章01,13.67,406,368,171,528,331,prior_roi,stand,0
违章01/违章01_t13.9_70_stand.jpg,违章01,13.91,413,368,171,528,331,prior_roi,stand,0
违章01/违章01_t14.1_71_stand.jpg,违章01,14.14,420,368,171,528,331,prior_roi,stand,0
违章01/违章01_t14.4_72_stand.jpg,违章01,14.38,427,368,171,528,331,prior_roi,stand,0
违章01/违章01_t14.6_73_stand.jpg,违章01,14.61,434,368,171,528,331,prior_roi,stand,0
违章01/违章01_t15.3_76_stand.jpg,违章01,15.32,455,368,171,528,331,prior_roi,stand,0
违章01/违章01_t16.0_79_stand.jpg,违章01,16.03,476,368,171,528,331,prior_roi,stand,0
违章01/违章01_t16.3_80_stand.jpg,违章01,16.27,483,368,171,528,331,prior_roi,stand,0
违章01/违章01_t16.5_81_stand.jpg,违章01,16.5,490,368,171,528,331,prior_roi,stand,0
违章01/违章01_t16.7_82_stand.jpg,违章01,16.74,497,368,171,528,331,prior_roi,stand,0
违章01/违章01_t17.0_83_stand.jpg,违章01,16.97,504,368,171,528,331,prior_roi,stand,0
违章01/违章01_t17.2_84_stand.jpg,违章01,17.21,511,368,171,528,331,prior_roi,stand,0
违章01/违章01_t17.4_85_stand.jpg,违章01,17.44,518,368,171,528,331,prior_roi,stand,0
违章01/违章01_t17.7_86_stand.jpg,违章01,17.68,525,368,171,528,331,prior_roi,stand,0
违章01/违章01_t17.9_87_stand.jpg,违章01,17.92,532,368,171,528,331,prior_roi,stand,0
违章01/违章01_t18.1_88_stand.jpg,违章01,18.15,539,368,171,528,331,prior_roi,stand,0
违章01/违章01_t18.4_89_stand.jpg,违章01,18.39,546,368,171,528,331,prior_roi,stand,0
违章01/违章01_t18.6_91_off.jpg,违章01,18.62,553,368,171,528,331,impostor,off,0
违章01/违章01_t18.9_93_off.jpg,违章01,18.86,560,368,171,528,331,impostor,off,0
违章01/违章01_t19.1_95_off.jpg,违章01,19.09,567,368,171,528,331,impostor,off,0
违章01/违章01_t19.3_97_off.jpg,违章01,19.33,574,368,171,528,331,impostor,off,0
违章01/违章01_t19.6_99_off.jpg,违章01,19.57,581,368,171,528,331,impostor,off,0
违章01/违章01_t19.8_101_off.jpg,违章01,19.8,588,368,171,528,331,impostor,off,0
违章01/违章01_t20.5_105_off.jpg,违章01,20.51,609,368,171,528,331,impostor,off,0
违章01/违章01_t20.7_107_off.jpg,违章01,20.74,616,368,171,528,331,impostor,off,0
违章01/违章01_t21.0_109_off.jpg,违章01,20.98,623,368,171,528,331,impostor,off,0
违章01/违章01_t21.2_110_stand.jpg,违章01,21.22,630,368,171,528,331,prior_roi,stand,0
违章01/违章01_t21.4_111_stand.jpg,违章01,21.45,637,368,171,528,331,prior_roi,stand,0
违章01/违章01_t21.7_112_stand.jpg,违章01,21.69,644,368,171,528,331,prior_roi,stand,0
违章01/违章01_t21.9_113_stand.jpg,违章01,21.92,651,368,171,528,331,prior_roi,stand,0
违章01/违章01_t22.2_114_stand.jpg,违章01,22.16,658,368,171,528,331,prior_roi,stand,0
违章01/违章01_t22.4_115_stand.jpg,违章01,22.39,665,368,171,528,331,prior_roi,stand,0
违章01/违章01_t22.6_116_stand.jpg,违章01,22.63,672,368,171,528,331,prior_roi,stand,0
违章01/违章01_t22.9_117_stand.jpg,违章01,22.87,679,368,171,528,331,prior_roi,stand,0
违章01/违章01_t23.1_118_stand.jpg,违章01,23.1,686,368,171,528,331,prior_roi,stand,0
违章01/违章01_t23.3_119_stand.jpg,违章01,23.34,693,368,171,528,331,prior_roi,stand,0
违章01/违章01_t23.6_120_stand.jpg,违章01,23.57,700,368,171,528,331,prior_roi,stand,0
违章01/违章01_t23.8_121_stand.jpg,违章01,23.81,707,368,171,528,331,prior_roi,stand,0
违章01/违章01_t24.0_123_off.jpg,违章01,24.04,714,368,171,528,331,impostor,off,0
违章01/违章01_t24.3_125_off.jpg,违章01,24.28,721,368,171,528,331,impostor,off,0
违章01/违章01_t24.8_127_stand.jpg,违章01,24.75,735,368,171,528,331,prior_roi,stand,0
违章01/违章01_t25.2_129_stand.jpg,违章01,25.22,749,368,171,528,331,prior_roi,stand,0
违章01/违章01_t25.5_130_stand.jpg,违章01,25.46,756,368,171,528,331,prior_roi,stand,0
违章01/违章01_t25.5_131_off.jpg,违章01,25.46,756,654,575,814,720,prior_off,off,0
违章01/违章01_t25.7_132_stand.jpg,违章01,25.69,763,368,171,528,331,prior_roi,stand,0
违章01/违章01_t25.9_133_stand.jpg,违章01,25.93,770,368,171,528,331,prior_roi,stand,0
违章01/违章01_t26.2_134_stand.jpg,违章01,26.17,777,368,171,528,331,prior_roi,stand,0
违章01/违章01_t26.2_135_off.jpg,违章01,26.17,777,732,356,892,516,prior_off,off,0
违章01/违章01_t26.4_136_stand.jpg,违章01,26.4,784,368,171,528,331,prior_roi,stand,0
违章01/违章01_t26.6_137_stand.jpg,违章01,26.64,791,368,171,528,331,prior_roi,stand,0
违章01/违章01_t26.9_138_stand.jpg,违章01,26.87,798,368,171,528,331,prior_roi,stand,0
违章01/违章01_t27.1_139_stand.jpg,违章01,27.11,805,368,171,528,331,prior_roi,stand,0
违章01/违章01_t27.3_140_stand.jpg,违章01,27.34,812,368,171,528,331,prior_roi,stand,0
违章01/违章01_t27.3_141_off.jpg,违章01,27.34,812,0,611,107,720,prior_off,off,0
违章01/违章01_t27.6_142_stand.jpg,违章01,27.58,819,368,171,528,331,prior_roi,stand,0
违章01/违章01_t27.8_143_stand.jpg,违章01,27.82,826,368,171,528,331,prior_roi,stand,0
违章01/违章01_t28.1_144_stand.jpg,违章01,28.05,833,368,171,528,331,prior_roi,stand,0
违章01/违章01_t28.3_145_stand.jpg,违章01,28.29,840,368,171,528,331,prior_roi,stand,0
违章01/违章01_t28.5_146_stand.jpg,违章01,28.52,847,368,171,528,331,prior_roi,stand,0
违章01/违章01_t28.8_147_stand.jpg,违章01,28.76,854,368,171,528,331,prior_roi,stand,0
违章01/违章01_t28.8_148_off.jpg,违章01,28.76,854,464,0,624,153,prior_off,off,0
违章01/违章01_t29.0_149_stand.jpg,违章01,28.99,861,368,171,528,331,prior_roi,stand,0
违章01/违章01_t29.2_151_off.jpg,违章01,29.23,868,368,171,528,331,impostor,off,0
违章01/违章01_t29.7_153_stand.jpg,违章01,29.7,882,368,171,528,331,prior_roi,stand,0
违章01/违章01_t29.9_155_off.jpg,违章01,29.94,889,368,171,528,331,impostor,off,0
违章01/违章01_t30.4_157_stand.jpg,违章01,30.41,903,368,171,528,331,prior_roi,stand,0
违章01/违章01_t30.4_158_off.jpg,违章01,30.41,903,49,631,209,720,prior_off,off,0
违章01/违章01_t30.6_159_stand.jpg,违章01,30.64,910,368,171,528,331,prior_roi,stand,0
违章01/违章01_t30.9_160_stand.jpg,违章01,30.88,917,368,171,528,331,prior_roi,stand,0
违章01/违章01_t31.1_161_stand.jpg,违章01,31.12,924,368,171,528,331,prior_roi,stand,0
违章01/违章01_t31.4_162_stand.jpg,违章01,31.35,931,368,171,528,331,prior_roi,stand,0
违章01/违章01_t31.6_163_stand.jpg,违章01,31.59,938,368,171,528,331,prior_roi,stand,0
违章01/违章01_t31.8_164_stand.jpg,违章01,31.82,945,368,171,528,331,prior_roi,stand,0
违章01/违章01_t32.1_165_stand.jpg,违章01,32.06,952,368,171,528,331,prior_roi,stand,0
违章01/违章01_t32.3_166_stand.jpg,违章01,32.29,959,368,171,528,331,prior_roi,stand,0
违章01/违章01_t32.5_167_stand.jpg,违章01,32.53,966,368,171,528,331,prior_roi,stand,0
违章01/违章01_t32.8_169_off.jpg,违章01,32.77,973,368,171,528,331,impostor,off,0
违章01/违章01_t33.2_172_off.jpg,违章01,33.24,987,368,171,528,331,impostor,off,0
违章01/违章01_t33.7_174_stand.jpg,违章01,33.71,1001,368,171,528,331,prior_roi,stand,0
违章01/违章01_t33.9_175_stand.jpg,违章01,33.94,1008,368,171,528,331,prior_roi,stand,0
违章01/违章01_t35.8_183_stand.jpg,违章01,35.83,1064,368,171,528,331,prior_roi,stand,0
违章01/违章01_t36.1_184_stand.jpg,违章01,36.07,1071,368,171,528,331,prior_roi,stand,0
违章01/违章01_t36.3_185_stand.jpg,违章01,36.3,1078,368,171,528,331,prior_roi,stand,0
违章01/违章01_t36.5_186_stand.jpg,违章01,36.54,1085,368,171,528,331,prior_roi,stand,0
违章01/违章01_t36.5_187_off.jpg,违章01,36.54,1085,869,161,1029,321,prior_off,off,0
违章01/违章01_t36.8_188_stand.jpg,违章01,36.77,1092,368,171,528,331,prior_roi,stand,0
违章01/违章01_t37.0_189_stand.jpg,违章01,37.01,1099,368,171,528,331,prior_roi,stand,0
违章01/违章01_t37.2_190_stand.jpg,违章01,37.24,1106,368,171,528,331,prior_roi,stand,0
违章01/违章01_t37.5_191_stand.jpg,违章01,37.48,1113,368,171,528,331,prior_roi,stand,0
违章01/违章01_t37.7_192_stand.jpg,违章01,37.72,1120,368,171,528,331,prior_roi,stand,0
违章01/违章01_t38.4_196_off.jpg,违章01,38.42,1141,368,171,528,331,impostor,off,0
违章01/违章01_t38.7_198_off.jpg,违章01,38.66,1148,368,171,528,331,impostor,off,0
违章01/违章01_t38.9_200_off.jpg,违章01,38.89,1155,368,171,528,331,impostor,off,0
违章01/违章01_t39.4_202_stand.jpg,违章01,39.37,1169,368,171,528,331,prior_roi,stand,0
违章01/违章01_t39.6_203_stand.jpg,违章01,39.6,1176,368,171,528,331,prior_roi,stand,0
违章01/违章01_t39.6_204_off.jpg,违章01,39.6,1176,166,160,326,320,prior_off,off,0
违章01/违章01_t39.8_205_stand.jpg,违章01,39.84,1183,368,171,528,331,prior_roi,stand,0
违章01/违章01_t40.1_206_stand.jpg,违章01,40.07,1190,368,171,528,331,prior_roi,stand,0
违章01/违章01_t40.3_207_stand.jpg,违章01,40.31,1197,368,171,528,331,prior_roi,stand,0
违章01/违章01_t40.5_208_stand.jpg,违章01,40.54,1204,368,171,528,331,prior_roi,stand,0
违章01/违章01_t40.8_209_stand.jpg,违章01,40.78,1211,368,171,528,331,prior_roi,stand,0
违章01/违章01_t41.0_210_stand.jpg,违章01,41.02,1218,368,171,528,331,prior_roi,stand,0
违章01/违章01_t41.2_211_stand.jpg,违章01,41.25,1225,368,171,528,331,prior_roi,stand,0
违章01/违章01_t41.5_212_stand.jpg,违章01,41.49,1232,368,171,528,331,prior_roi,stand,0
违章01/违章01_t41.7_214_off.jpg,违章01,41.72,1239,368,171,528,331,impostor,off,0
违章01/违章01_t42.0_216_off.jpg,违章01,41.96,1246,368,171,528,331,impostor,off,0
违章01/违章01_t42.2_218_off.jpg,违章01,42.19,1253,490,106,650,266,prior_off,off,0
违章01/违章01_t42.4_220_off.jpg,违章01,42.43,1260,368,171,528,331,impostor,off,0
违章01/违章01_t42.9_222_stand.jpg,违章01,42.9,1274,368,171,528,331,prior_roi,stand,0
违章01/违章01_t43.1_223_stand.jpg,违章01,43.14,1281,368,171,528,331,prior_roi,stand,0
违章01/违章01_t43.4_224_stand.jpg,违章01,43.37,1288,368,171,528,331,prior_roi,stand,0
违章01/违章01_t43.6_225_stand.jpg,违章01,43.61,1295,368,171,528,331,prior_roi,stand,0
违章01/违章01_t43.8_226_stand.jpg,违章01,43.84,1302,368,171,528,331,prior_roi,stand,0
违章01/违章01_t44.1_227_stand.jpg,违章01,44.08,1309,368,171,528,331,prior_roi,stand,0
违章01/违章01_t44.3_228_stand.jpg,违章01,44.32,1316,368,171,528,331,prior_roi,stand,0
违章01/违章01_t44.5_229_stand.jpg,违章01,44.55,1323,368,171,528,331,prior_roi,stand,0
违章01/违章01_t44.8_230_stand.jpg,违章01,44.79,1330,368,171,528,331,prior_roi,stand,0
违章01/违章01_t45.0_231_stand.jpg,违章01,45.02,1337,368,171,528,331,prior_roi,stand,0
违章01/违章01_t46.0_236_off.jpg,违章01,45.97,1365,368,171,528,331,impostor,off,0
违章01/违章01_t46.2_238_off.jpg,违章01,46.2,1372,368,171,528,331,impostor,off,0
违章01/违章01_t46.4_240_off.jpg,违章01,46.44,1379,368,171,528,331,impostor,off,0
违章01/违章01_t46.7_242_off.jpg,违章01,46.67,1386,368,171,528,331,impostor,off,0
违章01/违章01_t46.9_244_off.jpg,违章01,46.91,1393,368,171,528,331,impostor,off,0
违章01/违章01_t47.1_246_off.jpg,违章01,47.15,1400,368,171,528,331,impostor,off,0
违章01/违章01_t47.4_248_off.jpg,违章01,47.38,1407,368,171,528,331,impostor,off,0
违章01/违章01_t47.6_250_off.jpg,违章01,47.62,1414,368,171,528,331,impostor,off,0
违章01/违章01_t47.9_252_off.jpg,违章01,47.85,1421,368,171,528,331,impostor,off,0
违章01/违章01_t47.9_253_off.jpg,违章01,47.85,1421,973,300,1133,460,prior_off,off,0
违章01/违章01_t48.1_254_off.jpg,违章01,48.09,1428,368,171,528,331,impostor,off,0
违章01/违章01_t48.3_255_off.jpg,违章01,48.32,1435,368,171,528,331,impostor,off,0
违章01/违章01_t51.6_256_off.jpg,违章01,51.62,1533,368,171,528,331,impostor,off,0
违章01/违章01_t51.9_257_off.jpg,违章01,51.86,1540,368,171,528,331,impostor,off,0
违章01/违章01_t52.1_258_off.jpg,违章01,52.1,1547,368,171,528,331,impostor,off,0
违章01/违章01_t52.3_259_off.jpg,违章01,52.33,1554,368,171,528,331,impostor,off,0
违章01/违章01_t52.6_260_off.jpg,违章01,52.57,1561,368,171,528,331,impostor,off,0
违章01/违章01_t52.8_261_off.jpg,违章01,52.8,1568,368,171,528,331,impostor,off,0
违章01/违章01_t52.8_262_off.jpg,违章01,52.8,1568,0,410,132,570,prior_off,off,0
违章01/违章01_t53.0_263_off.jpg,违章01,53.04,1575,368,171,528,331,impostor,off,0
违章01/违章01_t54.0_264_off.jpg,违章01,53.98,1603,878,424,1038,584,prior_off,off,0
违章01/违章01_t55.2_265_off.jpg,违章01,55.16,1638,368,171,528,331,impostor,off,0
违章01/违章01_t55.4_266_off.jpg,违章01,55.4,1645,368,171,528,331,impostor,off,0
违章01/违章01_t55.6_267_off.jpg,违章01,55.63,1652,368,171,528,331,impostor,off,0
违章01/违章01_t55.9_268_off.jpg,违章01,55.87,1659,368,171,528,331,impostor,off,0
违章01/违章01_t56.1_269_off.jpg,违章01,56.1,1666,368,171,528,331,impostor,off,0
违章01/违章01_t56.1_270_off.jpg,违章01,56.1,1666,113,160,273,320,prior_off,off,0
违章01/违章01_t56.3_271_off.jpg,违章01,56.34,1673,368,171,528,331,impostor,off,0
违章01/违章01_t56.6_272_off.jpg,违章01,56.57,1680,368,171,528,331,impostor,off,0
违章01/违章01_t56.8_273_off.jpg,违章01,56.81,1687,368,171,528,331,impostor,off,0
违章01/违章01_t57.0_274_off.jpg,违章01,57.05,1694,368,171,528,331,impostor,off,0
违章01/违章01_t57.3_275_off.jpg,违章01,57.28,1701,368,171,528,331,impostor,off,0
违章01/违章01_t57.3_276_off.jpg,违章01,57.28,1701,129,626,289,720,prior_off,off,0
违章01/违章01_t57.5_277_off.jpg,违章01,57.52,1708,368,171,528,331,impostor,off,0
违章01/违章01_t57.8_278_off.jpg,违章01,57.75,1715,368,171,528,331,impostor,off,0
违章01/违章01_t58.0_279_off.jpg,违章01,57.99,1722,368,171,528,331,impostor,off,0
违章01/违章01_t58.2_280_off.jpg,违章01,58.22,1729,368,171,528,331,impostor,off,0
违章01/违章01_t58.9_281_off.jpg,违章01,58.93,1750,149,296,309,456,prior_off,off,0
违章01/违章01_t63.2_285_off.jpg,违章01,63.17,1876,368,171,528,331,impostor,off,0
违章01/违章01_t63.4_287_off.jpg,违章01,63.41,1883,368,171,528,331,impostor,off,0
违章01/违章01_t63.9_289_stand.jpg,违章01,63.88,1897,368,171,528,331,prior_roi,stand,0
违章01/违章01_t64.1_290_stand.jpg,违章01,64.12,1904,368,171,528,331,prior_roi,stand,0
违章01/违章01_t64.6_292_stand.jpg,违章01,64.59,1918,368,171,528,331,prior_roi,stand,0
违章01/违章01_t65.1_295_off.jpg,违章01,65.06,1932,424,293,584,453,prior_off,off,0
违章01/违章01_t65.5_298_off.jpg,违章01,65.53,1946,368,171,528,331,impostor,off,0
违章01/违章01_t65.8_299_stand.jpg,违章01,65.77,1953,368,171,528,331,prior_roi,stand,0
违章01/违章01_t66.0_301_off.jpg,违章01,66.0,1960,368,171,528,331,impostor,off,0
违章01/违章01_t66.5_303_stand.jpg,违章01,66.47,1974,368,171,528,331,prior_roi,stand,0
违章01/违章01_t53.8_304_off.jpg,违章01,53.75,1596,877,627,913,720,impostor_outside,off,0
违章01/违章01_t64.1_305_off.jpg,违章01,64.12,1904,847,149,983,191,impostor_outside,off,0
违章01/违章01_t42.0_306_off.jpg,违章01,41.96,1246,873,140,1056,281,impostor_outside,off,0
违章01/违章01_t56.8_307_off.jpg,违章01,56.81,1687,987,135,1186,283,impostor_outside,off,0
违章01/违章01_t46.7_308_off.jpg,违章01,46.67,1386,832,109,993,207,impostor_outside,off,0
违章01/违章01_t55.6_309_off.jpg,违章01,55.63,1652,302,403,317,414,impostor_outside,off,0
违章01/违章01_t10.4_310_off.jpg,违章01,10.37,308,236,160,248,194,impostor_outside,off,0
违章01/违章01_t5.4_311_off.jpg,违章01,5.42,161,548,166,636,195,impostor_outside,off,0
违章01/违章01_t59.6_312_off.jpg,违章01,59.64,1771,193,437,251,496,impostor_outside,off,0
违章01/违章01_t57.0_313_off.jpg,违章01,57.05,1694,216,392,283,521,impostor_outside,off,0
违章01/违章01_t48.1_314_off.jpg,违章01,48.09,1428,981,101,1087,221,impostor_outside,off,0
违章01/违章01_t58.5_315_off.jpg,违章01,58.46,1736,161,315,264,364,impostor_outside,off,0
违章01/违章01_t56.3_316_off.jpg,违章01,56.34,1673,332,332,460,390,impostor_outside,off,0
违章01/违章01_t53.8_317_off.jpg,违章01,53.75,1596,240,439,345,526,impostor_outside,off,0
违章01/违章01_t50.0_318_off.jpg,违章01,49.97,1484,809,647,927,720,impostor_outside,off,0
违章01/违章01_t7.3_319_off.jpg,违章01,7.31,217,538,170,639,201,impostor_outside,off,0
违章01/违章01_t51.4_320_off.jpg,违章01,51.39,1526,718,463,782,508,impostor_outside,off,0
违章01/违章01_t38.0_321_off.jpg,违章01,37.95,1127,640,158,729,244,impostor_outside,off,0
违章01/违章01_t28.8_322_off.jpg,违章01,28.76,854,610,229,624,250,impostor_outside,off,0
违章01/违章01_t47.4_323_off.jpg,违章01,47.38,1407,832,108,996,206,impostor_outside,off,0
违章01/违章01_t57.3_324_off.jpg,违章01,57.28,1701,988,136,1186,284,impostor_outside,off,0
违章01/违章01_t56.1_325_off.jpg,违章01,56.1,1666,988,134,1079,232,impostor_outside,off,0
违章01/违章01_t55.6_326_off.jpg,违章01,55.63,1652,508,643,604,713,impostor_outside,off,0
违章01/违章01_t39.8_327_off.jpg,违章01,39.84,1183,706,152,837,203,impostor_outside,off,0
违章01/违章01_t64.1_328_off.jpg,违章01,64.12,1904,967,236,995,247,impostor_outside,off,0
违章01/违章01_t58.0_329_off.jpg,违章01,57.99,1722,292,571,336,624,impostor_outside,off,0
违章01/违章01_t38.4_330_off.jpg,违章01,38.42,1141,641,159,762,243,impostor_outside,off,0
违章01/违章01_t62.2_331_off.jpg,违章01,62.23,1848,363,621,380,638,impostor_outside,off,0
违章01/违章01_t56.3_332_off.jpg,违章01,56.34,1673,1080,448,1148,482,impostor_outside,off,0
违章01/违章01_t56.6_333_off.jpg,违章01,56.57,1680,1165,457,1244,491,impostor_outside,off,0
违章01/违章01_t59.6_334_off.jpg,违章01,59.64,1771,88,225,178,305,impostor_outside,off,0
违章01/违章01_t58.5_335_off.jpg,违章01,58.46,1736,845,141,1002,237,impostor_outside,off,0
违章01/违章01_t55.2_336_off.jpg,违章01,55.16,1638,839,139,990,197,impostor_outside,off,0
违章01/违章01_t58.5_337_off.jpg,违章01,58.46,1736,164,356,267,401,impostor_outside,off,0
违章01/违章01_t62.7_338_off.jpg,违章01,62.7,1862,837,146,1001,243,impostor_outside,off,0
违章01/违章01_t65.5_339_off.jpg,违章01,65.53,1946,833,149,994,245,impostor_outside,off,0
违章01/违章01_t60.8_340_off.jpg,违章01,60.82,1806,70,314,84,322,impostor_outside,off,0
违章01/违章01_t51.9_341_off.jpg,违章01,51.86,1540,469,22,557,84,impostor_outside,off,0
违章01/违章01_t0.9_342_off.jpg,违章01,0.94,28,546,163,565,171,impostor_outside,off,0
违章01/违章01_t55.4_343_off.jpg,违章01,55.4,1645,36,270,127,298,impostor_outside,off,0
违章01/违章01_t54.9_344_off.jpg,违章01,54.92,1631,484,429,492,447,impostor_outside,off,0
违章01/违章01_t6.4_345_off.jpg,违章01,6.36,189,732,136,847,192,impostor_outside,off,0
违章01/违章01_t59.6_346_off.jpg,违章01,59.64,1771,145,432,185,492,impostor_outside,off,0
违章01/违章01_t63.6_347_off.jpg,违章01,63.65,1890,835,149,999,245,impostor_outside,off,0
违章01/违章01_t53.8_348_off.jpg,违章01,53.75,1596,598,444,609,462,impostor_outside,off,0
违章01/违章01_t40.8_349_off.jpg,违章01,40.78,1211,876,145,964,245,impostor_outside,off,0
违章01/违章01_t56.1_350_off.jpg,违章01,56.1,1666,840,141,1003,237,impostor_outside,off,0
违章01/违章01_t54.7_351_off.jpg,违章01,54.69,1624,64,186,169,268,impostor_outside,off,0
违章01/违章01_t57.5_352_off.jpg,违章01,57.52,1708,238,325,359,375,impostor_outside,off,0
违章01/违章01_t11.6_353_off.jpg,违章01,11.55,343,716,91,789,161,impostor_outside,off,0
违章01/违章01_t59.2_354_off.jpg,违章01,59.17,1757,235,482,243,490,impostor_outside,off,0
违章01/违章01_t7.1_355_off.jpg,违章01,7.07,210,538,169,638,201,impostor_outside,off,0
违章01/违章01_t61.5_356_off.jpg,违章01,61.52,1827,987,137,1184,285,impostor_outside,off,0
违章01/违章01_t52.1_357_off.jpg,违章01,52.1,1547,1072,702,1098,717,impostor_outside,off,0
违章01/违章01_t54.7_358_off.jpg,违章01,54.69,1624,492,400,517,424,impostor_outside,off,0
违章01/违章01_t1.6_359_off.jpg,违章01,1.65,49,850,122,892,162,impostor_outside,off,0
违章01/违章01_t57.0_360_off.jpg,违章01,57.05,1694,273,325,391,388,impostor_outside,off,0
违章01/违章01_t55.2_361_off.jpg,违章01,55.16,1638,489,399,646,464,impostor_outside,off,0
违章01/违章01_t41.2_362_off.jpg,违章01,41.25,1225,878,144,1061,286,impostor_outside,off,0
违章01/违章01_t38.7_363_off.jpg,违章01,38.66,1148,642,158,777,242,impostor_outside,off,0
违章01/违章01_t55.9_364_off.jpg,违章01,55.87,1659,284,382,296,392,impostor_outside,off,0
违章01/违章01_t58.7_365_off.jpg,违章01,58.7,1743,243,557,268,595,impostor_outside,off,0
违章01/违章01_t56.1_366_off.jpg,违章01,56.1,1666,64,316,79,328,impostor_outside,off,0
违章01/违章01_t59.9_367_off.jpg,违章01,59.87,1778,167,473,195,493,impostor_outside,off,0
违章01/违章01_t58.7_368_off.jpg,违章01,58.7,1743,141,222,243,324,impostor_outside,off,0
违章01/违章01_t6.1_369_off.jpg,违章01,6.13,182,738,137,847,183,impostor_outside,off,0
违章01/违章01_t20.0_370_off.jpg,违章01,20.04,595,881,227,889,235,impostor_outside,off,0
违章01/违章01_t59.4_371_off.jpg,违章01,59.4,1764,153,312,202,347,impostor_outside,off,0
违章01/违章01_t13.7_372_off.jpg,违章01,13.67,406,1111,129,1195,165,impostor_outside,off,0
违章01/违章01_t50.0_373_off.jpg,违章01,49.97,1484,1179,245,1280,283,impostor_outside,off,0
违章01/违章01_t54.5_374_off.jpg,违章01,54.45,1617,169,425,271,517,impostor_outside,off,0
违章01/违章01_t56.6_375_off.jpg,违章01,56.57,1680,48,308,72,318,impostor_outside,off,0
违章01/违章01_t52.6_376_off.jpg,违章01,52.57,1561,859,639,881,653,impostor_outside,off,0
违章01/违章01_t3.1_377_off.jpg,违章01,3.06,91,546,161,636,201,impostor_outside,off,0
违章01/违章01_t0.0_378_off.jpg,违章01,0.0,0,823,105,880,169,impostor_outside,off,0
违章01/违章01_t44.5_379_off.jpg,违章01,44.55,1323,776,111,936,207,impostor_outside,off,0
违章01/违章01_t54.7_380_off.jpg,违章01,54.69,1624,595,423,778,492,impostor_outside,off,0
违章01/违章01_t58.9_381_off.jpg,违章01,58.93,1750,112,225,215,319,impostor_outside,off,0
违章01/违章01_t53.8_382_off.jpg,违章01,53.75,1596,164,310,300,349,impostor_outside,off,0
违章01/违章01_t55.2_383_off.jpg,违章01,55.16,1638,402,410,487,571,impostor_outside,off,0
违章01/违章01_t61.3_384_off.jpg,违章01,61.29,1820,986,137,1136,284,impostor_outside,off,0
违章01/违章01_t58.2_385_off.jpg,违章01,58.22,1729,274,567,314,617,impostor_outside,off,0
违章01/违章01_t53.8_386_off.jpg,违章01,53.75,1596,922,679,1041,720,impostor_outside,off,0
违章01/违章01_t54.7_387_off.jpg,违章01,54.69,1624,484,426,593,599,impostor_outside,off,0
违章01/违章01_t56.3_388_off.jpg,违章01,56.34,1673,235,488,249,526,impostor_outside,off,0
违章01/违章01_t56.1_389_off.jpg,违章01,56.1,1666,351,332,481,393,impostor_outside,off,0
违章01/违章01_t10.4_390_off.jpg,违章01,10.37,308,541,145,646,239,impostor_outside,off,0
违章01/违章01_t41.5_391_off.jpg,违章01,41.49,1232,735,148,891,241,impostor_outside,off,0
违章01/违章01_t53.0_392_off.jpg,违章01,53.04,1575,1044,688,1057,710,impostor_outside,off,0
违章01/违章01_t54.5_393_off.jpg,违章01,54.45,1617,945,223,956,232,impostor_outside,off,0
违章01/违章01_t55.2_394_off.jpg,违章01,55.16,1638,398,498,473,645,impostor_outside,off,0
违章01/违章01_t9.9_395_off.jpg,违章01,9.9,294,121,175,141,194,impostor_outside,off,0
违章01/违章01_t62.2_396_off.jpg,违章01,62.23,1848,838,143,1000,242,impostor_outside,off,0
违章01/违章01_t57.8_397_off.jpg,违章01,57.75,1715,260,459,409,566,impostor_outside,off,0
违章01/违章01_t59.9_398_off.jpg,违章01,59.87,1778,150,317,170,335,impostor_outside,off,0
违章01/违章01_t37.5_399_off.jpg,违章01,37.48,1113,682,157,751,240,impostor_outside,off,0
违章01/违章01_t58.2_400_off.jpg,违章01,58.22,1729,174,358,285,409,impostor_outside,off,0
违章01/违章01_t56.8_401_off.jpg,违章01,56.81,1687,395,605,483,667,impostor_outside,off,0
违章01/违章01_t56.8_402_off.jpg,违章01,56.81,1687,844,141,1003,237,impostor_outside,off,0
违章01/违章01_t54.7_403_off.jpg,违章01,54.69,1624,485,408,497,422,impostor_outside,off,0
违章01/违章01_t66.0_404_off.jpg,违章01,66.0,1960,831,149,991,244,impostor_outside,off,0
违章01/违章01_t61.0_405_off.jpg,违章01,61.05,1813,9,240,61,300,impostor_outside,off,0
违章01/违章01_t55.4_406_off.jpg,违章01,55.4,1645,839,140,996,214,impostor_outside,off,0
违章01/违章01_t55.4_407_off.jpg,违章01,55.4,1645,343,496,444,632,impostor_outside,off,0
违章01/违章01_t13.7_408_off.jpg,违章01,13.67,406,1218,123,1280,222,impostor_outside,off,0
违章01/违章01_t56.3_409_off.jpg,违章01,56.34,1673,422,426,461,447,impostor_outside,off,0
违章01/违章01_t44.1_410_off.jpg,违章01,44.08,1309,763,116,921,213,impostor_outside,off,0
违章01/违章01_t49.7_411_off.jpg,违章01,49.74,1477,896,675,1029,720,impostor_outside,off,0
违章01/违章01_t1.9_412_off.jpg,违章01,1.89,56,865,130,887,151,impostor_outside,off,0
违章01/违章01_t54.7_413_off.jpg,违章01,54.69,1624,560,620,575,629,impostor_outside,off,0
违章01/违章01_t52.6_414_off.jpg,违章01,52.57,1561,850,634,858,642,impostor_outside,off,0
违章01/违章01_t46.9_415_off.jpg,违章01,46.91,1393,979,101,1179,250,impostor_outside,off,0
违章01/违章01_t52.3_416_off.jpg,违章01,52.33,1554,261,492,353,653,impostor_outside,off,0
违章01/违章01_t4.0_417_off.jpg,违章01,4.01,119,859,107,909,157,impostor_outside,off,0
违章01/违章01_t9.7_418_off.jpg,违章01,9.66,287,135,171,156,204,impostor_outside,off,0
违章01/违章01_t52.8_419_off.jpg,违章01,52.8,1568,1197,641,1252,666,impostor_outside,off,0
违章01/违章01_t56.1_420_off.jpg,违章01,56.1,1666,252,493,333,614,impostor_outside,off,0
违章01/违章01_t58.5_421_off.jpg,违章01,58.46,1736,259,562,288,607,impostor_outside,off,0
违章01/违章01_t0.9_422_off.jpg,违章01,0.94,28,679,165,689,174,impostor_outside,off,0
违章01/违章01_t1.6_423_off.jpg,违章01,1.65,49,796,141,828,163,impostor_outside,off,0
违章01/违章01_t54.7_424_off.jpg,违章01,54.69,1624,520,394,569,421,impostor_outside,off,0
违章01/违章01_t54.9_425_off.jpg,违章01,54.92,1631,64,268,156,303,impostor_outside,off,0
违章01/违章01_t59.4_426_off.jpg,违章01,59.4,1764,85,226,184,311,impostor_outside,off,0
违章01/违章01_t54.9_427_off.jpg,违章01,54.92,1631,539,413,712,476,impostor_outside,off,0
违章01/违章01_t41.2_428_off.jpg,违章01,41.25,1225,738,149,893,244,impostor_outside,off,0
违章01/违章01_t9.7_429_off.jpg,违章01,9.66,287,628,210,637,222,impostor_outside,off,0
违章01/违章01_t55.4_430_off.jpg,违章01,55.4,1645,550,660,600,720,impostor_outside,off,0
违章01/违章01_t54.0_431_off.jpg,违章01,53.98,1603,842,661,1029,720,impostor_outside,off,0
违章01/违章01_t55.2_432_off.jpg,违章01,55.16,1638,45,267,142,301,impostor_outside,off,0
违章01/违章01_t43.8_433_off.jpg,违章01,43.84,1302,894,112,981,206,impostor_outside,off,0
违章01/违章01_t24.5_434_off.jpg,违章01,24.52,728,736,287,982,368,impostor_outside,off,0
违章01/违章01_t66.2_435_off.jpg,违章01,66.24,1967,910,148,989,241,impostor_outside,off,0
违章01/违章01_t56.3_436_off.jpg,违章01,56.34,1673,988,134,1091,280,impostor_outside,off,0
违章01/违章01_t65.8_437_off.jpg,违章01,65.77,1953,833,149,994,245,impostor_outside,off,0
违章01/违章01_t57.8_438_off.jpg,违章01,57.75,1715,302,411,336,426,impostor_outside,off,0
违章01/违章01_t53.5_439_off.jpg,违章01,53.51,1589,819,27,969,124,impostor_outside,off,0
违章01/违章01_t58.7_440_off.jpg,违章01,58.7,1743,159,359,254,399,impostor_outside,off,0
违章01/违章01_t56.8_441_off.jpg,违章01,56.81,1687,236,461,259,471,impostor_outside,off,0
违章01/违章01_t5.7_442_off.jpg,违章01,5.66,168,545,167,645,206,impostor_outside,off,0
违章01/违章01_t54.7_443_off.jpg,违章01,54.69,1624,516,602,536,664,impostor_outside,off,0
违章01/违章01_t61.5_444_off.jpg,违章01,61.52,1827,837,142,1001,240,impostor_outside,off,0
违章01/违章01_t62.2_445_off.jpg,违章01,62.23,1848,986,139,1184,287,impostor_outside,off,0
违章01/违章01_t54.9_446_off.jpg,违章01,54.92,1631,839,139,986,187,impostor_outside,off,0
违章01/违章01_t54.9_447_off.jpg,违章01,54.92,1631,448,417,456,427,impostor_outside,off,0
违章01/违章01_t42.2_448_off.jpg,违章01,42.19,1253,873,137,962,239,impostor_outside,off,0
违章01/违章01_t55.2_449_off.jpg,违章01,55.16,1638,119,297,154,316,impostor_outside,off,0
违章01/违章01_t58.9_450_off.jpg,违章01,58.93,1750,234,568,272,598,impostor_outside,off,0
违章01/违章01_t55.4_451_off.jpg,违章01,55.4,1645,115,299,142,314,impostor_outside,off,0
违章01/违章01_t54.9_452_off.jpg,违章01,54.92,1631,544,352,710,418,impostor_outside,off,0
违章01/违章01_t62.0_453_off.jpg,违章01,62.0,1841,268,677,288,696,impostor_outside,off,0
违章01/违章01_t56.3_454_off.jpg,违章01,56.34,1673,0,196,84,263,impostor_outside,off,0
违章01/违章01_t56.6_455_off.jpg,违章01,56.57,1680,265,460,282,472,impostor_outside,off,0
违章01/违章01_t65.8_456_off.jpg,违章01,65.77,1953,23,437,32,445,impostor_outside,off,0
违章01/违章01_t46.9_457_off.jpg,违章01,46.91,1393,830,110,995,207,impostor_outside,off,0
违章01/违章01_t56.3_458_off.jpg,违章01,56.34,1673,248,377,277,388,impostor_outside,off,0
违章01/违章01_t38.2_459_off.jpg,违章01,38.19,1134,640,159,746,245,impostor_outside,off,0
违章01/违章01_t55.9_460_off.jpg,违章01,55.87,1659,332,382,341,390,impostor_outside,off,0
违章01/违章01_t56.8_461_off.jpg,违章01,56.81,1687,293,372,422,430,impostor_outside,off,0
违章01/违章01_t62.2_462_off.jpg,违章01,62.23,1848,263,670,298,688,impostor_outside,off,0
违章01/违章01_t58.2_463_off.jpg,违章01,58.22,1729,168,318,282,371,impostor_outside,off,0
违章01/违章01_t53.8_464_off.jpg,违章01,53.75,1596,949,560,1007,590,impostor_outside,off,0
违章01/违章01_t56.6_465_off.jpg,违章01,56.57,1680,416,612,507,677,impostor_outside,off,0
违章01/违章01_t56.3_466_off.jpg,违章01,56.34,1673,840,142,1003,237,impostor_outside,off,0
违章01/违章01_t21.0_467_off.jpg,违章01,20.98,623,1055,217,1196,306,impostor_outside,off,0
违章01/违章01_t3.1_468_off.jpg,违章01,3.06,91,647,154,713,183,impostor_outside,off,0
违章01/违章01_t56.1_469_off.jpg,违章01,56.1,1666,456,628,548,692,impostor_outside,off,0
违章01/违章01_t47.1_470_off.jpg,违章01,47.15,1400,831,110,996,206,impostor_outside,off,0
违章01/违章01_t52.1_471_off.jpg,违章01,52.1,1547,425,37,504,95,impostor_outside,off,0
违章01/违章01_t45.3_472_off.jpg,违章01,45.26,1344,805,109,965,205,impostor_outside,off,0
违章01/违章01_t63.9_473_off.jpg,违章01,63.88,1897,503,449,515,461,impostor_outside,off,0
违章01/违章01_t22.9_474_off.jpg,违章01,22.87,679,701,241,775,265,impostor_outside,off,0
违章01/违章01_t52.3_475_off.jpg,违章01,52.33,1554,1164,340,1181,353,impostor_outside,off,0
违章01/违章01_t44.3_476_off.jpg,违章01,44.32,1316,913,106,1106,250,impostor_outside,off,0
违章01/违章01_t56.3_477_off.jpg,违章01,56.34,1673,12,230,20,241,impostor_outside,off,0
违章01/违章01_t57.0_478_off.jpg,违章01,57.05,1694,227,458,242,467,impostor_outside,off,0
违章01/违章01_t6.8_479_off.jpg,违章01,6.84,203,838,96,848,109,impostor_outside,stand,1
违章01/违章01_t59.6_480_off.jpg,违章01,59.64,1771,161,390,190,400,impostor_outside,off,0
违章01/违章01_t53.3_481_off.jpg,违章01,53.27,1582,641,580,705,720,impostor_outside,off,0
违章01/违章01_t58.9_482_off.jpg,违章01,58.93,1750,155,316,235,356,impostor_outside,off,0
违章01/违章01_t1.2_483_off.jpg,违章01,1.18,35,804,158,814,170,impostor_outside,off,0
违章01/违章01_t53.8_484_off.jpg,违章01,53.75,1596,613,567,660,720,impostor_outside,off,0
违章01/违章01_t54.2_485_off.jpg,违章01,54.22,1610,792,650,993,720,impostor_outside,off,0
违章01/违章01_t54.5_486_off.jpg,违章01,54.45,1617,106,181,206,267,impostor_outside,off,0
违章02/违章02_t0.0_0_stand.jpg,违章02,0.0,0,841,42,1001,202,prior_roi,stand,0
违章02/违章02_t0.2_1_stand.jpg,违章02,0.24,7,841,42,1001,202,prior_roi,stand,0
违章02/违章02_t0.5_2_stand.jpg,违章02,0.47,14,841,42,1001,202,prior_roi,stand,0
违章02/违章02_t0.7_3_stand.jpg,违章02,0.71,21,841,42,1001,202,prior_roi,stand,0
违章02/违章02_t0.9_4_stand.jpg,违章02,0.94,28,841,42,1001,202,prior_roi,stand,0
违章02/违章02_t1.2_6_off.jpg,违章02,1.18,35,841,42,1001,202,impostor,off,0
违章02/违章02_t1.4_7_stand.jpg,违章02,1.41,42,841,42,1001,202,prior_roi,stand,0
违章02/违章02_t1.6_8_stand.jpg,违章02,1.65,49,841,42,1001,202,prior_roi,stand,0
违章02/违章02_t1.6_9_off.jpg,违章02,1.65,49,841,42,1001,202,impostor,off,0
违章02/违章02_t1.9_10_stand.jpg,违章02,1.89,56,841,42,1001,202,prior_roi,stand,0
违章02/违章02_t1.9_11_off.jpg,违章02,1.89,56,841,42,1001,202,impostor,off,0
违章02/违章02_t2.1_13_off.jpg,违章02,2.12,63,841,42,1001,202,impostor,off,0
违章02/违章02_t2.8_16_stand.jpg,违章02,2.83,84,841,42,1001,202,prior_roi,stand,0
违章02/违章02_t3.1_17_stand.jpg,违章02,3.06,91,841,42,1001,202,prior_roi,stand,0
违章02/违章02_t3.1_18_off.jpg,违章02,3.06,91,841,42,1001,202,impostor,off,0
违章02/违章02_t3.3_19_stand.jpg,违章02,3.3,98,841,42,1001,202,prior_roi,stand,0
违章02/违章02_t3.5_20_stand.jpg,违章02,3.54,105,841,42,1001,202,prior_roi,stand,0
违章02/违章02_t3.8_21_stand.jpg,违章02,3.77,112,841,42,1001,202,prior_roi,stand,0
违章02/违章02_t4.5_24_stand.jpg,违章02,4.48,133,841,42,1001,202,prior_roi,stand,0
违章02/违章02_t4.7_25_stand.jpg,违章02,4.71,140,841,42,1001,202,prior_roi,stand,0
违章02/违章02_t5.0_26_stand.jpg,违章02,4.95,147,841,42,1001,202,prior_roi,stand,0
违章02/违章02_t5.2_27_stand.jpg,违章02,5.19,154,841,42,1001,202,prior_roi,stand,0
违章02/违章02_t5.4_28_stand.jpg,违章02,5.42,161,841,42,1001,202,prior_roi,stand,0
违章02/违章02_t5.7_29_stand.jpg,违章02,5.66,168,841,42,1001,202,prior_roi,stand,0
违章02/违章02_t5.9_30_stand.jpg,违章02,5.89,175,841,42,1001,202,prior_roi,stand,0
违章02/违章02_t6.1_31_stand.jpg,违章02,6.13,182,841,42,1001,202,prior_roi,stand,0
违章02/违章02_t6.4_32_stand.jpg,违章02,6.36,189,841,42,1001,202,prior_roi,stand,0
违章02/违章02_t6.6_33_stand.jpg,违章02,6.6,196,841,42,1001,202,prior_roi,stand,0
违章02/违章02_t6.8_34_stand.jpg,违章02,6.84,203,841,42,1001,202,prior_roi,stand,0
违章02/违章02_t6.8_35_off.jpg,违章02,6.84,203,841,42,1001,202,impostor,off,0
违章02/违章02_t7.1_37_off.jpg,违章02,7.07,210,841,42,1001,202,impostor,off,0
违章02/违章02_t7.3_39_off.jpg,违章02,7.31,217,841,42,1001,202,impostor,off,0
违章02/违章02_t7.5_41_off.jpg,违章02,7.54,224,841,42,1001,202,impostor,off,0
违章02/违章02_t7.8_43_off.jpg,违章02,7.78,231,841,42,1001,202,impostor,off,0
违章02/违章02_t8.0_44_stand.jpg,违章02,8.01,238,841,42,1001,202,prior_roi,stand,0
违章02/违章02_t8.2_45_stand.jpg,违章02,8.25,245,841,42,1001,202,prior_roi,stand,0
违章02/违章02_t8.2_46_off.jpg,违章02,8.25,245,763,447,923,607,prior_off,off,0
违章02/违章02_t8.5_47_stand.jpg,违章02,8.49,252,841,42,1001,202,prior_roi,stand,0
违章02/违章02_t8.7_48_stand.jpg,违章02,8.72,259,841,42,1001,202,prior_roi,stand,0
违章02/违章02_t9.0_49_stand.jpg,违章02,8.96,266,841,42,1001,202,prior_roi,stand,0
违章02/违章02_t9.0_50_off.jpg,违章02,8.96,266,841,42,1001,202,impostor,off,0
违章02/违章02_t9.2_51_stand.jpg,违章02,9.19,273,841,42,1001,202,prior_roi,stand,0
违章02/违章02_t9.2_52_off.jpg,违章02,9.19,273,841,42,1001,202,impostor,off,0
违章02/违章02_t9.4_53_stand.jpg,违章02,9.43,280,841,42,1001,202,prior_roi,stand,0
违章02/违章02_t9.4_54_off.jpg,违章02,9.43,280,841,42,1001,202,impostor,off,0
违章02/违章02_t9.7_55_stand.jpg,违章02,9.66,287,841,42,1001,202,prior_roi,stand,0
违章02/违章02_t9.7_56_off.jpg,违章02,9.66,287,841,42,1001,202,impostor,off,0
违章02/违章02_t9.9_57_stand.jpg,违章02,9.9,294,841,42,1001,202,prior_roi,stand,0
违章02/违章02_t9.9_58_off.jpg,违章02,9.9,294,841,42,1001,202,impostor,off,0
违章02/违章02_t10.1_59_stand.jpg,违章02,10.14,301,841,42,1001,202,prior_roi,stand,0
违章02/违章02_t10.1_60_off.jpg,违章02,10.14,301,841,42,1001,202,impostor,off,0
违章02/违章02_t10.4_61_stand.jpg,违章02,10.37,308,841,42,1001,202,prior_roi,stand,0
违章02/违章02_t10.4_62_off.jpg,违章02,10.37,308,841,42,1001,202,impostor,off,0
违章02/违章02_t10.6_63_stand.jpg,违章02,10.61,315,841,42,1001,202,prior_roi,stand,0
违章02/违章02_t10.8_64_stand.jpg,违章02,10.84,322,841,42,1001,202,prior_roi,stand,0
违章02/违章02_t10.8_65_off.jpg,违章02,10.84,322,841,42,1001,202,impostor,off,0
违章02/违章02_t11.1_66_stand.jpg,违章02,11.08,329,841,42,1001,202,prior_roi,stand,0
违章02/违章02_t11.1_67_off.jpg,违章02,11.08,329,186,161,346,321,prior_off,off,0
违章02/违章02_t11.3_68_stand.jpg,违章02,11.31,336,841,42,1001,202,prior_roi,stand,0
违章02/违章02_t11.6_69_stand.jpg,违章02,11.55,343,841,42,1001,202,prior_roi,stand,0
违章02/违章02_t11.8_70_stand.jpg,违章02,11.79,350,841,42,1001,202,prior_roi,stand,0
违章02/违章02_t12.0_71_stand.jpg,违章02,12.02,357,841,42,1001,202,prior_roi,stand,0
违章02/违章02_t12.3_72_stand.jpg,违章02,12.26,364,841,42,1001,202,prior_roi,stand,0
违章02/违章02_t12.5_73_stand.jpg,违章02,12.49,371,841,42,1001,202,prior_roi,stand,0
违章02/违章02_t12.7_74_stand.jpg,违章02,12.73,378,841,42,1001,202,prior_roi,stand,0
违章02/违章02_t13.0_75_stand.jpg,违章02,12.96,385,841,42,1001,202,prior_roi,stand,0
违章02/违章02_t13.2_76_stand.jpg,违章02,13.2,392,841,42,1001,202,prior_roi,stand,0
违章02/违章02_t13.4_77_stand.jpg,违章02,13.44,399,841,42,1001,202,prior_roi,stand,0
违章02/违章02_t13.7_78_stand.jpg,违章02,13.67,406,841,42,1001,202,prior_roi,stand,0
违章02/违章02_t13.9_79_stand.jpg,违章02,13.91,413,841,42,1001,202,prior_roi,stand,0
违章02/违章02_t14.1_80_stand.jpg,违章02,14.14,420,841,42,1001,202,prior_roi,stand,0
违章02/违章02_t14.4_81_stand.jpg,违章02,14.38,427,841,42,1001,202,prior_roi,stand,0
违章02/违章02_t14.6_82_stand.jpg,违章02,14.61,434,841,42,1001,202,prior_roi,stand,0
违章02/违章02_t14.8_83_stand.jpg,违章02,14.85,441,841,42,1001,202,prior_roi,stand,0
违章02/违章02_t15.1_84_stand.jpg,违章02,15.09,448,841,42,1001,202,prior_roi,stand,0
违章02/违章02_t15.3_85_stand.jpg,违章02,15.32,455,841,42,1001,202,prior_roi,stand,0
违章02/违章02_t15.6_86_stand.jpg,违章02,15.56,462,841,42,1001,202,prior_roi,stand,0
违章02/违章02_t15.8_87_stand.jpg,违章02,15.79,469,841,42,1001,202,prior_roi,stand,0
违章02/违章02_t16.0_88_stand.jpg,违章02,16.03,476,841,42,1001,202,prior_roi,stand,0
违章02/违章02_t16.3_89_stand.jpg,违章02,16.26,483,841,42,1001,202,prior_roi,stand,0
违章02/违章02_t16.5_90_stand.jpg,违章02,16.5,490,841,42,1001,202,prior_roi,stand,0
违章02/违章02_t16.7_91_stand.jpg,违章02,16.74,497,841,42,1001,202,prior_roi,stand,0
违章02/违章02_t17.0_92_stand.jpg,违章02,16.97,504,841,42,1001,202,prior_roi,stand,0
违章02/违章02_t17.2_93_stand.jpg,违章02,17.21,511,841,42,1001,202,prior_roi,stand,0
违章02/违章02_t17.4_94_stand.jpg,违章02,17.44,518,841,42,1001,202,prior_roi,stand,0
违章02/违章02_t17.7_95_stand.jpg,违章02,17.68,525,841,42,1001,202,prior_roi,stand,0
违章02/违章02_t17.9_96_stand.jpg,违章02,17.92,532,841,42,1001,202,prior_roi,stand,0
违章02/违章02_t18.1_97_stand.jpg,违章02,18.15,539,841,42,1001,202,prior_roi,stand,0
违章02/违章02_t18.4_98_stand.jpg,违章02,18.39,546,841,42,1001,202,prior_roi,stand,0
违章02/违章02_t18.6_99_stand.jpg,违章02,18.62,553,841,42,1001,202,prior_roi,stand,0
违章02/违章02_t18.9_100_stand.jpg,违章02,18.86,560,841,42,1001,202,prior_roi,stand,0
违章02/违章02_t19.1_101_stand.jpg,违章02,19.09,567,841,42,1001,202,prior_roi,stand,0
违章02/违章02_t19.3_102_stand.jpg,违章02,19.33,574,841,42,1001,202,prior_roi,stand,0
违章02/违章02_t19.3_103_off.jpg,违章02,19.33,574,1151,568,1280,720,prior_off,off,0
违章02/违章02_t19.6_104_stand.jpg,违章02,19.57,581,841,42,1001,202,prior_roi,stand,0
违章02/违章02_t19.8_105_stand.jpg,违章02,19.8,588,841,42,1001,202,prior_roi,stand,0
违章02/违章02_t20.0_106_stand.jpg,违章02,20.04,595,841,42,1001,202,prior_roi,stand,0
违章02/违章02_t20.3_107_stand.jpg,违章02,20.27,602,841,42,1001,202,prior_roi,stand,0
违章02/违章02_t20.5_108_stand.jpg,违章02,20.51,609,841,42,1001,202,prior_roi,stand,0
违章02/违章02_t20.7_109_stand.jpg,违章02,20.74,616,841,42,1001,202,prior_roi,stand,0
违章02/违章02_t21.2_111_walk.jpg,违章02,21.22,630,841,42,1001,202,prior_roi,walk,0
违章02/违章02_t21.4_112_walk.jpg,违章02,21.45,637,841,42,1001,202,prior_roi,walk,0
违章02/违章02_t21.7_113_walk.jpg,违章02,21.69,644,841,42,1001,202,prior_roi,walk,0
违章02/违章02_t21.9_114_walk.jpg,违章02,21.92,651,841,42,1001,202,prior_roi,walk,0
违章02/违章02_t22.2_115_walk.jpg,违章02,22.16,658,841,42,1001,202,prior_roi,walk,0
违章02/违章02_t22.4_116_walk.jpg,违章02,22.39,665,841,42,1001,202,prior_roi,walk,0
违章02/违章02_t22.6_117_walk.jpg,违章02,22.63,672,841,42,1001,202,prior_roi,walk,0
违章02/违章02_t22.9_118_walk.jpg,违章02,22.87,679,841,42,1001,202,prior_roi,walk,0
违章02/违章02_t23.1_119_walk.jpg,违章02,23.1,686,841,42,1001,202,prior_roi,walk,0
违章02/违章02_t23.3_120_walk.jpg,违章02,23.34,693,841,42,1001,202,prior_roi,walk,0
违章02/违章02_t23.6_121_walk.jpg,违章02,23.57,700,841,42,1001,202,prior_roi,walk,0
违章02/违章02_t23.8_122_walk.jpg,违章02,23.81,707,841,42,1001,202,prior_roi,walk,0
违章02/违章02_t24.0_123_walk.jpg,违章02,24.04,714,841,42,1001,202,prior_roi,walk,0
违章02/违章02_t24.3_124_walk.jpg,违章02,24.28,721,841,42,1001,202,prior_roi,walk,0
违章02/违章02_t24.5_125_walk.jpg,违章02,24.52,728,841,42,1001,202,prior_roi,walk,0
违章02/违章02_t24.8_126_walk.jpg,违章02,24.75,735,841,42,1001,202,prior_roi,walk,0
违章02/违章02_t25.0_127_walk.jpg,违章02,24.99,742,841,42,1001,202,prior_roi,walk,0
违章02/违章02_t25.2_128_walk.jpg,违章02,25.22,749,841,42,1001,202,prior_roi,walk,0
违章02/违章02_t25.5_129_walk.jpg,违章02,25.46,756,841,42,1001,202,prior_roi,walk,0
违章02/违章02_t25.7_130_walk.jpg,违章02,25.69,763,841,42,1001,202,prior_roi,walk,0
违章02/违章02_t25.9_131_walk.jpg,违章02,25.93,770,841,42,1001,202,prior_roi,walk,0
违章02/违章02_t26.2_132_walk.jpg,违章02,26.17,777,841,42,1001,202,prior_roi,walk,0
违章02/违章02_t26.4_133_walk.jpg,违章02,26.4,784,841,42,1001,202,prior_roi,walk,0
违章02/违章02_t26.9_135_walk.jpg,违章02,26.87,798,841,42,1001,202,prior_roi,walk,0
违章02/违章02_t27.1_136_walk.jpg,违章02,27.11,805,841,42,1001,202,prior_roi,walk,0
违章02/违章02_t27.3_137_walk.jpg,违章02,27.34,812,841,42,1001,202,prior_roi,walk,0
违章02/违章02_t27.6_138_walk.jpg,违章02,27.58,819,841,42,1001,202,prior_roi,walk,0
违章02/违章02_t27.8_139_walk.jpg,违章02,27.82,826,841,42,1001,202,prior_roi,walk,0
违章02/违章02_t28.1_140_walk.jpg,违章02,28.05,833,841,42,1001,202,prior_roi,walk,0
违章02/违章02_t28.3_141_walk.jpg,违章02,28.29,840,841,42,1001,202,prior_roi,walk,0
违章02/违章02_t28.5_142_walk.jpg,违章02,28.52,847,841,42,1001,202,prior_roi,walk,0
违章02/违章02_t28.5_143_off.jpg,违章02,28.52,847,265,401,425,561,prior_off,off,0
违章02/违章02_t28.8_144_walk.jpg,违章02,28.76,854,841,42,1001,202,prior_roi,walk,0
违章02/违章02_t28.8_145_off.jpg,违章02,28.76,854,429,561,589,720,prior_off,off,0
违章02/违章02_t29.0_146_walk.jpg,违章02,28.99,861,841,42,1001,202,prior_roi,walk,0
违章02/违章02_t29.2_147_walk.jpg,违章02,29.23,868,841,42,1001,202,prior_roi,walk,0
违章02/违章02_t29.5_148_walk.jpg,违章02,29.47,875,841,42,1001,202,prior_roi,walk,0
违章02/违章02_t29.7_149_walk.jpg,违章02,29.7,882,841,42,1001,202,prior_roi,walk,0
违章02/违章02_t29.9_150_walk.jpg,违章02,29.94,889,841,42,1001,202,prior_roi,walk,0
违章02/违章02_t30.2_151_walk.jpg,违章02,30.17,896,841,42,1001,202,prior_roi,walk,0
违章02/违章02_t30.4_152_walk.jpg,违章02,30.41,903,841,42,1001,202,prior_roi,walk,0
违章02/违章02_t30.6_153_walk.jpg,违章02,30.64,910,841,42,1001,202,prior_roi,walk,0
违章02/违章02_t30.9_154_walk.jpg,违章02,30.88,917,841,42,1001,202,prior_roi,walk,0
违章02/违章02_t31.1_155_walk.jpg,违章02,31.12,924,841,42,1001,202,prior_roi,walk,0
违章02/违章02_t31.4_156_walk.jpg,违章02,31.35,931,841,42,1001,202,prior_roi,walk,0
违章02/违章02_t31.6_157_walk.jpg,违章02,31.59,938,841,42,1001,202,prior_roi,walk,0
违章02/违章02_t31.8_158_walk.jpg,违章02,31.82,945,841,42,1001,202,prior_roi,walk,0
违章02/违章02_t32.1_159_walk.jpg,违章02,32.06,952,841,42,1001,202,prior_roi,walk,0
违章02/违章02_t32.3_160_walk.jpg,违章02,32.29,959,841,42,1001,202,prior_roi,walk,0
违章02/违章02_t32.5_161_walk.jpg,违章02,32.53,966,841,42,1001,202,prior_roi,walk,0
违章02/违章02_t32.8_162_walk.jpg,违章02,32.77,973,841,42,1001,202,prior_roi,walk,0
违章02/违章02_t33.0_163_walk.jpg,违章02,33.0,980,841,42,1001,202,prior_roi,walk,0
违章02/违章02_t33.2_164_walk.jpg,违章02,33.24,987,841,42,1001,202,prior_roi,walk,0
违章02/违章02_t33.5_165_walk.jpg,违章02,33.47,994,841,42,1001,202,prior_roi,walk,0
违章02/违章02_t33.7_166_walk.jpg,违章02,33.71,1001,841,42,1001,202,prior_roi,walk,0
违章02/违章02_t33.9_167_walk.jpg,违章02,33.94,1008,841,42,1001,202,prior_roi,walk,0
违章02/违章02_t34.2_168_walk.jpg,违章02,34.18,1015,841,42,1001,202,prior_roi,walk,0
违章02/违章02_t34.4_169_walk.jpg,违章02,34.42,1022,841,42,1001,202,prior_roi,walk,0
违章02/违章02_t34.6_170_walk.jpg,违章02,34.65,1029,841,42,1001,202,prior_roi,walk,0
违章02/违章02_t34.9_171_walk.jpg,违章02,34.89,1036,841,42,1001,202,prior_roi,walk,0
违章02/违章02_t35.1_172_walk.jpg,违章02,35.12,1043,841,42,1001,202,prior_roi,walk,0
违章02/违章02_t35.4_173_walk.jpg,违章02,35.36,1050,841,42,1001,202,prior_roi,walk,0
违章02/违章02_t35.6_174_walk.jpg,违章02,35.59,1057,841,42,1001,202,prior_roi,walk,0
违章02/违章02_t35.8_175_walk.jpg,违章02,35.83,1064,841,42,1001,202,prior_roi,walk,0
违章02/违章02_t36.1_176_walk.jpg,违章02,36.07,1071,841,42,1001,202,prior_roi,walk,0
违章02/违章02_t36.3_177_walk.jpg,违章02,36.3,1078,841,42,1001,202,prior_roi,walk,0
违章02/违章02_t36.5_178_walk.jpg,违章02,36.54,1085,841,42,1001,202,prior_roi,walk,0
违章02/违章02_t36.8_179_walk.jpg,违章02,36.77,1092,841,42,1001,202,prior_roi,walk,0
违章02/违章02_t37.0_180_walk.jpg,违章02,37.01,1099,841,42,1001,202,prior_roi,walk,0
违章02/违章02_t37.2_181_walk.jpg,违章02,37.24,1106,841,42,1001,202,prior_roi,walk,0
违章02/违章02_t37.5_182_walk.jpg,违章02,37.48,1113,841,42,1001,202,prior_roi,walk,0
违章02/违章02_t37.7_183_walk.jpg,违章02,37.72,1120,841,42,1001,202,prior_roi,walk,0
违章02/违章02_t38.0_184_walk.jpg,违章02,37.95,1127,841,42,1001,202,prior_roi,walk,0
违章02/违章02_t38.2_185_walk.jpg,违章02,38.19,1134,841,42,1001,202,prior_roi,walk,0
违章02/违章02_t38.4_186_walk.jpg,违章02,38.42,1141,841,42,1001,202,prior_roi,walk,0
违章02/违章02_t38.7_187_walk.jpg,违章02,38.66,1148,841,42,1001,202,prior_roi,walk,0
违章02/违章02_t38.9_188_walk.jpg,违章02,38.89,1155,841,42,1001,202,prior_roi,walk,0
违章02/违章02_t39.1_189_walk.jpg,违章02,39.13,1162,841,42,1001,202,prior_roi,walk,0
违章02/违章02_t39.4_190_walk.jpg,违章02,39.37,1169,841,42,1001,202,prior_roi,walk,0
违章02/违章02_t39.6_191_walk.jpg,违章02,39.6,1176,841,42,1001,202,prior_roi,walk,0
违章02/违章02_t39.8_192_walk.jpg,违章02,39.84,1183,841,42,1001,202,prior_roi,walk,0
违章02/违章02_t40.1_193_walk.jpg,违章02,40.07,1190,841,42,1001,202,prior_roi,walk,0
违章02/违章02_t40.3_194_walk.jpg,违章02,40.31,1197,841,42,1001,202,prior_roi,walk,0
违章02/违章02_t40.5_195_walk.jpg,违章02,40.54,1204,841,42,1001,202,prior_roi,walk,0
违章02/违章02_t40.8_196_walk.jpg,违章02,40.78,1211,841,42,1001,202,prior_roi,walk,0
违章02/违章02_t41.0_197_walk.jpg,违章02,41.02,1218,841,42,1001,202,prior_roi,walk,0
违章02/违章02_t41.2_198_walk.jpg,违章02,41.25,1225,841,42,1001,202,prior_roi,walk,0
违章02/违章02_t41.5_199_walk.jpg,违章02,41.49,1232,841,42,1001,202,prior_roi,walk,0
违章02/违章02_t41.7_200_walk.jpg,违章02,41.72,1239,841,42,1001,202,prior_roi,walk,0
违章02/违章02_t42.0_201_walk.jpg,违章02,41.96,1246,841,42,1001,202,prior_roi,walk,0
违章02/违章02_t42.2_202_walk.jpg,违章02,42.19,1253,841,42,1001,202,prior_roi,walk,0
违章02/违章02_t42.4_203_walk.jpg,违章02,42.43,1260,841,42,1001,202,prior_roi,walk,0
违章02/违章02_t42.7_204_walk.jpg,违章02,42.67,1267,841,42,1001,202,prior_roi,walk,0
违章02/违章02_t42.9_205_walk.jpg,违章02,42.9,1274,841,42,1001,202,prior_roi,walk,0
违章02/违章02_t43.1_206_walk.jpg,违章02,43.14,1281,841,42,1001,202,prior_roi,walk,0
违章02/违章02_t43.1_207_off.jpg,违章02,43.14,1281,266,381,426,541,prior_off,off,0
违章02/违章02_t43.4_208_walk.jpg,违章02,43.37,1288,841,42,1001,202,prior_roi,walk,0
违章02/违章02_t43.6_209_walk.jpg,违章02,43.61,1295,841,42,1001,202,prior_roi,walk,0
违章02/违章02_t43.8_210_walk.jpg,违章02,43.84,1302,841,42,1001,202,prior_roi,walk,0
违章02/违章02_t44.1_211_walk.jpg,违章02,44.08,1309,841,42,1001,202,prior_roi,walk,0
违章02/违章02_t44.3_212_walk.jpg,违章02,44.32,1316,841,42,1001,202,prior_roi,walk,0
违章02/违章02_t44.5_213_walk.jpg,违章02,44.55,1323,841,42,1001,202,prior_roi,walk,0
违章02/违章02_t44.8_214_walk.jpg,违章02,44.79,1330,841,42,1001,202,prior_roi,walk,0
违章02/违章02_t45.0_215_walk.jpg,违章02,45.02,1337,841,42,1001,202,prior_roi,walk,0
违章02/违章02_t45.3_216_walk.jpg,违章02,45.26,1344,841,42,1001,202,prior_roi,walk,0
违章02/违章02_t45.5_217_walk.jpg,违章02,45.49,1351,841,42,1001,202,prior_roi,walk,0
违章02/违章02_t45.7_218_walk.jpg,违章02,45.73,1358,841,42,1001,202,prior_roi,walk,0
违章02/违章02_t46.0_219_walk.jpg,违章02,45.97,1365,841,42,1001,202,prior_roi,walk,0
违章02/违章02_t46.2_220_walk.jpg,违章02,46.2,1372,841,42,1001,202,prior_roi,walk,0
违章02/违章02_t46.4_221_walk.jpg,违章02,46.44,1379,841,42,1001,202,prior_roi,walk,0
违章02/违章02_t46.7_222_walk.jpg,违章02,46.67,1386,841,42,1001,202,prior_roi,walk,0
违章02/违章02_t46.9_223_walk.jpg,违章02,46.91,1393,841,42,1001,202,prior_roi,walk,0
违章02/违章02_t47.1_224_walk.jpg,违章02,47.14,1400,841,42,1001,202,prior_roi,walk,0
违章02/违章02_t47.4_225_walk.jpg,违章02,47.38,1407,841,42,1001,202,prior_roi,walk,0
违章02/违章02_t47.6_226_walk.jpg,违章02,47.62,1414,841,42,1001,202,prior_roi,walk,0
违章02/违章02_t47.9_227_walk.jpg,违章02,47.85,1421,841,42,1001,202,prior_roi,walk,0
违章02/违章02_t48.1_228_walk.jpg,违章02,48.09,1428,841,42,1001,202,prior_roi,walk,0
违章02/违章02_t48.3_229_walk.jpg,违章02,48.32,1435,841,42,1001,202,prior_roi,walk,0
违章02/违章02_t48.6_230_walk.jpg,违章02,48.56,1442,841,42,1001,202,prior_roi,walk,0
违章02/违章02_t48.8_231_walk.jpg,违章02,48.79,1449,841,42,1001,202,prior_roi,walk,0
违章02/违章02_t49.0_232_walk.jpg,违章02,49.03,1456,841,42,1001,202,prior_roi,walk,0
违章02/违章02_t49.3_233_walk.jpg,违章02,49.27,1463,841,42,1001,202,prior_roi,walk,0
违章02/违章02_t49.5_234_walk.jpg,违章02,49.5,1470,841,42,1001,202,prior_roi,walk,0
违章02/违章02_t49.7_235_walk.jpg,违章02,49.74,1477,841,42,1001,202,prior_roi,walk,0
违章02/违章02_t49.7_236_off.jpg,违章02,49.74,1477,730,547,890,707,prior_off,off,0
违章02/违章02_t50.0_237_walk.jpg,违章02,49.97,1484,841,42,1001,202,prior_roi,walk,0
违章02/违章02_t50.2_238_walk.jpg,违章02,50.21,1491,841,42,1001,202,prior_roi,walk,0
违章02/违章02_t50.5_239_walk.jpg,违章02,50.45,1498,841,42,1001,202,prior_roi,walk,0
违章02/违章02_t50.9_241_walk.jpg,违章02,50.92,1512,841,42,1001,202,prior_roi,walk,0
违章02/违章02_t51.1_242_walk.jpg,违章02,51.15,1519,841,42,1001,202,prior_roi,walk,0
违章02/违章02_t51.4_243_walk.jpg,违章02,51.39,1526,841,42,1001,202,prior_roi,walk,0
违章02/违章02_t51.6_244_walk.jpg,违章02,51.62,1533,841,42,1001,202,prior_roi,walk,0
违章02/违章02_t51.9_245_walk.jpg,违章02,51.86,1540,841,42,1001,202,prior_roi,walk,0
违章02/违章02_t52.1_246_walk.jpg,违章02,52.1,1547,841,42,1001,202,prior_roi,walk,0
违章02/违章02_t52.3_247_walk.jpg,违章02,52.33,1554,841,42,1001,202,prior_roi,walk,0
违章02/违章02_t52.6_248_walk.jpg,违章02,52.57,1561,841,42,1001,202,prior_roi,walk,0
违章02/违章02_t52.8_249_walk.jpg,违章02,52.8,1568,841,42,1001,202,prior_roi,walk,0
违章02/违章02_t53.0_250_walk.jpg,违章02,53.04,1575,841,42,1001,202,prior_roi,walk,0
违章02/违章02_t53.3_251_walk.jpg,违章02,53.27,1582,841,42,1001,202,prior_roi,walk,0
违章02/违章02_t53.5_252_walk.jpg,违章02,53.51,1589,841,42,1001,202,prior_roi,walk,0
违章02/违章02_t53.8_253_walk.jpg,违章02,53.75,1596,841,42,1001,202,prior_roi,walk,0
违章02/违章02_t54.0_254_walk.jpg,违章02,53.98,1603,841,42,1001,202,prior_roi,walk,0
违章02/违章02_t54.2_255_walk.jpg,违章02,54.22,1610,841,42,1001,202,prior_roi,walk,0
违章02/违章02_t54.5_256_walk.jpg,违章02,54.45,1617,841,42,1001,202,prior_roi,walk,0
违章02/违章02_t54.7_257_walk.jpg,违章02,54.69,1624,841,42,1001,202,prior_roi,walk,0
违章02/违章02_t54.9_258_walk.jpg,违章02,54.92,1631,841,42,1001,202,prior_roi,walk,0
违章02/违章02_t55.2_259_walk.jpg,违章02,55.16,1638,841,42,1001,202,prior_roi,walk,0
违章02/违章02_t55.2_260_off.jpg,违章02,55.16,1638,0,171,147,331,prior_off,off,0
违章02/违章02_t55.4_261_walk.jpg,违章02,55.4,1645,841,42,1001,202,prior_roi,walk,0
违章02/违章02_t55.6_262_walk.jpg,违章02,55.63,1652,841,42,1001,202,prior_roi,walk,0
违章02/违章02_t55.6_263_off.jpg,违章02,55.63,1652,1,227,161,387,prior_off,off,0
违章02/违章02_t55.9_264_walk.jpg,违章02,55.87,1659,841,42,1001,202,prior_roi,walk,0
违章02/违章02_t56.1_265_walk.jpg,违章02,56.1,1666,841,42,1001,202,prior_roi,walk,0
违章02/违章02_t56.3_266_walk.jpg,违章02,56.34,1673,841,42,1001,202,prior_roi,walk,0
违章02/违章02_t56.6_267_walk.jpg,违章02,56.57,1680,841,42,1001,202,prior_roi,walk,0
违章02/违章02_t56.8_268_walk.jpg,违章02,56.81,1687,841,42,1001,202,prior_roi,walk,0
违章02/违章02_t57.3_270_walk.jpg,违章02,57.28,1701,841,42,1001,202,prior_roi,walk,0
违章02/违章02_t57.5_271_walk.jpg,违章02,57.52,1708,841,42,1001,202,prior_roi,walk,0
违章02/违章02_t57.8_272_walk.jpg,违章02,57.75,1715,841,42,1001,202,prior_roi,walk,0
违章02/违章02_t58.0_273_walk.jpg,违章02,57.99,1722,841,42,1001,202,prior_roi,walk,0
违章02/违章02_t58.2_274_walk.jpg,违章02,58.22,1729,841,42,1001,202,prior_roi,walk,0
违章02/违章02_t58.5_275_walk.jpg,违章02,58.46,1736,841,42,1001,202,prior_roi,walk,0
违章02/违章02_t58.7_276_walk.jpg,违章02,58.7,1743,841,42,1001,202,prior_roi,walk,0
违章02/违章02_t58.9_277_walk.jpg,违章02,58.93,1750,841,42,1001,202,prior_roi,walk,0
违章02/违章02_t59.2_278_walk.jpg,违章02,59.17,1757,841,42,1001,202,prior_roi,walk,0
违章02/违章02_t59.4_279_walk.jpg,违章02,59.4,1764,841,42,1001,202,prior_roi,walk,0
违章02/违章02_t59.6_280_walk.jpg,违章02,59.64,1771,841,42,1001,202,prior_roi,walk,0
违章02/违章02_t59.9_281_walk.jpg,违章02,59.87,1778,841,42,1001,202,prior_roi,walk,0
违章02/违章02_t60.1_282_walk.jpg,违章02,60.11,1785,841,42,1001,202,prior_roi,walk,0
违章02/违章02_t60.4_283_walk.jpg,违章02,60.35,1792,841,42,1001,202,prior_roi,walk,0
违章02/违章02_t60.6_284_walk.jpg,违章02,60.58,1799,841,42,1001,202,prior_roi,walk,0
违章02/违章02_t60.8_285_walk.jpg,违章02,60.82,1806,841,42,1001,202,prior_roi,walk,0
违章02/违章02_t61.0_286_walk.jpg,违章02,61.05,1813,841,42,1001,202,prior_roi,walk,0
违章02/违章02_t61.3_287_walk.jpg,违章02,61.29,1820,841,42,1001,202,prior_roi,walk,0
违章02/违章02_t61.5_288_walk.jpg,违章02,61.52,1827,841,42,1001,202,prior_roi,walk,0
违章02/违章02_t61.8_289_walk.jpg,违章02,61.76,1834,841,42,1001,202,prior_roi,walk,0
违章02/违章02_t62.0_290_walk.jpg,违章02,62.0,1841,841,42,1001,202,prior_roi,walk,0
违章02/违章02_t62.2_291_walk.jpg,违章02,62.23,1848,841,42,1001,202,prior_roi,walk,0
违章02/违章02_t62.5_292_walk.jpg,违章02,62.47,1855,841,42,1001,202,prior_roi,walk,0
违章02/违章02_t62.5_293_off.jpg,违章02,62.47,1855,553,235,713,395,prior_off,off,0
违章02/违章02_t62.7_294_walk.jpg,违章02,62.7,1862,841,42,1001,202,prior_roi,walk,0
违章02/违章02_t62.9_295_walk.jpg,违章02,62.94,1869,841,42,1001,202,prior_roi,walk,0
违章02/违章02_t63.2_296_walk.jpg,违章02,63.17,1876,841,42,1001,202,prior_roi,walk,0
违章02/违章02_t63.4_297_walk.jpg,违章02,63.41,1883,841,42,1001,202,prior_roi,walk,0
违章02/违章02_t63.6_298_walk.jpg,违章02,63.65,1890,841,42,1001,202,prior_roi,walk,0
违章02/违章02_t63.9_299_walk.jpg,违章02,63.88,1897,841,42,1001,202,prior_roi,walk,0
违章02/违章02_t64.1_300_walk.jpg,违章02,64.12,1904,841,42,1001,202,prior_roi,walk,0
违章02/违章02_t64.3_301_walk.jpg,违章02,64.35,1911,841,42,1001,202,prior_roi,walk,0
违章02/违章02_t64.6_302_walk.jpg,违章02,64.59,1918,841,42,1001,202,prior_roi,walk,0
违章02/违章02_t64.8_303_walk.jpg,违章02,64.82,1925,841,42,1001,202,prior_roi,walk,0
违章02/违章02_t65.1_304_walk.jpg,违章02,65.06,1932,841,42,1001,202,prior_roi,walk,0
违章02/违章02_t65.3_305_walk.jpg,违章02,65.3,1939,841,42,1001,202,prior_roi,walk,0
违章02/违章02_t65.5_306_walk.jpg,违章02,65.53,1946,841,42,1001,202,prior_roi,walk,0
违章02/违章02_t65.8_307_walk.jpg,违章02,65.77,1953,841,42,1001,202,prior_roi,walk,0
违章02/违章02_t66.0_308_walk.jpg,违章02,66.0,1960,841,42,1001,202,prior_roi,walk,0
违章02/违章02_t66.2_309_walk.jpg,违章02,66.24,1967,841,42,1001,202,prior_roi,walk,0
违章02/违章02_t66.5_310_walk.jpg,违章02,66.47,1974,841,42,1001,202,prior_roi,walk,0
违章02/违章02_t66.7_311_walk.jpg,违章02,66.71,1981,841,42,1001,202,prior_roi,walk,0
违章02/违章02_t67.0_312_walk.jpg,违章02,66.95,1988,841,42,1001,202,prior_roi,walk,0
违章02/违章02_t67.2_313_walk.jpg,违章02,67.18,1995,841,42,1001,202,prior_roi,walk,0
违章02/违章02_t67.4_314_walk.jpg,违章02,67.42,2002,841,42,1001,202,prior_roi,walk,0
违章02/违章02_t67.7_315_walk.jpg,违章02,67.65,2009,841,42,1001,202,prior_roi,walk,0
违章02/违章02_t67.9_316_walk.jpg,违章02,67.89,2016,841,42,1001,202,prior_roi,walk,0
违章02/违章02_t68.1_317_walk.jpg,违章02,68.12,2023,841,42,1001,202,prior_roi,walk,0
违章02/违章02_t68.4_318_walk.jpg,违章02,68.36,2030,841,42,1001,202,prior_roi,walk,0
违章02/违章02_t68.6_319_walk.jpg,违章02,68.6,2037,841,42,1001,202,prior_roi,walk,0
违章02/违章02_t68.8_320_walk.jpg,违章02,68.83,2044,841,42,1001,202,prior_roi,walk,0
违章02/违章02_t69.1_321_walk.jpg,违章02,69.07,2051,841,42,1001,202,prior_roi,walk,0
违章02/违章02_t69.3_322_walk.jpg,违章02,69.3,2058,841,42,1001,202,prior_roi,walk,0
违章02/违章02_t69.5_323_walk.jpg,违章02,69.54,2065,841,42,1001,202,prior_roi,walk,0
违章02/违章02_t69.8_324_walk.jpg,违章02,69.77,2072,841,42,1001,202,prior_roi,walk,0
违章02/违章02_t70.0_325_walk.jpg,违章02,70.01,2079,841,42,1001,202,prior_roi,walk,0
违章02/违章02_t70.2_326_walk.jpg,违章02,70.25,2086,841,42,1001,202,prior_roi,walk,0
违章02/违章02_t70.2_327_off.jpg,违章02,70.25,2086,707,432,867,592,prior_off,off,0
违章02/违章02_t70.5_328_walk.jpg,违章02,70.48,2093,841,42,1001,202,prior_roi,walk,0
违章02/违章02_t70.7_329_walk.jpg,违章02,70.72,2100,841,42,1001,202,prior_roi,walk,0
违章02/违章02_t71.0_330_walk.jpg,违章02,70.95,2107,841,42,1001,202,prior_roi,walk,0
违章02/违章02_t71.4_332_walk.jpg,违章02,71.42,2121,841,42,1001,202,prior_roi,walk,0
违章02/违章02_t71.7_333_walk.jpg,违章02,71.66,2128,841,42,1001,202,prior_roi,walk,0
违章02/违章02_t71.7_334_off.jpg,违章02,71.66,2128,605,228,765,388,prior_off,off,0
违章02/违章02_t71.9_336_off.jpg,违章02,71.9,2135,412,116,572,276,prior_off,off,0
违章02/违章02_t75.7_353_off.jpg,违章02,75.67,2247,566,184,726,344,prior_off,off,0
违章02/违章02_t80.8_376_off.jpg,违章02,80.85,2401,683,272,843,432,prior_off,off,0
违章02/违章02_t85.1_394_stand.jpg,违章02,85.1,2527,841,42,1001,202,prior_roi,off,1
违章02/违章02_t85.3_395_stand.jpg,违章02,85.33,2534,841,42,1001,202,prior_roi,off,1
违章02/违章02_t85.6_396_stand.jpg,违章02,85.57,2541,841,42,1001,202,prior_roi,off,1
违章02/违章02_t85.8_397_stand.jpg,违章02,85.8,2548,841,42,1001,202,prior_roi,off,1
违章02/违章02_t86.0_398_stand.jpg,违章02,86.04,2555,841,42,1001,202,prior_roi,off,1
违章02/违章02_t86.3_399_stand.jpg,违章02,86.28,2562,841,42,1001,202,prior_roi,off,1
违章02/违章02_t86.5_400_stand.jpg,违章02,86.51,2569,841,42,1001,202,prior_roi,off,1
违章02/违章02_t86.8_401_stand.jpg,违章02,86.75,2576,841,42,1001,202,prior_roi,off,1
违章02/违章02_t87.0_402_stand.jpg,违章02,86.98,2583,841,42,1001,202,prior_roi,off,1
违章02/违章02_t87.2_403_stand.jpg,违章02,87.22,2590,841,42,1001,202,prior_roi,off,1
违章02/违章02_t87.2_404_off.jpg,违章02,87.22,2590,654,0,814,121,prior_off,off,0
违章02/违章02_t87.5_405_stand.jpg,违章02,87.45,2597,841,42,1001,202,prior_roi,off,1
违章02/违章02_t87.7_406_stand.jpg,违章02,87.69,2604,841,42,1001,202,prior_roi,off,1
违章02/违章02_t87.9_407_stand.jpg,违章02,87.93,2611,841,42,1001,202,prior_roi,off,1
违章02/违章02_t88.2_408_stand.jpg,违章02,88.16,2618,841,42,1001,202,prior_roi,off,1
违章02/违章02_t88.4_409_stand.jpg,违章02,88.4,2625,841,42,1001,202,prior_roi,off,1
违章02/违章02_t88.6_410_stand.jpg,违章02,88.63,2632,841,42,1001,202,prior_roi,off,1
违章02/违章02_t88.6_411_off.jpg,违章02,88.63,2632,1130,155,1280,315,prior_off,off,0
违章02/违章02_t88.9_412_stand.jpg,违章02,88.87,2639,841,42,1001,202,prior_roi,off,1
违章02/违章02_t89.1_413_stand.jpg,违章02,89.1,2646,841,42,1001,202,prior_roi,off,1
违章02/违章02_t89.3_414_stand.jpg,违章02,89.34,2653,841,42,1001,202,prior_roi,off,1
违章02/违章02_t89.6_415_stand.jpg,违章02,89.58,2660,841,42,1001,202,prior_roi,off,1
违章02/违章02_t89.8_416_stand.jpg,违章02,89.81,2667,841,42,1001,202,prior_roi,off,1
违章02/违章02_t90.0_417_stand.jpg,违章02,90.05,2674,841,42,1001,202,prior_roi,off,1
违章02/违章02_t90.0_418_off.jpg,违章02,90.05,2674,841,42,1001,202,impostor,off,0
违章02/违章02_t90.3_419_stand.jpg,违章02,90.28,2681,841,42,1001,202,prior_roi,off,1
违章02/违章02_t90.5_420_stand.jpg,违章02,90.52,2688,841,42,1001,202,prior_roi,off,1
违章02/违章02_t90.8_421_stand.jpg,违章02,90.75,2695,841,42,1001,202,prior_roi,off,1
违章02/违章02_t91.0_422_stand.jpg,违章02,90.99,2702,841,42,1001,202,prior_roi,off,1
违章02/违章02_t91.2_423_stand.jpg,违章02,91.23,2709,841,42,1001,202,prior_roi,off,1
违章02/违章02_t91.5_424_stand.jpg,违章02,91.46,2716,841,42,1001,202,prior_roi,off,1
违章02/违章02_t91.7_425_stand.jpg,违章02,91.7,2723,841,42,1001,202,prior_roi,off,1
违章02/违章02_t91.7_426_off.jpg,违章02,91.7,2723,1060,304,1220,464,prior_off,off,0
违章02/违章02_t91.9_427_stand.jpg,违章02,91.93,2730,841,42,1001,202,prior_roi,off,1
违章02/违章02_t92.2_428_stand.jpg,违章02,92.17,2737,841,42,1001,202,prior_roi,off,1
违章02/违章02_t92.4_429_stand.jpg,违章02,92.4,2744,841,42,1001,202,prior_roi,off,1
违章02/违章02_t92.6_430_stand.jpg,违章02,92.64,2751,841,42,1001,202,prior_roi,off,1
违章02/违章02_t92.9_431_stand.jpg,违章02,92.88,2758,841,42,1001,202,prior_roi,off,1
违章02/违章02_t93.1_432_stand.jpg,违章02,93.11,2765,841,42,1001,202,prior_roi,off,1
违章02/违章02_t93.3_433_stand.jpg,违章02,93.35,2772,841,42,1001,202,prior_roi,off,1
违章02/违章02_t93.6_434_stand.jpg,违章02,93.58,2779,841,42,1001,202,prior_roi,off,1
违章02/违章02_t93.8_435_stand.jpg,违章02,93.82,2786,841,42,1001,202,prior_roi,off,1
违章02/违章02_t94.0_436_stand.jpg,违章02,94.05,2793,841,42,1001,202,prior_roi,off,1
违章02/违章02_t94.3_437_stand.jpg,违章02,94.29,2800,841,42,1001,202,prior_roi,off,1
违章02/违章02_t94.5_438_stand.jpg,违章02,94.53,2807,841,42,1001,202,prior_roi,off,1
违章02/违章02_t94.5_439_off.jpg,违章02,94.53,2807,841,42,1001,202,impostor,off,0
违章02/违章02_t94.8_440_stand.jpg,违章02,94.76,2814,841,42,1001,202,prior_roi,off,1
违章02/违章02_t95.0_441_stand.jpg,违章02,95.0,2821,841,42,1001,202,prior_roi,off,1
违章02/违章02_t95.2_442_stand.jpg,违章02,95.23,2828,841,42,1001,202,prior_roi,off,1
违章02/违章02_t95.5_443_stand.jpg,违章02,95.47,2835,841,42,1001,202,prior_roi,off,1
违章02/违章02_t95.7_444_stand.jpg,违章02,95.7,2842,841,42,1001,202,prior_roi,off,1
违章02/违章02_t95.9_445_stand.jpg,违章02,95.94,2849,841,42,1001,202,prior_roi,off,1
违章02/违章02_t96.2_446_stand.jpg,违章02,96.18,2856,841,42,1001,202,prior_roi,off,1
违章02/违章02_t96.4_447_stand.jpg,违章02,96.41,2863,841,42,1001,202,prior_roi,off,1
违章02/违章02_t96.7_448_stand.jpg,违章02,96.65,2870,841,42,1001,202,prior_roi,off,1
违章02/违章02_t96.9_449_stand.jpg,违章02,96.88,2877,841,42,1001,202,prior_roi,off,1
违章02/违章02_t97.1_450_stand.jpg,违章02,97.12,2884,841,42,1001,202,prior_roi,off,1
违章02/违章02_t97.3_451_stand.jpg,违章02,97.35,2891,841,42,1001,202,prior_roi,off,1
违章02/违章02_t97.6_452_stand.jpg,违章02,97.59,2898,841,42,1001,202,prior_roi,off,1
违章02/违章02_t97.8_453_stand.jpg,违章02,97.83,2905,841,42,1001,202,prior_roi,off,1
违章02/违章02_t98.1_454_stand.jpg,违章02,98.06,2912,841,42,1001,202,prior_roi,off,1
违章02/违章02_t98.3_455_stand.jpg,违章02,98.3,2919,841,42,1001,202,prior_roi,off,1
违章02/违章02_t98.5_456_stand.jpg,违章02,98.53,2926,841,42,1001,202,prior_roi,off,1
违章02/违章02_t98.8_457_stand.jpg,违章02,98.77,2933,841,42,1001,202,prior_roi,off,1
违章02/违章02_t99.0_458_stand.jpg,违章02,99.0,2940,841,42,1001,202,prior_roi,off,1
违章02/违章02_t99.0_459_off.jpg,违章02,99.0,2940,355,451,515,611,prior_off,off,0
违章02/违章02_t99.2_460_stand.jpg,违章02,99.24,2947,841,42,1001,202,prior_roi,off,1
违章02/违章02_t99.5_461_stand.jpg,违章02,99.48,2954,841,42,1001,202,prior_roi,off,1
违章02/违章02_t99.7_462_stand.jpg,违章02,99.71,2961,841,42,1001,202,prior_roi,off,1
违章02/违章02_t100.0_463_stand.jpg,违章02,99.95,2968,841,42,1001,202,prior_roi,off,1
违章02/违章02_t100.2_464_stand.jpg,违章02,100.18,2975,841,42,1001,202,prior_roi,off,1
违章02/违章02_t100.4_465_stand.jpg,违章02,100.42,2982,841,42,1001,202,prior_roi,off,1
违章02/违章02_t100.7_466_stand.jpg,违章02,100.65,2989,841,42,1001,202,prior_roi,off,1
违章02/违章02_t100.9_467_stand.jpg,违章02,100.89,2996,841,42,1001,202,prior_roi,off,1
违章02/违章02_t101.1_468_stand.jpg,违章02,101.13,3003,841,42,1001,202,prior_roi,off,1
违章02/违章02_t101.4_469_stand.jpg,违章02,101.36,3010,841,42,1001,202,prior_roi,off,1
违章02/违章02_t101.6_470_stand.jpg,违章02,101.6,3017,841,42,1001,202,prior_roi,off,1
违章02/违章02_t101.8_471_stand.jpg,违章02,101.83,3024,841,42,1001,202,prior_roi,off,1
违章02/违章02_t102.1_472_stand.jpg,违章02,102.07,3031,841,42,1001,202,prior_roi,off,1
违章02/违章02_t102.3_473_stand.jpg,违章02,102.3,3038,841,42,1001,202,prior_roi,off,1
违章02/违章02_t102.3_474_off.jpg,违章02,102.3,3038,598,127,758,287,prior_off,off,0
违章02/违章02_t102.5_475_stand.jpg,违章02,102.54,3045,841,42,1001,202,prior_roi,off,1
违章02/违章02_t102.8_476_stand.jpg,违章02,102.78,3052,841,42,1001,202,prior_roi,off,1
违章02/违章02_t102.8_477_off.jpg,违章02,102.78,3052,600,317,760,477,prior_off,off,0
违章02/违章02_t103.0_478_stand.jpg,违章02,103.01,3059,841,42,1001,202,prior_roi,off,1
违章02/违章02_t103.2_479_stand.jpg,违章02,103.25,3066,841,42,1001,202,prior_roi,off,1
违章02/违章02_t103.2_480_off.jpg,违章02,103.25,3066,425,6,585,166,prior_off,stand,1
违章02/违章02_t103.5_481_stand.jpg,违章02,103.48,3073,841,42,1001,202,prior_roi,off,1
违章02/违章02_t103.7_482_stand.jpg,违章02,103.72,3080,841,42,1001,202,prior_roi,off,1
违章02/违章02_t103.7_483_off.jpg,违章02,103.72,3080,841,42,1001,202,impostor,off,0
违章02/违章02_t104.0_484_stand.jpg,违章02,103.95,3087,841,42,1001,202,prior_roi,off,1
违章02/违章02_t104.2_485_stand.jpg,违章02,104.19,3094,841,42,1001,202,prior_roi,off,1
违章02/违章02_t104.2_486_off.jpg,违章02,104.19,3094,841,42,1001,202,impostor,off,0
违章02/违章02_t104.4_487_stand.jpg,违章02,104.43,3101,841,42,1001,202,prior_roi,off,1
违章02/违章02_t104.7_488_stand.jpg,违章02,104.66,3108,841,42,1001,202,prior_roi,off,1
违章02/违章02_t104.9_489_stand.jpg,违章02,104.9,3115,841,42,1001,202,prior_roi,off,1
违章02/违章02_t105.1_490_stand.jpg,违章02,105.13,3122,841,42,1001,202,prior_roi,off,1
违章02/违章02_t105.1_491_off.jpg,违章02,105.13,3122,841,42,1001,202,impostor,off,0
违章02/违章02_t105.4_492_stand.jpg,违章02,105.37,3129,841,42,1001,202,prior_roi,off,1
违章02/违章02_t105.4_493_off.jpg,违章02,105.37,3129,841,42,1001,202,impostor,off,0
违章02/违章02_t105.6_494_stand.jpg,违章02,105.6,3136,841,42,1001,202,prior_roi,off,1
违章02/违章02_t105.8_495_stand.jpg,违章02,105.84,3143,841,42,1001,202,prior_roi,off,1
违章02/违章02_t105.8_496_off.jpg,违章02,105.84,3143,841,42,1001,202,impostor,off,0
违章02/违章02_t106.1_497_stand.jpg,违章02,106.08,3150,841,42,1001,202,prior_roi,off,1
违章02/违章02_t106.3_498_stand.jpg,违章02,106.31,3157,841,42,1001,202,prior_roi,off,1
违章02/违章02_t106.5_499_stand.jpg,违章02,106.55,3164,841,42,1001,202,prior_roi,off,1
违章02/违章02_t106.5_500_off.jpg,违章02,106.55,3164,841,42,1001,202,impostor,off,0
违章02/违章02_t106.8_501_stand.jpg,违章02,106.78,3171,841,42,1001,202,prior_roi,off,1
违章02/违章02_t106.8_502_off.jpg,违章02,106.78,3171,841,42,1001,202,impostor,off,0
违章02/违章02_t107.0_503_stand.jpg,违章02,107.02,3178,841,42,1001,202,prior_roi,off,1
违章02/违章02_t107.0_504_off.jpg,违章02,107.02,3178,841,42,1001,202,impostor,off,0
违章02/违章02_t107.2_505_stand.jpg,违章02,107.25,3185,841,42,1001,202,prior_roi,off,1
违章02/违章02_t107.5_506_stand.jpg,违章02,107.49,3192,841,42,1001,202,prior_roi,off,1
违章02/违章02_t107.7_507_stand.jpg,违章02,107.73,3199,841,42,1001,202,prior_roi,off,1
违章02/违章02_t108.0_508_stand.jpg,违章02,107.96,3206,841,42,1001,202,prior_roi,off,1
违章02/违章02_t108.2_509_stand.jpg,违章02,108.2,3213,841,42,1001,202,prior_roi,off,1
违章02/违章02_t108.4_510_stand.jpg,违章02,108.43,3220,841,42,1001,202,prior_roi,off,1
违章02/违章02_t108.7_511_stand.jpg,违章02,108.67,3227,841,42,1001,202,prior_roi,off,1
违章02/违章02_t108.7_512_off.jpg,违章02,108.67,3227,841,42,1001,202,impostor,off,0
违章02/违章02_t108.9_513_stand.jpg,违章02,108.9,3234,841,42,1001,202,prior_roi,off,1
违章02/违章02_t108.9_514_off.jpg,违章02,108.9,3234,841,42,1001,202,impostor,off,0
违章02/违章02_t109.1_515_stand.jpg,违章02,109.14,3241,841,42,1001,202,prior_roi,off,1
违章02/违章02_t109.4_516_stand.jpg,违章02,109.38,3248,841,42,1001,202,prior_roi,off,1
违章02/违章02_t109.4_517_off.jpg,违章02,109.38,3248,841,42,1001,202,impostor,off,0
违章02/违章02_t109.6_518_stand.jpg,违章02,109.61,3255,841,42,1001,202,prior_roi,off,1
违章02/违章02_t109.6_519_off.jpg,违章02,109.61,3255,841,42,1001,202,impostor,off,0
违章02/违章02_t109.8_520_stand.jpg,违章02,109.85,3262,841,42,1001,202,prior_roi,off,1
违章02/违章02_t109.8_521_off.jpg,违章02,109.85,3262,841,42,1001,202,impostor,off,0
违章02/违章02_t110.1_522_stand.jpg,违章02,110.08,3269,841,42,1001,202,prior_roi,off,1
违章02/违章02_t110.1_523_off.jpg,违章02,110.08,3269,841,42,1001,202,impostor,off,0
违章02/违章02_t110.3_524_stand.jpg,违章02,110.32,3276,841,42,1001,202,prior_roi,off,1
违章02/违章02_t110.3_525_off.jpg,违章02,110.32,3276,841,42,1001,202,impostor,off,0
违章02/违章02_t13.2_526_off.jpg,违章02,13.2,392,205,80,236,101,impostor_outside,off,0
违章02/违章02_t20.3_527_off.jpg,违章02,20.27,602,207,54,235,74,impostor_outside,off,0
违章02/违章02_t20.7_528_off.jpg,违章02,20.74,616,208,55,236,77,impostor_outside,off,0
违章02/违章02_t109.6_529_off.jpg,违章02,109.61,3255,725,106,761,155,impostor_outside,off,0
违章02/违章02_t19.6_530_off.jpg,违章02,19.57,581,249,52,271,76,impostor_outside,off,0
违章02/违章02_t98.5_531_off.jpg,违章02,98.53,2926,1232,0,1280,66,impostor_outside,off,0
违章02/违章02_t89.1_532_off.jpg,违章02,89.1,2646,1233,0,1275,37,impostor_outside,off,0
违章02/违章02_t108.0_533_off.jpg,违章02,107.96,3206,285,62,317,125,impostor_outside,off,0
违章02/违章02_t91.7_534_off.jpg,违章02,91.7,2723,1234,0,1275,42,impostor_outside,off,0
违章02/违章02_t13.7_535_off.jpg,违章02,13.67,406,225,79,251,100,impostor_outside,off,0
违章02/违章02_t1.4_536_off.jpg,违章02,1.41,42,5,125,17,148,impostor_outside,off,0
违章02/违章02_t12.7_537_off.jpg,违章02,12.73,378,220,80,245,106,impostor_outside,off,0
违章02/违章02_t105.1_538_off.jpg,违章02,105.13,3122,1097,135,1122,169,impostor_outside,off,0
违章02/违章02_t6.6_539_off.jpg,违章02,6.6,196,0,151,16,170,impostor_outside,off,0
违章02/违章02_t93.1_540_off.jpg,违章02,93.11,2765,1228,0,1272,48,impostor_outside,off,0
违章02/违章02_t12.3_541_off.jpg,违章02,12.26,364,151,82,182,104,impostor_outside,off,0
违章02/违章02_t20.0_542_off.jpg,违章02,20.04,595,256,80,267,88,impostor_outside,off,0
违章02/违章02_t2.8_543_off.jpg,违章02,2.83,84,0,145,22,169,impostor_outside,off,0
违章02/违章02_t96.7_544_off.jpg,违章02,96.65,2870,1236,0,1280,61,impostor_outside,off,0
违章02/违章02_t17.2_545_off.jpg,违章02,17.21,511,196,82,206,93,impostor_outside,off,0
违章02/违章02_t14.1_546_off.jpg,违章02,14.14,420,237,77,247,94,impostor_outside,off,0
违章02/违章02_t91.0_547_off.jpg,违章02,90.99,2702,1236,0,1277,40,impostor_outside,off,0
违章02/违章02_t101.8_548_off.jpg,违章02,101.83,3024,1223,0,1271,57,impostor_outside,off,0
违章02/违章02_t13.7_549_off.jpg,违章02,13.67,406,267,76,289,100,impostor_outside,off,0
违章02/违章02_t9.4_550_off.jpg,违章02,9.43,280,722,5,730,17,impostor_outside,stand,1
违章02/违章02_t11.8_551_off.jpg,违章02,11.79,350,82,272,131,321,impostor_outside,off,0
违章02/违章02_t99.0_552_off.jpg,违章02,99.0,2940,144,180,190,221,impostor_outside,off,0
违章02/违章02_t103.5_553_off.jpg,违章02,103.48,3073,1195,0,1241,59,impostor_outside,off,0
违章02/违章02_t87.0_554_off.jpg,违章02,86.98,2583,1242,0,1280,35,impostor_outside,off,0
违章02/违章02_t92.2_555_off.jpg,违章02,92.17,2737,1233,0,1275,44,impostor_outside,off,0
违章02/违章02_t17.7_556_off.jpg,违章02,17.68,525,254,71,273,95,impostor_outside,off,0
违章02/违章02_t19.1_557_off.jpg,违章02,19.09,567,205,61,223,78,impostor_outside,off,0
违章02/违章02_t18.4_558_off.jpg,违章02,18.39,546,249,62,269,85,impostor_outside,off,0
违章02/违章02_t3.3_559_off.jpg,违章02,3.3,98,0,143,22,170,impostor_outside,off,0
违章02/违章02_t91.5_560_off.jpg,违章02,91.46,2716,1235,0,1276,41,impostor_outside,off,0
违章02/违章02_t18.1_561_off.jpg,违章02,18.15,539,251,66,271,89,impostor_outside,off,0
违章02/违章02_t17.4_562_off.jpg,违章02,17.44,518,254,74,278,98,impostor_outside,off,0
违章02/违章02_t102.8_563_off.jpg,违章02,102.78,3052,1208,0,1254,57,impostor_outside,off,0
违章02/违章02_t101.6_564_off.jpg,违章02,101.6,3017,1225,0,1273,58,impostor_outside,off,0
违章02/违章02_t19.3_565_off.jpg,违章02,19.33,574,206,60,223,76,impostor_outside,off,0
违章02/违章02_t20.3_566_off.jpg,违章02,20.27,602,250,50,272,75,impostor_outside,off,0
违章02/违章02_t91.9_567_off.jpg,违章02,91.93,2730,1235,0,1276,44,impostor_outside,off,0
违章02/违章02_t109.1_568_off.jpg,违章02,109.14,3241,553,104,582,155,impostor_outside,off,0
违章02/违章02_t2.6_569_off.jpg,违章02,2.59,77,0,146,28,167,impostor_outside,off,0
违章02/违章02_t99.7_570_off.jpg,违章02,99.71,2961,1228,0,1277,66,impostor_outside,off,0
违章02/违章02_t110.3_571_off.jpg,违章02,110.32,3276,1247,217,1266,225,impostor_outside,off,0
违章02/违章02_t105.4_572_off.jpg,违章02,105.37,3129,1033,18,1074,88,impostor_outside,off,0
违章02/违章02_t20.7_573_off.jpg,违章02,20.74,616,247,53,273,78,impostor_outside,off,0
违章02/违章02_t94.8_574_off.jpg,违章02,94.76,2814,1229,0,1277,54,impostor_outside,off,0
违章02/违章02_t5.7_575_off.jpg,违章02,5.66,168,0,156,21,175,impostor_outside,off,0
违章02/违章02_t90.0_576_off.jpg,违章02,90.05,2674,1235,0,1276,41,impostor_outside,off,0
违章02/违章02_t4.0_577_off.jpg,违章02,4.01,119,0,146,31,175,impostor_outside,off,0
违章02/违章02_t110.3_578_off.jpg,违章02,110.32,3276,302,152,313,177,impostor_outside,off,0
违章02/违章02_t13.4_579_off.jpg,违章02,13.44,399,253,77,280,103,impostor_outside,off,0
违章02/违章02_t14.4_580_off.jpg,违章02,14.38,427,239,74,248,91,impostor_outside,off,0
违章02/违章02_t98.8_581_off.jpg,违章02,98.77,2933,1231,0,1280,65,impostor_outside,off,0
违章02/违章02_t17.0_582_off.jpg,违章02,16.97,504,194,80,209,94,impostor_outside,off,0
违章02/违章02_t17.9_583_off.jpg,违章02,17.92,532,254,68,272,92,impostor_outside,off,0
违章02/违章02_t90.8_584_off.jpg,违章02,90.75,2695,1235,0,1277,40,impostor_outside,off,0
违章02/违章02_t18.4_585_off.jpg,违章02,18.39,546,205,68,222,85,impostor_outside,off,0
违章02/违章02_t16.0_586_off.jpg,违章02,16.03,476,268,74,292,100,impostor_outside,off,0
违章02/违章02_t85.8_587_off.jpg,违章02,85.8,2548,1246,0,1280,36,impostor_outside,off,0
违章02/违章02_t20.5_588_off.jpg,违章02,20.51,609,180,65,190,78,impostor_outside,off,0
违章02/违章02_t16.0_589_off.jpg,违章02,16.03,476,227,78,257,97,impostor_outside,off,0
违章02/违章02_t105.4_590_off.jpg,违章02,105.37,3129,305,29,320,49,impostor_outside,stand,1
违章02/违章02_t93.6_591_off.jpg,违章02,93.58,2779,1226,0,1270,49,impostor_outside,off,0
违章02/违章02_t109.4_592_off.jpg,违章02,109.38,3248,639,110,672,158,impostor_outside,off,0
违章02/违章02_t89.3_593_off.jpg,违章02,89.34,2653,1233,0,1275,38,impostor_outside,off,0
违章02/违章02_t20.5_594_off.jpg,违章02,20.51,609,208,54,236,75,impostor_outside,off,0
违章02/违章02_t7.1_595_off.jpg,违章02,7.07,210,27,137,56,166,impostor_outside,off,0
违章02/违章02_t11.6_596_off.jpg,违章02,11.55,343,95,83,115,103,impostor_outside,off,0
违章02/违章02_t11.1_597_off.jpg,违章02,11.08,329,17,83,32,105,impostor_outside,off,0
违章02/违章02_t15.8_598_off.jpg,违章02,15.79,469,230,77,257,95,impostor_outside,off,0
违章02/违章02_t94.5_599_off.jpg,违章02,94.53,2807,1230,0,1274,54,impostor_outside,off,0
违章02/违章02_t5.2_600_off.jpg,违章02,5.19,154,34,150,63,172,impostor_outside,off,0
违章02/违章02_t15.6_601_off.jpg,违章02,15.56,462,271,73,297,95,impostor_outside,off,0
违章02/违章02_t107.2_602_off.jpg,违章02,107.25,3185,278,32,314,96,impostor_outside,off,0
违章02/违章02_t14.6_603_off.jpg,违章02,14.61,434,272,68,299,91,impostor_outside,off,0
违章02/违章02_t15.8_604_off.jpg,违章02,15.79,469,272,72,294,99,impostor_outside,off,0
违章02/违章02_t92.9_605_off.jpg,违章02,92.88,2758,1228,0,1273,46,impostor_outside,off,0
违章02/违章02_t86.3_606_off.jpg,违章02,86.28,2562,1243,0,1280,36,impostor_outside,off,0
违章02/违章02_t87.5_607_off.jpg,违章02,87.45,2597,1242,0,1280,33,impostor_outside,off,0
违章02/违章02_t13.9_608_off.jpg,违章02,13.91,413,274,74,295,97,impostor_outside,off,0
违章02/违章02_t18.9_609_off.jpg,违章02,18.86,560,181,68,195,77,impostor_outside,off,0
违章02/违章02_t13.4_610_off.jpg,违章02,13.44,399,195,82,207,96,impostor_outside,off,0
违章02/违章02_t6.8_611_off.jpg,违章02,6.84,203,32,140,60,167,impostor_outside,off,0
违章02/违章02_t13.2_612_off.jpg,违章02,13.2,392,245,78,274,100,impostor_outside,off,0
违章02/违章02_t3.5_613_off.jpg,违章02,3.54,105,0,145,20,170,impostor_outside,off,0
违章02/违章02_t17.0_614_off.jpg,违章02,16.97,504,218,78,247,97,impostor_outside,off,0
违章02/违章02_t2.1_615_off.jpg,违章02,2.12,63,3,143,31,166,impostor_outside,off,0
违章02/违章02_t86.8_616_off.jpg,违章02,86.75,2576,1243,0,1280,36,impostor_outside,off,0
违章02/违章02_t93.8_617_off.jpg,违章02,93.82,2786,136,171,183,212,impostor_outside,off,0
违章02/违章02_t11.6_618_off.jpg,违章02,11.55,343,39,297,96,325,impostor_outside,off,0
违章02/违章02_t94.0_619_off.jpg,违章02,94.05,2793,470,19,483,32,impostor_outside,stand,1
违章02/违章02_t14.4_620_off.jpg,违章02,14.38,427,276,68,297,91,impostor_outside,off,0
违章02/违章02_t93.8_621_off.jpg,违章02,93.82,2786,1225,0,1269,50,impostor_outside,off,0
违章02/违章02_t94.3_622_off.jpg,违章02,94.29,2800,1229,0,1271,53,impostor_outside,off,0
违章02/违章02_t100.4_623_off.jpg,违章02,100.42,2982,1227,0,1272,61,impostor_outside,off,0
违章02/违章02_t20.3_624_off.jpg,违章02,20.27,602,257,80,267,89,impostor_outside,off,0
违章02/违章02_t104.2_625_off.jpg,违章02,104.19,3094,429,26,438,37,impostor_outside,stand,1
违章02/违章02_t110.1_626_off.jpg,违章02,110.08,3269,1156,216,1171,228,impostor_outside,off,0
违章02/违章02_t16.5_627_off.jpg,违章02,16.5,490,221,78,251,98,impostor_outside,off,0
违章02/违章02_t106.3_628_off.jpg,违章02,106.31,3157,1073,208,1102,241,impostor_outside,off,0
违章02/违章02_t18.1_629_off.jpg,违章02,18.15,539,207,70,226,88,impostor_outside,off,0
违章02/违章02_t100.2_630_off.jpg,违章02,100.18,2975,1226,0,1274,63,impostor_outside,off,0
违章02/违章02_t12.7_631_off.jpg,违章02,12.73,378,181,81,211,101,impostor_outside,off,0
违章02/违章02_t93.6_632_off.jpg,违章02,93.58,2779,470,18,478,31,impostor_outside,stand,1
违章02/违章02_t104.9_633_off.jpg,违章02,104.9,3115,1148,0,1194,68,impostor_outside,off,0
违章02/违章02_t98.8_634_off.jpg,违章02,98.77,2933,144,180,190,221,impostor_outside,off,0
违章02/违章02_t16.7_635_off.jpg,违章02,16.74,497,221,79,249,97,impostor_outside,off,0
违章02/违章02_t17.4_636_off.jpg,违章02,17.44,518,214,79,242,96,impostor_outside,off,0
违章02/违章02_t4.2_637_off.jpg,违章02,4.24,126,17,149,43,178,impostor_outside,off,0
违章02/违章02_t6.1_638_off.jpg,违章02,6.13,182,0,154,18,173,impostor_outside,off,0
违章02/违章02_t87.9_639_off.jpg,违章02,87.93,2611,1238,0,1278,34,impostor_outside,off,0
违章02/违章02_t13.9_640_off.jpg,违章02,13.91,413,236,80,247,98,impostor_outside,off,0
违章02/违章02_t5.4_641_off.jpg,违章02,5.42,161,36,151,64,172,impostor_outside,off,0
违章02/违章02_t95.7_642_off.jpg,违章02,95.7,2842,1236,0,1280,58,impostor_outside,off,0
违章02/违章02_t8.0_643_off.jpg,违章02,8.01,238,17,122,39,144,impostor_outside,off,0
违章02/违章02_t19.8_644_off.jpg,违章02,19.8,588,252,80,267,89,impostor_outside,off,0
违章02/违章02_t16.7_645_off.jpg,违章02,16.74,497,262,76,283,100,impostor_outside,off,0
违章02/违章02_t4.5_646_off.jpg,违章02,4.48,133,0,160,10,172,impostor_outside,off,0
违章02/违章02_t106.3_647_off.jpg,违章02,106.31,3157,617,37,650,101,impostor_outside,off,0
违章02/违章02_t102.3_648_off.jpg,违章02,102.3,3038,1214,0,1261,57,impostor_outside,off,0
违章02/违章02_t20.3_649_off.jpg,违章02,20.27,602,183,57,199,77,impostor_outside,off,0
违章02/违章02_t88.2_650_off.jpg,违章02,88.16,2618,1237,0,1278,36,impostor_outside,off,0
违章02/违章02_t90.3_651_off.jpg,违章02,90.28,2681,1235,0,1276,41,impostor_outside,off,0
违章02/违章02_t14.8_652_off.jpg,违章02,14.85,441,273,71,299,93,impostor_outside,off,0
违章02/违章02_t10.6_653_off.jpg,违章02,10.61,315,19,68,48,96,impostor_outside,off,0
违章02/违章02_t10.8_654_off.jpg,违章02,10.84,322,54,73,82,98,impostor_outside,off,0
违章02/违章02_t92.4_655_off.jpg,违章02,92.4,2744,1233,0,1274,45,impostor_outside,off,0
违章02/违章02_t97.1_656_off.jpg,违章02,97.12,2884,1234,0,1280,62,impostor_outside,off,0
违章02/违章02_t11.1_657_off.jpg,违章02,11.08,329,43,80,65,100,impostor_outside,off,0
违章02/违章02_t20.0_658_off.jpg,违章02,20.04,595,249,49,272,75,impostor_outside,off,0
违章02/违章02_t86.0_659_off.jpg,违章02,86.04,2555,155,179,201,220,impostor_outside,off,0
违章02/违章02_t99.2_660_off.jpg,违章02,99.24,2947,1229,0,1280,66,impostor_outside,off,0
违章02/违章02_t96.4_661_off.jpg,违章02,96.41,2863,1236,0,1280,60,impostor_outside,off,0
违章02/违章02_t96.9_662_off.jpg,违章02,96.88,2877,1233,0,1280,61,impostor_outside,off,0
违章02/违章02_t19.1_663_off.jpg,违章02,19.09,567,248,59,270,82,impostor_outside,off,0
违章02/违章02_t89.6_664_off.jpg,违章02,89.58,2660,1233,0,1275,39,impostor_outside,off,0
违章02/违章02_t11.6_665_off.jpg,违章02,11.55,343,141,76,166,103,impostor_outside,off,0
违章02/违章02_t85.3_666_off.jpg,违章02,85.33,2534,1252,0,1280,36,impostor_outside,off,0
违章02/违章02_t88.9_667_off.jpg,违章02,88.87,2639,1233,0,1276,37,impostor_outside,off,0
违章02/违章02_t6.4_668_off.jpg,违章02,6.36,189,0,154,11,172,impostor_outside,off,0
违章02/违章02_t98.1_669_off.jpg,违章02,98.06,2912,1233,0,1280,66,impostor_outside,off,0
违章02/违章02_t104.7_670_off.jpg,违章02,104.66,3108,1159,0,1205,66,impostor_outside,off,0
违章02/违章02_t11.3_671_off.jpg,违章02,11.31,336,41,84,55,104,impostor_outside,off,0
违章02/违章02_t12.5_672_off.jpg,违章02,12.49,371,209,80,231,106,impostor_outside,off,0
违章02/违章02_t107.0_673_off.jpg,违章02,107.02,3178,342,29,368,93,impostor_outside,off,0
违章02/违章02_t12.3_674_off.jpg,违章02,12.26,364,113,310,156,376,impostor_outside,off,0
违章02/违章02_t87.2_675_off.jpg,违章02,87.22,2590,1242,0,1280,34,impostor_outside,off,0
违章02/违章02_t91.2_676_off.jpg,违章02,91.23,2709,1235,0,1277,40,impostor_outside,off,0
违章02/违章02_t85.6_677_off.jpg,违章02,85.57,2541,1249,0,1280,36,impostor_outside,off,0
违章02/违章02_t104.4_678_off.jpg,违章02,104.43,3101,1165,0,1211,66,impostor_outside,off,0
违章02/违章02_t101.4_679_off.jpg,违章02,101.36,3010,1227,0,1272,58,impostor_outside,off,0
违章02/违章02_t98.8_680_off.jpg,违章02,98.77,2933,478,30,490,42,impostor_outside,stand,1
违章02/违章02_t110.1_681_off.jpg,违章02,110.08,3269,580,185,607,219,impostor_outside,off,0
违章02/违章02_t96.2_682_off.jpg,违章02,96.18,2856,1237,0,1280,59,impostor_outside,off,0
违章02/违章02_t11.3_683_off.jpg,违章02,11.31,336,74,199,97,207,impostor_outside,off,0
违章02/违章02_t107.7_684_off.jpg,违章02,107.73,3199,271,56,306,114,impostor_outside,off,0
违章02/违章02_t101.1_685_off.jpg,违章02,101.13,3003,1226,0,1273,59,impostor_outside,off,0
违章02/违章02_t104.0_686_off.jpg,违章02,103.95,3087,1183,0,1228,62,impostor_outside,off,0
违章02/违章02_t101.6_687_off.jpg,违章02,101.6,3017,137,171,184,213,impostor_outside,off,0
违章03/违章03_t0.0_0_stand.jpg,违章03,0.0,0,688,280,848,440,prior_roi,off,1
违章03/违章03_t0.2_1_stand.jpg,违章03,0.24,7,688,280,848,440,prior_roi,off,1
违章03/违章03_t0.2_2_off.jpg,违章03,0.24,7,688,280,848,440,impostor,off,0
违章03/违章03_t0.5_3_stand.jpg,违章03,0.47,14,688,280,848,440,prior_roi,off,1
违章03/违章03_t0.5_4_off.jpg,违章03,0.47,14,688,280,848,440,impostor,off,0
违章03/违章03_t0.7_5_stand.jpg,违章03,0.71,21,688,280,848,440,prior_roi,off,1
违章03/违章03_t0.7_6_off.jpg,违章03,0.71,21,688,280,848,440,impostor,off,0
违章03/违章03_t0.9_7_stand.jpg,违章03,0.94,28,688,280,848,440,prior_roi,off,1
违章03/违章03_t0.9_8_off.jpg,违章03,0.94,28,688,280,848,440,impostor,off,0
违章03/违章03_t1.2_9_stand.jpg,违章03,1.18,35,688,280,848,440,prior_roi,off,1
违章03/违章03_t1.2_10_off.jpg,违章03,1.18,35,688,280,848,440,impostor,off,0
违章03/违章03_t1.4_11_stand.jpg,违章03,1.41,42,688,280,848,440,prior_roi,off,1
违章03/违章03_t1.4_12_off.jpg,违章03,1.41,42,688,280,848,440,impostor,off,0
违章03/违章03_t1.6_13_stand.jpg,违章03,1.65,49,688,280,848,440,prior_roi,off,1
违章03/违章03_t1.6_14_off.jpg,违章03,1.65,49,688,280,848,440,impostor,off,0
违章03/违章03_t1.9_15_stand.jpg,违章03,1.89,56,688,280,848,440,prior_roi,off,1
违章03/违章03_t1.9_16_off.jpg,违章03,1.89,56,688,280,848,440,impostor,off,0
违章03/违章03_t2.1_17_stand.jpg,违章03,2.12,63,688,280,848,440,prior_roi,off,1
违章03/违章03_t2.4_18_stand.jpg,违章03,2.36,70,688,280,848,440,prior_roi,off,1
违章03/违章03_t2.4_19_off.jpg,违章03,2.36,70,688,280,848,440,impostor,off,0
违章03/违章03_t2.4_20_off.jpg,违章03,2.36,70,911,0,1071,154,prior_off,off,0
违章03/违章03_t2.6_21_stand.jpg,违章03,2.59,77,688,280,848,440,prior_roi,off,1
违章03/违章03_t2.8_22_stand.jpg,违章03,2.83,84,688,280,848,440,prior_roi,off,1
违章03/违章03_t3.1_23_stand.jpg,违章03,3.06,91,688,280,848,440,prior_roi,off,1
违章03/违章03_t3.3_24_stand.jpg,违章03,3.3,98,688,280,848,440,prior_roi,off,1
违章03/违章03_t3.5_25_stand.jpg,违章03,3.54,105,688,280,848,440,prior_roi,off,1
违章03/违章03_t3.8_26_stand.jpg,违章03,3.77,112,688,280,848,440,prior_roi,off,1
违章03/违章03_t3.8_27_off.jpg,违章03,3.77,112,688,280,848,440,impostor,off,0
违章03/违章03_t4.0_28_stand.jpg,违章03,4.01,119,688,280,848,440,prior_roi,off,1
违章03/违章03_t4.0_29_off.jpg,违章03,4.01,119,688,280,848,440,impostor,off,0
违章03/违章03_t4.2_30_stand.jpg,违章03,4.24,126,688,280,848,440,prior_roi,off,1
违章03/违章03_t4.2_31_off.jpg,违章03,4.24,126,688,280,848,440,impostor,off,0
违章03/违章03_t4.5_32_stand.jpg,违章03,4.48,133,688,280,848,440,prior_roi,off,1
违章03/违章03_t4.5_33_off.jpg,违章03,4.48,133,688,280,848,440,impostor,off,0
违章03/违章03_t4.7_34_stand.jpg,违章03,4.71,140,688,280,848,440,prior_roi,off,1
违章03/违章03_t4.7_35_off.jpg,违章03,4.71,140,688,280,848,440,impostor,off,0
违章03/违章03_t5.0_36_stand.jpg,违章03,4.95,147,688,280,848,440,prior_roi,off,1
违章03/违章03_t5.0_37_off.jpg,违章03,4.95,147,688,280,848,440,impostor,off,0
违章03/违章03_t5.2_38_stand.jpg,违章03,5.19,154,688,280,848,440,prior_roi,off,1
违章03/违章03_t5.2_39_off.jpg,违章03,5.19,154,688,280,848,440,impostor,off,0
违章03/违章03_t5.4_40_stand.jpg,违章03,5.42,161,688,280,848,440,prior_roi,off,1
违章03/违章03_t5.4_41_off.jpg,违章03,5.42,161,688,280,848,440,impostor,off,0
违章03/违章03_t5.7_42_stand.jpg,违章03,5.66,168,688,280,848,440,prior_roi,off,1
违章03/违章03_t5.7_43_off.jpg,违章03,5.66,168,688,280,848,440,impostor,off,0
违章03/违章03_t5.7_44_off.jpg,违章03,5.66,168,746,423,906,583,prior_off,off,0
违章03/违章03_t5.9_45_stand.jpg,违章03,5.89,175,688,280,848,440,prior_roi,off,1
违章03/违章03_t5.9_46_off.jpg,违章03,5.89,175,688,280,848,440,impostor,off,0
违章03/违章03_t6.1_47_stand.jpg,违章03,6.13,182,688,280,848,440,prior_roi,off,1
违章03/违章03_t6.1_48_off.jpg,违章03,6.13,182,688,280,848,440,impostor,off,0
违章03/违章03_t6.4_49_stand.jpg,违章03,6.36,189,688,280,848,440,prior_roi,off,1
违章03/违章03_t6.4_50_off.jpg,违章03,6.36,189,688,280,848,440,impostor,off,0
违章03/违章03_t6.6_51_stand.jpg,违章03,6.6,196,688,280,848,440,prior_roi,off,1
违章03/违章03_t6.8_52_stand.jpg,违章03,6.84,203,688,280,848,440,prior_roi,off,1
违章03/违章03_t7.1_53_stand.jpg,违章03,7.07,210,688,280,848,440,prior_roi,off,1
违章03/违章03_t7.3_54_stand.jpg,违章03,7.31,217,688,280,848,440,prior_roi,off,1
违章03/违章03_t7.5_55_stand.jpg,违章03,7.54,224,688,280,848,440,prior_roi,off,1
违章03/违章03_t7.8_56_stand.jpg,违章03,7.78,231,688,280,848,440,prior_roi,off,1
违章03/违章03_t8.0_57_stand.jpg,违章03,8.01,238,688,280,848,440,prior_roi,off,1
违章03/违章03_t8.0_58_off.jpg,违章03,8.01,238,688,280,848,440,impostor,off,0
违章03/违章03_t8.2_59_stand.jpg,违章03,8.25,245,688,280,848,440,prior_roi,off,1
违章03/违章03_t8.2_60_off.jpg,违章03,8.25,245,688,280,848,440,impostor,off,0
违章03/违章03_t8.5_61_stand.jpg,违章03,8.49,252,688,280,848,440,prior_roi,off,1
违章03/违章03_t8.5_62_off.jpg,违章03,8.49,252,688,280,848,440,impostor,off,0
违章03/违章03_t8.7_63_stand.jpg,违章03,8.72,259,688,280,848,440,prior_roi,off,1
违章03/违章03_t8.7_64_off.jpg,违章03,8.72,259,688,280,848,440,impostor,off,0
违章03/违章03_t9.0_65_stand.jpg,违章03,8.96,266,688,280,848,440,prior_roi,off,1
违章03/违章03_t9.0_66_off.jpg,违章03,8.96,266,688,280,848,440,impostor,off,0
违章03/违章03_t9.2_67_stand.jpg,违章03,9.19,273,688,280,848,440,prior_roi,off,1
违章03/违章03_t9.2_68_off.jpg,违章03,9.19,273,688,280,848,440,impostor,off,0
违章03/违章03_t9.4_69_stand.jpg,违章03,9.43,280,688,280,848,440,prior_roi,off,1
违章03/违章03_t9.4_70_off.jpg,违章03,9.43,280,688,280,848,440,impostor,off,0
违章03/违章03_t9.7_71_stand.jpg,违章03,9.66,287,688,280,848,440,prior_roi,off,1
违章03/违章03_t9.7_72_off.jpg,违章03,9.66,287,688,280,848,440,impostor,off,0
违章03/违章03_t9.9_73_stand.jpg,违章03,9.9,294,688,280,848,440,prior_roi,off,1
违章03/违章03_t9.9_74_off.jpg,违章03,9.9,294,688,280,848,440,impostor,off,0
违章03/违章03_t10.1_75_stand.jpg,违章03,10.14,301,688,280,848,440,prior_roi,off,1
违章03/违章03_t10.1_76_off.jpg,违章03,10.14,301,688,280,848,440,impostor,off,0
违章03/违章03_t10.4_77_stand.jpg,违章03,10.37,308,688,280,848,440,prior_roi,off,1
违章03/违章03_t10.6_78_stand.jpg,违章03,10.61,315,688,280,848,440,prior_roi,off,1
违章03/违章03_t10.8_79_stand.jpg,违章03,10.84,322,688,280,848,440,prior_roi,off,1
违章03/违章03_t10.8_80_off.jpg,违章03,10.84,322,0,210,107,370,prior_off,off,0
违章03/违章03_t11.1_81_stand.jpg,违章03,11.08,329,688,280,848,440,prior_roi,off,1
违章03/违章03_t11.3_82_stand.jpg,违章03,11.31,336,688,280,848,440,prior_roi,off,1
违章03/违章03_t11.3_83_off.jpg,违章03,11.31,336,688,280,848,440,impostor,off,0
违章03/违章03_t11.6_84_stand.jpg,违章03,11.55,343,688,280,848,440,prior_roi,off,1
违章03/违章03_t11.6_85_off.jpg,违章03,11.55,343,688,280,848,440,impostor,off,0
违章03/违章03_t11.8_86_stand.jpg,违章03,11.79,350,688,280,848,440,prior_roi,off,1
违章03/违章03_t11.8_87_off.jpg,违章03,11.79,350,688,280,848,440,impostor,off,0
违章03/违章03_t12.0_88_stand.jpg,违章03,12.02,357,688,280,848,440,prior_roi,off,1
违章03/违章03_t12.0_89_off.jpg,违章03,12.02,357,688,280,848,440,impostor,off,0
违章03/违章03_t12.3_90_stand.jpg,违章03,12.26,364,688,280,848,440,prior_roi,off,1
违章03/违章03_t12.3_91_off.jpg,违章03,12.26,364,688,280,848,440,impostor,off,0
违章03/违章03_t12.5_92_stand.jpg,违章03,12.49,371,688,280,848,440,prior_roi,off,1
违章03/违章03_t12.5_93_off.jpg,违章03,12.49,371,688,280,848,440,impostor,off,0
违章03/违章03_t12.7_94_stand.jpg,违章03,12.73,378,688,280,848,440,prior_roi,off,1
违章03/违章03_t13.0_95_stand.jpg,违章03,12.96,385,688,280,848,440,prior_roi,off,1
违章03/违章03_t13.2_96_stand.jpg,违章03,13.2,392,688,280,848,440,prior_roi,off,1
违章03/违章03_t13.4_97_stand.jpg,违章03,13.44,399,688,280,848,440,prior_roi,off,1
违章03/违章03_t13.7_98_stand.jpg,违章03,13.67,406,688,280,848,440,prior_roi,off,1
违章03/违章03_t13.9_99_stand.jpg,违章03,13.91,413,688,280,848,440,prior_roi,off,1
违章03/违章03_t13.9_100_off.jpg,违章03,13.91,413,580,522,740,682,prior_off,off,0
违章03/违章03_t14.1_101_stand.jpg,违章03,14.14,420,688,280,848,440,prior_roi,off,1
违章03/违章03_t14.4_102_stand.jpg,违章03,14.38,427,688,280,848,440,prior_roi,off,1
违章03/违章03_t14.4_103_off.jpg,违章03,14.38,427,688,280,848,440,impostor,off,0
违章03/违章03_t14.6_104_stand.jpg,违章03,14.61,434,688,280,848,440,prior_roi,off,1
违章03/违章03_t14.8_105_stand.jpg,违章03,14.85,441,688,280,848,440,prior_roi,off,1
违章03/违章03_t15.1_106_stand.jpg,违章03,15.09,448,688,280,848,440,prior_roi,off,1
违章03/违章03_t15.1_107_off.jpg,违章03,15.09,448,688,280,848,440,impostor,off,0
违章03/违章03_t15.3_108_stand.jpg,违章03,15.32,455,688,280,848,440,prior_roi,off,1
违章03/违章03_t15.3_109_off.jpg,违章03,15.32,455,688,280,848,440,impostor,off,0
违章03/违章03_t15.6_110_stand.jpg,违章03,15.56,462,688,280,848,440,prior_roi,off,1
违章03/违章03_t15.6_111_off.jpg,违章03,15.56,462,688,280,848,440,impostor,off,0
违章03/违章03_t15.8_112_stand.jpg,违章03,15.79,469,688,280,848,440,prior_roi,off,1
违章03/违章03_t15.8_113_off.jpg,违章03,15.79,469,688,280,848,440,impostor,off,0
违章03/违章03_t16.0_114_stand.jpg,违章03,16.03,476,688,280,848,440,prior_roi,off,1
违章03/违章03_t16.0_115_off.jpg,违章03,16.03,476,688,280,848,440,impostor,off,0
违章03/违章03_t16.0_116_off.jpg,违章03,16.03,476,352,599,512,720,prior_off,off,0
违章03/违章03_t16.3_117_stand.jpg,违章03,16.26,483,688,280,848,440,prior_roi,off,1
违章03/违章03_t16.3_118_off.jpg,违章03,16.26,483,688,280,848,440,impostor,off,0
违章03/违章03_t16.5_119_stand.jpg,违章03,16.5,490,688,280,848,440,prior_roi,off,1
违章03/违章03_t16.7_120_stand.jpg,违章03,16.74,497,688,280,848,440,prior_roi,off,1
违章03/违章03_t17.0_121_stand.jpg,违章03,16.97,504,688,280,848,440,prior_roi,off,1
违章03/违章03_t17.2_122_stand.jpg,违章03,17.21,511,688,280,848,440,prior_roi,off,1
违章03/违章03_t17.4_123_stand.jpg,违章03,17.44,518,688,280,848,440,prior_roi,off,1
违章03/违章03_t17.7_124_stand.jpg,违章03,17.68,525,688,280,848,440,prior_roi,off,1
违章03/违章03_t17.9_125_stand.jpg,违章03,17.92,532,688,280,848,440,prior_roi,off,1
违章03/违章03_t18.1_126_stand.jpg,违章03,18.15,539,688,280,848,440,prior_roi,off,1
违章03/违章03_t18.1_127_off.jpg,违章03,18.15,539,1146,370,1280,530,prior_off,off,0
违章03/违章03_t18.4_128_stand.jpg,违章03,18.39,546,688,280,848,440,prior_roi,off,1
违章03/违章03_t18.6_129_stand.jpg,违章03,18.62,553,688,280,848,440,prior_roi,off,1
违章03/违章03_t18.9_130_stand.jpg,违章03,18.86,560,688,280,848,440,prior_roi,off,1
违章03/违章03_t19.1_131_stand.jpg,违章03,19.09,567,688,280,848,440,prior_roi,off,1
违章03/违章03_t19.3_132_stand.jpg,违章03,19.33,574,688,280,848,440,prior_roi,off,1
违章03/违章03_t19.6_133_stand.jpg,违章03,19.57,581,688,280,848,440,prior_roi,off,1
违章03/违章03_t19.8_134_stand.jpg,违章03,19.8,588,688,280,848,440,prior_roi,off,1
违章03/违章03_t20.0_135_stand.jpg,违章03,20.04,595,688,280,848,440,prior_roi,off,1
违章03/违章03_t20.3_136_stand.jpg,违章03,20.27,602,688,280,848,440,prior_roi,off,1
违章03/违章03_t20.5_137_stand.jpg,违章03,20.51,609,688,280,848,440,prior_roi,off,1
违章03/违章03_t20.7_138_stand.jpg,违章03,20.74,616,688,280,848,440,prior_roi,off,1
违章03/违章03_t21.0_139_stand.jpg,违章03,20.98,623,688,280,848,440,prior_roi,off,1
违章03/违章03_t21.0_140_off.jpg,违章03,20.98,623,688,280,848,440,impostor,off,0
违章03/违章03_t21.2_141_stand.jpg,违章03,21.22,630,688,280,848,440,prior_roi,off,1
违章03/违章03_t21.2_142_off.jpg,违章03,21.22,630,688,280,848,440,impostor,off,0
违章03/违章03_t21.4_143_stand.jpg,违章03,21.45,637,688,280,848,440,prior_roi,off,1
违章03/违章03_t21.4_144_off.jpg,违章03,21.45,637,688,280,848,440,impostor,off,0
违章03/违章03_t21.7_145_stand.jpg,违章03,21.69,644,688,280,848,440,prior_roi,off,1
违章03/违章03_t21.7_146_off.jpg,违章03,21.69,644,688,280,848,440,impostor,off,0
违章03/违章03_t21.9_147_stand.jpg,违章03,21.92,651,688,280,848,440,prior_roi,off,1
违章03/违章03_t22.2_148_stand.jpg,违章03,22.16,658,688,280,848,440,prior_roi,off,1
违章03/违章03_t22.4_149_stand.jpg,违章03,22.39,665,688,280,848,440,prior_roi,off,1
违章03/违章03_t22.6_150_stand.jpg,违章03,22.63,672,688,280,848,440,prior_roi,off,1
违章03/违章03_t22.6_151_off.jpg,违章03,22.63,672,333,0,493,82,prior_off,off,0
违章03/违章03_t22.9_152_stand.jpg,违章03,22.87,679,688,280,848,440,prior_roi,off,1
违章03/违章03_t22.9_153_off.jpg,违章03,22.87,679,1104,332,1264,492,prior_off,off,0
违章03/违章03_t23.1_154_stand.jpg,违章03,23.1,686,688,280,848,440,prior_roi,off,1
违章03/违章03_t23.3_155_stand.jpg,违章03,23.34,693,688,280,848,440,prior_roi,off,1
违章03/违章03_t23.6_156_stand.jpg,违章03,23.57,700,688,280,848,440,prior_roi,off,1
违章03/违章03_t23.8_157_stand.jpg,违章03,23.81,707,688,280,848,440,prior_roi,off,1
违章03/违章03_t24.0_158_stand.jpg,违章03,24.04,714,688,280,848,440,prior_roi,off,1
违章03/违章03_t24.3_159_stand.jpg,违章03,24.28,721,688,280,848,440,prior_roi,off,1
违章03/违章03_t24.5_160_stand.jpg,违章03,24.52,728,688,280,848,440,prior_roi,off,1
违章03/违章03_t24.8_161_stand.jpg,违章03,24.75,735,688,280,848,440,prior_roi,off,1
违章03/违章03_t25.0_162_stand.jpg,违章03,24.99,742,688,280,848,440,prior_roi,off,1
违章03/违章03_t25.2_163_stand.jpg,违章03,25.22,749,688,280,848,440,prior_roi,off,1
违章03/违章03_t25.5_164_stand.jpg,违章03,25.46,756,688,280,848,440,prior_roi,off,1
违章03/违章03_t25.7_165_stand.jpg,违章03,25.69,763,688,280,848,440,prior_roi,off,1
违章03/违章03_t25.9_166_stand.jpg,违章03,25.93,770,688,280,848,440,prior_roi,off,1
违章03/违章03_t26.2_167_stand.jpg,违章03,26.17,777,688,280,848,440,prior_roi,off,1
违章03/违章03_t26.4_168_stand.jpg,违章03,26.4,784,688,280,848,440,prior_roi,off,1
违章03/违章03_t26.6_169_stand.jpg,违章03,26.64,791,688,280,848,440,prior_roi,off,1
违章03/违章03_t26.9_170_stand.jpg,违章03,26.87,798,688,280,848,440,prior_roi,off,1
违章03/违章03_t27.1_171_stand.jpg,违章03,27.11,805,688,280,848,440,prior_roi,off,1
违章03/违章03_t27.3_172_stand.jpg,违章03,27.34,812,688,280,848,440,prior_roi,off,1
违章03/违章03_t27.6_173_stand.jpg,违章03,27.58,819,688,280,848,440,prior_roi,off,1
违章03/违章03_t27.8_174_stand.jpg,违章03,27.82,826,688,280,848,440,prior_roi,off,1
违章03/违章03_t28.1_175_stand.jpg,违章03,28.05,833,688,280,848,440,prior_roi,off,1
违章03/违章03_t28.1_176_off.jpg,违章03,28.05,833,688,280,848,440,impostor,off,0
违章03/违章03_t28.3_177_stand.jpg,违章03,28.29,840,688,280,848,440,prior_roi,off,1
违章03/违章03_t28.5_178_stand.jpg,违章03,28.52,847,688,280,848,440,prior_roi,off,1
违章03/违章03_t28.8_179_stand.jpg,违章03,28.76,854,688,280,848,440,prior_roi,off,1
违章03/违章03_t29.0_180_stand.jpg,违章03,28.99,861,688,280,848,440,prior_roi,off,1
违章03/违章03_t29.2_181_stand.jpg,违章03,29.23,868,688,280,848,440,prior_roi,off,1
违章03/违章03_t29.5_182_stand.jpg,违章03,29.47,875,688,280,848,440,prior_roi,off,1
违章03/违章03_t29.7_183_stand.jpg,违章03,29.7,882,688,280,848,440,prior_roi,off,1
违章03/违章03_t29.9_184_stand.jpg,违章03,29.94,889,688,280,848,440,prior_roi,off,1
违章03/违章03_t30.2_185_stand.jpg,违章03,30.17,896,688,280,848,440,prior_roi,off,1
违章03/违章03_t30.4_186_stand.jpg,违章03,30.41,903,688,280,848,440,prior_roi,off,1
违章03/违章03_t30.6_187_stand.jpg,违章03,30.64,910,688,280,848,440,prior_roi,off,1
违章03/违章03_t30.9_188_stand.jpg,违章03,30.88,917,688,280,848,440,prior_roi,off,1
违章03/违章03_t31.1_189_stand.jpg,违章03,31.12,924,688,280,848,440,prior_roi,off,1
违章03/违章03_t31.4_190_stand.jpg,违章03,31.35,931,688,280,848,440,prior_roi,off,1
违章03/违章03_t31.6_191_stand.jpg,违章03,31.59,938,688,280,848,440,prior_roi,off,1
违章03/违章03_t31.8_192_stand.jpg,违章03,31.82,945,688,280,848,440,prior_roi,off,1
违章03/违章03_t32.1_193_stand.jpg,违章03,32.06,952,688,280,848,440,prior_roi,off,1
违章03/违章03_t32.3_194_stand.jpg,违章03,32.29,959,688,280,848,440,prior_roi,off,1
违章03/违章03_t32.5_195_stand.jpg,违章03,32.53,966,688,280,848,440,prior_roi,off,1
违章03/违章03_t32.8_196_stand.jpg,违章03,32.77,973,688,280,848,440,prior_roi,off,1
违章03/违章03_t33.0_197_stand.jpg,违章03,33.0,980,688,280,848,440,prior_roi,off,1
违章03/违章03_t33.2_198_stand.jpg,违章03,33.24,987,688,280,848,440,prior_roi,off,1
违章03/违章03_t33.5_199_stand.jpg,违章03,33.47,994,688,280,848,440,prior_roi,off,1
违章03/违章03_t33.7_200_stand.jpg,违章03,33.71,1001,688,280,848,440,prior_roi,off,1
违章03/违章03_t33.9_201_stand.jpg,违章03,33.94,1008,688,280,848,440,prior_roi,off,1
违章03/违章03_t34.2_202_stand.jpg,违章03,34.18,1015,688,280,848,440,prior_roi,off,1
违章03/违章03_t34.4_203_stand.jpg,违章03,34.42,1022,688,280,848,440,prior_roi,off,1
违章03/违章03_t34.6_204_stand.jpg,违章03,34.65,1029,688,280,848,440,prior_roi,off,1
违章03/违章03_t34.9_205_stand.jpg,违章03,34.89,1036,688,280,848,440,prior_roi,off,1
违章03/违章03_t35.1_206_stand.jpg,违章03,35.12,1043,688,280,848,440,prior_roi,off,1
违章03/违章03_t35.4_207_stand.jpg,违章03,35.36,1050,688,280,848,440,prior_roi,off,1
违章03/违章03_t35.6_208_stand.jpg,违章03,35.59,1057,688,280,848,440,prior_roi,off,1
违章03/违章03_t35.8_209_stand.jpg,违章03,35.83,1064,688,280,848,440,prior_roi,off,1
违章03/违章03_t36.1_210_stand.jpg,违章03,36.07,1071,688,280,848,440,prior_roi,off,1
违章03/违章03_t36.3_211_stand.jpg,违章03,36.3,1078,688,280,848,440,prior_roi,off,1
违章03/违章03_t36.5_212_stand.jpg,违章03,36.54,1085,688,280,848,440,prior_roi,off,1
违章03/违章03_t36.5_213_off.jpg,违章03,36.54,1085,688,280,848,440,impostor,off,0
违章03/违章03_t36.8_214_stand.jpg,违章03,36.77,1092,688,280,848,440,prior_roi,off,1
违章03/违章03_t36.8_215_off.jpg,违章03,36.77,1092,688,280,848,440,impostor,off,0
违章03/违章03_t37.0_216_stand.jpg,违章03,37.01,1099,688,280,848,440,prior_roi,off,1
违章03/违章03_t37.0_217_off.jpg,违章03,37.01,1099,688,280,848,440,impostor,off,0
违章03/违章03_t37.2_218_stand.jpg,违章03,37.24,1106,688,280,848,440,prior_roi,off,1
违章03/违章03_t37.5_219_stand.jpg,违章03,37.48,1113,688,280,848,440,prior_roi,off,1
违章03/违章03_t37.7_220_stand.jpg,违章03,37.72,1120,688,280,848,440,prior_roi,off,1
违章03/违章03_t38.0_221_stand.jpg,违章03,37.95,1127,688,280,848,440,prior_roi,off,1
违章03/违章03_t38.2_222_stand.jpg,违章03,38.19,1134,688,280,848,440,prior_roi,off,1
违章03/违章03_t38.4_223_stand.jpg,违章03,38.42,1141,688,280,848,440,prior_roi,off,1
违章03/违章03_t38.4_224_off.jpg,违章03,38.42,1141,625,0,785,105,prior_off,off,0
违章03/违章03_t38.7_225_stand.jpg,违章03,38.66,1148,688,280,848,440,prior_roi,off,1
违章03/违章03_t38.9_226_stand.jpg,违章03,38.89,1155,688,280,848,440,prior_roi,off,1
违章03/违章03_t39.1_227_stand.jpg,违章03,39.13,1162,688,280,848,440,prior_roi,off,1
违章03/违章03_t39.4_228_stand.jpg,违章03,39.37,1169,688,280,848,440,prior_roi,off,1
违章03/违章03_t39.6_229_stand.jpg,违章03,39.6,1176,688,280,848,440,prior_roi,off,1
违章03/违章03_t39.8_230_stand.jpg,违章03,39.84,1183,688,280,848,440,prior_roi,off,1
违章03/违章03_t40.1_231_stand.jpg,违章03,40.07,1190,688,280,848,440,prior_roi,off,1
违章03/违章03_t40.3_232_stand.jpg,违章03,40.31,1197,688,280,848,440,prior_roi,off,1
违章03/违章03_t40.5_233_stand.jpg,违章03,40.54,1204,688,280,848,440,prior_roi,off,1
违章03/违章03_t40.8_234_stand.jpg,违章03,40.78,1211,688,280,848,440,prior_roi,off,1
违章03/违章03_t41.0_235_stand.jpg,违章03,41.02,1218,688,280,848,440,prior_roi,off,1
违章03/违章03_t41.2_236_stand.jpg,违章03,41.25,1225,688,280,848,440,prior_roi,off,1
违章03/违章03_t41.5_237_stand.jpg,违章03,41.49,1232,688,280,848,440,prior_roi,off,1
违章03/违章03_t41.7_238_stand.jpg,违章03,41.72,1239,688,280,848,440,prior_roi,off,1
违章03/违章03_t42.0_239_stand.jpg,违章03,41.96,1246,688,280,848,440,prior_roi,off,1
违章03/违章03_t42.2_240_stand.jpg,违章03,42.19,1253,688,280,848,440,prior_roi,off,1
违章03/违章03_t42.2_241_off.jpg,违章03,42.19,1253,93,274,253,434,prior_off,off,0
违章03/违章03_t42.4_242_stand.jpg,违章03,42.43,1260,688,280,848,440,prior_roi,off,1
违章03/违章03_t42.7_243_stand.jpg,违章03,42.67,1267,688,280,848,440,prior_roi,off,1
违章03/违章03_t42.9_244_stand.jpg,违章03,42.9,1274,688,280,848,440,prior_roi,off,1
违章03/违章03_t43.1_245_stand.jpg,违章03,43.14,1281,688,280,848,440,prior_roi,off,1
违章03/违章03_t43.1_246_off.jpg,违章03,43.14,1281,688,280,848,440,impostor,off,0
违章03/违章03_t43.4_247_stand.jpg,违章03,43.37,1288,688,280,848,440,prior_roi,off,1
违章03/违章03_t43.6_248_stand.jpg,违章03,43.61,1295,688,280,848,440,prior_roi,off,1
违章03/违章03_t43.8_249_stand.jpg,违章03,43.84,1302,688,280,848,440,prior_roi,off,1
违章03/违章03_t44.1_250_stand.jpg,违章03,44.08,1309,688,280,848,440,prior_roi,off,1
违章03/违章03_t44.3_251_stand.jpg,违章03,44.32,1316,688,280,848,440,prior_roi,off,1
违章03/违章03_t44.5_252_stand.jpg,违章03,44.55,1323,688,280,848,440,prior_roi,off,1
违章03/违章03_t44.8_253_stand.jpg,违章03,44.79,1330,688,280,848,440,prior_roi,off,1
违章03/违章03_t45.0_254_stand.jpg,违章03,45.02,1337,688,280,848,440,prior_roi,off,1
违章03/违章03_t45.3_255_stand.jpg,违章03,45.26,1344,688,280,848,440,prior_roi,off,1
违章03/违章03_t45.5_256_stand.jpg,违章03,45.49,1351,688,280,848,440,prior_roi,off,1
违章03/违章03_t45.7_257_stand.jpg,违章03,45.73,1358,688,280,848,440,prior_roi,off,1
违章03/违章03_t46.0_258_stand.jpg,违章03,45.97,1365,688,280,848,440,prior_roi,off,1
违章03/违章03_t46.2_259_stand.jpg,违章03,46.2,1372,688,280,848,440,prior_roi,off,1
违章03/违章03_t46.4_260_stand.jpg,违章03,46.44,1379,688,280,848,440,prior_roi,off,1
违章03/违章03_t46.7_261_stand.jpg,违章03,46.67,1386,688,280,848,440,prior_roi,off,1
违章03/违章03_t46.9_262_stand.jpg,违章03,46.91,1393,688,280,848,440,prior_roi,off,1
违章03/违章03_t47.1_263_stand.jpg,违章03,47.14,1400,688,280,848,440,prior_roi,off,1
违章03/违章03_t47.4_264_stand.jpg,违章03,47.38,1407,688,280,848,440,prior_roi,off,1
违章03/违章03_t47.6_265_stand.jpg,违章03,47.62,1414,688,280,848,440,prior_roi,off,1
违章03/违章03_t47.9_266_stand.jpg,违章03,47.85,1421,688,280,848,440,prior_roi,off,1
违章03/违章03_t48.1_267_stand.jpg,违章03,48.09,1428,688,280,848,440,prior_roi,off,1
违章03/违章03_t48.3_268_stand.jpg,违章03,48.32,1435,688,280,848,440,prior_roi,off,1
违章03/违章03_t48.6_269_stand.jpg,违章03,48.56,1442,688,280,848,440,prior_roi,off,1
违章03/违章03_t48.8_270_stand.jpg,违章03,48.79,1449,688,280,848,440,prior_roi,off,1
违章03/违章03_t49.0_271_stand.jpg,违章03,49.03,1456,688,280,848,440,prior_roi,off,1
违章03/违章03_t49.3_272_stand.jpg,违章03,49.27,1463,688,280,848,440,prior_roi,off,1
违章03/违章03_t49.5_273_stand.jpg,违章03,49.5,1470,688,280,848,440,prior_roi,off,1
违章03/违章03_t49.7_274_stand.jpg,违章03,49.74,1477,688,280,848,440,prior_roi,off,1
违章03/违章03_t50.0_275_stand.jpg,违章03,49.97,1484,688,280,848,440,prior_roi,off,1
违章03/违章03_t50.2_276_stand.jpg,违章03,50.21,1491,688,280,848,440,prior_roi,off,1
违章03/违章03_t50.4_277_stand.jpg,违章03,50.44,1498,688,280,848,440,prior_roi,off,1
违章03/违章03_t50.7_278_stand.jpg,违章03,50.68,1505,688,280,848,440,prior_roi,off,1
违章03/违章03_t50.9_279_stand.jpg,违章03,50.92,1512,688,280,848,440,prior_roi,off,1
违章03/违章03_t51.1_280_stand.jpg,违章03,51.15,1519,688,280,848,440,prior_roi,off,1
违章03/违章03_t51.4_281_stand.jpg,违章03,51.39,1526,688,280,848,440,prior_roi,off,1
违章03/违章03_t51.6_282_stand.jpg,违章03,51.62,1533,688,280,848,440,prior_roi,off,1
违章03/违章03_t51.9_283_stand.jpg,违章03,51.86,1540,688,280,848,440,prior_roi,off,1
违章03/违章03_t52.1_284_stand.jpg,违章03,52.09,1547,688,280,848,440,prior_roi,off,1
违章03/违章03_t52.3_285_stand.jpg,违章03,52.33,1554,688,280,848,440,prior_roi,off,1
违章03/违章03_t52.6_286_stand.jpg,违章03,52.57,1561,688,280,848,440,prior_roi,off,1
违章03/违章03_t52.6_287_off.jpg,违章03,52.57,1561,67,180,227,340,prior_off,off,0
违章03/违章03_t52.8_288_stand.jpg,违章03,52.8,1568,688,280,848,440,prior_roi,off,1
违章03/违章03_t53.0_289_stand.jpg,违章03,53.04,1575,688,280,848,440,prior_roi,off,1
违章03/违章03_t53.3_290_stand.jpg,违章03,53.27,1582,688,280,848,440,prior_roi,off,1
违章03/违章03_t53.5_291_stand.jpg,违章03,53.51,1589,688,280,848,440,prior_roi,off,1
违章03/违章03_t53.8_292_stand.jpg,违章03,53.75,1596,688,280,848,440,prior_roi,off,1
违章03/违章03_t54.0_293_stand.jpg,违章03,53.98,1603,688,280,848,440,prior_roi,off,1
违章03/违章03_t54.2_294_stand.jpg,违章03,54.22,1610,688,280,848,440,prior_roi,off,1
违章03/违章03_t54.5_295_stand.jpg,违章03,54.45,1617,688,280,848,440,prior_roi,off,1
违章03/违章03_t54.7_296_stand.jpg,违章03,54.69,1624,688,280,848,440,prior_roi,off,1
违章03/违章03_t54.9_297_stand.jpg,违章03,54.92,1631,688,280,848,440,prior_roi,off,1
违章03/违章03_t55.2_298_stand.jpg,违章03,55.16,1638,688,280,848,440,prior_roi,off,1
违章03/违章03_t55.4_299_stand.jpg,违章03,55.4,1645,688,280,848,440,prior_roi,off,1
违章03/违章03_t55.6_300_stand.jpg,违章03,55.63,1652,688,280,848,440,prior_roi,off,1
违章03/违章03_t55.9_301_stand.jpg,违章03,55.87,1659,688,280,848,440,prior_roi,off,1
违章03/违章03_t56.1_302_stand.jpg,违章03,56.1,1666,688,280,848,440,prior_roi,off,1
违章03/违章03_t56.1_303_off.jpg,违章03,56.1,1666,743,40,903,200,prior_off,off,0
违章03/违章03_t56.3_304_stand.jpg,违章03,56.34,1673,688,280,848,440,prior_roi,off,1
违章03/违章03_t56.6_305_stand.jpg,违章03,56.57,1680,688,280,848,440,prior_roi,off,1
违章03/违章03_t56.8_306_stand.jpg,违章03,56.81,1687,688,280,848,440,prior_roi,off,1
违章03/违章03_t57.0_307_stand.jpg,违章03,57.05,1694,688,280,848,440,prior_roi,off,1
违章03/违章03_t57.3_308_stand.jpg,违章03,57.28,1701,688,280,848,440,prior_roi,off,1
违章03/违章03_t57.5_309_stand.jpg,违章03,57.52,1708,688,280,848,440,prior_roi,off,1
违章03/违章03_t57.8_310_stand.jpg,违章03,57.75,1715,688,280,848,440,prior_roi,off,1
违章03/违章03_t58.0_311_stand.jpg,违章03,57.99,1722,688,280,848,440,prior_roi,off,1
违章03/违章03_t58.2_312_stand.jpg,违章03,58.22,1729,688,280,848,440,prior_roi,off,1
违章03/违章03_t58.5_313_stand.jpg,违章03,58.46,1736,688,280,848,440,prior_roi,off,1
违章03/违章03_t58.7_314_stand.jpg,违章03,58.7,1743,688,280,848,440,prior_roi,off,1
违章03/违章03_t58.9_315_stand.jpg,违章03,58.93,1750,688,280,848,440,prior_roi,off,1
违章03/违章03_t59.2_316_stand.jpg,违章03,59.17,1757,688,280,848,440,prior_roi,off,1
违章03/违章03_t59.4_317_stand.jpg,违章03,59.4,1764,688,280,848,440,prior_roi,off,1
违章03/违章03_t59.6_318_stand.jpg,违章03,59.64,1771,688,280,848,440,prior_roi,off,1
违章03/违章03_t59.9_319_stand.jpg,违章03,59.87,1778,688,280,848,440,prior_roi,off,1
违章03/违章03_t60.1_320_stand.jpg,违章03,60.11,1785,688,280,848,440,prior_roi,off,1
违章03/违章03_t60.4_321_stand.jpg,违章03,60.35,1792,688,280,848,440,prior_roi,off,1
违章03/违章03_t60.4_322_off.jpg,违章03,60.35,1792,713,113,873,273,prior_off,off,0
违章03/违章03_t60.6_323_stand.jpg,违章03,60.58,1799,688,280,848,440,prior_roi,off,1
违章03/违章03_t60.6_324_off.jpg,违章03,60.58,1799,688,280,848,440,impostor,off,0
违章03/违章03_t60.8_325_stand.jpg,违章03,60.82,1806,688,280,848,440,prior_roi,off,1
违章03/违章03_t61.0_326_stand.jpg,违章03,61.05,1813,688,280,848,440,prior_roi,off,1
违章03/违章03_t61.3_327_stand.jpg,违章03,61.29,1820,688,280,848,440,prior_roi,off,1
违章03/违章03_t61.5_328_stand.jpg,违章03,61.52,1827,688,280,848,440,prior_roi,off,1
违章03/违章03_t61.8_329_stand.jpg,违章03,61.76,1834,688,280,848,440,prior_roi,off,1
违章03/违章03_t62.0_330_stand.jpg,违章03,62.0,1841,688,280,848,440,prior_roi,off,1
违章03/违章03_t62.2_331_stand.jpg,违章03,62.23,1848,688,280,848,440,prior_roi,off,1
违章03/违章03_t62.5_332_stand.jpg,违章03,62.47,1855,688,280,848,440,prior_roi,off,1
违章03/违章03_t62.7_333_stand.jpg,违章03,62.7,1862,688,280,848,440,prior_roi,off,1
违章03/违章03_t62.9_334_stand.jpg,违章03,62.94,1869,688,280,848,440,prior_roi,off,1
违章03/违章03_t63.2_335_stand.jpg,违章03,63.17,1876,688,280,848,440,prior_roi,off,1
违章03/违章03_t63.4_336_stand.jpg,违章03,63.41,1883,688,280,848,440,prior_roi,off,1
违章03/违章03_t63.6_337_stand.jpg,违章03,63.65,1890,688,280,848,440,prior_roi,off,1
违章03/违章03_t63.9_338_stand.jpg,违章03,63.88,1897,688,280,848,440,prior_roi,off,1
违章03/违章03_t64.1_339_stand.jpg,违章03,64.12,1904,688,280,848,440,prior_roi,off,1
违章03/违章03_t64.3_340_stand.jpg,违章03,64.35,1911,688,280,848,440,prior_roi,off,1
违章03/违章03_t64.6_341_stand.jpg,违章03,64.59,1918,688,280,848,440,prior_roi,off,1
违章03/违章03_t64.8_342_stand.jpg,违章03,64.82,1925,688,280,848,440,prior_roi,off,1
违章03/违章03_t65.1_343_stand.jpg,违章03,65.06,1932,688,280,848,440,prior_roi,off,1
违章03/违章03_t65.3_344_stand.jpg,违章03,65.3,1939,688,280,848,440,prior_roi,off,1
违章03/违章03_t65.5_345_stand.jpg,违章03,65.53,1946,688,280,848,440,prior_roi,off,1
违章03/违章03_t65.8_346_stand.jpg,违章03,65.77,1953,688,280,848,440,prior_roi,off,1
违章03/违章03_t66.0_347_stand.jpg,违章03,66.0,1960,688,280,848,440,prior_roi,off,1
违章03/违章03_t66.2_348_stand.jpg,违章03,66.24,1967,688,280,848,440,prior_roi,off,1
违章03/违章03_t66.5_349_stand.jpg,违章03,66.47,1974,688,280,848,440,prior_roi,off,1
违章03/违章03_t66.5_350_off.jpg,违章03,66.47,1974,437,423,597,583,prior_off,off,0
违章03/违章03_t66.7_351_stand.jpg,违章03,66.71,1981,688,280,848,440,prior_roi,off,1
违章03/违章03_t67.0_352_stand.jpg,违章03,66.95,1988,688,280,848,440,prior_roi,off,1
违章03/违章03_t67.2_353_stand.jpg,违章03,67.18,1995,688,280,848,440,prior_roi,off,1
违章03/违章03_t67.4_354_stand.jpg,违章03,67.42,2002,688,280,848,440,prior_roi,off,1
违章03/违章03_t67.7_355_stand.jpg,违章03,67.65,2009,688,280,848,440,prior_roi,off,1
违章03/违章03_t67.9_356_stand.jpg,违章03,67.89,2016,688,280,848,440,prior_roi,off,1
违章03/违章03_t68.1_357_stand.jpg,违章03,68.12,2023,688,280,848,440,prior_roi,off,1
违章03/违章03_t68.4_358_stand.jpg,违章03,68.36,2030,688,280,848,440,prior_roi,off,1
违章03/违章03_t68.6_359_stand.jpg,违章03,68.6,2037,688,280,848,440,prior_roi,off,1
违章03/违章03_t68.8_360_stand.jpg,违章03,68.83,2044,688,280,848,440,prior_roi,off,1
违章03/违章03_t69.1_361_stand.jpg,违章03,69.07,2051,688,280,848,440,prior_roi,off,1
违章03/违章03_t69.3_362_stand.jpg,违章03,69.3,2058,688,280,848,440,prior_roi,off,1
违章03/违章03_t69.5_363_stand.jpg,违章03,69.54,2065,688,280,848,440,prior_roi,off,1
违章03/违章03_t69.5_364_off.jpg,违章03,69.54,2065,374,607,534,720,prior_off,off,0
违章03/违章03_t69.8_365_stand.jpg,违章03,69.77,2072,688,280,848,440,prior_roi,off,1
违章03/违章03_t70.0_366_stand.jpg,违章03,70.01,2079,688,280,848,440,prior_roi,off,1
违章03/违章03_t70.2_367_stand.jpg,违章03,70.25,2086,688,280,848,440,prior_roi,off,1
违章03/违章03_t70.5_368_stand.jpg,违章03,70.48,2093,688,280,848,440,prior_roi,off,1
违章03/违章03_t70.7_369_stand.jpg,违章03,70.72,2100,688,280,848,440,prior_roi,off,1
违章03/违章03_t71.0_370_stand.jpg,违章03,70.95,2107,688,280,848,440,prior_roi,off,1
违章03/违章03_t71.2_371_stand.jpg,违章03,71.19,2114,688,280,848,440,prior_roi,off,1
违章03/违章03_t71.4_372_stand.jpg,违章03,71.42,2121,688,280,848,440,prior_roi,off,1
违章03/违章03_t71.7_373_stand.jpg,违章03,71.66,2128,688,280,848,440,prior_roi,off,1
违章03/违章03_t71.9_374_stand.jpg,违章03,71.9,2135,688,280,848,440,prior_roi,off,1
违章03/违章03_t72.1_375_stand.jpg,违章03,72.13,2142,688,280,848,440,prior_roi,off,1
违章03/违章03_t72.4_376_stand.jpg,违章03,72.37,2149,688,280,848,440,prior_roi,off,1
违章03/违章03_t72.6_377_stand.jpg,违章03,72.6,2156,688,280,848,440,prior_roi,off,1
违章03/违章03_t72.8_378_stand.jpg,违章03,72.84,2163,688,280,848,440,prior_roi,off,1
违章03/违章03_t79.7_403_walk.jpg,违章03,79.67,2366,688,280,848,440,prior_roi,walk,0
违章03/违章03_t81.3_411_off.jpg,违章03,81.32,2415,523,203,683,363,prior_off,off,0
违章03/违章03_t82.3_416_off.jpg,违章03,82.27,2443,907,212,1067,372,prior_off,off,0
违章03/违章03_t83.7_423_off.jpg,违章03,83.68,2485,1139,0,1280,85,prior_off,off,0
违章03/违章03_t87.7_441_off.jpg,违章03,87.69,2604,188,622,348,720,prior_off,off,0
违章03/违章03_t87.9_443_off.jpg,违章03,87.92,2611,1141,0,1280,100,prior_off,off,0
违章03/违章03_t90.3_454_off.jpg,违章03,90.28,2681,101,475,261,635,prior_off,off,0
违章03/违章03_t91.7_460_walk.jpg,违章03,91.7,2723,688,280,848,440,prior_roi,walk,0
违章03/违章03_t92.9_465_walk.jpg,违章03,92.88,2758,688,280,848,440,prior_roi,walk,0
违章03/违章03_t93.1_466_walk.jpg,违章03,93.11,2765,688,280,848,440,prior_roi,walk,0
违章03/违章03_t93.3_467_walk.jpg,违章03,93.35,2772,688,280,848,440,prior_roi,walk,0
违章03/违章03_t93.6_468_walk.jpg,违章03,93.58,2779,688,280,848,440,prior_roi,walk,0
违章03/违章03_t93.8_469_walk.jpg,违章03,93.82,2786,688,280,848,440,prior_roi,walk,0
违章03/违章03_t94.0_470_walk.jpg,违章03,94.05,2793,688,280,848,440,prior_roi,walk,0
违章03/违章03_t94.3_471_walk.jpg,违章03,94.29,2800,688,280,848,440,prior_roi,walk,0
违章03/违章03_t94.5_472_walk.jpg,违章03,94.53,2807,688,280,848,440,prior_roi,walk,0
违章03/违章03_t94.8_473_walk.jpg,违章03,94.76,2814,688,280,848,440,prior_roi,walk,0
违章03/违章03_t95.0_474_walk.jpg,违章03,95.0,2821,688,280,848,440,prior_roi,walk,0
违章03/违章03_t95.2_475_walk.jpg,违章03,95.23,2828,688,280,848,440,prior_roi,walk,0
违章03/违章03_t95.5_476_walk.jpg,违章03,95.47,2835,688,280,848,440,prior_roi,walk,0
违章03/违章03_t95.7_477_walk.jpg,违章03,95.7,2842,688,280,848,440,prior_roi,walk,0
违章03/违章03_t95.9_478_walk.jpg,违章03,95.94,2849,688,280,848,440,prior_roi,walk,0
违章03/违章03_t96.2_479_walk.jpg,违章03,96.18,2856,688,280,848,440,prior_roi,walk,0
违章03/违章03_t96.4_480_walk.jpg,违章03,96.41,2863,688,280,848,440,prior_roi,walk,0
违章03/违章03_t96.7_481_walk.jpg,违章03,96.65,2870,688,280,848,440,prior_roi,walk,0
违章03/违章03_t96.9_482_walk.jpg,违章03,96.88,2877,688,280,848,440,prior_roi,walk,0
违章03/违章03_t97.1_483_walk.jpg,违章03,97.12,2884,688,280,848,440,prior_roi,walk,0
违章03/违章03_t97.3_484_walk.jpg,违章03,97.35,2891,688,280,848,440,prior_roi,walk,0
违章03/违章03_t97.6_485_walk.jpg,违章03,97.59,2898,688,280,848,440,prior_roi,walk,0
违章03/违章03_t97.8_486_walk.jpg,违章03,97.83,2905,688,280,848,440,prior_roi,walk,0
违章03/违章03_t98.1_487_walk.jpg,违章03,98.06,2912,688,280,848,440,prior_roi,walk,0
违章03/违章03_t98.3_488_walk.jpg,违章03,98.3,2919,688,280,848,440,prior_roi,walk,0
违章03/违章03_t98.5_489_walk.jpg,违章03,98.53,2926,688,280,848,440,prior_roi,walk,0
违章03/违章03_t98.8_490_walk.jpg,违章03,98.77,2933,688,280,848,440,prior_roi,walk,0
违章03/违章03_t99.0_491_walk.jpg,违章03,99.0,2940,688,280,848,440,prior_roi,walk,0
违章03/违章03_t99.2_492_walk.jpg,违章03,99.24,2947,688,280,848,440,prior_roi,walk,0
违章03/违章03_t99.5_493_walk.jpg,违章03,99.48,2954,688,280,848,440,prior_roi,walk,0
违章03/违章03_t99.7_494_walk.jpg,违章03,99.71,2961,688,280,848,440,prior_roi,walk,0
违章03/违章03_t100.0_495_walk.jpg,违章03,99.95,2968,688,280,848,440,prior_roi,walk,0
违章03/违章03_t100.2_496_walk.jpg,违章03,100.18,2975,688,280,848,440,prior_roi,walk,0
违章03/违章03_t100.4_497_walk.jpg,违章03,100.42,2982,688,280,848,440,prior_roi,walk,0
违章03/违章03_t100.7_498_walk.jpg,违章03,100.65,2989,688,280,848,440,prior_roi,walk,0
违章03/违章03_t100.9_499_walk.jpg,违章03,100.89,2996,688,280,848,440,prior_roi,walk,0
违章03/违章03_t101.1_500_walk.jpg,违章03,101.13,3003,688,280,848,440,prior_roi,walk,0
违章03/违章03_t101.4_501_walk.jpg,违章03,101.36,3010,688,280,848,440,prior_roi,walk,0
违章03/违章03_t102.3_505_walk.jpg,违章03,102.3,3038,688,280,848,440,prior_roi,walk,0
违章03/违章03_t102.5_506_walk.jpg,违章03,102.54,3045,688,280,848,440,prior_roi,walk,0
违章03/违章03_t102.8_507_walk.jpg,违章03,102.78,3052,688,280,848,440,prior_roi,walk,0
违章03/违章03_t103.0_508_walk.jpg,违章03,103.01,3059,688,280,848,440,prior_roi,walk,0
违章03/违章03_t103.0_509_off.jpg,违章03,103.01,3059,1133,475,1280,635,prior_off,off,0
违章03/违章03_t103.2_510_walk.jpg,违章03,103.25,3066,688,280,848,440,prior_roi,walk,0
违章03/违章03_t103.5_511_walk.jpg,违章03,103.48,3073,688,280,848,440,prior_roi,walk,0
违章03/违章03_t103.7_512_walk.jpg,违章03,103.72,3080,688,280,848,440,prior_roi,walk,0
违章03/违章03_t104.0_513_walk.jpg,违章03,103.95,3087,688,280,848,440,prior_roi,walk,0
违章03/违章03_t104.2_514_walk.jpg,违章03,104.19,3094,688,280,848,440,prior_roi,walk,0
违章03/违章03_t104.4_515_walk.jpg,违章03,104.43,3101,688,280,848,440,prior_roi,walk,0
违章03/违章03_t104.7_516_walk.jpg,违章03,104.66,3108,688,280,848,440,prior_roi,walk,0
违章03/违章03_t104.9_517_walk.jpg,违章03,104.9,3115,688,280,848,440,prior_roi,walk,0
违章03/违章03_t105.1_518_walk.jpg,违章03,105.13,3122,688,280,848,440,prior_roi,walk,0
违章03/违章03_t105.4_519_walk.jpg,违章03,105.37,3129,688,280,848,440,prior_roi,walk,0
违章03/违章03_t105.6_520_walk.jpg,违章03,105.6,3136,688,280,848,440,prior_roi,walk,0
违章03/违章03_t105.8_521_walk.jpg,违章03,105.84,3143,688,280,848,440,prior_roi,walk,0
违章03/违章03_t106.1_522_walk.jpg,违章03,106.08,3150,688,280,848,440,prior_roi,walk,0
违章03/违章03_t106.3_523_walk.jpg,违章03,106.31,3157,688,280,848,440,prior_roi,walk,0
违章03/违章03_t106.5_524_walk.jpg,违章03,106.55,3164,688,280,848,440,prior_roi,walk,0
违章03/违章03_t106.8_525_walk.jpg,违章03,106.78,3171,688,280,848,440,prior_roi,walk,0
违章03/违章03_t106.8_526_off.jpg,违章03,106.78,3171,544,354,704,514,prior_off,off,0
违章03/违章03_t107.0_527_walk.jpg,违章03,107.02,3178,688,280,848,440,prior_roi,walk,0
违章03/违章03_t107.2_528_walk.jpg,违章03,107.25,3185,688,280,848,440,prior_roi,walk,0
违章03/违章03_t107.5_529_walk.jpg,违章03,107.49,3192,688,280,848,440,prior_roi,walk,0
违章03/违章03_t107.5_530_off.jpg,违章03,107.49,3192,0,94,159,254,prior_off,off,0
违章03/违章03_t107.7_531_walk.jpg,违章03,107.73,3199,688,280,848,440,prior_roi,walk,0
违章03/违章03_t108.0_532_walk.jpg,违章03,107.96,3206,688,280,848,440,prior_roi,walk,0
违章03/违章03_t108.2_533_walk.jpg,违章03,108.2,3213,688,280,848,440,prior_roi,walk,0
违章03/违章03_t108.4_534_walk.jpg,违章03,108.43,3220,688,280,848,440,prior_roi,walk,0
违章03/违章03_t108.7_535_walk.jpg,违章03,108.67,3227,688,280,848,440,prior_roi,walk,0
违章03/违章03_t108.9_536_walk.jpg,违章03,108.9,3234,688,280,848,440,prior_roi,walk,0
违章03/违章03_t109.1_537_walk.jpg,违章03,109.14,3241,688,280,848,440,prior_roi,walk,0
违章03/违章03_t109.4_538_walk.jpg,违章03,109.38,3248,688,280,848,440,prior_roi,walk,0
违章03/违章03_t109.6_539_walk.jpg,违章03,109.61,3255,688,280,848,440,prior_roi,walk,0
违章03/违章03_t109.8_540_walk.jpg,违章03,109.85,3262,688,280,848,440,prior_roi,walk,0
违章03/违章03_t110.1_541_walk.jpg,违章03,110.08,3269,688,280,848,440,prior_roi,walk,0
违章03/违章03_t110.3_542_walk.jpg,违章03,110.32,3276,688,280,848,440,prior_roi,walk,0
违章03/违章03_t110.5_543_walk.jpg,违章03,110.55,3283,688,280,848,440,prior_roi,walk,0
违章03/违章03_t110.8_544_walk.jpg,违章03,110.79,3290,688,280,848,440,prior_roi,walk,0
违章03/违章03_t111.0_545_walk.jpg,违章03,111.03,3297,688,280,848,440,prior_roi,walk,0
违章03/违章03_t111.3_546_walk.jpg,违章03,111.26,3304,688,280,848,440,prior_roi,walk,0
违章03/违章03_t112.4_551_walk.jpg,违章03,112.44,3339,688,280,848,440,prior_roi,walk,0
违章03/违章03_t112.7_552_walk.jpg,违章03,112.68,3346,688,280,848,440,prior_roi,walk,0
违章03/违章03_t112.9_553_walk.jpg,违章03,112.91,3353,688,280,848,440,prior_roi,walk,0
违章03/违章03_t113.2_554_walk.jpg,违章03,113.15,3360,688,280,848,440,prior_roi,walk,0
违章03/违章03_t113.4_555_walk.jpg,违章03,113.38,3367,688,280,848,440,prior_roi,walk,0
违章03/违章03_t113.6_556_walk.jpg,违章03,113.62,3374,688,280,848,440,prior_roi,walk,0
违章03/违章03_t113.8_557_walk.jpg,违章03,113.85,3381,688,280,848,440,prior_roi,walk,0
违章03/违章03_t114.1_558_walk.jpg,违章03,114.09,3388,688,280,848,440,prior_roi,walk,0
违章03/违章03_t114.3_559_walk.jpg,违章03,114.33,3395,688,280,848,440,prior_roi,walk,0
违章03/违章03_t114.3_560_off.jpg,违章03,114.33,3395,439,0,599,143,prior_off,off,0
违章03/违章03_t114.6_561_walk.jpg,违章03,114.56,3402,688,280,848,440,prior_roi,walk,0
违章03/违章03_t114.8_562_walk.jpg,违章03,114.8,3409,688,280,848,440,prior_roi,walk,0
违章03/违章03_t115.0_563_walk.jpg,违章03,115.03,3416,688,280,848,440,prior_roi,walk,0
违章03/违章03_t115.3_564_walk.jpg,违章03,115.27,3423,688,280,848,440,prior_roi,walk,0
违章03/违章03_t115.5_565_walk.jpg,违章03,115.5,3430,688,280,848,440,prior_roi,walk,0
违章03/违章03_t115.7_566_walk.jpg,违章03,115.74,3437,688,280,848,440,prior_roi,walk,0
违章03/违章03_t116.0_567_walk.jpg,违章03,115.98,3444,688,280,848,440,prior_roi,walk,0
违章03/违章03_t116.2_568_walk.jpg,违章03,116.21,3451,688,280,848,440,prior_roi,walk,0
违章03/违章03_t116.5_569_walk.jpg,违章03,116.45,3458,688,280,848,440,prior_roi,walk,0
违章03/违章03_t116.7_570_walk.jpg,违章03,116.68,3465,688,280,848,440,prior_roi,walk,0
违章03/违章03_t116.9_571_walk.jpg,违章03,116.92,3472,688,280,848,440,prior_roi,walk,0
违章03/违章03_t117.2_572_walk.jpg,违章03,117.15,3479,688,280,848,440,prior_roi,walk,0
违章03/违章03_t117.4_573_walk.jpg,违章03,117.39,3486,688,280,848,440,prior_roi,walk,0
违章03/违章03_t117.6_574_walk.jpg,违章03,117.63,3493,688,280,848,440,prior_roi,walk,0
违章03/违章03_t117.9_575_walk.jpg,违章03,117.86,3500,688,280,848,440,prior_roi,walk,0
违章03/违章03_t118.1_576_walk.jpg,违章03,118.1,3507,688,280,848,440,prior_roi,walk,0
违章03/违章03_t118.3_577_walk.jpg,违章03,118.33,3514,688,280,848,440,prior_roi,walk,0
违章03/违章03_t118.6_578_walk.jpg,违章03,118.57,3521,688,280,848,440,prior_roi,walk,0
违章03/违章03_t118.8_579_walk.jpg,违章03,118.8,3528,688,280,848,440,prior_roi,walk,0
违章03/违章03_t119.0_580_walk.jpg,违章03,119.04,3535,688,280,848,440,prior_roi,walk,0
违章03/违章03_t119.0_581_off.jpg,违章03,119.04,3535,954,361,1114,521,prior_off,off,0
违章03/违章03_t119.3_582_walk.jpg,违章03,119.28,3542,688,280,848,440,prior_roi,walk,0
违章03/违章03_t119.5_583_walk.jpg,违章03,119.51,3549,688,280,848,440,prior_roi,walk,0
违章03/违章03_t119.8_584_walk.jpg,违章03,119.75,3556,688,280,848,440,prior_roi,walk,0
违章03/违章03_t120.0_585_walk.jpg,违章03,119.98,3563,688,280,848,440,prior_roi,walk,0
违章03/违章03_t120.2_586_walk.jpg,违章03,120.22,3570,688,280,848,440,prior_roi,walk,0
违章03/违章03_t120.5_587_walk.jpg,违章03,120.45,3577,688,280,848,440,prior_roi,walk,0
违章03/违章03_t120.7_588_walk.jpg,违章03,120.69,3584,688,280,848,440,prior_roi,walk,0
违章03/违章03_t120.9_589_walk.jpg,违章03,120.93,3591,688,280,848,440,prior_roi,walk,0
违章03/违章03_t121.2_590_walk.jpg,违章03,121.16,3598,688,280,848,440,prior_roi,walk,0
违章03/违章03_t121.4_591_walk.jpg,违章03,121.4,3605,688,280,848,440,prior_roi,walk,0
违章03/违章03_t122.1_594_walk.jpg,违章03,122.1,3626,688,280,848,440,prior_roi,walk,0
违章03/违章03_t122.3_595_walk.jpg,违章03,122.34,3633,688,280,848,440,prior_roi,walk,0
违章03/违章03_t122.6_596_walk.jpg,违章03,122.58,3640,688,280,848,440,prior_roi,walk,0
违章03/违章03_t122.8_597_walk.jpg,违章03,122.81,3647,688,280,848,440,prior_roi,walk,0
违章03/违章03_t122.8_598_off.jpg,违章03,122.81,3647,323,340,483,500,prior_off,off,0
违章03/违章03_t123.0_599_walk.jpg,违章03,123.05,3654,688,280,848,440,prior_roi,walk,0
违章03/违章03_t123.3_600_walk.jpg,违章03,123.28,3661,688,280,848,440,prior_roi,walk,0
违章03/违章03_t123.5_601_walk.jpg,违章03,123.52,3668,688,280,848,440,prior_roi,walk,0
违章03/违章03_t123.8_602_walk.jpg,违章03,123.76,3675,688,280,848,440,prior_roi,walk,0
违章03/违章03_t124.0_603_walk.jpg,违章03,123.99,3682,688,280,848,440,prior_roi,walk,0
违章03/违章03_t124.2_604_walk.jpg,违章03,124.23,3689,688,280,848,440,prior_roi,walk,0
违章03/违章03_t124.5_605_walk.jpg,违章03,124.46,3696,688,280,848,440,prior_roi,walk,0
违章03/违章03_t124.7_606_walk.jpg,违章03,124.7,3703,688,280,848,440,prior_roi,walk,0
违章03/违章03_t124.9_607_walk.jpg,违章03,124.93,3710,688,280,848,440,prior_roi,walk,0
违章03/违章03_t125.2_608_walk.jpg,违章03,125.17,3717,688,280,848,440,prior_roi,walk,0
违章03/违章03_t125.4_609_walk.jpg,违章03,125.41,3724,688,280,848,440,prior_roi,walk,0
违章03/违章03_t125.6_610_walk.jpg,违章03,125.64,3731,688,280,848,440,prior_roi,walk,0
违章03/违章03_t125.6_611_off.jpg,违章03,125.64,3731,823,98,983,258,prior_off,off,0
违章03/违章03_t125.9_612_walk.jpg,违章03,125.88,3738,688,280,848,440,prior_roi,walk,0
违章03/违章03_t126.1_613_walk.jpg,违章03,126.11,3745,688,280,848,440,prior_roi,walk,0
违章03/违章03_t126.3_614_walk.jpg,违章03,126.35,3752,688,280,848,440,prior_roi,walk,0
违章03/违章03_t126.6_615_walk.jpg,违章03,126.58,3759,688,280,848,440,prior_roi,walk,0
违章03/违章03_t126.8_616_walk.jpg,违章03,126.82,3766,688,280,848,440,prior_roi,walk,0
违章03/违章03_t127.1_617_walk.jpg,违章03,127.06,3773,688,280,848,440,prior_roi,walk,0
违章03/违章03_t127.3_618_walk.jpg,违章03,127.29,3780,688,280,848,440,prior_roi,walk,0
违章03/违章03_t127.5_619_walk.jpg,违章03,127.53,3787,688,280,848,440,prior_roi,walk,0
违章03/违章03_t127.8_620_walk.jpg,违章03,127.76,3794,688,280,848,440,prior_roi,walk,0
违章03/违章03_t128.2_622_walk.jpg,违章03,128.23,3808,688,280,848,440,prior_roi,walk,0
违章03/违章03_t128.2_623_off.jpg,违章03,128.23,3808,1082,510,1242,670,prior_off,off,0
违章03/违章03_t128.5_624_walk.jpg,违章03,128.47,3815,688,280,848,440,prior_roi,walk,0
违章03/违章03_t128.7_625_walk.jpg,违章03,128.71,3822,688,280,848,440,prior_roi,walk,0
违章03/违章03_t128.9_626_walk.jpg,违章03,128.94,3829,688,280,848,440,prior_roi,walk,0
违章03/违章03_t129.2_627_walk.jpg,违章03,129.18,3836,688,280,848,440,prior_roi,walk,0
违章03/违章03_t129.4_628_walk.jpg,违章03,129.41,3843,688,280,848,440,prior_roi,walk,0
违章03/违章03_t129.7_629_walk.jpg,违章03,129.65,3850,688,280,848,440,prior_roi,walk,0
违章03/违章03_t129.9_630_walk.jpg,违章03,129.88,3857,688,280,848,440,prior_roi,walk,0
违章03/违章03_t130.1_631_walk.jpg,违章03,130.12,3864,688,280,848,440,prior_roi,walk,0
违章03/违章03_t130.4_632_walk.jpg,违章03,130.36,3871,688,280,848,440,prior_roi,walk,0
违章03/违章03_t130.6_633_walk.jpg,违章03,130.59,3878,688,280,848,440,prior_roi,walk,0
违章03/违章03_t130.8_634_walk.jpg,违章03,130.83,3885,688,280,848,440,prior_roi,walk,0
违章03/违章03_t131.1_635_walk.jpg,违章03,131.06,3892,688,280,848,440,prior_roi,walk,0
违章03/违章03_t131.5_638_off.jpg,违章03,131.53,3906,996,80,1156,240,prior_off,off,0
违章03/违章03_t132.2_641_walk.jpg,违章03,132.24,3927,688,280,848,440,prior_roi,walk,0
违章03/违章03_t132.5_642_walk.jpg,违章03,132.48,3934,688,280,848,440,prior_roi,walk,0
违章03/违章03_t132.7_643_walk.jpg,违章03,132.71,3941,688,280,848,440,prior_roi,walk,0
违章03/违章03_t132.9_644_walk.jpg,违章03,132.95,3948,688,280,848,440,prior_roi,walk,0
违章03/违章03_t133.2_645_walk.jpg,违章03,133.18,3955,688,280,848,440,prior_roi,walk,0
违章03/违章03_t133.4_646_walk.jpg,违章03,133.42,3962,688,280,848,440,prior_roi,walk,0
违章03/违章03_t133.7_647_walk.jpg,违章03,133.66,3969,688,280,848,440,prior_roi,walk,0
违章03/违章03_t134.1_649_off.jpg,违章03,134.13,3983,688,280,848,440,impostor,off,0
违章03/违章03_t135.1_650_stand.jpg,违章03,135.07,4011,688,280,848,440,prior_roi,stand,0
违章03/违章03_t135.3_651_stand.jpg,违章03,135.31,4018,688,280,848,440,prior_roi,stand,0
违章03/违章03_t135.5_652_stand.jpg,违章03,135.54,4025,688,280,848,440,prior_roi,stand,0
违章03/违章03_t135.8_653_stand.jpg,违章03,135.78,4032,688,280,848,440,prior_roi,stand,0
违章03/违章03_t136.0_654_stand.jpg,违章03,136.01,4039,688,280,848,440,prior_roi,stand,0
违章03/违章03_t136.2_655_stand.jpg,违章03,136.25,4046,688,280,848,440,prior_roi,stand,0
违章03/违章03_t136.5_656_stand.jpg,违章03,136.48,4053,688,280,848,440,prior_roi,stand,0
违章03/违章03_t136.5_657_off.jpg,违章03,136.48,4053,765,156,925,316,prior_off,off,0
违章03/违章03_t136.7_658_stand.jpg,违章03,136.72,4060,688,280,848,440,prior_roi,stand,0
违章03/违章03_t137.0_659_stand.jpg,违章03,136.96,4067,688,280,848,440,prior_roi,stand,0
违章03/违章03_t137.2_660_stand.jpg,违章03,137.19,4074,688,280,848,440,prior_roi,stand,0
违章03/违章03_t137.4_661_stand.jpg,违章03,137.43,4081,688,280,848,440,prior_roi,stand,0
违章03/违章03_t137.7_662_stand.jpg,违章03,137.66,4088,688,280,848,440,prior_roi,stand,0
违章03/违章03_t137.7_663_off.jpg,违章03,137.66,4088,948,39,1108,199,prior_off,stand,1
违章03/违章03_t137.9_664_stand.jpg,违章03,137.9,4095,688,280,848,440,prior_roi,stand,0
违章03/违章03_t138.1_665_stand.jpg,违章03,138.13,4102,688,280,848,440,prior_roi,stand,0
违章03/违章03_t138.4_666_stand.jpg,违章03,138.37,4109,688,280,848,440,prior_roi,stand,0
违章03/违章03_t138.6_667_stand.jpg,违章03,138.61,4116,688,280,848,440,prior_roi,stand,0
违章03/违章03_t138.8_668_stand.jpg,违章03,138.84,4123,688,280,848,440,prior_roi,stand,0
违章03/违章03_t139.1_669_stand.jpg,违章03,139.08,4130,688,280,848,440,prior_roi,stand,0
违章03/违章03_t139.3_670_stand.jpg,违章03,139.31,4137,688,280,848,440,prior_roi,stand,0
违章03/违章03_t139.6_671_stand.jpg,违章03,139.55,4144,688,280,848,440,prior_roi,stand,0
违章03/违章03_t139.8_672_stand.jpg,违章03,139.78,4151,688,280,848,440,prior_roi,stand,0
违章03/违章03_t140.0_673_stand.jpg,违章03,140.02,4158,688,280,848,440,prior_roi,stand,0
违章03/违章03_t140.3_674_stand.jpg,违章03,140.26,4165,688,280,848,440,prior_roi,stand,0
违章03/违章03_t140.5_675_stand.jpg,违章03,140.49,4172,688,280,848,440,prior_roi,stand,0
违章03/违章03_t140.7_676_stand.jpg,违章03,140.73,4179,688,280,848,440,prior_roi,stand,0
违章03/违章03_t141.0_677_stand.jpg,违章03,140.96,4186,688,280,848,440,prior_roi,stand,0
违章03/违章03_t141.2_678_stand.jpg,违章03,141.2,4193,688,280,848,440,prior_roi,stand,0
违章03/违章03_t141.4_679_stand.jpg,违章03,141.43,4200,688,280,848,440,prior_roi,stand,0
违章03/违章03_t141.4_680_off.jpg,违章03,141.43,4200,0,528,90,688,prior_off,off,0
违章03/违章03_t141.7_681_stand.jpg,违章03,141.67,4207,688,280,848,440,prior_roi,stand,0
违章03/违章03_t141.9_682_stand.jpg,违章03,141.91,4214,688,280,848,440,prior_roi,stand,0
违章03/违章03_t142.1_683_stand.jpg,违章03,142.14,4221,688,280,848,440,prior_roi,stand,0
违章03/违章03_t142.4_684_stand.jpg,违章03,142.38,4228,688,280,848,440,prior_roi,stand,0
违章03/违章03_t142.6_685_stand.jpg,违章03,142.61,4235,688,280,848,440,prior_roi,stand,0
违章03/违章03_t142.8_686_stand.jpg,违章03,142.85,4242,688,280,848,440,prior_roi,stand,0
违章03/违章03_t143.1_687_stand.jpg,违章03,143.08,4249,688,280,848,440,prior_roi,stand,0
违章03/违章03_t143.3_688_stand.jpg,违章03,143.32,4256,688,280,848,440,prior_roi,stand,0
违章03/违章03_t143.6_689_stand.jpg,违章03,143.56,4263,688,280,848,440,prior_roi,stand,0
违章03/违章03_t143.8_690_stand.jpg,违章03,143.79,4270,688,280,848,440,prior_roi,stand,0
违章03/违章03_t144.0_691_stand.jpg,违章03,144.03,4277,688,280,848,440,prior_roi,stand,0
违章03/违章03_t144.3_692_stand.jpg,违章03,144.26,4284,688,280,848,440,prior_roi,stand,0
违章03/违章03_t144.5_693_stand.jpg,违章03,144.5,4291,688,280,848,440,prior_roi,stand,0
违章03/违章03_t144.7_694_stand.jpg,违章03,144.73,4298,688,280,848,440,prior_roi,stand,0
违章03/违章03_t145.0_695_stand.jpg,违章03,144.97,4305,688,280,848,440,prior_roi,stand,0
违章03/违章03_t145.2_696_stand.jpg,违章03,145.21,4312,688,280,848,440,prior_roi,stand,0
违章03/违章03_t145.4_697_stand.jpg,违章03,145.44,4319,688,280,848,440,prior_roi,stand,0
违章03/违章03_t145.7_698_stand.jpg,违章03,145.68,4326,688,280,848,440,prior_roi,stand,0
违章03/违章03_t145.9_699_stand.jpg,违章03,145.91,4333,688,280,848,440,prior_roi,stand,0
违章03/违章03_t146.2_700_stand.jpg,违章03,146.15,4340,688,280,848,440,prior_roi,stand,0
违章03/违章03_t146.4_701_stand.jpg,违章03,146.38,4347,688,280,848,440,prior_roi,stand,0
违章03/违章03_t146.6_702_stand.jpg,违章03,146.62,4354,688,280,848,440,prior_roi,stand,0
违章03/违章03_t146.9_703_stand.jpg,违章03,146.86,4361,688,280,848,440,prior_roi,stand,0
违章03/违章03_t147.1_704_stand.jpg,违章03,147.09,4368,688,280,848,440,prior_roi,stand,0
违章03/违章03_t147.3_705_stand.jpg,违章03,147.33,4375,688,280,848,440,prior_roi,stand,0
违章03/违章03_t147.6_706_stand.jpg,违章03,147.56,4382,688,280,848,440,prior_roi,stand,0
违章03/违章03_t147.6_707_off.jpg,违章03,147.56,4382,23,0,183,150,prior_off,off,0
违章03/违章03_t147.8_708_stand.jpg,违章03,147.8,4389,688,280,848,440,prior_roi,stand,0
违章03/违章03_t148.0_709_stand.jpg,违章03,148.03,4396,688,280,848,440,prior_roi,stand,0
违章03/违章03_t148.3_710_stand.jpg,违章03,148.27,4403,688,280,848,440,prior_roi,stand,0
违章03/违章03_t148.5_711_stand.jpg,违章03,148.51,4410,688,280,848,440,prior_roi,stand,0
违章03/违章03_t148.7_712_stand.jpg,违章03,148.74,4417,688,280,848,440,prior_roi,stand,0
违章03/违章03_t149.0_713_stand.jpg,违章03,148.98,4424,688,280,848,440,prior_roi,stand,0
违章03/违章03_t149.2_714_stand.jpg,违章03,149.21,4431,688,280,848,440,prior_roi,stand,0
违章03/违章03_t149.4_715_stand.jpg,违章03,149.45,4438,688,280,848,440,prior_roi,stand,0
违章03/违章03_t149.7_716_stand.jpg,违章03,149.68,4445,688,280,848,440,prior_roi,stand,0
违章03/违章03_t149.9_717_stand.jpg,违章03,149.92,4452,688,280,848,440,prior_roi,stand,0
违章03/违章03_t150.2_718_stand.jpg,违章03,150.16,4459,688,280,848,440,prior_roi,stand,0
违章03/违章03_t150.4_719_stand.jpg,违章03,150.39,4466,688,280,848,440,prior_roi,stand,0
违章03/违章03_t150.6_720_stand.jpg,违章03,150.63,4473,688,280,848,440,prior_roi,stand,0
违章03/违章03_t150.9_721_stand.jpg,违章03,150.86,4480,688,280,848,440,prior_roi,stand,0
违章03/违章03_t151.1_722_stand.jpg,违章03,151.1,4487,688,280,848,440,prior_roi,stand,0
违章03/违章03_t151.3_723_stand.jpg,违章03,151.33,4494,688,280,848,440,prior_roi,stand,0
违章03/违章03_t151.6_724_stand.jpg,违章03,151.57,4501,688,280,848,440,prior_roi,stand,0
违章03/违章03_t151.8_725_stand.jpg,违章03,151.81,4508,688,280,848,440,prior_roi,stand,0
违章03/违章03_t152.0_726_stand.jpg,违章03,152.04,4515,688,280,848,440,prior_roi,stand,0
违章03/违章03_t152.3_727_stand.jpg,违章03,152.28,4522,688,280,848,440,prior_roi,stand,0
违章03/违章03_t152.5_728_stand.jpg,违章03,152.51,4529,688,280,848,440,prior_roi,stand,0
违章03/违章03_t152.8_729_stand.jpg,违章03,152.75,4536,688,280,848,440,prior_roi,stand,0
违章03/违章03_t153.0_730_stand.jpg,违章03,152.98,4543,688,280,848,440,prior_roi,stand,0
违章03/违章03_t153.2_731_stand.jpg,违章03,153.22,4550,688,280,848,440,prior_roi,stand,0
违章03/违章03_t153.5_732_stand.jpg,违章03,153.46,4557,688,280,848,440,prior_roi,stand,0
违章03/违章03_t153.7_733_stand.jpg,违章03,153.69,4564,688,280,848,440,prior_roi,stand,0
违章03/违章03_t153.9_734_stand.jpg,违章03,153.93,4571,688,280,848,440,prior_roi,stand,0
违章03/违章03_t154.2_735_stand.jpg,违章03,154.16,4578,688,280,848,440,prior_roi,stand,0
违章03/违章03_t154.4_736_stand.jpg,违章03,154.4,4585,688,280,848,440,prior_roi,stand,0
违章03/违章03_t154.6_737_stand.jpg,违章03,154.63,4592,688,280,848,440,prior_roi,stand,0
违章03/违章03_t154.9_738_stand.jpg,违章03,154.87,4599,688,280,848,440,prior_roi,stand,0
违章03/违章03_t155.1_739_stand.jpg,违章03,155.11,4606,688,280,848,440,prior_roi,stand,0
违章03/违章03_t155.3_740_stand.jpg,违章03,155.34,4613,688,280,848,440,prior_roi,stand,0
违章03/违章03_t155.6_741_stand.jpg,违章03,155.58,4620,688,280,848,440,prior_roi,stand,0
违章03/违章03_t155.8_742_stand.jpg,违章03,155.81,4627,688,280,848,440,prior_roi,stand,0
违章03/违章03_t156.1_743_stand.jpg,违章03,156.05,4634,688,280,848,440,prior_roi,stand,0
违章03/违章03_t156.8_747_off.jpg,违章03,156.76,4655,509,571,669,720,prior_off,off,0
违章03/违章03_t157.7_751_stand.jpg,违章03,157.7,4683,688,280,848,440,prior_roi,stand,0
违章03/违章03_t157.9_752_stand.jpg,违章03,157.93,4690,688,280,848,440,prior_roi,stand,0
违章03/违章03_t158.2_753_stand.jpg,违章03,158.17,4697,688,280,848,440,prior_roi,stand,0
违章03/违章03_t158.4_754_stand.jpg,违章03,158.41,4704,688,280,848,440,prior_roi,stand,0
违章03/违章03_t158.6_755_stand.jpg,违章03,158.64,4711,688,280,848,440,prior_roi,stand,0
违章03/违章03_t158.9_756_stand.jpg,违章03,158.88,4718,688,280,848,440,prior_roi,stand,0
违章03/违章03_t156.1_757_off.jpg,违章03,156.05,4634,935,483,945,494,impostor_outside,off,0
违章03/违章03_t0.2_758_off.jpg,违章03,0.24,7,481,203,494,212,impostor_outside,off,0
违章03/违章03_t142.8_759_off.jpg,违章03,142.85,4242,652,641,693,666,impostor_outside,off,0
违章03/违章03_t9.7_760_off.jpg,违章03,9.66,287,544,143,657,212,impostor_outside,off,0
违章03/违章03_t142.4_761_off.jpg,违章03,142.38,4228,483,605,517,628,impostor_outside,off,0
违章03/违章03_t24.3_762_off.jpg,违章03,24.28,721,1070,128,1082,151,impostor_outside,off,0
违章03/违章03_t28.1_763_off.jpg,违章03,28.05,833,977,460,987,476,impostor_outside,off,0
违章03/违章03_t44.3_764_off.jpg,违章03,44.32,1316,338,167,392,211,impostor_outside,off,0
违章03/违章03_t14.6_765_off.jpg,违章03,14.61,434,523,138,638,191,impostor_outside,off,0
违章03/违章03_t26.2_766_off.jpg,违章03,26.17,777,407,199,490,226,impostor_outside,off,0
违章03/违章03_t16.3_767_off.jpg,违章03,16.26,483,777,116,855,184,impostor_outside,off,0
违章03/违章03_t10.8_768_off.jpg,违章03,10.84,322,543,143,597,161,impostor_outside,off,0
违章03/违章03_t134.6_769_off.jpg,违章03,134.6,3997,1196,177,1209,185,impostor_outside,off,0
违章03/违章03_t3.5_770_off.jpg,违章03,3.54,105,524,82,661,199,impostor_outside,off,0
违章03/违章03_t147.3_771_off.jpg,违章03,147.33,4375,494,340,512,348,impostor_outside,off,0
违章03/违章03_t5.7_772_off.jpg,违章03,5.66,168,1182,69,1193,81,impostor_outside,off,0
违章03/违章03_t142.1_773_off.jpg,违章03,142.14,4221,396,589,460,620,impostor_outside,off,0
违章03/违章03_t8.0_774_off.jpg,违章03,8.01,238,742,132,777,149,impostor_outside,off,0
违章03/违章03_t1.6_775_off.jpg,违章03,1.65,49,492,94,616,135,impostor_outside,off,0
违章03/违章03_t147.1_776_off.jpg,违章03,147.09,4368,495,342,512,352,impostor_outside,off,0
违章03/违章03_t1.9_777_off.jpg,违章03,1.89,56,607,138,625,154,impostor_outside,off,0
违章03/违章03_t2.6_778_off.jpg,违章03,2.59,77,1271,105,1280,118,impostor_outside,off,0
违章03/违章03_t27.8_779_off.jpg,违章03,27.82,826,962,58,982,112,impostor_outside,off,0
违章03/违章03_t10.1_780_off.jpg,违章03,10.14,301,1110,136,1184,184,impostor_outside,off,0
违章03/违章03_t156.5_781_off.jpg,违章03,156.52,4648,1084,101,1095,113,impostor_outside,off,0
违章03/违章03_t151.6_782_off.jpg,违章03,151.57,4501,486,320,503,328,impostor_outside,off,0
违章03/违章03_t153.5_783_off.jpg,违章03,153.46,4557,486,319,507,327,impostor_outside,off,0
违章03/违章03_t155.8_784_off.jpg,违章03,155.81,4627,845,466,860,482,impostor_outside,off,0
违章03/违章03_t5.0_785_off.jpg,违章03,4.95,147,572,130,643,169,impostor_outside,off,0
违章03/违章03_t35.6_786_off.jpg,违章03,35.59,1057,614,188,722,225,impostor_outside,off,0
违章03/违章03_t37.2_787_off.jpg,违章03,37.24,1106,721,150,798,277,impostor_outside,off,0
违章03/违章03_t30.9_788_off.jpg,违章03,30.88,917,1231,124,1250,152,impostor_outside,off,0
违章03/违章03_t15.1_789_off.jpg,违章03,15.09,448,678,153,688,165,impostor_outside,off,0
违章03/违章03_t0.5_790_off.jpg,违章03,0.47,14,1113,32,1121,48,impostor_outside,off,0
违章03/违章03_t5.4_791_off.jpg,违章03,5.42,161,780,83,862,166,impostor_outside,off,0
违章03/违章03_t43.1_792_off.jpg,违章03,43.14,1281,391,50,481,193,impostor_outside,off,0
违章03/违章03_t17.2_793_off.jpg,违章03,17.21,511,1122,137,1191,166,impostor_outside,off,0
违章03/违章03_t15.3_794_off.jpg,违章03,15.32,455,615,143,642,154,impostor_outside,off,0
违章03/违章03_t46.4_795_off.jpg,违章03,46.44,1379,350,85,365,93,impostor_outside,off,0
违章03/违章03_t10.4_796_off.jpg,违章03,10.37,308,1225,112,1234,121,impostor_outside,off,0
违章03/违章03_t150.6_797_off.jpg,违章03,150.63,4473,381,398,404,407,impostor_outside,off,0
违章03/违章03_t0.7_798_off.jpg,违章03,0.71,21,145,135,210,164,impostor_outside,off,0
违章03/违章03_t30.2_799_off.jpg,违章03,30.17,896,497,191,570,226,impostor_outside,off,0
违章03/违章03_t36.1_800_off.jpg,违章03,36.07,1071,691,145,740,175,impostor_outside,off,0
违章03/违章03_t24.5_801_off.jpg,违章03,24.52,728,992,171,1092,220,impostor_outside,off,0
违章03/违章03_t16.0_802_off.jpg,违章03,16.03,476,545,416,561,428,impostor_outside,off,0
违章03/违章03_t15.3_803_off.jpg,违章03,15.32,455,699,161,712,181,impostor_outside,off,0
违章03/违章03_t27.6_804_off.jpg,违章03,27.58,819,1040,141,1049,153,impostor_outside,off,0
违章03/违章03_t5.2_805_off.jpg,违章03,5.19,154,803,79,862,161,impostor_outside,off,0
违章03/违章03_t29.9_806_off.jpg,违章03,29.94,889,1054,165,1108,186,impostor_outside,off,0
违章03/违章03_t15.3_807_off.jpg,违章03,15.32,455,731,141,766,159,impostor_outside,off,0
违章03/违章03_t15.8_808_off.jpg,违章03,15.79,469,359,403,373,413,impostor_outside,off,0
违章03/违章03_t16.3_809_off.jpg,违章03,16.26,483,716,452,733,465,impostor_outside,off,0
违章03/违章03_t35.6_810_off.jpg,违章03,35.59,1057,590,217,631,241,impostor_outside,off,0
违章03/违章03_t23.1_811_off.jpg,违章03,23.1,686,366,200,447,230,impostor_outside,off,0
违章03/违章03_t155.8_812_off.jpg,违章03,155.81,4627,866,463,879,472,impostor_outside,off,0
违章03/违章03_t48.1_813_off.jpg,违章03,48.09,1428,315,50,518,264,impostor_outside,off,0
违章03/违章03_t144.0_814_off.jpg,违章03,144.03,4277,600,609,611,617,impostor_outside,off,0
违章03/违章03_t156.3_815_off.jpg,违章03,156.28,4641,1050,497,1061,512,impostor_outside,off,0
违章03/违章03_t9.4_816_off.jpg,违章03,9.43,280,1136,128,1280,178,impostor_outside,off,0
违章03/违章03_t6.4_817_off.jpg,违章03,6.36,189,592,112,601,129,impostor_outside,off,0
违章03/违章03_t11.6_818_off.jpg,违章03,11.55,343,700,111,714,129,impostor_outside,off,0
违章03/违章03_t30.9_819_off.jpg,违章03,30.88,917,532,192,573,217,impostor_outside,off,0
违章03/违章03_t5.7_820_off.jpg,违章03,5.66,168,285,383,299,393,impostor_outside,off,0
违章03/违章03_t134.1_821_off.jpg,违章03,134.13,3983,1198,157,1211,166,impostor_outside,off,0
违章03/违章03_t35.4_822_off.jpg,违章03,35.36,1050,585,226,722,293,impostor_outside,off,0
违章03/违章03_t30.9_823_off.jpg,违章03,30.88,917,1122,192,1178,216,impostor_outside,off,0
违章03/违章03_t31.6_824_off.jpg,违章03,31.59,938,143,86,156,94,impostor_outside,off,0
违章03/违章03_t134.1_825_off.jpg,违章03,134.13,3983,1002,89,1016,106,impostor_outside,off,0
违章03/违章03_t16.0_826_off.jpg,违章03,16.03,476,522,428,535,437,impostor_outside,off,0
违章03/违章03_t155.8_827_off.jpg,违章03,155.81,4627,881,453,893,466,impostor_outside,off,0
违章03/违章03_t134.4_828_off.jpg,违章03,134.36,3990,1194,176,1208,185,impostor_outside,off,0
违章03/违章03_t28.5_829_off.jpg,违章03,28.52,847,1231,125,1247,147,impostor_outside,off,0
违章03/违章03_t31.4_830_off.jpg,违章03,31.35,931,1160,129,1168,145,impostor_outside,off,0
违章03/违章03_t1.9_831_off.jpg,违章03,1.89,56,601,122,622,148,impostor_outside,off,0
违章03/违章03_t6.6_832_off.jpg,违章03,6.6,196,712,109,721,125,impostor_outside,off,0
违章03/违章03_t28.8_833_off.jpg,违章03,28.76,854,71,194,106,236,impostor_outside,off,0
违章03/违章03_t2.6_834_off.jpg,违章03,2.59,77,1269,118,1280,130,impostor_outside,off,0
违章03/违章03_t0.7_835_off.jpg,违章03,0.71,21,1177,26,1195,48,impostor_outside,off,0
违章03/违章03_t7.8_836_off.jpg,违章03,7.78,231,566,142,621,180,impostor_outside,off,0
违章03/违章03_t43.1_837_off.jpg,违章03,43.14,1281,376,161,384,174,impostor_outside,off,0
违章03/违章03_t4.2_838_off.jpg,违章03,4.24,126,683,127,694,140,impostor_outside,off,0
违章03/违章03_t157.5_839_off.jpg,违章03,157.46,4676,403,259,427,273,impostor_outside,off,0
违章03/违章03_t0.0_840_off.jpg,违章03,0.0,0,1232,63,1280,81,impostor_outside,off,0
违章03/违章03_t6.1_841_off.jpg,违章03,6.13,182,587,399,637,430,impostor_outside,off,0
违章03/违章03_t36.8_842_off.jpg,违章03,36.77,1092,495,162,556,268,impostor_outside,off,0
违章03/违章03_t5.9_843_off.jpg,违章03,5.89,175,1095,101,1280,160,impostor_outside,off,0
违章03/违章03_t17.9_844_off.jpg,违章03,17.92,532,701,176,792,203,impostor_outside,off,0
违章03/违章03_t36.1_845_off.jpg,违章03,36.07,1071,452,223,600,296,impostor_outside,off,0
违章03/违章03_t0.2_846_off.jpg,违章03,0.24,7,0,175,44,200,impostor_outside,off,0
违章03/违章03_t0.5_847_off.jpg,违章03,0.47,14,32,145,91,172,impostor_outside,off,0
违章03/违章03_t0.7_848_off.jpg,违章03,0.71,21,0,131,113,167,impostor_outside,off,0
违章03/违章03_t46.7_849_off.jpg,违章03,46.67,1386,372,84,387,92,impostor_outside,off,0
违章03/违章03_t15.6_850_off.jpg,违章03,15.56,462,545,144,594,160,impostor_outside,off,0
违章03/违章03_t30.6_851_off.jpg,违章03,30.64,910,1093,131,1114,154,impostor_outside,off,0
违章03/违章03_t18.1_852_off.jpg,违章03,18.15,539,1243,103,1258,114,impostor_outside,off,0
违章03/违章03_t16.5_853_off.jpg,违章03,16.5,490,958,170,1011,196,impostor_outside,off,0
违章03/违章03_t3.8_854_off.jpg,违章03,3.77,112,527,115,636,157,impostor_outside,off,0
违章03/违章03_t4.7_855_off.jpg,违章03,4.71,140,738,116,770,134,impostor_outside,off,0
违章03/违章03_t0.7_856_off.jpg,违章03,0.71,21,137,162,158,170,impostor_outside,off,0
违章03/违章03_t36.8_857_off.jpg,违章03,36.77,1092,964,223,1163,325,impostor_outside,off,0
违章03/违章03_t0.5_858_off.jpg,违章03,0.47,14,1230,57,1280,77,impostor_outside,off,0
违章03/违章03_t42.9_859_off.jpg,违章03,42.9,1274,389,162,402,175,impostor_outside,off,0
违章03/违章03_t14.4_860_off.jpg,违章03,14.38,427,1214,130,1280,184,impostor_outside,off,0
违章03/违章03_t16.5_861_off.jpg,违章03,16.5,490,805,117,856,162,impostor_outside,off,0
违章03/违章03_t8.0_862_off.jpg,违章03,8.01,238,710,102,723,127,impostor_outside,off,0
违章03/违章03_t23.3_863_off.jpg,违章03,23.34,693,381,200,461,230,impostor_outside,off,0
违章03/违章03_t6.6_864_off.jpg,违章03,6.6,196,594,112,603,126,impostor_outside,off,0
违章03/违章03_t15.8_865_off.jpg,违章03,15.79,469,698,110,713,135,impostor_outside,off,0
违章03/违章03_t37.0_866_off.jpg,违章03,37.01,1099,604,157,676,273,impostor_outside,off,0
违章03/违章03_t6.1_867_off.jpg,违章03,6.13,182,1185,71,1194,86,impostor_outside,off,0
违章03/违章03_t5.4_868_off.jpg,违章03,5.42,161,707,147,722,160,impostor_outside,off,0
违章03/违章03_t30.6_869_off.jpg,违章03,30.64,910,520,192,573,221,impostor_outside,off,0
违章03/违章03_t25.9_870_off.jpg,违章03,25.93,770,1052,141,1062,150,impostor_outside,off,0
违章03/违章03_t9.0_871_off.jpg,违章03,8.96,266,387,354,403,364,impostor_outside,off,0
违章03/违章03_t0.2_872_off.jpg,违章03,0.24,7,1231,61,1280,79,impostor_outside,off,0
违章03/违章03_t153.2_873_off.jpg,违章03,153.22,4550,391,395,400,404,impostor_outside,off,0
违章03/违章03_t27.3_874_off.jpg,违章03,27.34,812,383,390,401,400,impostor_outside,off,0
违章03/违章03_t0.9_875_off.jpg,违章03,0.94,28,240,127,348,172,impostor_outside,off,0
违章03/违章03_t5.0_876_off.jpg,违章03,4.95,147,685,131,697,147,impostor_outside,off,0
违章03/违章03_t30.6_877_off.jpg,违章03,30.64,910,1105,179,1178,216,impostor_outside,off,0
违章03/违章03_t3.8_878_off.jpg,违章03,3.77,112,619,109,648,124,impostor_outside,off,0
违章03/违章03_t26.4_879_off.jpg,违章03,26.4,784,400,194,494,226,impostor_outside,off,0
违章03/违章03_t58.7_880_off.jpg,违章03,58.7,1743,299,106,348,163,impostor_outside,off,0
违章03/违章03_t71.2_881_off.jpg,违章03,71.19,2114,297,163,306,172,impostor_outside,off,0
违章03/违章03_t46.0_882_off.jpg,违章03,45.97,1365,306,212,373,249,impostor_outside,off,0
违章03/违章03_t2.4_883_off.jpg,违章03,2.36,70,682,101,899,169,impostor_outside,off,0
违章03/违章03_t134.8_884_off.jpg,违章03,134.83,4004,367,436,386,445,impostor_outside,off,0
违章03/违章03_t5.0_885_off.jpg,违章03,4.95,147,707,140,721,162,impostor_outside,off,0
违章03/违章03_t15.6_886_off.jpg,违章03,15.56,462,617,171,631,182,impostor_outside,off,0
违章03/违章03_t14.4_887_off.jpg,违章03,14.38,427,480,158,503,176,impostor_outside,off,0
违章03/违章03_t30.4_888_off.jpg,违章03,30.41,903,1091,133,1114,155,impostor_outside,off,0
违章03/违章03_t33.9_889_off.jpg,违章03,33.94,1008,1230,125,1249,151,impostor_outside,off,0
违章03/违章03_t14.1_890_off.jpg,违章03,14.14,420,1150,129,1280,182,impostor_outside,off,0
违章03/违章03_t155.3_891_off.jpg,违章03,155.34,4613,701,450,724,463,impostor_outside,off,0
违章03/违章03_t39.1_892_off.jpg,违章03,39.13,1162,1155,559,1280,662,impostor_outside,off,0
违章03/违章03_t5.7_893_off.jpg,违章03,5.66,168,785,97,862,156,impostor_outside,off,0
违章03/违章03_t4.5_894_off.jpg,违章03,4.48,133,747,112,770,126,impostor_outside,off,0
违章03/违章03_t41.5_895_off.jpg,违章03,41.49,1232,388,161,405,177,impostor_outside,off,0
违章03/违章03_t25.9_896_off.jpg,违章03,25.93,770,1109,132,1128,148,impostor_outside,off,0
违章03/违章03_t28.1_897_off.jpg,违章03,28.05,833,1072,168,1093,179,impostor_outside,off,0
违章03/违章03_t153.7_898_off.jpg,违章03,153.69,4564,498,319,508,328,impostor_outside,off,0
违章03/违章03_t16.0_899_off.jpg,违章03,16.03,476,770,114,854,184,impostor_outside,off,0
违章03/违章03_t3.5_900_off.jpg,违章03,3.54,105,1222,84,1280,113,impostor_outside,off,0
违章03/违章03_t32.1_901_off.jpg,违章03,32.06,952,1185,161,1207,171,impostor_outside,off,0
违章03/违章03_t32.8_902_off.jpg,违章03,32.77,973,1229,122,1252,146,impostor_outside,off,0
违章03/违章03_t2.6_903_off.jpg,违章03,2.59,77,512,86,632,123,impostor_outside,off,0
违章03/违章03_t16.3_904_off.jpg,违章03,16.26,483,719,44,740,90,impostor_outside,off,0
违章03/违章03_t15.8_905_off.jpg,违章03,15.79,469,385,395,397,403,impostor_outside,off,0
违章03/违章03_t23.6_906_off.jpg,违章03,23.57,700,392,200,482,230,impostor_outside,off,0
违章03/违章03_t155.1_907_off.jpg,违章03,155.11,4606,643,441,655,450,impostor_outside,off,0
违章03/违章03_t15.1_908_off.jpg,违章03,15.09,448,699,161,712,182,impostor_outside,off,0
违章03/违章03_t23.6_909_off.jpg,违章03,23.57,700,898,146,939,183,impostor_outside,off,0
违章03/违章03_t42.0_910_off.jpg,违章03,41.96,1246,364,162,377,176,impostor_outside,off,0
违章03/违章03_t31.6_911_off.jpg,违章03,31.59,938,1229,124,1250,146,impostor_outside,off,0
违章03/违章03_t4.0_912_off.jpg,违章03,4.01,119,529,120,639,160,impostor_outside,off,0
违章03/违章03_t22.6_913_off.jpg,违章03,22.63,672,332,200,405,229,impostor_outside,off,0
违章03/违章03_t9.7_914_off.jpg,违章03,9.66,287,1232,129,1254,142,impostor_outside,off,0
违章03/违章03_t79.7_939_walk.jpg,违章03,79.67,2366,689,280,849,440,prior_roi,walk,0
违章03/违章03_t92.9_995_walk.jpg,违章03,92.88,2758,688,279,848,439,prior_roi,walk,0
违章03/违章03_t93.1_996_walk.jpg,违章03,93.11,2765,686,284,846,444,prior_roi,walk,0
违章03/违章03_t93.3_997_walk.jpg,违章03,93.35,2772,676,275,836,435,prior_roi,walk,0
违章03/违章03_t93.6_998_walk.jpg,违章03,93.58,2779,694,270,854,430,prior_roi,walk,0
违章03/违章03_t93.8_999_walk.jpg,违章03,93.82,2786,691,271,851,431,prior_roi,walk,0
违章03/违章03_t94.0_1000_walk.jpg,违章03,94.05,2793,687,281,847,441,prior_roi,walk,0
违章03/违章03_t94.3_1001_walk.jpg,违章03,94.29,2800,700,287,860,447,prior_roi,walk,0
违章03/违章03_t94.5_1002_walk.jpg,违章03,94.53,2807,683,285,843,445,prior_roi,walk,0
违章03/违章03_t94.8_1003_walk.jpg,违章03,94.76,2814,676,284,836,444,prior_roi,walk,0
违章03/违章03_t95.0_1004_walk.jpg,违章03,95.0,2821,692,271,852,431,prior_roi,walk,0
违章03/违章03_t95.2_1005_walk.jpg,违章03,95.23,2828,677,286,837,446,prior_roi,walk,0
违章03/违章03_t95.5_1006_walk.jpg,违章03,95.47,2835,687,269,847,429,prior_roi,walk,0
违章03/违章03_t95.7_1007_walk.jpg,违章03,95.7,2842,687,273,847,433,prior_roi,walk,0
违章03/违章03_t95.9_1008_walk.jpg,违章03,95.94,2849,686,276,846,436,prior_roi,walk,0
违章03/违章03_t96.2_1009_walk.jpg,违章03,96.18,2856,691,283,851,443,prior_roi,walk,0
违章03/违章03_t96.4_1010_walk.jpg,违章03,96.41,2863,700,281,860,441,prior_roi,walk,0
违章03/违章03_t96.7_1011_walk.jpg,违章03,96.65,2870,676,288,836,448,prior_roi,walk,0
违章03/违章03_t96.9_1012_walk.jpg,违章03,96.88,2877,700,275,860,435,prior_roi,walk,0
违章03/违章03_t97.1_1013_walk.jpg,违章03,97.12,2884,696,288,856,448,prior_roi,walk,0
违章03/违章03_t97.3_1014_walk.jpg,违章03,97.35,2891,691,291,851,451,prior_roi,walk,0
违章03/违章03_t97.6_1015_walk.jpg,违章03,97.59,2898,699,279,859,439,prior_roi,walk,0
违章03/违章03_t97.8_1016_walk.jpg,违章03,97.83,2905,697,291,857,451,prior_roi,walk,0
违章03/违章03_t98.1_1017_walk.jpg,违章03,98.06,2912,681,269,841,429,prior_roi,walk,0
违章03/违章03_t98.3_1018_walk.jpg,违章03,98.3,2919,700,291,860,451,prior_roi,walk,0
违章03/违章03_t98.5_1019_walk.jpg,违章03,98.53,2926,691,284,851,444,prior_roi,walk,0
违章03/违章03_t98.8_1020_walk.jpg,违章03,98.77,2933,697,273,857,433,prior_roi,walk,0
违章03/违章03_t99.0_1021_walk.jpg,违章03,99.0,2940,688,290,848,450,prior_roi,walk,0
违章03/违章03_t99.2_1022_walk.jpg,违章03,99.24,2947,685,289,845,449,prior_roi,walk,0
违章03/违章03_t99.5_1023_walk.jpg,违章03,99.48,2954,694,283,854,443,prior_roi,walk,0
违章03/违章03_t99.7_1024_walk.jpg,违章03,99.71,2961,682,268,842,428,prior_roi,walk,0
违章03/违章03_t100.0_1025_walk.jpg,违章03,99.95,2968,698,282,858,442,prior_roi,walk,0
违章03/违章03_t100.2_1026_walk.jpg,违章03,100.18,2975,695,287,855,447,prior_roi,walk,0
违章03/违章03_t100.4_1027_walk.jpg,违章03,100.42,2982,697,273,857,433,prior_roi,walk,0
违章03/违章03_t100.7_1028_walk.jpg,违章03,100.65,2989,695,282,855,442,prior_roi,walk,0
违章03/违章03_t100.9_1029_walk.jpg,违章03,100.89,2996,686,286,846,446,prior_roi,walk,0
违章03/违章03_t101.1_1030_walk.jpg,违章03,101.13,3003,686,281,846,441,prior_roi,walk,0
违章03/违章03_t101.4_1031_walk.jpg,违章03,101.36,3010,694,292,854,452,prior_roi,walk,0
违章03/违章03_t102.3_1035_walk.jpg,违章03,102.3,3038,687,280,847,440,prior_roi,walk,0
违章03/违章03_t102.5_1036_walk.jpg,违章03,102.54,3045,685,275,845,435,prior_roi,walk,0
违章03/违章03_t102.8_1037_walk.jpg,违章03,102.78,3052,682,276,842,436,prior_roi,walk,0
违章03/违章03_t103.0_1038_walk.jpg,违章03,103.01,3059,683,285,843,445,prior_roi,walk,0
违章03/违章03_t103.2_1039_walk.jpg,违章03,103.25,3066,694,279,854,439,prior_roi,walk,0
违章03/违章03_t103.5_1040_walk.jpg,违章03,103.48,3073,690,275,850,435,prior_roi,walk,0
违章03/违章03_t103.7_1041_walk.jpg,违章03,103.72,3080,695,278,855,438,prior_roi,walk,0
违章03/违章03_t104.0_1042_walk.jpg,违章03,103.95,3087,695,288,855,448,prior_roi,walk,0
违章03/违章03_t104.2_1043_walk.jpg,违章03,104.19,3094,680,278,840,438,prior_roi,walk,0
违章03/违章03_t104.4_1044_walk.jpg,违章03,104.43,3101,683,272,843,432,prior_roi,walk,0
违章03/违章03_t104.7_1045_walk.jpg,违章03,104.66,3108,700,276,860,436,prior_roi,walk,0
违章03/违章03_t104.9_1046_walk.jpg,违章03,104.9,3115,693,273,853,433,prior_roi,walk,0
违章03/违章03_t105.1_1047_walk.jpg,违章03,105.13,3122,693,290,853,450,prior_roi,walk,0
违章03/违章03_t105.4_1048_walk.jpg,违章03,105.37,3129,698,287,858,447,prior_roi,walk,0
违章03/违章03_t105.6_1049_walk.jpg,违章03,105.6,3136,679,282,839,442,prior_roi,walk,0
违章03/违章03_t105.8_1050_walk.jpg,违章03,105.84,3143,691,274,851,434,prior_roi,walk,0
违章03/违章03_t106.1_1051_walk.jpg,违章03,106.08,3150,698,273,858,433,prior_roi,walk,0
违章03/违章03_t106.3_1052_walk.jpg,违章03,106.31,3157,695,279,855,439,prior_roi,walk,0
违章03/违章03_t106.5_1053_walk.jpg,违章03,106.55,3164,695,275,855,435,prior_roi,walk,0
违章03/违章03_t106.8_1054_walk.jpg,违章03,106.78,3171,698,270,858,430,prior_roi,walk,0
违章03/违章03_t107.0_1055_walk.jpg,违章03,107.02,3178,693,283,853,443,prior_roi,walk,0
违章03/违章03_t107.2_1056_walk.jpg,违章03,107.25,3185,682,277,842,437,prior_roi,walk,0
违章03/违章03_t107.5_1057_walk.jpg,违章03,107.49,3192,688,276,848,436,prior_roi,walk,0
违章03/违章03_t107.7_1058_walk.jpg,违章03,107.73,3199,692,274,852,434,prior_roi,walk,0
违章03/违章03_t108.0_1059_walk.jpg,违章03,107.96,3206,687,281,847,441,prior_roi,walk,0
违章03/违章03_t108.2_1060_walk.jpg,违章03,108.2,3213,686,291,846,451,prior_roi,walk,0
违章03/违章03_t108.4_1061_walk.jpg,违章03,108.43,3220,676,269,836,429,prior_roi,walk,0
违章03/违章03_t108.7_1062_walk.jpg,违章03,108.67,3227,682,274,842,434,prior_roi,walk,0
违章03/违章03_t108.9_1063_walk.jpg,违章03,108.9,3234,695,273,855,433,prior_roi,walk,0
违章03/违章03_t109.1_1064_walk.jpg,违章03,109.14,3241,693,282,853,442,prior_roi,walk,0
违章03/违章03_t109.4_1065_walk.jpg,违章03,109.38,3248,678,276,838,436,prior_roi,walk,0
违章03/违章03_t109.6_1066_walk.jpg,违章03,109.61,3255,692,277,852,437,prior_roi,walk,0
违章03/违章03_t109.8_1067_walk.jpg,违章03,109.85,3262,698,283,858,443,prior_roi,walk,0
违章03/违章03_t110.1_1068_walk.jpg,违章03,110.08,3269,689,278,849,438,prior_roi,walk,0
违章03/违章03_t110.3_1069_walk.jpg,违章03,110.32,3276,697,291,857,451,prior_roi,walk,0
违章03/违章03_t110.5_1070_walk.jpg,违章03,110.55,3283,698,290,858,450,prior_roi,walk,0
违章03/违章03_t110.8_1071_walk.jpg,违章03,110.79,3290,688,269,848,429,prior_roi,walk,0
违章04/违章04_t0.0_0_stand.jpg,违章04,0.0,0,1003,52,1223,272,prior_roi,stand,0
违章04/违章04_t0.2_1_stand.jpg,违章04,0.24,7,1003,52,1223,272,prior_roi,stand,0
违章04/违章04_t0.5_2_stand.jpg,违章04,0.47,14,1003,52,1223,272,prior_roi,stand,0
违章04/违章04_t0.7_3_stand.jpg,违章04,0.71,21,1003,52,1223,272,prior_roi,stand,0
违章04/违章04_t0.9_4_stand.jpg,违章04,0.94,28,1003,52,1223,272,prior_roi,stand,0
违章04/违章04_t1.2_5_stand.jpg,违章04,1.18,35,1003,52,1223,272,prior_roi,stand,0
违章04/违章04_t1.4_6_stand.jpg,违章04,1.41,42,1003,52,1223,272,prior_roi,stand,0
违章04/违章04_t1.6_7_stand.jpg,违章04,1.65,49,1003,52,1223,272,prior_roi,stand,0
违章04/违章04_t1.9_8_stand.jpg,违章04,1.89,56,1003,52,1223,272,prior_roi,stand,0
违章04/违章04_t2.1_9_stand.jpg,违章04,2.12,63,1003,52,1223,272,prior_roi,stand,0
违章04/违章04_t2.4_10_stand.jpg,违章04,2.36,70,1003,52,1223,272,prior_roi,stand,0
违章04/违章04_t2.6_11_stand.jpg,违章04,2.59,77,1003,52,1223,272,prior_roi,stand,0
违章04/违章04_t2.8_12_stand.jpg,违章04,2.83,84,1003,52,1223,272,prior_roi,stand,0
违章04/违章04_t3.1_13_stand.jpg,违章04,3.06,91,1003,52,1223,272,prior_roi,stand,0
违章04/违章04_t3.3_14_stand.jpg,违章04,3.3,98,1003,52,1223,272,prior_roi,stand,0
违章04/违章04_t3.5_15_stand.jpg,违章04,3.54,105,1003,52,1223,272,prior_roi,stand,0
违章04/违章04_t3.8_16_stand.jpg,违章04,3.77,112,1003,52,1223,272,prior_roi,stand,0
违章04/违章04_t3.8_17_off.jpg,违章04,3.77,112,1003,52,1223,272,impostor,stand,1
违章04/违章04_t4.0_18_stand.jpg,违章04,4.01,119,1003,52,1223,272,prior_roi,stand,0
违章04/违章04_t4.0_19_off.jpg,违章04,4.01,119,1003,52,1223,272,impostor,stand,1
违章04/违章04_t4.2_20_stand.jpg,违章04,4.24,126,1003,52,1223,272,prior_roi,stand,0
违章04/违章04_t4.2_21_off.jpg,违章04,4.24,126,1003,52,1223,272,impostor,stand,1
违章04/违章04_t4.5_22_stand.jpg,违章04,4.48,133,1003,52,1223,272,prior_roi,stand,0
违章04/违章04_t4.7_23_stand.jpg,违章04,4.71,140,1003,52,1223,272,prior_roi,stand,0
违章04/违章04_t5.0_24_stand.jpg,违章04,4.95,147,1003,52,1223,272,prior_roi,stand,0
违章04/违章04_t5.2_25_stand.jpg,违章04,5.19,154,1003,52,1223,272,prior_roi,stand,0
违章04/违章04_t5.4_26_stand.jpg,违章04,5.42,161,1003,52,1223,272,prior_roi,stand,0
违章04/违章04_t5.7_27_stand.jpg,违章04,5.66,168,1003,52,1223,272,prior_roi,stand,0
违章04/违章04_t5.9_28_stand.jpg,违章04,5.89,175,1003,52,1223,272,prior_roi,stand,0
违章04/违章04_t5.9_29_off.jpg,违章04,5.89,175,1404,779,1624,999,prior_off,off,0
违章04/违章04_t6.1_30_stand.jpg,违章04,6.13,182,1003,52,1223,272,prior_roi,stand,0
违章04/违章04_t6.8_33_stand.jpg,违章04,6.84,203,1003,52,1223,272,prior_roi,stand,0
违章04/违章04_t7.1_34_stand.jpg,违章04,7.07,210,1003,52,1223,272,prior_roi,stand,0
违章04/违章04_t7.3_35_stand.jpg,违章04,7.31,217,1003,52,1223,272,prior_roi,stand,0
违章04/违章04_t7.5_36_stand.jpg,违章04,7.54,224,1003,52,1223,272,prior_roi,stand,0
违章04/违章04_t7.8_37_stand.jpg,违章04,7.78,231,1003,52,1223,272,prior_roi,stand,0
违章04/违章04_t8.0_38_stand.jpg,违章04,8.01,238,1003,52,1223,272,prior_roi,stand,0
违章04/违章04_t8.2_39_stand.jpg,违章04,8.25,245,1003,52,1223,272,prior_roi,stand,0
违章04/违章04_t8.5_40_stand.jpg,违章04,8.49,252,1003,52,1223,272,prior_roi,stand,0
违章04/违章04_t8.7_41_stand.jpg,违章04,8.72,259,1003,52,1223,272,prior_roi,stand,0
违章04/违章04_t9.0_42_stand.jpg,违章04,8.96,266,1003,52,1223,272,prior_roi,stand,0
违章04/违章04_t9.2_43_stand.jpg,违章04,9.19,273,1003,52,1223,272,prior_roi,stand,0
违章04/违章04_t9.4_44_stand.jpg,违章04,9.43,280,1003,52,1223,272,prior_roi,stand,0
违章04/违章04_t9.7_45_stand.jpg,违章04,9.66,287,1003,52,1223,272,prior_roi,stand,0
违章04/违章04_t9.9_46_stand.jpg,违章04,9.9,294,1003,52,1223,272,prior_roi,stand,0
违章04/违章04_t10.1_47_stand.jpg,违章04,10.14,301,1003,52,1223,272,prior_roi,stand,0
违章04/违章04_t10.4_48_stand.jpg,违章04,10.37,308,1003,52,1223,272,prior_roi,stand,0
违章04/违章04_t10.6_49_stand.jpg,违章04,10.61,315,1003,52,1223,272,prior_roi,stand,0
违章04/违章04_t10.8_50_stand.jpg,违章04,10.84,322,1003,52,1223,272,prior_roi,stand,0
违章04/违章04_t11.1_51_stand.jpg,违章04,11.08,329,1003,52,1223,272,prior_roi,stand,0
违章04/违章04_t11.3_52_stand.jpg,违章04,11.31,336,1003,52,1223,272,prior_roi,stand,0
违章04/违章04_t11.6_53_stand.jpg,违章04,11.55,343,1003,52,1223,272,prior_roi,stand,0
违章04/违章04_t11.8_54_stand.jpg,违章04,11.79,350,1003,52,1223,272,prior_roi,stand,0
违章04/违章04_t12.0_55_stand.jpg,违章04,12.02,357,1003,52,1223,272,prior_roi,stand,0
违章04/违章04_t12.3_56_stand.jpg,违章04,12.26,364,1003,52,1223,272,prior_roi,stand,0
违章04/违章04_t12.5_57_stand.jpg,违章04,12.49,371,1003,52,1223,272,prior_roi,stand,0
违章04/违章04_t12.5_58_off.jpg,违章04,12.49,371,922,408,1142,628,prior_off,off,0
违章04/违章04_t12.7_59_stand.jpg,违章04,12.73,378,1003,52,1223,272,prior_roi,stand,0
违章04/违章04_t13.0_60_stand.jpg,违章04,12.96,385,1003,52,1223,272,prior_roi,stand,0
违章04/违章04_t13.2_61_stand.jpg,违章04,13.2,392,1003,52,1223,272,prior_roi,stand,0
违章04/违章04_t13.4_62_stand.jpg,违章04,13.44,399,1003,52,1223,272,prior_roi,stand,0
违章04/违章04_t13.7_63_stand.jpg,违章04,13.67,406,1003,52,1223,272,prior_roi,stand,0
违章04/违章04_t13.9_64_stand.jpg,违章04,13.91,413,1003,52,1223,272,prior_roi,stand,0
违章04/违章04_t14.8_69_off.jpg,违章04,14.85,441,165,113,385,333,prior_off,off,0
违章04/违章04_t15.3_72_off.jpg,违章04,15.32,455,134,413,354,633,prior_off,off,0
违章04/违章04_t15.6_74_off.jpg,违章04,15.56,462,501,127,721,347,prior_off,off,0
违章04/违章04_t17.0_80_stand.jpg,违章04,16.97,504,1003,52,1223,272,prior_roi,stand,0
违章04/违章04_t17.2_81_stand.jpg,违章04,17.21,511,1003,52,1223,272,prior_roi,stand,0
违章04/违章04_t17.4_82_stand.jpg,违章04,17.44,518,1003,52,1223,272,prior_roi,stand,0
违章04/违章04_t17.7_83_stand.jpg,违章04,17.68,525,1003,52,1223,272,prior_roi,stand,0
违章04/违章04_t17.9_84_stand.jpg,违章04,17.91,532,1003,52,1223,272,prior_roi,stand,0
违章04/违章04_t25.2_116_off.jpg,违章04,25.22,749,1074,447,1294,667,prior_off,off,0
违章04/违章04_t33.0_150_off.jpg,违章04,33.0,980,553,720,773,940,prior_off,off,0
违章04/违章04_t34.2_156_off.jpg,违章04,34.18,1015,1003,52,1223,272,impostor,off,0
违章04/违章04_t34.6_159_off.jpg,违章04,34.65,1029,1003,52,1223,272,impostor,off,0
违章04/违章04_t34.6_160_off.jpg,违章04,34.65,1029,344,399,564,619,prior_off,off,0
违章04/违章04_t38.9_178_stand.jpg,违章04,38.89,1155,1003,52,1223,272,prior_roi,stand,0
违章04/违章04_t38.9_179_off.jpg,违章04,38.89,1155,433,448,653,668,prior_off,off,0
违章04/违章04_t39.1_180_stand.jpg,违章04,39.13,1162,1003,52,1223,272,prior_roi,stand,0
违章04/违章04_t39.4_181_stand.jpg,违章04,39.37,1169,1003,52,1223,272,prior_roi,stand,0
违章04/违章04_t39.6_182_stand.jpg,违章04,39.6,1176,1003,52,1223,272,prior_roi,stand,0
违章04/违章04_t39.8_183_stand.jpg,违章04,39.84,1183,1003,52,1223,272,prior_roi,stand,0
违章04/违章04_t40.1_184_stand.jpg,违章04,40.07,1190,1003,52,1223,272,prior_roi,stand,0
违章04/违章04_t40.3_185_stand.jpg,违章04,40.31,1197,1003,52,1223,272,prior_roi,stand,0
违章04/违章04_t40.5_186_stand.jpg,违章04,40.54,1204,1003,52,1223,272,prior_roi,stand,0
违章04/违章04_t40.8_187_stand.jpg,违章04,40.78,1211,1003,52,1223,272,prior_roi,stand,0
违章04/违章04_t40.8_188_off.jpg,违章04,40.78,1211,1003,52,1223,272,impostor,off,0
违章04/违章04_t41.0_189_stand.jpg,违章04,41.02,1218,1003,52,1223,272,prior_roi,stand,0
违章04/违章04_t41.2_190_stand.jpg,违章04,41.25,1225,1003,52,1223,272,prior_roi,stand,0
违章04/违章04_t41.5_191_stand.jpg,违章04,41.49,1232,1003,52,1223,272,prior_roi,stand,0
违章04/违章04_t42.2_192_off.jpg,违章04,42.19,1253,1003,52,1223,272,impostor,off,0
违章04/违章04_t42.4_193_walk.jpg,违章04,42.43,1260,1003,52,1223,272,prior_roi,walk,0
违章04/违章04_t42.4_194_off.jpg,违章04,42.43,1260,736,200,956,420,prior_off,off,0
违章04/违章04_t29.2_198_off.jpg,违章04,29.23,868,339,278,367,297,impostor_outside,off,0
违章04/违章04_t16.0_199_off.jpg,违章04,16.03,476,166,272,181,280,impostor_outside,off,0
违章04/违章04_t15.6_200_off.jpg,违章04,15.56,462,883,657,950,708,impostor_outside,off,0
违章04/违章04_t24.5_201_off.jpg,违章04,24.51,728,1323,262,1358,329,impostor_outside,stand,1
违章04/违章04_t20.5_202_off.jpg,违章04,20.51,609,1316,257,1352,324,impostor_outside,stand,1
违章04/违章04_t13.7_203_off.jpg,违章04,13.67,406,18,623,32,631,impostor_outside,off,0
违章04/违章04_t16.3_204_off.jpg,违章04,16.26,483,342,250,352,266,impostor_outside,off,0
违章04/违章04_t33.5_205_off.jpg,违章04,33.47,994,434,266,499,293,impostor_outside,off,0
违章04/违章04_t32.5_206_off.jpg,违章04,32.53,966,68,321,76,337,impostor_outside,off,0
违章04/违章04_t18.4_207_off.jpg,违章04,18.39,546,4,309,12,325,impostor_outside,off,0
违章04/违章04_t5.0_208_off.jpg,违章04,4.95,147,851,375,897,470,impostor_outside,off,0
违章04/违章04_t34.9_209_off.jpg,违章04,34.89,1036,423,227,512,261,impostor_outside,off,0
违章04/违章04_t41.5_210_off.jpg,违章04,41.49,1232,1399,267,1439,314,impostor_outside,stand,1
违章04/违章04_t10.8_211_off.jpg,违章04,10.84,322,245,414,385,506,impostor_outside,off,0
违章04/违章04_t29.7_212_off.jpg,违章04,29.7,882,456,458,474,471,impostor_outside,off,0
违章04/违章04_t12.3_213_off.jpg,违章04,12.26,364,318,233,344,251,impostor_outside,off,0
违章04/违章04_t12.5_214_off.jpg,违章04,12.49,371,1478,153,1628,265,impostor_outside,off,0
违章04/违章04_t36.3_215_off.jpg,违章04,36.3,1078,363,183,456,215,impostor_outside,off,0
违章04/违章04_t23.1_216_off.jpg,违章04,23.1,686,74,370,132,394,impostor_outside,off,0
违章04/违章04_t5.9_217_off.jpg,违章04,5.89,175,0,455,24,469,impostor_outside,off,0
违章04/违章04_t2.8_218_off.jpg,违章04,2.83,84,692,383,729,471,impostor_outside,off,0
违章04/违章04_t42.2_219_off.jpg,违章04,42.19,1253,41,437,154,505,impostor_outside,off,0
违章04/违章04_t11.1_220_off.jpg,违章04,11.08,329,0,232,189,328,impostor_outside,off,0
违章04/违章04_t24.0_221_off.jpg,违章04,24.04,714,74,373,100,387,impostor_outside,off,0
违章04/违章04_t42.2_222_off.jpg,违章04,42.19,1253,1407,301,1424,328,impostor_outside,off,0
违章04/违章04_t23.8_223_off.jpg,违章04,23.81,707,73,371,131,390,impostor_outside,off,0
违章04/违章04_t41.0_224_off.jpg,违章04,41.02,1218,253,202,348,238,impostor_outside,off,0
违章04/违章04_t30.2_225_off.jpg,违章04,30.17,896,54,369,107,392,impostor_outside,off,0
违章04/违章04_t16.5_226_off.jpg,违章04,16.5,490,35,342,53,365,impostor_outside,off,0
违章04/违章04_t22.6_227_off.jpg,违章04,22.63,672,36,327,44,345,impostor_outside,off,0
违章04/违章04_t13.9_228_off.jpg,违章04,13.91,413,151,613,169,623,impostor_outside,off,0
违章04/违章04_t42.0_229_off.jpg,违章04,41.96,1246,728,255,753,280,impostor_outside,off,0
违章04/违章04_t38.7_230_off.jpg,违章04,38.66,1148,1538,182,1600,201,impostor_outside,off,0
违章04/违章04_t16.3_231_off.jpg,违章04,16.26,483,1180,701,1354,818,impostor_outside,off,0
违章04/违章04_t22.9_232_off.jpg,违章04,22.86,679,844,408,879,421,impostor_outside,off,0
违章04/违章04_t0.7_233_off.jpg,违章04,0.71,21,1251,381,1284,420,impostor_outside,off,0
违章04/违章04_t16.0_234_off.jpg,违章04,16.03,476,330,249,351,274,impostor_outside,off,0
违章04/违章04_t18.1_235_off.jpg,违章04,18.15,539,792,394,815,404,impostor_outside,off,0
违章04/违章04_t11.8_236_off.jpg,违章04,11.79,350,144,266,171,275,impostor_outside,off,0
违章04/违章04_t24.8_237_off.jpg,违章04,24.75,735,75,375,133,398,impostor_outside,off,0
违章04/违章04_t34.6_238_off.jpg,违章04,34.65,1029,73,787,204,885,impostor_outside,off,0
违章04/违章04_t41.7_239_off.jpg,违章04,41.72,1239,759,245,825,275,impostor_outside,off,0
违章04/违章04_t24.0_240_off.jpg,违章04,24.04,714,1323,258,1359,327,impostor_outside,stand,1
违章04/违章04_t5.9_241_off.jpg,违章04,5.89,175,970,343,984,356,impostor_outside,off,0
违章04/违章04_t10.1_242_off.jpg,违章04,10.14,301,248,409,384,499,impostor_outside,off,0
违章04/违章04_t33.9_243_off.jpg,违章04,33.94,1008,431,258,511,290,impostor_outside,off,0
违章04/违章04_t9.0_244_off.jpg,违章04,8.96,266,0,240,69,311,impostor_outside,off,0
违章04/违章04_t29.0_245_off.jpg,违章04,28.99,861,168,757,266,832,impostor_outside,off,0
违章04/违章04_t28.5_246_off.jpg,违章04,28.52,847,797,419,814,433,impostor_outside,off,0
违章04/违章04_t23.6_247_off.jpg,违章04,23.57,700,813,412,832,422,impostor_outside,off,0
违章04/违章04_t30.6_248_off.jpg,违章04,30.64,910,642,1046,677,1080,impostor_outside,off,0
违章04/违章04_t1.6_249_off.jpg,违章04,1.65,49,205,409,354,488,impostor_outside,off,0
违章04/违章04_t22.9_250_off.jpg,违章04,22.86,679,75,370,133,394,impostor_outside,off,0
违章04/违章04_t20.5_251_off.jpg,违章04,20.51,609,0,263,240,359,impostor_outside,off,0
违章04/违章04_t11.3_252_off.jpg,违章04,11.31,336,0,233,194,328,impostor_outside,off,0
违章04/违章04_t15.3_253_off.jpg,违章04,15.32,455,825,381,849,394,impostor_outside,off,0
违章04/违章04_t23.3_254_off.jpg,违章04,23.34,693,0,274,245,371,impostor_outside,off,0
违章04/违章04_t38.9_255_off.jpg,违章04,38.89,1155,296,186,306,201,impostor_outside,off,0
违章04/违章04_t20.5_256_off.jpg,违章04,20.51,609,27,315,35,331,impostor_outside,off,0
违章04/违章04_t33.9_257_off.jpg,违章04,33.94,1008,48,339,68,357,impostor_outside,off,0
违章04/违章04_t28.1_258_off.jpg,违章04,28.05,833,359,288,368,303,impostor_outside,off,0
违章04/违章04_t23.3_259_off.jpg,违章04,23.34,693,372,445,499,496,impostor_outside,off,0
违章04/违章04_t32.3_260_off.jpg,违章04,32.29,959,786,422,802,465,impostor_outside,off,0
违章04/违章04_t38.7_261_off.jpg,违章04,38.66,1148,1562,254,1609,287,impostor_outside,off,0
违章04/违章04_t39.8_262_off.jpg,违章04,39.84,1183,1560,262,1577,284,impostor_outside,off,0
违章04/违章04_t14.4_263_off.jpg,违章04,14.38,427,316,632,417,672,impostor_outside,off,0
违章04/违章04_t41.2_264_off.jpg,违章04,41.25,1225,332,530,427,611,impostor_outside,off,0
违章04/违章04_t39.4_265_off.jpg,违章04,39.37,1169,275,187,358,217,impostor_outside,off,0
违章04/违章04_t30.6_266_off.jpg,违章04,30.64,910,180,741,278,817,impostor_outside,off,0
违章04/违章04_t19.6_267_off.jpg,违章04,19.56,581,867,667,962,730,impostor_outside,off,0
违章04/违章04_t27.1_268_off.jpg,违章04,27.11,805,191,312,210,321,impostor_outside,off,0
违章04/违章04_t11.8_269_off.jpg,违章04,11.79,350,334,241,343,258,impostor_outside,off,0
违章04/违章04_t22.6_270_off.jpg,违章04,22.63,672,359,271,443,303,impostor_outside,off,0
违章04/违章04_t24.3_271_off.jpg,违章04,24.28,721,1321,260,1358,328,impostor_outside,stand,1
违章04/违章04_t27.3_272_off.jpg,违章04,27.34,812,170,829,195,840,impostor_outside,off,0
违章04/违章04_t10.8_273_off.jpg,违章04,10.84,322,7,328,68,352,impostor_outside,off,0
违章04/违章04_t29.7_274_off.jpg,违章04,29.7,882,301,790,310,799,impostor_outside,off,0
违章04/违章04_t15.3_275_off.jpg,违章04,15.32,455,746,650,823,699,impostor_outside,off,0
违章04/违章04_t33.7_276_off.jpg,违章04,33.71,1001,164,820,276,896,impostor_outside,off,0
违章04/违章04_t2.4_277_off.jpg,违章04,2.36,70,486,388,616,475,impostor_outside,off,0
违章04/违章04_t30.6_278_off.jpg,违章04,30.64,910,0,269,229,365,impostor_outside,off,0
违章04/违章04_t33.7_279_off.jpg,违章04,33.71,1001,42,340,61,359,impostor_outside,off,0
违章04/违章04_t8.0_280_off.jpg,违章04,8.01,238,1607,338,1758,467,impostor_outside,off,0
违章04/违章04_t26.2_281_off.jpg,违章04,26.17,777,78,380,135,404,impostor_outside,off,0
违章04/违章04_t38.2_282_off.jpg,违章04,38.19,1134,1745,179,1754,187,impostor_outside,off,0
违章04/违章04_t32.5_283_off.jpg,违章04,32.53,966,0,345,16,362,impostor_outside,off,0
违章04/违章04_t41.2_284_off.jpg,违章04,41.25,1225,0,419,251,551,impostor_outside,off,0
违章04/违章04_t38.7_285_off.jpg,违章04,38.66,1148,1587,175,1689,228,impostor_outside,off,0
违章04/违章04_t19.3_286_off.jpg,违章04,19.33,574,0,262,228,359,impostor_outside,off,0
违章04/违章04_t16.5_287_off.jpg,违章04,16.5,490,324,242,346,261,impostor_outside,off,0
违章04/违章04_t24.5_288_off.jpg,违章04,24.51,728,74,373,132,398,impostor_outside,off,0
违章04/违章04_t13.0_289_off.jpg,违章04,12.96,385,0,235,201,332,impostor_outside,off,0
违章04/违章04_t30.4_290_off.jpg,违章04,30.41,903,638,1052,667,1080,impostor_outside,off,0
违章04/违章04_t19.6_291_off.jpg,违章04,19.56,581,351,285,369,293,impostor_outside,off,0
违章04/违章04_t35.6_292_off.jpg,违章04,35.59,1057,117,291,174,316,impostor_outside,off,0
违章04/违章04_t34.9_293_off.jpg,违章04,34.89,1036,148,323,208,348,impostor_outside,off,0
违章04/违章04_t38.4_294_off.jpg,违章04,38.42,1141,1713,270,1733,279,impostor_outside,off,0
违章04/违章04_t31.4_295_off.jpg,违章04,31.35,931,777,398,853,445,impostor_outside,off,0
违章04/违章04_t36.5_296_off.jpg,违章04,36.54,1085,40,263,99,288,impostor_outside,off,0
违章04/违章04_t24.8_297_off.jpg,违章04,24.75,735,0,277,247,374,impostor_outside,off,0
违章04/违章04_t17.7_298_off.jpg,违章04,17.68,525,37,346,95,370,impostor_outside,off,0
违章04/违章04_t0.9_299_off.jpg,违章04,0.94,28,1199,360,1330,434,impostor_outside,off,0
违章04/违章04_t20.3_300_off.jpg,违章04,20.27,602,1317,256,1351,324,impostor_outside,stand,1
违章04/违章04_t28.8_301_off.jpg,违章04,28.76,854,704,429,716,440,impostor_outside,off,0
违章04/违章04_t24.0_302_off.jpg,违章04,24.04,714,706,422,738,432,impostor_outside,off,0
违章04/违章04_t13.2_303_off.jpg,违章04,13.2,392,0,236,204,332,impostor_outside,off,0
违章04/违章04_t3.1_304_off.jpg,违章04,3.06,91,1360,127,1377,144,impostor_outside,stand,1
违章04/违章04_t33.2_305_off.jpg,违章04,33.24,987,1359,183,1376,204,impostor_outside,off,0
违章04/违章04_t27.6_306_off.jpg,违章04,27.58,819,830,420,866,433,impostor_outside,off,0
违章04/违章04_t28.1_307_off.jpg,违章04,28.05,833,208,789,218,797,impostor_outside,off,0
违章04/违章04_t28.5_308_off.jpg,违章04,28.52,847,356,286,366,303,impostor_outside,off,0
违章04/违章04_t14.4_309_off.jpg,违章04,14.38,427,163,266,180,274,impostor_outside,off,0
违章04/违章04_t14.1_310_off.jpg,违章04,14.14,420,745,240,910,413,impostor_outside,off,0
违章04/违章04_t23.3_311_off.jpg,违章04,23.34,693,850,409,880,422,impostor_outside,off,0
违章04/违章04_t29.5_312_off.jpg,违章04,29.47,875,344,285,422,309,impostor_outside,off,0
违章04/违章04_t29.2_313_off.jpg,违章04,29.23,868,203,789,214,797,impostor_outside,off,0
违章04/违章04_t32.8_314_off.jpg,违章04,32.77,973,396,265,480,297,impostor_outside,off,0
违章04/违章04_t31.6_315_off.jpg,违章04,31.59,938,782,402,826,447,impostor_outside,off,0
违章04/违章04_t11.1_316_off.jpg,违章04,11.08,329,1246,289,1269,309,impostor_outside,off,0
违章04/违章04_t14.6_317_off.jpg,违章04,14.61,434,659,261,738,341,impostor_outside,off,0
违章04/违章04_t11.8_318_off.jpg,违章04,11.79,350,23,333,82,354,impostor_outside,off,0
违章04/违章04_t35.4_319_off.jpg,违章04,35.36,1050,32,820,40,829,impostor_outside,off,0
违章04/违章04_t30.9_320_off.jpg,违章04,30.88,917,660,422,686,431,impostor_outside,off,0
违章04/违章04_t11.8_321_off.jpg,违章04,11.79,350,669,384,685,400,impostor_outside,off,0
违章04/违章04_t32.3_322_off.jpg,违章04,32.29,959,432,503,441,512,impostor_outside,off,0
违章04/违章04_t8.7_323_off.jpg,违章04,8.72,259,169,249,200,272,impostor_outside,off,0
违章04/违章04_t26.9_324_off.jpg,违章04,26.87,798,133,808,244,880,impostor_outside,off,0
违章04/违章04_t17.4_325_off.jpg,违章04,17.44,518,64,644,74,657,impostor_outside,off,0
违章04/违章04_t27.1_326_off.jpg,违章04,27.11,805,181,852,203,862,impostor_outside,off,0
违章04/违章04_t25.5_327_off.jpg,违章04,25.46,756,79,378,136,401,impostor_outside,off,0
违章04/违章04_t39.1_328_off.jpg,违章04,39.13,1162,1843,88,1920,241,impostor_outside,off,0
违章04/违章04_t0.0_329_off.jpg,违章04,0.0,0,351,193,447,233,impostor_outside,off,0
违章04/违章04_t0.0_330_off.jpg,违章04,0.0,0,800,398,883,480,impostor_outside,off,0
违章04/违章04_t11.6_331_off.jpg,违章04,11.55,343,22,331,81,356,impostor_outside,off,0
违章04/违章04_t19.6_332_off.jpg,违章04,19.56,581,18,315,26,333,impostor_outside,off,0
违章04/违章04_t22.9_333_off.jpg,违章04,22.86,679,814,409,846,420,impostor_outside,off,0
违章04/违章04_t29.9_334_off.jpg,违章04,29.94,889,638,1057,664,1080,impostor_outside,off,0
违章04/违章04_t41.5_335_off.jpg,违章04,41.49,1232,833,236,854,262,impostor_outside,off,0
违章04/违章04_t34.2_336_off.jpg,违章04,34.18,1015,857,396,879,407,impostor_outside,off,0
违章04/违章04_t39.8_337_off.jpg,违章04,39.84,1183,1432,117,1602,248,impostor_outside,off,0
违章04/违章04_t17.7_338_off.jpg,违章04,17.68,525,329,248,339,264,impostor_outside,off,0
违章04/违章04_t31.1_339_off.jpg,违章04,31.12,924,0,874,15,918,impostor_outside,off,0
违章04/违章04_t0.9_340_off.jpg,违章04,0.94,28,1380,330,1497,410,impostor_outside,off,0
违章04/违章04_t12.5_341_off.jpg,违章04,12.49,371,0,254,76,331,impostor_outside,off,0
违章04/违章04_t0.2_342_off.jpg,违章04,0.24,7,833,307,844,315,impostor_outside,off,0
违章04/违章04_t28.5_343_off.jpg,违章04,28.52,847,0,280,224,375,impostor_outside,off,0
违章04/违章04_t27.6_344_off.jpg,违章04,27.58,819,0,862,41,936,impostor_outside,off,0
违章04/违章04_t39.6_345_off.jpg,违章04,39.6,1176,0,844,188,966,impostor_outside,off,0
违章04/违章04_t13.7_346_off.jpg,违章04,13.67,406,338,242,346,258,impostor_outside,off,0
违章04/违章04_t37.2_347_off.jpg,违章04,37.24,1106,0,165,185,258,impostor_outside,off,0
违章04/违章04_t27.1_348_off.jpg,违章04,27.11,805,143,845,161,854,impostor_outside,off,0
违章04/违章04_t11.6_349_off.jpg,违章04,11.55,343,332,241,341,256,impostor_outside,off,0
违章04/违章04_t12.5_350_off.jpg,违章04,12.49,371,320,239,352,268,impostor_outside,off,0
违章04/违章04_t26.4_351_off.jpg,违章04,26.4,784,75,380,132,403,impostor_outside,off,0
违章04/违章04_t9.2_352_off.jpg,违章04,9.19,273,0,239,91,319,impostor_outside,off,0
违章04/违章04_t16.7_353_off.jpg,违章04,16.74,497,331,244,411,277,impostor_outside,off,0
违章04/违章04_t33.5_354_off.jpg,违章04,33.47,994,148,363,196,377,impostor_outside,off,0
违章04/违章04_t16.7_355_off.jpg,违章04,16.74,497,1636,735,1785,858,impostor_outside,off,0
违章04/违章04_t34.6_356_off.jpg,违章04,34.65,1029,137,285,145,312,impostor_outside,off,0
违章04/违章04_t17.2_357_off.jpg,违章04,17.21,511,332,254,411,278,impostor_outside,off,0
违章04/违章04_t33.2_358_off.jpg,违章04,33.24,987,203,817,216,825,impostor_outside,off,0
违章04/违章04_t42.4_359_walk.jpg,违章04,42.43,1260,1013,58,1233,278,prior_roi,walk,0
违章04/违章04_t42.7_364_walk.jpg,违章04,42.67,1267,1011,64,1231,284,prior_roi,walk,0
违章04/违章04_t42.4_367_walk.jpg,违章04,42.43,1260,1003,47,1223,267,prior_roi,walk,0
违章04/违章04_t42.7_368_walk.jpg,违章04,42.67,1267,1005,60,1225,280,prior_roi,walk,0
违章04/违章04_t42.9_369_walk.jpg,违章04,42.9,1274,1010,56,1230,276,prior_roi,walk,0
违章04/违章04_t43.1_370_walk.jpg,违章04,43.14,1281,1008,51,1228,271,prior_roi,walk,0
违章04/违章04_t42.7_372_walk.jpg,违章04,42.67,1267,1011,40,1231,260,prior_roi,walk,0
违章04/违章04_t42.9_373_walk.jpg,违章04,42.9,1274,1009,53,1229,273,prior_roi,walk,0
违章04/违章04_t43.1_374_walk.jpg,违章04,43.14,1281,1010,47,1230,267,prior_roi,walk,0
违章04/违章04_t42.7_376_walk.jpg,违章04,42.67,1267,1007,50,1227,270,prior_roi,walk,0
违章04/违章04_t43.1_378_walk.jpg,违章04,43.14,1281,1015,63,1235,283,prior_roi,walk,0
违章04/违章04_t42.4_379_walk.jpg,违章04,42.43,1260,1005,63,1225,283,prior_roi,walk,0
违章04/违章04_t42.7_380_walk.jpg,违章04,42.67,1267,1013,48,1233,268,prior_roi,walk,0
违章04/违章04_t43.1_382_walk.jpg,违章04,43.14,1281,1015,45,1235,265,prior_roi,walk,0
违章04/违章04_t42.7_384_walk.jpg,违章04,42.67,1267,1005,50,1225,270,prior_roi,walk,0
违章04/违章04_t42.9_385_walk.jpg,违章04,42.9,1274,1011,40,1231,260,prior_roi,walk,0
违章05/违章05_t0.0_0_walk.jpg,违章05,0.0,0,1264,82,1424,242,prior_roi,walk,0
违章05/违章05_t0.2_1_walk.jpg,违章05,0.24,7,1264,82,1424,242,prior_roi,walk,0
违章05/违章05_t0.5_2_walk.jpg,违章05,0.47,14,1264,82,1424,242,prior_roi,walk,0
违章05/违章05_t0.7_3_walk.jpg,违章05,0.71,21,1264,82,1424,242,prior_roi,walk,0
违章05/违章05_t0.9_4_walk.jpg,违章05,0.94,28,1264,82,1424,242,prior_roi,walk,0
违章05/违章05_t1.2_5_walk.jpg,违章05,1.18,35,1264,82,1424,242,prior_roi,walk,0
违章05/违章05_t1.4_6_walk.jpg,违章05,1.41,42,1264,82,1424,242,prior_roi,walk,0
违章05/违章05_t1.6_7_walk.jpg,违章05,1.65,49,1264,82,1424,242,prior_roi,walk,0
违章05/违章05_t1.9_8_walk.jpg,违章05,1.89,56,1264,82,1424,242,prior_roi,walk,0
违章05/违章05_t2.1_9_walk.jpg,违章05,2.12,63,1264,82,1424,242,prior_roi,walk,0
违章05/违章05_t2.4_10_walk.jpg,违章05,2.36,70,1264,82,1424,242,prior_roi,walk,0
违章05/违章05_t2.6_11_walk.jpg,违章05,2.59,77,1264,82,1424,242,prior_roi,walk,0
违章05/违章05_t2.8_12_walk.jpg,违章05,2.83,84,1264,82,1424,242,prior_roi,walk,0
违章05/违章05_t3.1_13_walk.jpg,违章05,3.06,91,1264,82,1424,242,prior_roi,walk,0
违章05/违章05_t3.3_14_walk.jpg,违章05,3.3,98,1264,82,1424,242,prior_roi,walk,0
违章05/违章05_t3.5_15_walk.jpg,违章05,3.54,105,1264,82,1424,242,prior_roi,walk,0
违章05/违章05_t3.8_16_walk.jpg,违章05,3.77,112,1264,82,1424,242,prior_roi,walk,0
违章05/违章05_t4.0_17_walk.jpg,违章05,4.01,119,1264,82,1424,242,prior_roi,walk,0
违章05/违章05_t4.2_18_walk.jpg,违章05,4.24,126,1264,82,1424,242,prior_roi,walk,0
违章05/违章05_t4.5_19_walk.jpg,违章05,4.48,133,1264,82,1424,242,prior_roi,walk,0
违章05/违章05_t4.7_20_walk.jpg,违章05,4.71,140,1264,82,1424,242,prior_roi,walk,0
违章05/违章05_t5.0_21_walk.jpg,违章05,4.95,147,1264,82,1424,242,prior_roi,walk,0
违章05/违章05_t5.2_22_walk.jpg,违章05,5.19,154,1264,82,1424,242,prior_roi,walk,0
违章05/违章05_t5.4_23_walk.jpg,违章05,5.42,161,1264,82,1424,242,prior_roi,walk,0
违章05/违章05_t5.7_24_walk.jpg,违章05,5.66,168,1264,82,1424,242,prior_roi,walk,0
违章05/违章05_t5.9_25_walk.jpg,违章05,5.89,175,1264,82,1424,242,prior_roi,walk,0
违章05/违章05_t6.1_26_walk.jpg,违章05,6.13,182,1264,82,1424,242,prior_roi,walk,0
违章05/违章05_t6.4_27_walk.jpg,违章05,6.36,189,1264,82,1424,242,prior_roi,walk,0
违章05/违章05_t6.6_28_walk.jpg,违章05,6.6,196,1264,82,1424,242,prior_roi,walk,0
违章05/违章05_t6.8_29_walk.jpg,违章05,6.84,203,1264,82,1424,242,prior_roi,walk,0
违章05/违章05_t7.1_30_walk.jpg,违章05,7.07,210,1264,82,1424,242,prior_roi,walk,0
违章05/违章05_t7.3_31_walk.jpg,违章05,7.31,217,1264,82,1424,242,prior_roi,walk,0
违章05/违章05_t7.5_32_walk.jpg,违章05,7.54,224,1264,82,1424,242,prior_roi,walk,0
违章05/违章05_t7.8_33_walk.jpg,违章05,7.78,231,1264,82,1424,242,prior_roi,walk,0
违章05/违章05_t8.0_34_walk.jpg,违章05,8.01,238,1264,82,1424,242,prior_roi,walk,0
违章05/违章05_t8.2_35_walk.jpg,违章05,8.25,245,1264,82,1424,242,prior_roi,walk,0
违章05/违章05_t8.5_36_walk.jpg,违章05,8.49,252,1264,82,1424,242,prior_roi,walk,0
违章05/违章05_t8.7_37_walk.jpg,违章05,8.72,259,1264,82,1424,242,prior_roi,walk,0
违章05/违章05_t9.0_38_walk.jpg,违章05,8.96,266,1264,82,1424,242,prior_roi,walk,0
违章05/违章05_t9.2_39_walk.jpg,违章05,9.19,273,1264,82,1424,242,prior_roi,walk,0
违章05/违章05_t9.4_40_walk.jpg,违章05,9.43,280,1264,82,1424,242,prior_roi,walk,0
违章05/违章05_t9.7_41_walk.jpg,违章05,9.66,287,1264,82,1424,242,prior_roi,walk,0
违章05/违章05_t9.9_42_walk.jpg,违章05,9.9,294,1264,82,1424,242,prior_roi,walk,0
违章05/违章05_t10.1_43_walk.jpg,违章05,10.14,301,1264,82,1424,242,prior_roi,walk,0
违章05/违章05_t10.4_44_walk.jpg,违章05,10.37,308,1264,82,1424,242,prior_roi,walk,0
违章05/违章05_t10.6_45_walk.jpg,违章05,10.61,315,1264,82,1424,242,prior_roi,walk,0
违章05/违章05_t10.8_46_walk.jpg,违章05,10.84,322,1264,82,1424,242,prior_roi,walk,0
违章05/违章05_t11.1_47_walk.jpg,违章05,11.08,329,1264,82,1424,242,prior_roi,walk,0
违章05/违章05_t11.3_48_walk.jpg,违章05,11.31,336,1264,82,1424,242,prior_roi,walk,0
违章05/违章05_t11.6_49_walk.jpg,违章05,11.55,343,1264,82,1424,242,prior_roi,walk,0
违章05/违章05_t11.8_50_walk.jpg,违章05,11.79,350,1264,82,1424,242,prior_roi,walk,0
违章05/违章05_t12.0_51_walk.jpg,违章05,12.02,357,1264,82,1424,242,prior_roi,walk,0
违章05/违章05_t12.0_52_off.jpg,违章05,12.02,357,755,231,915,391,prior_off,off,0
违章05/违章05_t12.3_53_walk.jpg,违章05,12.26,364,1264,82,1424,242,prior_roi,walk,0
违章05/违章05_t12.5_54_walk.jpg,违章05,12.49,371,1264,82,1424,242,prior_roi,walk,0
违章05/违章05_t12.7_55_walk.jpg,违章05,12.73,378,1264,82,1424,242,prior_roi,walk,0
违章05/违章05_t13.0_56_walk.jpg,违章05,12.96,385,1264,82,1424,242,prior_roi,walk,0
违章05/违章05_t13.2_57_walk.jpg,违章05,13.2,392,1264,82,1424,242,prior_roi,walk,0
违章05/违章05_t13.4_58_walk.jpg,违章05,13.43,399,1264,82,1424,242,prior_roi,walk,0
违章05/违章05_t13.7_59_walk.jpg,违章05,13.67,406,1264,82,1424,242,prior_roi,walk,0
违章05/违章05_t13.9_60_walk.jpg,违章05,13.91,413,1264,82,1424,242,prior_roi,walk,0
违章05/违章05_t14.1_61_walk.jpg,违章05,14.14,420,1264,82,1424,242,prior_roi,walk,0
违章05/违章05_t14.4_62_walk.jpg,违章05,14.38,427,1264,82,1424,242,prior_roi,walk,0
违章05/违章05_t14.6_63_walk.jpg,违章05,14.61,434,1264,82,1424,242,prior_roi,walk,0
违章05/违章05_t14.8_64_walk.jpg,违章05,14.85,441,1264,82,1424,242,prior_roi,walk,0
违章05/违章05_t15.1_65_walk.jpg,违章05,15.08,448,1264,82,1424,242,prior_roi,walk,0
违章05/违章05_t15.3_66_walk.jpg,违章05,15.32,455,1264,82,1424,242,prior_roi,walk,0
违章05/违章05_t15.6_67_walk.jpg,违章05,15.56,462,1264,82,1424,242,prior_roi,walk,0
违章05/违章05_t15.8_68_walk.jpg,违章05,15.79,469,1264,82,1424,242,prior_roi,walk,0
违章05/违章05_t16.0_69_walk.jpg,违章05,16.03,476,1264,82,1424,242,prior_roi,walk,0
违章05/违章05_t16.3_70_walk.jpg,违章05,16.26,483,1264,82,1424,242,prior_roi,walk,0
违章05/违章05_t16.5_71_walk.jpg,违章05,16.5,490,1264,82,1424,242,prior_roi,walk,0
违章05/违章05_t16.7_72_walk.jpg,违章05,16.73,497,1264,82,1424,242,prior_roi,walk,0
违章05/违章05_t17.0_73_walk.jpg,违章05,16.97,504,1264,82,1424,242,prior_roi,walk,0
违章05/违章05_t17.2_74_walk.jpg,违章05,17.21,511,1264,82,1424,242,prior_roi,walk,0
违章05/违章05_t17.4_75_walk.jpg,违章05,17.44,518,1264,82,1424,242,prior_roi,walk,0
违章05/违章05_t17.7_76_walk.jpg,违章05,17.68,525,1264,82,1424,242,prior_roi,walk,0
违章05/违章05_t17.7_77_off.jpg,违章05,17.68,525,570,117,730,277,prior_off,off,0
违章05/违章05_t17.9_78_walk.jpg,违章05,17.91,532,1264,82,1424,242,prior_roi,walk,0
违章05/违章05_t18.1_79_walk.jpg,违章05,18.15,539,1264,82,1424,242,prior_roi,walk,0
违章05/违章05_t18.4_80_walk.jpg,违章05,18.38,546,1264,82,1424,242,prior_roi,walk,0
违章05/违章05_t18.6_81_walk.jpg,违章05,18.62,553,1264,82,1424,242,prior_roi,walk,0
违章05/违章05_t18.9_82_walk.jpg,违章05,18.86,560,1264,82,1424,242,prior_roi,walk,0
违章05/违章05_t19.1_83_walk.jpg,违章05,19.09,567,1264,82,1424,242,prior_roi,walk,0
违章05/违章05_t19.3_84_walk.jpg,违章05,19.33,574,1264,82,1424,242,prior_roi,walk,0
违章05/违章05_t19.6_85_walk.jpg,违章05,19.56,581,1264,82,1424,242,prior_roi,walk,0
违章05/违章05_t19.6_86_off.jpg,违章05,19.56,581,918,904,1078,1064,prior_off,off,0
违章05/违章05_t19.8_87_walk.jpg,违章05,19.8,588,1264,82,1424,242,prior_roi,walk,0
违章05/违章05_t20.0_88_walk.jpg,违章05,20.03,595,1264,82,1424,242,prior_roi,walk,0
违章05/违章05_t20.3_89_walk.jpg,违章05,20.27,602,1264,82,1424,242,prior_roi,walk,0
违章05/违章05_t20.5_90_walk.jpg,违章05,20.51,609,1264,82,1424,242,prior_roi,walk,0
违章05/违章05_t20.7_91_walk.jpg,违章05,20.74,616,1264,82,1424,242,prior_roi,walk,0
违章05/违章05_t21.0_92_walk.jpg,违章05,20.98,623,1264,82,1424,242,prior_roi,walk,0
违章05/违章05_t21.2_93_walk.jpg,违章05,21.21,630,1264,82,1424,242,prior_roi,walk,0
违章05/违章05_t21.4_94_walk.jpg,违章05,21.45,637,1264,82,1424,242,prior_roi,walk,0
违章05/违章05_t21.7_95_walk.jpg,违章05,21.68,644,1264,82,1424,242,prior_roi,walk,0
违章05/违章05_t21.9_96_walk.jpg,违章05,21.92,651,1264,82,1424,242,prior_roi,walk,0
违章05/违章05_t22.2_97_walk.jpg,违章05,22.16,658,1264,82,1424,242,prior_roi,walk,0
违章05/违章05_t22.4_98_walk.jpg,违章05,22.39,665,1264,82,1424,242,prior_roi,walk,0
违章05/违章05_t22.6_99_walk.jpg,违章05,22.63,672,1264,82,1424,242,prior_roi,walk,0
违章05/违章05_t22.9_100_walk.jpg,违章05,22.86,679,1264,82,1424,242,prior_roi,walk,0
违章05/违章05_t23.1_101_walk.jpg,违章05,23.1,686,1264,82,1424,242,prior_roi,walk,0
违章05/违章05_t23.3_102_walk.jpg,违章05,23.33,693,1264,82,1424,242,prior_roi,walk,0
违章05/违章05_t23.6_103_walk.jpg,违章05,23.57,700,1264,82,1424,242,prior_roi,walk,0
违章05/违章05_t23.8_104_walk.jpg,违章05,23.81,707,1264,82,1424,242,prior_roi,walk,0
违章05/违章05_t24.0_105_walk.jpg,违章05,24.04,714,1264,82,1424,242,prior_roi,walk,0
违章05/违章05_t24.3_106_walk.jpg,违章05,24.28,721,1264,82,1424,242,prior_roi,walk,0
违章05/违章05_t24.5_107_walk.jpg,违章05,24.51,728,1264,82,1424,242,prior_roi,walk,0
违章05/违章05_t24.8_108_walk.jpg,违章05,24.75,735,1264,82,1424,242,prior_roi,walk,0
违章05/违章05_t25.0_109_walk.jpg,违章05,24.98,742,1264,82,1424,242,prior_roi,walk,0
违章05/违章05_t25.2_110_walk.jpg,违章05,25.22,749,1264,82,1424,242,prior_roi,walk,0
违章05/违章05_t25.5_111_walk.jpg,违章05,25.46,756,1264,82,1424,242,prior_roi,walk,0
违章05/违章05_t25.7_112_walk.jpg,违章05,25.69,763,1264,82,1424,242,prior_roi,walk,0
违章05/违章05_t25.9_113_walk.jpg,违章05,25.93,770,1264,82,1424,242,prior_roi,walk,0
违章05/违章05_t26.2_114_walk.jpg,违章05,26.16,777,1264,82,1424,242,prior_roi,walk,0
违章05/违章05_t26.4_115_walk.jpg,违章05,26.4,784,1264,82,1424,242,prior_roi,walk,0
违章05/违章05_t26.6_116_walk.jpg,违章05,26.63,791,1264,82,1424,242,prior_roi,walk,0
违章05/违章05_t26.6_117_off.jpg,违章05,26.63,791,512,0,672,81,prior_off,off,0
违章05/违章05_t26.9_118_walk.jpg,违章05,26.87,798,1264,82,1424,242,prior_roi,walk,0
违章05/违章05_t27.1_119_walk.jpg,违章05,27.11,805,1264,82,1424,242,prior_roi,walk,0
违章05/违章05_t27.3_120_walk.jpg,违章05,27.34,812,1264,82,1424,242,prior_roi,walk,0
违章05/违章05_t27.6_121_walk.jpg,违章05,27.58,819,1264,82,1424,242,prior_roi,walk,0
违章05/违章05_t27.8_122_walk.jpg,违章05,27.81,826,1264,82,1424,242,prior_roi,walk,0
违章05/违章05_t28.1_123_walk.jpg,违章05,28.05,833,1264,82,1424,242,prior_roi,walk,0
违章05/违章05_t28.3_124_walk.jpg,违章05,28.28,840,1264,82,1424,242,prior_roi,walk,0
违章05/违章05_t28.5_125_walk.jpg,违章05,28.52,847,1264,82,1424,242,prior_roi,walk,0
违章05/违章05_t28.8_126_walk.jpg,违章05,28.76,854,1264,82,1424,242,prior_roi,walk,0
违章05/违章05_t29.0_127_walk.jpg,违章05,28.99,861,1264,82,1424,242,prior_roi,walk,0
违章05/违章05_t29.2_128_walk.jpg,违章05,29.23,868,1264,82,1424,242,prior_roi,walk,0
违章05/违章05_t29.5_129_walk.jpg,违章05,29.46,875,1264,82,1424,242,prior_roi,walk,0
违章05/违章05_t29.7_130_walk.jpg,违章05,29.7,882,1264,82,1424,242,prior_roi,walk,0
违章05/违章05_t29.9_131_walk.jpg,违章05,29.93,889,1264,82,1424,242,prior_roi,walk,0
违章05/违章05_t30.2_132_off.jpg,违章05,30.17,896,1264,82,1424,242,impostor,off,0
违章05/违章05_t30.4_133_off.jpg,违章05,30.41,903,1264,82,1424,242,impostor,off,0
违章05/违章05_t30.6_134_off.jpg,违章05,30.64,910,1264,82,1424,242,impostor,off,0
违章05/违章05_t30.9_135_off.jpg,违章05,30.88,917,1264,82,1424,242,impostor,off,0
违章05/违章05_t31.1_136_off.jpg,违章05,31.11,924,1264,82,1424,242,impostor,off,0
违章05/违章05_t31.4_137_off.jpg,违章05,31.35,931,1264,82,1424,242,impostor,off,0
违章05/违章05_t31.6_138_off.jpg,违章05,31.58,938,1264,82,1424,242,impostor,off,0
违章05/违章05_t31.8_139_off.jpg,违章05,31.82,945,1264,82,1424,242,impostor,off,0
违章05/违章05_t32.1_140_off.jpg,违章05,32.06,952,1264,82,1424,242,impostor,off,0
违章05/违章05_t32.3_141_off.jpg,违章05,32.29,959,1264,82,1424,242,impostor,off,0
违章05/违章05_t32.5_142_off.jpg,违章05,32.53,966,1264,82,1424,242,impostor,off,0
违章05/违章05_t32.8_143_off.jpg,违章05,32.76,973,1264,82,1424,242,impostor,off,0
违章05/违章05_t33.0_144_off.jpg,违章05,33.0,980,1264,82,1424,242,impostor,off,0
违章05/违章05_t33.2_145_off.jpg,违章05,33.23,987,1264,82,1424,242,impostor,off,0
违章05/违章05_t33.5_146_off.jpg,违章05,33.47,994,1264,82,1424,242,impostor,off,0
违章05/违章05_t33.7_147_off.jpg,违章05,33.71,1001,1264,82,1424,242,impostor,off,0
违章05/违章05_t33.9_148_off.jpg,违章05,33.94,1008,1264,82,1424,242,impostor,off,0
违章05/违章05_t34.2_149_off.jpg,违章05,34.18,1015,1264,82,1424,242,impostor,off,0
违章05/违章05_t34.4_150_off.jpg,违章05,34.41,1022,1264,82,1424,242,impostor,off,0
违章05/违章05_t34.6_151_off.jpg,违章05,34.65,1029,1264,82,1424,242,impostor,off,0
违章05/违章05_t34.9_152_off.jpg,违章05,34.88,1036,1264,82,1424,242,impostor,off,0
违章05/违章05_t35.1_153_off.jpg,违章05,35.12,1043,1264,82,1424,242,impostor,off,0
违章05/违章05_t35.4_154_off.jpg,违章05,35.36,1050,1264,82,1424,242,impostor,off,0
违章05/违章05_t35.6_155_off.jpg,违章05,35.59,1057,1264,82,1424,242,impostor,off,0
违章05/违章05_t35.8_156_off.jpg,违章05,35.83,1064,1264,82,1424,242,impostor,off,0
违章05/违章05_t36.1_157_off.jpg,违章05,36.06,1071,1264,82,1424,242,impostor,off,0
违章05/违章05_t36.3_158_off.jpg,违章05,36.3,1078,1264,82,1424,242,impostor,off,0
违章05/违章05_t36.5_159_off.jpg,违章05,36.53,1085,1264,82,1424,242,impostor,off,0
违章05/违章05_t36.8_160_off.jpg,违章05,36.77,1092,1264,82,1424,242,impostor,off,0
违章05/违章05_t37.0_161_off.jpg,违章05,37.01,1099,1264,82,1424,242,impostor,off,0
违章05/违章05_t37.2_162_off.jpg,违章05,37.24,1106,1264,82,1424,242,impostor,off,0
违章05/违章05_t37.5_163_off.jpg,违章05,37.48,1113,1264,82,1424,242,impostor,off,0
违章05/违章05_t37.7_164_off.jpg,违章05,37.71,1120,1264,82,1424,242,impostor,off,0
违章05/违章05_t37.7_165_off.jpg,违章05,37.71,1120,0,198,82,358,prior_off,off,0
违章05/违章05_t38.0_166_off.jpg,违章05,37.95,1127,1264,82,1424,242,impostor,off,0
违章05/违章05_t38.2_167_off.jpg,违章05,38.18,1134,1264,82,1424,242,impostor,off,0
违章05/违章05_t38.4_168_off.jpg,违章05,38.42,1141,1264,82,1424,242,impostor,off,0
违章05/违章05_t38.6_169_off.jpg,违章05,38.65,1148,1264,82,1424,242,impostor,off,0
违章05/违章05_t38.9_170_off.jpg,违章05,38.89,1155,1264,82,1424,242,impostor,off,0
违章05/违章05_t39.1_171_off.jpg,违章05,39.13,1162,1264,82,1424,242,impostor,off,0
违章05/违章05_t39.4_172_off.jpg,违章05,39.36,1169,1264,82,1424,242,impostor,off,0
违章05/违章05_t39.6_173_off.jpg,违章05,39.6,1176,1264,82,1424,242,impostor,off,0
违章05/违章05_t39.8_174_off.jpg,违章05,39.83,1183,1264,82,1424,242,impostor,off,0
违章05/违章05_t40.1_175_off.jpg,违章05,40.07,1190,1264,82,1424,242,impostor,off,0
违章05/违章05_t40.3_176_off.jpg,违章05,40.3,1197,1264,82,1424,242,impostor,off,0
违章05/违章05_t40.3_177_off.jpg,违章05,40.3,1197,1681,299,1841,459,prior_off,off,0
违章05/违章05_t40.5_178_off.jpg,违章05,40.54,1204,1264,82,1424,242,impostor,off,0
违章05/违章05_t40.8_179_off.jpg,违章05,40.78,1211,1264,82,1424,242,impostor,off,0
违章05/违章05_t41.0_180_off.jpg,违章05,41.01,1218,1264,82,1424,242,impostor,off,0
违章05/违章05_t41.2_181_off.jpg,违章05,41.25,1225,1264,82,1424,242,impostor,off,0
违章05/违章05_t41.5_182_off.jpg,违章05,41.48,1232,1264,82,1424,242,impostor,off,0
违章05/违章05_t41.7_183_off.jpg,违章05,41.72,1239,1264,82,1424,242,impostor,off,0
违章05/违章05_t42.0_184_off.jpg,违章05,41.95,1246,1264,82,1424,242,impostor,off,0
违章05/违章05_t42.2_185_off.jpg,违章05,42.19,1253,1264,82,1424,242,impostor,off,0
违章05/违章05_t42.4_186_off.jpg,违章05,42.43,1260,1264,82,1424,242,impostor,off,0
违章05/违章05_t42.7_187_off.jpg,违章05,42.66,1267,1264,82,1424,242,impostor,off,0
违章05/违章05_t42.9_188_off.jpg,违章05,42.9,1274,1264,82,1424,242,impostor,off,0
违章05/违章05_t43.1_189_off.jpg,违章05,43.13,1281,1264,82,1424,242,impostor,off,0
违章05/违章05_t43.4_190_off.jpg,违章05,43.37,1288,1264,82,1424,242,impostor,off,0
违章05/违章05_t43.6_191_off.jpg,违章05,43.6,1295,1264,82,1424,242,impostor,off,0
违章05/违章05_t43.8_192_off.jpg,违章05,43.84,1302,1264,82,1424,242,impostor,off,0
违章05/违章05_t44.1_193_off.jpg,违章05,44.08,1309,1264,82,1424,242,impostor,off,0
违章05/违章05_t44.3_194_off.jpg,违章05,44.31,1316,1264,82,1424,242,impostor,off,0
违章05/违章05_t44.5_195_off.jpg,违章05,44.55,1323,1264,82,1424,242,impostor,off,0
违章05/违章05_t44.8_196_off.jpg,违章05,44.78,1330,1264,82,1424,242,impostor,off,0
违章05/违章05_t45.0_197_off.jpg,违章05,45.02,1337,1264,82,1424,242,impostor,off,0
违章05/违章05_t45.0_198_off.jpg,违章05,45.02,1337,1373,500,1533,660,prior_off,off,0
违章05/违章05_t45.2_199_off.jpg,违章05,45.25,1344,1264,82,1424,242,impostor,off,0
违章05/违章05_t45.5_200_off.jpg,违章05,45.49,1351,1264,82,1424,242,impostor,off,0
违章05/违章05_t45.7_201_off.jpg,违章05,45.73,1358,1264,82,1424,242,impostor,off,0
违章05/违章05_t46.0_202_off.jpg,违章05,45.96,1365,1264,82,1424,242,impostor,off,0
违章05/违章05_t46.2_203_off.jpg,违章05,46.2,1372,1264,82,1424,242,impostor,off,0
违章05/违章05_t46.4_204_off.jpg,违章05,46.43,1379,1264,82,1424,242,impostor,off,0
违章05/违章05_t46.7_205_off.jpg,违章05,46.67,1386,1264,82,1424,242,impostor,off,0
违章05/违章05_t46.9_206_off.jpg,违章05,46.9,1393,1264,82,1424,242,impostor,off,0
违章05/违章05_t47.1_207_off.jpg,违章05,47.14,1400,1264,82,1424,242,impostor,off,0
违章05/违章05_t47.4_208_off.jpg,违章05,47.38,1407,1264,82,1424,242,impostor,off,0
违章05/违章05_t47.6_209_off.jpg,违章05,47.61,1414,1264,82,1424,242,impostor,off,0
违章05/违章05_t47.9_210_off.jpg,违章05,47.85,1421,1264,82,1424,242,impostor,off,0
违章05/违章05_t48.1_211_off.jpg,违章05,48.08,1428,1264,82,1424,242,impostor,off,0
违章05/违章05_t48.3_212_off.jpg,违章05,48.32,1435,1264,82,1424,242,impostor,off,0
违章05/违章05_t48.5_213_off.jpg,违章05,48.55,1442,1264,82,1424,242,impostor,off,0
违章05/违章05_t48.8_214_off.jpg,违章05,48.79,1449,1264,82,1424,242,impostor,off,0
违章05/违章05_t49.0_215_off.jpg,违章05,49.03,1456,1264,82,1424,242,impostor,off,0
违章05/违章05_t49.3_216_off.jpg,违章05,49.26,1463,1264,82,1424,242,impostor,off,0
违章05/违章05_t49.5_217_off.jpg,违章05,49.5,1470,1264,82,1424,242,impostor,off,0
违章05/违章05_t49.7_218_off.jpg,违章05,49.73,1477,1264,82,1424,242,impostor,off,0
违章05/违章05_t50.0_219_off.jpg,违章05,49.97,1484,1264,82,1424,242,impostor,off,0
违章05/违章05_t50.2_220_off.jpg,违章05,50.2,1491,1264,82,1424,242,impostor,off,0
违章05/违章05_t50.4_221_off.jpg,违章05,50.44,1498,1264,82,1424,242,impostor,off,0
违章05/违章05_t50.7_222_off.jpg,违章05,50.68,1505,1264,82,1424,242,impostor,off,0
违章05/违章05_t50.9_223_off.jpg,违章05,50.91,1512,1264,82,1424,242,impostor,off,0
违章05/违章05_t51.1_224_off.jpg,违章05,51.15,1519,1264,82,1424,242,impostor,off,0
违章05/违章05_t51.1_225_off.jpg,违章05,51.15,1519,0,782,89,942,prior_off,off,0
违章05/违章05_t51.4_226_off.jpg,违章05,51.38,1526,1264,82,1424,242,impostor,off,0
违章05/违章05_t51.6_227_off.jpg,违章05,51.62,1533,1264,82,1424,242,impostor,off,0
违章05/违章05_t51.9_228_off.jpg,违章05,51.85,1540,1264,82,1424,242,impostor,off,0
违章05/违章05_t52.1_229_off.jpg,违章05,52.09,1547,1264,82,1424,242,impostor,off,0
违章05/违章05_t52.3_230_off.jpg,违章05,52.33,1554,1264,82,1424,242,impostor,off,0
违章05/违章05_t52.6_231_off.jpg,违章05,52.56,1561,1264,82,1424,242,impostor,off,0
违章05/违章05_t52.8_232_off.jpg,违章05,52.8,1568,1264,82,1424,242,impostor,off,0
违章05/违章05_t52.8_233_off.jpg,违章05,52.8,1568,962,846,1122,1006,prior_off,off,0
违章05/违章05_t53.0_234_off.jpg,违章05,53.03,1575,1264,82,1424,242,impostor,off,0
违章05/违章05_t53.3_235_off.jpg,违章05,53.27,1582,1264,82,1424,242,impostor,off,0
违章05/违章05_t53.5_236_off.jpg,违章05,53.5,1589,1264,82,1424,242,impostor,off,0
违章05/违章05_t53.7_237_off.jpg,违章05,53.74,1596,1264,82,1424,242,impostor,off,0
违章05/违章05_t54.0_238_off.jpg,违章05,53.98,1603,1264,82,1424,242,impostor,off,0
违章05/违章05_t54.2_239_off.jpg,违章05,54.21,1610,1264,82,1424,242,impostor,off,0
违章05/违章05_t54.5_240_off.jpg,违章05,54.45,1617,1264,82,1424,242,impostor,off,0
违章05/违章05_t54.7_241_off.jpg,违章05,54.68,1624,1264,82,1424,242,impostor,off,0
违章05/违章05_t54.9_242_off.jpg,违章05,54.92,1631,1264,82,1424,242,impostor,off,0
违章05/违章05_t55.1_243_off.jpg,违章05,55.15,1638,1264,82,1424,242,impostor,off,0
违章05/违章05_t55.4_244_off.jpg,违章05,55.39,1645,1264,82,1424,242,impostor,off,0
违章05/违章05_t55.6_245_off.jpg,违章05,55.63,1652,1264,82,1424,242,impostor,off,0
违章05/违章05_t55.9_246_off.jpg,违章05,55.86,1659,1264,82,1424,242,impostor,off,0
违章05/违章05_t56.1_247_off.jpg,违章05,56.1,1666,1264,82,1424,242,impostor,off,0
违章05/违章05_t56.3_248_off.jpg,违章05,56.33,1673,1264,82,1424,242,impostor,off,0
违章05/违章05_t56.6_249_off.jpg,违章05,56.57,1680,1264,82,1424,242,impostor,off,0
违章05/违章05_t56.8_250_off.jpg,违章05,56.8,1687,1264,82,1424,242,impostor,off,0
违章05/违章05_t57.0_251_off.jpg,违章05,57.04,1694,1264,82,1424,242,impostor,off,0
违章05/违章05_t57.3_252_off.jpg,违章05,57.28,1701,1264,82,1424,242,impostor,off,0
违章05/违章05_t57.5_253_off.jpg,违章05,57.51,1708,1264,82,1424,242,impostor,off,0
违章05/违章05_t57.8_254_off.jpg,违章05,57.75,1715,1264,82,1424,242,impostor,off,0
违章05/违章05_t58.0_255_off.jpg,违章05,57.98,1722,1264,82,1424,242,impostor,off,0
违章05/违章05_t58.2_256_off.jpg,违章05,58.22,1729,1264,82,1424,242,impostor,off,0
违章05/违章05_t58.5_257_off.jpg,违章05,58.45,1736,1264,82,1424,242,impostor,off,0
违章05/违章05_t58.7_258_off.jpg,违章05,58.69,1743,1264,82,1424,242,impostor,off,0
违章05/违章05_t58.9_259_off.jpg,违章05,58.93,1750,1264,82,1424,242,impostor,off,0
违章05/违章05_t59.2_260_off.jpg,违章05,59.16,1757,1264,82,1424,242,impostor,off,0
违章05/违章05_t59.4_261_off.jpg,违章05,59.4,1764,1264,82,1424,242,impostor,off,0
违章05/违章05_t59.6_262_off.jpg,违章05,59.63,1771,1264,82,1424,242,impostor,off,0
违章05/违章05_t59.9_263_off.jpg,违章05,59.87,1778,1264,82,1424,242,impostor,off,0
违章05/违章05_t60.1_264_off.jpg,违章05,60.1,1785,1264,82,1424,242,impostor,off,0
违章05/违章05_t60.3_265_off.jpg,违章05,60.34,1792,1264,82,1424,242,impostor,off,0
违章05/违章05_t60.6_266_off.jpg,违章05,60.58,1799,1264,82,1424,242,impostor,off,0
违章05/违章05_t60.8_267_off.jpg,违章05,60.81,1806,1264,82,1424,242,impostor,off,0
违章05/违章05_t61.0_268_off.jpg,违章05,61.05,1813,1264,82,1424,242,impostor,off,0
违章05/违章05_t61.3_269_off.jpg,违章05,61.28,1820,1264,82,1424,242,impostor,off,0
违章05/违章05_t61.5_270_off.jpg,违章05,61.52,1827,1264,82,1424,242,impostor,off,0
违章05/违章05_t61.8_271_off.jpg,违章05,61.75,1834,1264,82,1424,242,impostor,off,0
违章05/违章05_t62.0_272_off.jpg,违章05,61.99,1841,1264,82,1424,242,impostor,off,0
违章05/违章05_t62.2_273_off.jpg,违章05,62.23,1848,1264,82,1424,242,impostor,off,0
违章05/违章05_t62.5_274_off.jpg,违章05,62.46,1855,1264,82,1424,242,impostor,off,0
违章05/违章05_t62.7_275_off.jpg,违章05,62.7,1862,1264,82,1424,242,impostor,off,0
违章05/违章05_t62.9_276_off.jpg,违章05,62.93,1869,1264,82,1424,242,impostor,off,0
违章05/违章05_t63.2_277_off.jpg,违章05,63.17,1876,1264,82,1424,242,impostor,off,0
违章05/违章05_t63.4_278_off.jpg,违章05,63.4,1883,1264,82,1424,242,impostor,off,0
违章05/违章05_t63.6_279_off.jpg,违章05,63.64,1890,1264,82,1424,242,impostor,off,0
违章05/违章05_t63.9_280_off.jpg,违章05,63.87,1897,1264,82,1424,242,impostor,off,0
违章05/违章05_t64.1_281_off.jpg,违章05,64.11,1904,1264,82,1424,242,impostor,off,0
违章05/违章05_t64.3_282_off.jpg,违章05,64.35,1911,1264,82,1424,242,impostor,off,0
违章05/违章05_t64.6_283_off.jpg,违章05,64.58,1918,1264,82,1424,242,impostor,off,0
违章05/违章05_t64.8_284_off.jpg,违章05,64.82,1925,1264,82,1424,242,impostor,off,0
违章05/违章05_t65.0_285_off.jpg,违章05,65.05,1932,1264,82,1424,242,impostor,off,0
违章05/违章05_t65.3_286_off.jpg,违章05,65.29,1939,1264,82,1424,242,impostor,off,0
违章05/违章05_t65.5_287_off.jpg,违章05,65.52,1946,1264,82,1424,242,impostor,off,0
违章05/违章05_t48.5_288_off.jpg,违章05,48.55,1442,886,311,905,330,impostor_outside,off,0
违章05/违章05_t53.3_289_off.jpg,违章05,53.27,1582,306,224,343,251,impostor_outside,off,0
违章05/违章05_t49.0_290_off.jpg,违章05,49.03,1456,1189,415,1204,430,impostor_outside,off,0
违章05/违章05_t48.5_291_off.jpg,违章05,48.55,1442,968,564,1017,619,impostor_outside,off,0
违章05/违章05_t37.5_292_off.jpg,违章05,37.48,1113,1514,330,1636,385,impostor_outside,off,0
违章05/违章05_t45.5_293_off.jpg,违章05,45.49,1351,568,253,584,272,impostor_outside,off,0
违章05/违章05_t40.1_294_off.jpg,违章05,40.07,1190,900,230,910,249,impostor_outside,off,0
违章05/违章05_t56.1_295_off.jpg,违章05,56.1,1666,646,559,727,638,impostor_outside,off,0
违章05/违章05_t53.5_296_off.jpg,违章05,53.5,1589,975,429,1016,465,impostor_outside,off,0
违章05/违章05_t57.0_297_off.jpg,违章05,57.04,1694,502,276,513,285,impostor_outside,off,0
违章05/违章05_t45.0_298_off.jpg,违章05,45.02,1337,1066,156,1082,164,impostor_outside,off,0
违章05/违章05_t55.9_299_off.jpg,违章05,55.86,1659,15,438,76,469,impostor_outside,off,0
违章05/违章05_t31.6_300_off.jpg,违章05,31.58,938,781,170,804,201,impostor_outside,off,0
违章05/违章05_t30.9_301_off.jpg,违章05,30.88,917,1570,363,1670,406,impostor_outside,off,0
违章05/违章05_t50.4_302_off.jpg,违章05,50.44,1498,832,449,858,474,impostor_outside,off,0
违章05/违章05_t33.5_303_off.jpg,违章05,33.47,994,169,0,243,35,impostor_outside,off,0
违章05/违章05_t58.5_304_off.jpg,违章05,58.45,1736,203,96,366,220,impostor_outside,off,0
违章05/违章05_t40.3_305_off.jpg,违章05,40.3,1197,991,145,1001,160,impostor_outside,off,0
违章05/违章05_t59.2_306_off.jpg,违章05,59.16,1757,0,947,100,1023,impostor_outside,off,0
违章05/违章05_t31.1_307_off.jpg,违章05,31.11,924,209,164,290,232,impostor_outside,off,0
违章05/违章05_t31.1_308_off.jpg,违章05,31.11,924,992,486,1008,501,impostor_outside,off,0
违章05/违章05_t48.3_309_off.jpg,违章05,48.32,1435,331,225,353,252,impostor_outside,off,0
违章05/违章05_t54.2_310_off.jpg,违章05,54.21,1610,1723,496,1790,524,impostor_outside,off,0
违章05/违章05_t59.2_311_off.jpg,违章05,59.16,1757,1428,395,1462,425,impostor_outside,off,0
违章05/违章05_t44.3_312_off.jpg,违章05,44.31,1316,316,287,325,295,impostor_outside,off,0
违章05/违章05_t49.7_313_off.jpg,违章05,49.73,1477,804,346,939,614,impostor_outside,off,0
违章05/违章05_t42.9_314_off.jpg,违章05,42.9,1274,1209,356,1249,378,impostor_outside,off,0
违章05/违章05_t47.4_315_off.jpg,违章05,47.38,1407,994,505,1109,550,impostor_outside,off,0
违章05/违章05_t0.0_316_walk.jpg,违章05,0.0,0,1264,84,1424,244,prior_roi,walk,0
违章05/违章05_t0.2_317_walk.jpg,违章05,0.24,7,1267,91,1427,251,prior_roi,walk,0
违章05/违章05_t0.5_318_walk.jpg,违章05,0.47,14,1256,92,1416,252,prior_roi,walk,0
违章05/违章05_t0.7_319_walk.jpg,违章05,0.71,21,1256,71,1416,231,prior_roi,walk,0
违章05/违章05_t0.9_320_walk.jpg,违章05,0.94,28,1255,74,1415,234,prior_roi,walk,0
违章05/违章05_t1.2_321_walk.jpg,违章05,1.18,35,1272,73,1432,233,prior_roi,walk,0
违章05/违章05_t1.4_322_walk.jpg,违章05,1.41,42,1264,89,1424,249,prior_roi,walk,0
违章05/违章05_t1.6_323_walk.jpg,违章05,1.65,49,1255,79,1415,239,prior_roi,walk,0
违章05/违章05_t1.9_324_walk.jpg,违章05,1.89,56,1254,88,1414,248,prior_roi,walk,0
违章05/违章05_t2.1_325_walk.jpg,违章05,2.12,63,1270,73,1430,233,prior_roi,walk,0
违章05/违章05_t2.4_326_walk.jpg,违章05,2.36,70,1258,93,1418,253,prior_roi,walk,0
违章05/违章05_t2.6_327_walk.jpg,违章05,2.59,77,1261,82,1421,242,prior_roi,walk,0
违章05/违章05_t2.8_328_walk.jpg,违章05,2.83,84,1257,86,1417,246,prior_roi,walk,0
违章05/违章05_t3.1_329_walk.jpg,违章05,3.06,91,1266,92,1426,252,prior_roi,walk,0
违章05/违章05_t3.3_330_walk.jpg,违章05,3.3,98,1260,94,1420,254,prior_roi,walk,0
违章05/违章05_t3.5_331_walk.jpg,违章05,3.54,105,1262,90,1422,250,prior_roi,walk,0
违章05/违章05_t3.8_332_walk.jpg,违章05,3.77,112,1257,90,1417,250,prior_roi,walk,0
违章05/违章05_t4.0_333_walk.jpg,违章05,4.01,119,1264,78,1424,238,prior_roi,walk,0
违章05/违章05_t4.2_334_walk.jpg,违章05,4.24,126,1257,75,1417,235,prior_roi,walk,0
违章05/违章05_t4.5_335_walk.jpg,违章05,4.48,133,1275,72,1435,232,prior_roi,walk,0
违章05/违章05_t4.7_336_walk.jpg,违章05,4.71,140,1258,90,1418,250,prior_roi,walk,0
违章05/违章05_t5.0_337_walk.jpg,违章05,4.95,147,1268,94,1428,254,prior_roi,walk,0
违章05/违章05_t5.2_338_walk.jpg,违章05,5.19,154,1263,91,1423,251,prior_roi,walk,0
违章05/违章05_t5.4_339_walk.jpg,违章05,5.42,161,1275,84,1435,244,prior_roi,walk,0
违章05/违章05_t5.7_340_walk.jpg,违章05,5.66,168,1273,72,1433,232,prior_roi,walk,0
违章05/违章05_t5.9_341_walk.jpg,违章05,5.89,175,1262,86,1422,246,prior_roi,walk,0
违章05/违章05_t6.1_342_walk.jpg,违章05,6.13,182,1265,79,1425,239,prior_roi,walk,0
违章05/违章05_t6.4_343_walk.jpg,违章05,6.36,189,1266,71,1426,231,prior_roi,walk,0
违章05/违章05_t6.6_344_walk.jpg,违章05,6.6,196,1256,81,1416,241,prior_roi,walk,0
违章05/违章05_t6.8_345_walk.jpg,违章05,6.84,203,1257,85,1417,245,prior_roi,walk,0
违章05/违章05_t7.1_346_walk.jpg,违章05,7.07,210,1259,77,1419,237,prior_roi,walk,0
违章05/违章05_t7.3_347_walk.jpg,违章05,7.31,217,1254,74,1414,234,prior_roi,walk,0
违章05/违章05_t7.5_348_walk.jpg,违章05,7.54,224,1276,84,1436,244,prior_roi,walk,0
违章05/违章05_t7.8_349_walk.jpg,违章05,7.78,231,1265,73,1425,233,prior_roi,walk,0
违章05/违章05_t8.0_350_walk.jpg,违章05,8.01,238,1263,94,1423,254,prior_roi,walk,0
违章05/违章05_t8.2_351_walk.jpg,违章05,8.25,245,1259,73,1419,233,prior_roi,walk,0
违章05/违章05_t8.5_352_walk.jpg,违章05,8.49,252,1262,74,1422,234,prior_roi,walk,0
违章05/违章05_t8.7_353_walk.jpg,违章05,8.72,259,1258,77,1418,237,prior_roi,walk,0
违章05/违章05_t9.0_354_walk.jpg,违章05,8.96,266,1271,87,1431,247,prior_roi,walk,0
违章05/违章05_t9.2_355_walk.jpg,违章05,9.19,273,1262,91,1422,251,prior_roi,walk,0
违章05/违章05_t9.4_356_walk.jpg,违章05,9.43,280,1267,80,1427,240,prior_roi,walk,0
违章05/违章05_t9.7_357_walk.jpg,违章05,9.66,287,1270,90,1430,250,prior_roi,walk,0
违章05/违章05_t9.9_358_walk.jpg,违章05,9.9,294,1267,86,1427,246,prior_roi,walk,0
违章05/违章05_t10.1_359_walk.jpg,违章05,10.14,301,1273,78,1433,238,prior_roi,walk,0
违章05/违章05_t10.4_360_walk.jpg,违章05,10.37,308,1276,79,1436,239,prior_roi,walk,0
违章05/违章05_t10.6_361_walk.jpg,违章05,10.61,315,1252,89,1412,249,prior_roi,walk,0
违章05/违章05_t10.8_362_walk.jpg,违章05,10.84,322,1273,89,1433,249,prior_roi,walk,0
违章05/违章05_t11.1_363_walk.jpg,违章05,11.08,329,1257,78,1417,238,prior_roi,walk,0
违章05/违章05_t11.3_364_walk.jpg,违章05,11.31,336,1258,86,1418,246,prior_roi,walk,0
违章05/违章05_t11.6_365_walk.jpg,违章05,11.55,343,1269,92,1429,252,prior_roi,walk,0
违章05/违章05_t11.8_366_walk.jpg,违章05,11.79,350,1255,79,1415,239,prior_roi,walk,0
违章05/违章05_t12.0_367_walk.jpg,违章05,12.02,357,1266,75,1426,235,prior_roi,walk,0
违章05/违章05_t12.3_368_walk.jpg,违章05,12.26,364,1255,71,1415,231,prior_roi,walk,0
违章05/违章05_t12.5_369_walk.jpg,违章05,12.49,371,1266,86,1426,246,prior_roi,walk,0
违章05/违章05_t12.7_370_walk.jpg,违章05,12.73,378,1268,87,1428,247,prior_roi,walk,0
违章05/违章05_t13.0_371_walk.jpg,违章05,12.96,385,1271,88,1431,248,prior_roi,walk,0
违章05/违章05_t13.2_372_walk.jpg,违章05,13.2,392,1269,93,1429,253,prior_roi,walk,0
违章05/违章05_t13.4_373_walk.jpg,违章05,13.43,399,1273,82,1433,242,prior_roi,walk,0
违章05/违章05_t13.7_374_walk.jpg,违章05,13.67,406,1265,80,1425,240,prior_roi,walk,0
违章05/违章05_t13.9_375_walk.jpg,违章05,13.91,413,1271,80,1431,240,prior_roi,walk,0
违章05/违章05_t14.1_376_walk.jpg,违章05,14.14,420,1259,80,1419,240,prior_roi,walk,0
违章05/违章05_t14.4_377_walk.jpg,违章05,14.38,427,1267,74,1427,234,prior_roi,walk,0
违章05/违章05_t14.6_378_walk.jpg,违章05,14.61,434,1268,93,1428,253,prior_roi,walk,0
违章05/违章05_t14.8_379_walk.jpg,违章05,14.85,441,1275,70,1435,230,prior_roi,walk,0
违章06/违章06_t0.5_2_walk.jpg,违章06,0.47,14,1168,406,1328,566,prior_roi,walk,0
违章06/违章06_t0.7_3_walk.jpg,违章06,0.71,21,1168,406,1328,566,prior_roi,walk,0
违章06/违章06_t0.9_4_walk.jpg,违章06,0.95,28,1168,406,1328,566,prior_roi,walk,0
违章06/违章06_t1.2_5_walk.jpg,违章06,1.18,35,1168,406,1328,566,prior_roi,walk,0
违章06/违章06_t2.8_12_walk.jpg,违章06,2.84,84,1168,406,1328,566,prior_roi,walk,0
违章06/违章06_t2.8_13_off.jpg,违章06,2.84,84,361,111,521,271,prior_off,off,0
违章06/违章06_t3.1_14_walk.jpg,违章06,3.07,91,1168,406,1328,566,prior_roi,walk,0
违章06/违章06_t3.3_15_walk.jpg,违章06,3.31,98,1168,406,1328,566,prior_roi,walk,0
违章06/违章06_t3.5_16_walk.jpg,违章06,3.55,105,1168,406,1328,566,prior_roi,walk,0
违章06/违章06_t3.8_17_walk.jpg,违章06,3.78,112,1168,406,1328,566,prior_roi,walk,0
违章06/违章06_t4.0_18_walk.jpg,违章06,4.02,119,1168,406,1328,566,prior_roi,walk,0
违章06/违章06_t4.3_19_walk.jpg,违章06,4.26,126,1168,406,1328,566,prior_roi,walk,0
违章06/违章06_t4.7_21_walk.jpg,违章06,4.73,140,1168,406,1328,566,prior_roi,walk,0
违章06/违章06_t5.0_22_walk.jpg,违章06,4.97,147,1168,406,1328,566,prior_roi,walk,0
违章06/违章06_t5.2_23_walk.jpg,违章06,5.2,154,1168,406,1328,566,prior_roi,walk,0
违章06/违章06_t5.4_24_walk.jpg,违章06,5.44,161,1168,406,1328,566,prior_roi,walk,0
违章06/违章06_t5.7_25_walk.jpg,违章06,5.68,168,1168,406,1328,566,prior_roi,walk,0
违章06/违章06_t5.7_26_off.jpg,违章06,5.68,168,776,0,936,91,prior_off,off,0
违章06/违章06_t5.9_27_walk.jpg,违章06,5.91,175,1168,406,1328,566,prior_roi,walk,0
违章06/违章06_t6.2_28_walk.jpg,违章06,6.15,182,1168,406,1328,566,prior_roi,walk,0
违章06/违章06_t6.4_29_walk.jpg,违章06,6.39,189,1168,406,1328,566,prior_roi,walk,0
违章06/违章06_t6.6_30_walk.jpg,违章06,6.62,196,1168,406,1328,566,prior_roi,walk,0
违章06/违章06_t6.9_31_walk.jpg,违章06,6.86,203,1168,406,1328,566,prior_roi,walk,0
违章06/违章06_t7.1_32_walk.jpg,违章06,7.1,210,1168,406,1328,566,prior_roi,walk,0
违章06/违章06_t7.3_33_walk.jpg,违章06,7.33,217,1168,406,1328,566,prior_roi,walk,0
违章06/违章06_t7.6_34_walk.jpg,违章06,7.57,224,1168,406,1328,566,prior_roi,walk,0
违章06/违章06_t7.8_35_walk.jpg,违章06,7.81,231,1168,406,1328,566,prior_roi,walk,0
违章06/违章06_t8.0_36_walk.jpg,违章06,8.04,238,1168,406,1328,566,prior_roi,walk,0
违章06/违章06_t8.3_37_walk.jpg,违章06,8.28,245,1168,406,1328,566,prior_roi,walk,0
违章06/违章06_t8.5_38_walk.jpg,违章06,8.51,252,1168,406,1328,566,prior_roi,walk,0
违章06/违章06_t8.8_39_walk.jpg,违章06,8.75,259,1168,406,1328,566,prior_roi,walk,0
违章06/违章06_t9.0_40_walk.jpg,违章06,8.99,266,1168,406,1328,566,prior_roi,walk,0
违章06/违章06_t9.2_41_walk.jpg,违章06,9.22,273,1168,406,1328,566,prior_roi,walk,0
违章06/违章06_t9.5_42_walk.jpg,违章06,9.46,280,1168,406,1328,566,prior_roi,walk,0
违章06/违章06_t9.7_43_walk.jpg,违章06,9.7,287,1168,406,1328,566,prior_roi,walk,0
违章06/违章06_t10.4_46_walk.jpg,违章06,10.41,308,1168,406,1328,566,prior_roi,walk,0
违章06/违章06_t10.6_47_walk.jpg,违章06,10.64,315,1168,406,1328,566,prior_roi,walk,0
违章06/违章06_t10.9_48_walk.jpg,违章06,10.88,322,1168,406,1328,566,prior_roi,walk,0
违章06/违章06_t11.1_49_walk.jpg,违章06,11.12,329,1168,406,1328,566,prior_roi,walk,0
违章06/违章06_t11.1_50_off.jpg,违章06,11.12,329,1534,690,1694,850,prior_off,off,0
违章06/违章06_t11.3_51_walk.jpg,违章06,11.35,336,1168,406,1328,566,prior_roi,walk,0
违章06/违章06_t11.6_52_walk.jpg,违章06,11.59,343,1168,406,1328,566,prior_roi,walk,0
违章06/违章06_t11.8_53_walk.jpg,违章06,11.83,350,1168,406,1328,566,prior_roi,walk,0
违章06/违章06_t12.1_54_walk.jpg,违章06,12.06,357,1168,406,1328,566,prior_roi,walk,0
违章06/违章06_t12.3_55_walk.jpg,违章06,12.3,364,1168,406,1328,566,prior_roi,walk,0
违章06/违章06_t12.5_56_walk.jpg,违章06,12.54,371,1168,406,1328,566,prior_roi,walk,0
违章06/违章06_t12.8_57_walk.jpg,违章06,12.77,378,1168,406,1328,566,prior_roi,walk,0
违章06/违章06_t13.0_58_walk.jpg,违章06,13.01,385,1168,406,1328,566,prior_roi,walk,0
违章06/违章06_t13.2_59_walk.jpg,违章06,13.24,392,1168,406,1328,566,prior_roi,walk,0
违章06/违章06_t13.5_60_walk.jpg,违章06,13.48,399,1168,406,1328,566,prior_roi,walk,0
违章06/违章06_t13.7_61_walk.jpg,违章06,13.72,406,1168,406,1328,566,prior_roi,walk,0
违章06/违章06_t13.9_62_walk.jpg,违章06,13.95,413,1168,406,1328,566,prior_roi,walk,0
违章06/违章06_t14.2_63_walk.jpg,违章06,14.19,420,1168,406,1328,566,prior_roi,walk,0
违章06/违章06_t14.4_64_walk.jpg,违章06,14.43,427,1168,406,1328,566,prior_roi,walk,0
违章06/违章06_t14.7_65_walk.jpg,违章06,14.66,434,1168,406,1328,566,prior_roi,walk,0
违章06/违章06_t14.9_66_walk.jpg,违章06,14.9,441,1168,406,1328,566,prior_roi,walk,0
违章06/违章06_t15.1_67_walk.jpg,违章06,15.14,448,1168,406,1328,566,prior_roi,walk,0
违章06/违章06_t15.4_68_walk.jpg,违章06,15.37,455,1168,406,1328,566,prior_roi,walk,0
违章06/违章06_t15.6_69_walk.jpg,违章06,15.61,462,1168,406,1328,566,prior_roi,walk,0
违章06/违章06_t15.8_70_walk.jpg,违章06,15.85,469,1168,406,1328,566,prior_roi,walk,0
违章06/违章06_t16.1_71_walk.jpg,违章06,16.08,476,1168,406,1328,566,prior_roi,walk,0
违章06/违章06_t16.3_72_walk.jpg,违章06,16.32,483,1168,406,1328,566,prior_roi,walk,0
违章06/违章06_t16.6_73_walk.jpg,违章06,16.56,490,1168,406,1328,566,prior_roi,walk,0
违章06/违章06_t16.8_74_walk.jpg,违章06,16.79,497,1168,406,1328,566,prior_roi,walk,0
违章06/违章06_t17.0_75_walk.jpg,违章06,17.03,504,1168,406,1328,566,prior_roi,walk,0
违章06/违章06_t17.3_76_walk.jpg,违章06,17.27,511,1168,406,1328,566,prior_roi,walk,0
违章06/违章06_t17.5_77_walk.jpg,违章06,17.5,518,1168,406,1328,566,prior_roi,walk,0
违章06/违章06_t17.7_78_walk.jpg,违章06,17.74,525,1168,406,1328,566,prior_roi,walk,0
违章06/违章06_t18.0_79_walk.jpg,违章06,17.98,532,1168,406,1328,566,prior_roi,walk,0
违章06/违章06_t18.2_80_walk.jpg,违章06,18.21,539,1168,406,1328,566,prior_roi,walk,0
违章06/违章06_t18.4_81_walk.jpg,违章06,18.45,546,1168,406,1328,566,prior_roi,walk,0
违章06/违章06_t18.7_82_walk.jpg,违章06,18.68,553,1168,406,1328,566,prior_roi,walk,0
违章06/违章06_t18.9_83_walk.jpg,违章06,18.92,560,1168,406,1328,566,prior_roi,walk,0
违章06/违章06_t19.2_84_walk.jpg,违章06,19.16,567,1168,406,1328,566,prior_roi,walk,0
违章06/违章06_t19.4_85_walk.jpg,违章06,19.39,574,1168,406,1328,566,prior_roi,walk,0
违章06/违章06_t19.6_86_walk.jpg,违章06,19.63,581,1168,406,1328,566,prior_roi,walk,0
违章06/违章06_t19.9_87_walk.jpg,违章06,19.87,588,1168,406,1328,566,prior_roi,walk,0
违章06/违章06_t20.1_88_walk.jpg,违章06,20.1,595,1168,406,1328,566,prior_roi,walk,0
违章06/违章06_t20.3_89_walk.jpg,违章06,20.34,602,1168,406,1328,566,prior_roi,walk,0
违章06/违章06_t20.6_90_walk.jpg,违章06,20.58,609,1168,406,1328,566,prior_roi,walk,0
违章06/违章06_t20.8_91_walk.jpg,违章06,20.81,616,1168,406,1328,566,prior_roi,walk,0
违章06/违章06_t21.1_92_walk.jpg,违章06,21.05,623,1168,406,1328,566,prior_roi,walk,0
违章06/违章06_t21.3_93_walk.jpg,违章06,21.29,630,1168,406,1328,566,prior_roi,walk,0
违章06/违章06_t21.5_94_walk.jpg,违章06,21.52,637,1168,406,1328,566,prior_roi,walk,0
违章06/违章06_t21.8_95_walk.jpg,违章06,21.76,644,1168,406,1328,566,prior_roi,walk,0
违章06/违章06_t22.0_96_walk.jpg,违章06,22.0,651,1168,406,1328,566,prior_roi,walk,0
违章06/违章06_t22.2_97_walk.jpg,违章06,22.23,658,1168,406,1328,566,prior_roi,walk,0
违章06/违章06_t22.5_98_walk.jpg,违章06,22.47,665,1168,406,1328,566,prior_roi,walk,0
违章06/违章06_t22.7_99_walk.jpg,违章06,22.71,672,1168,406,1328,566,prior_roi,walk,0
违章06/违章06_t22.9_100_walk.jpg,违章06,22.94,679,1168,406,1328,566,prior_roi,walk,0
违章06/违章06_t23.2_101_walk.jpg,违章06,23.18,686,1168,406,1328,566,prior_roi,walk,0
违章06/违章06_t23.4_102_walk.jpg,违章06,23.42,693,1168,406,1328,566,prior_roi,walk,0
违章06/违章06_t23.6_103_walk.jpg,违章06,23.65,700,1168,406,1328,566,prior_roi,walk,0
违章06/违章06_t23.9_104_walk.jpg,违章06,23.89,707,1168,406,1328,566,prior_roi,walk,0
违章06/违章06_t24.1_105_walk.jpg,违章06,24.12,714,1168,406,1328,566,prior_roi,walk,0
违章06/违章06_t24.4_106_walk.jpg,违章06,24.36,721,1168,406,1328,566,prior_roi,walk,0
违章06/违章06_t24.6_107_walk.jpg,违章06,24.6,728,1168,406,1328,566,prior_roi,walk,0
违章06/违章06_t24.8_108_walk.jpg,违章06,24.83,735,1168,406,1328,566,prior_roi,walk,0
违章06/违章06_t25.1_109_walk.jpg,违章06,25.07,742,1168,406,1328,566,prior_roi,walk,0
违章06/违章06_t25.1_110_off.jpg,违章06,25.07,742,282,390,442,550,prior_off,off,0
违章06/违章06_t25.3_111_walk.jpg,违章06,25.31,749,1168,406,1328,566,prior_roi,walk,0
违章06/违章06_t25.5_112_walk.jpg,违章06,25.54,756,1168,406,1328,566,prior_roi,walk,0
违章06/违章06_t25.8_113_walk.jpg,违章06,25.78,763,1168,406,1328,566,prior_roi,walk,0
违章06/违章06_t26.0_114_walk.jpg,违章06,26.02,770,1168,406,1328,566,prior_roi,walk,0
违章06/违章06_t26.2_115_walk.jpg,违章06,26.25,777,1168,406,1328,566,prior_roi,walk,0
违章06/违章06_t26.5_116_walk.jpg,违章06,26.49,784,1168,406,1328,566,prior_roi,walk,0
违章06/违章06_t26.7_117_walk.jpg,违章06,26.73,791,1168,406,1328,566,prior_roi,walk,0
违章06/违章06_t27.0_118_walk.jpg,违章06,26.96,798,1168,406,1328,566,prior_roi,walk,0
违章06/违章06_t27.2_119_walk.jpg,违章06,27.2,805,1168,406,1328,566,prior_roi,walk,0
违章06/违章06_t27.4_120_walk.jpg,违章06,27.44,812,1168,406,1328,566,prior_roi,walk,0
违章06/违章06_t27.7_121_walk.jpg,违章06,27.67,819,1168,406,1328,566,prior_roi,walk,0
违章06/违章06_t27.9_122_walk.jpg,违章06,27.91,826,1168,406,1328,566,prior_roi,walk,0
违章06/违章06_t28.1_123_walk.jpg,违章06,28.15,833,1168,406,1328,566,prior_roi,walk,0
违章06/违章06_t28.4_124_walk.jpg,违章06,28.38,840,1168,406,1328,566,prior_roi,walk,0
违章06/违章06_t28.6_125_walk.jpg,违章06,28.62,847,1168,406,1328,566,prior_roi,walk,0
违章06/违章06_t28.9_126_walk.jpg,违章06,28.86,854,1168,406,1328,566,prior_roi,walk,0
违章06/违章06_t29.1_127_stand.jpg,违章06,29.09,861,1168,406,1328,566,prior_roi,stand,0
违章06/违章06_t29.1_128_off.jpg,违章06,29.09,861,1168,406,1328,566,impostor,off,0
违章06/违章06_t29.3_129_stand.jpg,违章06,29.33,868,1168,406,1328,566,prior_roi,stand,0
违章06/违章06_t29.3_130_off.jpg,违章06,29.33,868,1168,406,1328,566,impostor,off,0
违章06/违章06_t29.6_131_stand.jpg,违章06,29.56,875,1168,406,1328,566,prior_roi,stand,0
违章06/违章06_t29.6_132_off.jpg,违章06,29.56,875,1168,406,1328,566,impostor,off,0
违章06/违章06_t29.8_133_stand.jpg,违章06,29.8,882,1168,406,1328,566,prior_roi,stand,0
违章06/违章06_t29.8_134_off.jpg,违章06,29.8,882,1168,406,1328,566,impostor,off,0
违章06/违章06_t30.0_135_stand.jpg,违章06,30.04,889,1168,406,1328,566,prior_roi,stand,0
违章06/违章06_t30.0_136_off.jpg,违章06,30.04,889,1168,406,1328,566,impostor,off,0
违章06/违章06_t30.3_137_stand.jpg,违章06,30.27,896,1168,406,1328,566,prior_roi,stand,0
违章06/违章06_t30.3_138_off.jpg,违章06,30.27,896,1168,406,1328,566,impostor,off,0
违章06/违章06_t30.5_139_stand.jpg,违章06,30.51,903,1168,406,1328,566,prior_roi,stand,0
违章06/违章06_t30.5_140_off.jpg,违章06,30.51,903,1168,406,1328,566,impostor,off,0
违章06/违章06_t30.8_141_stand.jpg,违章06,30.75,910,1168,406,1328,566,prior_roi,stand,0
违章06/违章06_t30.8_142_off.jpg,违章06,30.75,910,1168,406,1328,566,impostor,off,0
违章06/违章06_t31.0_143_stand.jpg,违章06,30.98,917,1168,406,1328,566,prior_roi,stand,0
违章06/违章06_t31.0_144_off.jpg,违章06,30.98,917,1168,406,1328,566,impostor,off,0
违章06/违章06_t31.2_145_stand.jpg,违章06,31.22,924,1168,406,1328,566,prior_roi,stand,0
违章06/违章06_t31.2_146_off.jpg,违章06,31.22,924,1168,406,1328,566,impostor,off,0
违章06/违章06_t31.5_147_stand.jpg,违章06,31.46,931,1168,406,1328,566,prior_roi,stand,0
违章06/违章06_t31.5_148_off.jpg,违章06,31.46,931,1168,406,1328,566,impostor,off,0
违章06/违章06_t31.7_149_stand.jpg,违章06,31.69,938,1168,406,1328,566,prior_roi,stand,0
违章06/违章06_t31.7_150_off.jpg,违章06,31.69,938,1168,406,1328,566,impostor,off,0
违章06/违章06_t31.7_151_off.jpg,违章06,31.69,938,1568,793,1728,953,prior_off,off,0
违章06/违章06_t31.9_152_stand.jpg,违章06,31.93,945,1168,406,1328,566,prior_roi,stand,0
违章06/违章06_t31.9_153_off.jpg,违章06,31.93,945,1168,406,1328,566,impostor,off,0
违章06/违章06_t32.2_154_stand.jpg,违章06,32.17,952,1168,406,1328,566,prior_roi,stand,0
违章06/违章06_t32.2_155_off.jpg,违章06,32.17,952,1168,406,1328,566,impostor,off,0
违章06/违章06_t32.4_156_stand.jpg,违章06,32.4,959,1168,406,1328,566,prior_roi,stand,0
违章06/违章06_t32.4_157_off.jpg,违章06,32.4,959,1168,406,1328,566,impostor,off,0
违章06/违章06_t32.6_158_stand.jpg,违章06,32.64,966,1168,406,1328,566,prior_roi,stand,0
违章06/违章06_t32.6_159_off.jpg,违章06,32.64,966,1168,406,1328,566,impostor,off,0
违章06/违章06_t32.9_160_stand.jpg,违章06,32.88,973,1168,406,1328,566,prior_roi,stand,0
违章06/违章06_t32.9_161_off.jpg,违章06,32.88,973,1168,406,1328,566,impostor,off,0
违章06/违章06_t33.1_162_stand.jpg,违章06,33.11,980,1168,406,1328,566,prior_roi,stand,0
违章06/违章06_t33.1_163_off.jpg,违章06,33.11,980,1168,406,1328,566,impostor,off,0
违章06/违章06_t33.4_164_stand.jpg,违章06,33.35,987,1168,406,1328,566,prior_roi,stand,0
违章06/违章06_t33.4_165_off.jpg,违章06,33.35,987,1168,406,1328,566,impostor,off,0
违章06/违章06_t33.6_166_stand.jpg,违章06,33.59,994,1168,406,1328,566,prior_roi,stand,0
违章06/违章06_t33.6_167_off.jpg,违章06,33.59,994,1168,406,1328,566,impostor,off,0
违章06/违章06_t33.6_168_off.jpg,违章06,33.59,994,543,87,703,247,prior_off,off,0
违章06/违章06_t33.8_169_stand.jpg,违章06,33.82,1001,1168,406,1328,566,prior_roi,stand,0
违章06/违章06_t33.8_170_off.jpg,违章06,33.82,1001,1168,406,1328,566,impostor,off,0
违章06/违章06_t34.1_171_stand.jpg,违章06,34.06,1008,1168,406,1328,566,prior_roi,stand,0
违章06/违章06_t34.1_172_off.jpg,违章06,34.06,1008,1168,406,1328,566,impostor,off,0
违章06/违章06_t34.3_173_stand.jpg,违章06,34.29,1015,1168,406,1328,566,prior_roi,stand,0
违章06/违章06_t34.3_174_off.jpg,违章06,34.29,1015,1168,406,1328,566,impostor,off,0
违章06/违章06_t34.5_175_stand.jpg,违章06,34.53,1022,1168,406,1328,566,prior_roi,stand,0
违章06/违章06_t34.5_176_off.jpg,违章06,34.53,1022,1168,406,1328,566,impostor,off,0
违章06/违章06_t34.8_177_stand.jpg,违章06,34.77,1029,1168,406,1328,566,prior_roi,stand,0
违章06/违章06_t34.8_178_off.jpg,违章06,34.77,1029,1168,406,1328,566,impostor,off,0
违章06/违章06_t35.0_179_stand.jpg,违章06,35.0,1036,1168,406,1328,566,prior_roi,stand,0
违章06/违章06_t35.0_180_off.jpg,违章06,35.0,1036,1168,406,1328,566,impostor,off,0
违章06/违章06_t35.2_181_stand.jpg,违章06,35.24,1043,1168,406,1328,566,prior_roi,stand,0
违章06/违章06_t35.2_182_off.jpg,违章06,35.24,1043,1168,406,1328,566,impostor,off,0
违章06/违章06_t35.5_183_stand.jpg,违章06,35.48,1050,1168,406,1328,566,prior_roi,stand,0
违章06/违章06_t35.5_184_off.jpg,违章06,35.48,1050,1168,406,1328,566,impostor,off,0
违章06/违章06_t35.7_185_stand.jpg,违章06,35.71,1057,1168,406,1328,566,prior_roi,stand,0
违章06/违章06_t35.7_186_off.jpg,违章06,35.71,1057,1168,406,1328,566,impostor,off,0
违章06/违章06_t36.0_187_stand.jpg,违章06,35.95,1064,1168,406,1328,566,prior_roi,stand,0
违章06/违章06_t36.0_188_off.jpg,违章06,35.95,1064,1168,406,1328,566,impostor,off,0
违章06/违章06_t36.2_189_stand.jpg,违章06,36.19,1071,1168,406,1328,566,prior_roi,stand,0
违章06/违章06_t36.2_190_off.jpg,违章06,36.19,1071,1168,406,1328,566,impostor,off,0
违章06/违章06_t36.4_191_stand.jpg,违章06,36.42,1078,1168,406,1328,566,prior_roi,stand,0
违章06/违章06_t36.4_192_off.jpg,违章06,36.42,1078,1168,406,1328,566,impostor,off,0
违章06/违章06_t36.7_193_stand.jpg,违章06,36.66,1085,1168,406,1328,566,prior_roi,stand,0
违章06/违章06_t36.7_194_off.jpg,违章06,36.66,1085,1168,406,1328,566,impostor,off,0
违章06/违章06_t36.9_195_stand.jpg,违章06,36.9,1092,1168,406,1328,566,prior_roi,stand,0
违章06/违章06_t36.9_196_off.jpg,违章06,36.9,1092,1168,406,1328,566,impostor,off,0
违章06/违章06_t37.1_197_stand.jpg,违章06,37.13,1099,1168,406,1328,566,prior_roi,stand,0
违章06/违章06_t37.1_198_off.jpg,违章06,37.13,1099,1168,406,1328,566,impostor,off,0
违章06/违章06_t37.4_199_stand.jpg,违章06,37.37,1106,1168,406,1328,566,prior_roi,stand,0
违章06/违章06_t37.4_200_off.jpg,违章06,37.37,1106,1168,406,1328,566,impostor,off,0
违章06/违章06_t37.6_201_stand.jpg,违章06,37.61,1113,1168,406,1328,566,prior_roi,stand,0
违章06/违章06_t37.6_202_off.jpg,违章06,37.61,1113,1168,406,1328,566,impostor,off,0
违章06/违章06_t37.8_203_stand.jpg,违章06,37.84,1120,1168,406,1328,566,prior_roi,stand,0
违章06/违章06_t37.8_204_off.jpg,违章06,37.84,1120,1168,406,1328,566,impostor,off,0
违章06/违章06_t38.1_205_stand.jpg,违章06,38.08,1127,1168,406,1328,566,prior_roi,stand,0
违章06/违章06_t38.1_206_off.jpg,违章06,38.08,1127,1168,406,1328,566,impostor,off,0
违章06/违章06_t38.3_207_stand.jpg,违章06,38.32,1134,1168,406,1328,566,prior_roi,stand,0
违章06/违章06_t38.3_208_off.jpg,违章06,38.32,1134,1168,406,1328,566,impostor,off,0
违章06/违章06_t38.5_209_stand.jpg,违章06,38.55,1141,1168,406,1328,566,prior_roi,stand,0
违章06/违章06_t38.5_210_off.jpg,违章06,38.55,1141,1168,406,1328,566,impostor,off,0
违章06/违章06_t38.8_211_stand.jpg,违章06,38.79,1148,1168,406,1328,566,prior_roi,stand,0
违章06/违章06_t38.8_212_off.jpg,违章06,38.79,1148,1168,406,1328,566,impostor,off,0
违章06/违章06_t39.0_214_off.jpg,违章06,39.03,1155,1168,406,1328,566,impostor,off,0
违章06/违章06_t39.3_216_off.jpg,违章06,39.26,1162,1168,406,1328,566,impostor,off,0
违章06/违章06_t39.5_218_off.jpg,违章06,39.5,1169,1168,406,1328,566,impostor,off,0
违章06/违章06_t39.7_220_off.jpg,违章06,39.73,1176,1168,406,1328,566,impostor,off,0
违章06/违章06_t40.0_222_off.jpg,违章06,39.97,1183,1168,406,1328,566,impostor,off,0
违章06/违章06_t40.0_223_off.jpg,违章06,39.97,1183,1565,276,1725,436,prior_off,off,0
违章06/违章06_t40.2_225_off.jpg,违章06,40.21,1190,1168,406,1328,566,impostor,off,0
违章06/违章06_t40.4_227_off.jpg,违章06,40.44,1197,1168,406,1328,566,impostor,off,0
违章06/违章06_t40.7_229_off.jpg,违章06,40.68,1204,1168,406,1328,566,impostor,off,0
违章06/违章06_t40.9_230_stand.jpg,违章06,40.92,1211,1168,406,1328,566,prior_roi,stand,0
违章06/违章06_t41.1_231_stand.jpg,违章06,41.15,1218,1168,406,1328,566,prior_roi,stand,0
违章06/违章06_t41.1_232_off.jpg,违章06,41.15,1218,1168,406,1328,566,impostor,off,0
违章06/违章06_t41.4_233_stand.jpg,违章06,41.39,1225,1168,406,1328,566,prior_roi,stand,0
违章06/违章06_t41.6_234_stand.jpg,违章06,41.63,1232,1168,406,1328,566,prior_roi,stand,0
违章06/违章06_t41.9_235_stand.jpg,违章06,41.86,1239,1168,406,1328,566,prior_roi,stand,0
违章06/违章06_t42.1_236_stand.jpg,违章06,42.1,1246,1168,406,1328,566,prior_roi,stand,0
违章06/违章06_t42.3_237_stand.jpg,违章06,42.34,1253,1168,406,1328,566,prior_roi,stand,0
违章06/违章06_t42.6_238_stand.jpg,违章06,42.57,1260,1168,406,1328,566,prior_roi,stand,0
违章06/违章06_t42.8_239_stand.jpg,违章06,42.81,1267,1168,406,1328,566,prior_roi,stand,0
违章06/违章06_t42.8_241_off.jpg,违章06,42.81,1267,1493,708,1653,868,prior_off,off,0
违章06/违章06_t43.0_242_stand.jpg,违章06,43.05,1274,1168,406,1328,566,prior_roi,stand,0
违章06/违章06_t43.3_243_stand.jpg,违章06,43.28,1281,1168,406,1328,566,prior_roi,stand,0
违章06/违章06_t43.5_244_stand.jpg,违章06,43.52,1288,1168,406,1328,566,prior_roi,stand,0
违章06/违章06_t43.8_245_stand.jpg,违章06,43.76,1295,1168,406,1328,566,prior_roi,stand,0
违章06/违章06_t44.0_246_stand.jpg,违章06,43.99,1302,1168,406,1328,566,prior_roi,stand,0
违章06/违章06_t44.2_247_stand.jpg,违章06,44.23,1309,1168,406,1328,566,prior_roi,stand,0
违章06/违章06_t44.5_249_stand.jpg,违章06,44.47,1316,1168,406,1328,566,prior_roi,stand,0
违章06/违章06_t44.7_250_stand.jpg,违章06,44.7,1323,1168,406,1328,566,prior_roi,stand,0
违章06/违章06_t44.9_251_stand.jpg,违章06,44.94,1330,1168,406,1328,566,prior_roi,stand,0
违章06/违章06_t45.2_252_stand.jpg,违章06,45.17,1337,1168,406,1328,566,prior_roi,stand,0
违章06/违章06_t45.4_253_stand.jpg,违章06,45.41,1344,1168,406,1328,566,prior_roi,stand,0
违章06/违章06_t45.6_254_stand.jpg,违章06,45.65,1351,1168,406,1328,566,prior_roi,stand,0
违章06/违章06_t45.9_255_stand.jpg,违章06,45.88,1358,1168,406,1328,566,prior_roi,stand,0
违章06/违章06_t46.1_257_off.jpg,违章06,46.12,1365,1168,406,1328,566,impostor,off,0
违章06/违章06_t46.4_259_off.jpg,违章06,46.36,1372,1168,406,1328,566,impostor,off,0
违章06/违章06_t46.6_261_off.jpg,违章06,46.59,1379,1168,406,1328,566,impostor,off,0
违章06/违章06_t46.8_263_off.jpg,违章06,46.83,1386,1168,406,1328,566,impostor,off,0
违章06/违章06_t47.1_265_off.jpg,违章06,47.07,1393,1168,406,1328,566,impostor,off,0
违章06/违章06_t35.2_270_off.jpg,违章06,35.24,1043,1800,17,1854,51,impostor_outside,off,0
违章06/违章06_t41.4_271_off.jpg,违章06,41.39,1225,1827,362,1845,381,impostor_outside,off,0
违章06/违章06_t42.1_272_off.jpg,违章06,42.1,1246,424,423,449,436,impostor_outside,off,0
违章06/违章06_t31.5_273_off.jpg,违章06,31.46,931,870,391,891,407,impostor_outside,stand,1
违章06/违章06_t37.1_274_off.jpg,违章06,37.13,1099,1156,88,1168,98,impostor_outside,off,0
违章06/违章06_t36.2_275_off.jpg,违章06,36.19,1071,1484,0,1509,18,impostor_outside,off,0
违章06/违章06_t39.5_276_off.jpg,违章06,39.5,1169,677,17,696,34,impostor_outside,off,0
违章06/违章06_t32.2_277_off.jpg,违章06,32.17,952,183,93,198,119,impostor_outside,off,0
违章06/违章06_t34.5_278_off.jpg,违章06,34.53,1022,1634,205,1647,228,impostor_outside,off,0
违章06/违章06_t34.3_279_off.jpg,违章06,34.29,1015,832,69,841,78,impostor_outside,off,0
违章06/违章06_t30.5_280_off.jpg,违章06,30.51,903,296,103,306,111,impostor_outside,off,0
违章06/违章06_t43.5_281_off.jpg,违章06,43.52,1288,1028,57,1039,70,impostor_outside,off,0
违章06/违章06_t37.6_282_off.jpg,违章06,37.61,1113,488,0,512,13,impostor_outside,off,0
违章06/违章06_t36.0_283_off.jpg,违章06,35.95,1064,0,162,20,174,impostor_outside,off,0
违章06/违章06_t31.0_284_off.jpg,违章06,30.98,917,1685,80,1697,101,impostor_outside,off,0
违章06/违章06_t46.6_285_off.jpg,违章06,46.59,1379,1254,70,1269,84,impostor_outside,off,0
违章06/违章06_t31.5_286_off.jpg,违章06,31.46,931,365,27,375,40,impostor_outside,off,0
违章06/违章06_t30.5_287_off.jpg,违章06,30.51,903,991,112,1010,122,impostor_outside,off,0
违章06/违章06_t35.2_288_off.jpg,违章06,35.24,1043,1561,62,1571,74,impostor_outside,off,0
违章06/违章06_t34.8_289_off.jpg,违章06,34.77,1029,1244,0,1276,27,impostor_outside,off,0
违章06/违章06_t46.6_290_off.jpg,违章06,46.59,1379,1792,0,1805,8,impostor_outside,off,0
违章06/违章06_t38.3_291_off.jpg,违章06,38.32,1134,1574,95,1588,109,impostor_outside,off,0
违章06/违章06_t29.1_292_off.jpg,违章06,29.09,861,1563,8,1586,27,impostor_outside,off,0
违章06/违章06_t39.7_293_off.jpg,违章06,39.73,1176,1809,85,1851,116,impostor_outside,off,0
违章06/违章06_t39.0_294_off.jpg,违章06,39.03,1155,941,33,954,50,impostor_outside,off,0
违章06/违章06_t36.4_295_off.jpg,违章06,36.42,1078,1112,43,1120,51,impostor_outside,off,0
违章06/违章06_t38.8_296_off.jpg,违章06,38.79,1148,966,61,978,74,impostor_outside,off,0
违章06/违章06_t29.3_297_off.jpg,违章06,29.33,868,1512,103,1521,113,impostor_outside,off,0
违章06/违章06_t42.3_298_off.jpg,违章06,42.34,1253,1767,21,1775,29,impostor_outside,off,0
违章06/违章06_t40.4_299_off.jpg,违章06,40.44,1197,567,80,587,102,impostor_outside,off,0
违章06/违章06_t31.2_300_off.jpg,违章06,31.22,924,1718,247,1732,264,impostor_outside,off,0
违章06/违章06_t39.5_301_off.jpg,违章06,39.5,1169,280,214,289,222,impostor_outside,off,0
违章06/违章06_t32.2_302_off.jpg,违章06,32.17,952,1656,248,1664,258,impostor_outside,off,0
违章06/违章06_t38.8_303_off.jpg,违章06,38.79,1148,1375,0,1388,13,impostor_outside,off,0
违章06/违章06_t40.4_304_off.jpg,违章06,40.44,1197,407,36,416,45,impostor_outside,off,0
违章06/违章06_t30.3_305_off.jpg,违章06,30.27,896,1269,43,1317,66,impostor_outside,off,0
违章06/违章06_t29.3_306_off.jpg,违章06,29.33,868,1740,272,1754,288,impostor_outside,off,0
违章06/违章06_t41.9_307_off.jpg,违章06,41.86,1239,1485,133,1493,141,impostor_outside,off,0
违章06/违章06_t29.3_308_off.jpg,违章06,29.33,868,1884,15,1920,62,impostor_outside,off,0
违章06/违章06_t43.0_309_off.jpg,违章06,43.05,1274,792,415,806,429,impostor_outside,off,0
违章06/违章06_t36.7_310_off.jpg,违章06,36.66,1085,1129,50,1141,68,impostor_outside,off,0
违章06/违章06_t43.0_311_off.jpg,违章06,43.05,1274,343,157,424,228,impostor_outside,off,0
违章06/违章06_t44.9_312_off.jpg,违章06,44.94,1330,1180,37,1281,113,impostor_outside,off,0
违章06/违章06_t38.5_313_off.jpg,违章06,38.55,1141,1450,8,1462,16,impostor_outside,off,0
违章06/违章06_t29.1_314_off.jpg,违章06,29.09,861,716,96,725,108,impostor_outside,off,0
违章06/违章06_t34.8_315_off.jpg,违章06,34.77,1029,1705,91,1719,104,impostor_outside,off,0
违章06/违章06_t44.2_316_off.jpg,违章06,44.23,1309,850,297,864,306,impostor_outside,off,0
违章06/违章06_t31.2_317_off.jpg,违章06,31.22,924,1195,68,1249,129,impostor_outside,off,0
违章06/违章06_t29.3_318_off.jpg,违章06,29.33,868,1674,224,1688,239,impostor_outside,off,0
违章06/违章06_t31.9_319_off.jpg,违章06,31.93,945,148,119,156,128,impostor_outside,off,0
违章06/违章06_t33.1_320_off.jpg,违章06,33.11,980,921,408,939,421,impostor_outside,stand,1
违章06/违章06_t41.6_321_off.jpg,违章06,41.63,1232,1604,118,1656,151,impostor_outside,off,0
违章06/违章06_t41.1_322_off.jpg,违章06,41.15,1218,0,522,82,552,impostor_outside,off,0
违章06/违章06_t34.8_323_off.jpg,违章06,34.77,1029,288,82,298,92,impostor_outside,off,0
违章06/违章06_t36.2_324_off.jpg,违章06,36.19,1071,831,72,845,82,impostor_outside,off,0
违章06/违章06_t32.4_325_off.jpg,违章06,32.4,959,1310,280,1345,291,impostor_outside,off,0
违章06/违章06_t30.0_326_off.jpg,违章06,30.04,889,1572,11,1591,26,impostor_outside,off,0
违章06/违章06_t30.3_327_off.jpg,违章06,30.27,896,1199,102,1218,117,impostor_outside,off,0
违章06/违章06_t42.1_328_off.jpg,违章06,42.1,1246,1743,50,1754,60,impostor_outside,off,0
违章06/违章06_t38.1_329_off.jpg,违章06,38.08,1127,1496,87,1509,98,impostor_outside,off,0
违章06/违章06_t41.1_330_off.jpg,违章06,41.15,1218,1090,106,1101,123,impostor_outside,off,0
违章06/违章06_t39.3_331_off.jpg,违章06,39.26,1162,631,48,641,65,impostor_outside,off,0
违章06/违章06_t42.8_332_off.jpg,违章06,42.81,1267,1535,47,1552,72,impostor_outside,off,0
违章06/违章06_t35.7_333_off.jpg,违章06,35.71,1057,1880,34,1889,43,impostor_outside,off,0
违章06/违章06_t30.0_334_off.jpg,违章06,30.04,889,1079,74,1091,87,impostor_outside,off,0
违章06/违章06_t42.3_335_off.jpg,违章06,42.34,1253,702,124,712,140,impostor_outside,off,0
违章06/违章06_t46.4_336_off.jpg,违章06,46.36,1372,497,963,510,971,impostor_outside,off,0
违章06/违章06_t30.5_337_off.jpg,违章06,30.51,903,866,84,874,95,impostor_outside,off,0
违章06/违章06_t35.7_338_off.jpg,违章06,35.71,1057,1321,9,1338,23,impostor_outside,off,0
违章06/违章06_t40.0_339_off.jpg,违章06,39.97,1183,1081,8,1089,17,impostor_outside,off,0
违章06/违章06_t36.0_340_off.jpg,违章06,35.95,1064,238,97,256,111,impostor_outside,off,0
违章06/违章06_t30.0_341_off.jpg,违章06,30.04,889,1078,327,1112,356,impostor_outside,stand,1
违章06/违章06_t35.7_342_off.jpg,违章06,35.71,1057,434,11,447,23,impostor_outside,off,0
违章06/违章06_t32.9_343_off.jpg,违章06,32.88,973,1833,127,1842,141,impostor_outside,off,0
违章06/违章06_t38.5_344_off.jpg,违章06,38.55,1141,443,6,455,15,impostor_outside,off,0
违章06/违章06_t39.5_345_off.jpg,违章06,39.5,1169,208,9,237,44,impostor_outside,off,0
违章06/违章06_t39.5_346_off.jpg,违章06,39.5,1169,420,440,505,472,impostor_outside,off,0
违章06/违章06_t38.8_347_off.jpg,违章06,38.79,1148,520,93,530,103,impostor_outside,off,0
违章06/违章06_t33.8_348_off.jpg,违章06,33.82,1001,856,59,867,70,impostor_outside,off,0
违章06/违章06_t35.0_349_off.jpg,违章06,35.0,1036,1264,40,1277,50,impostor_outside,off,0
违章06/违章06_t42.3_350_off.jpg,违章06,42.34,1253,721,117,732,125,impostor_outside,off,0
违章06/违章06_t37.8_351_off.jpg,违章06,37.84,1120,108,104,119,113,impostor_outside,off,0
违章06/违章06_t30.8_352_off.jpg,违章06,30.75,910,157,105,179,115,impostor_outside,off,0
违章06/违章06_t41.1_353_off.jpg,违章06,41.15,1218,1286,199,1302,223,impostor_outside,off,0
违章06/违章06_t32.6_354_off.jpg,违章06,32.64,966,1242,65,1273,114,impostor_outside,off,0
违章06/违章06_t47.1_355_off.jpg,违章06,47.07,1393,1303,0,1386,43,impostor_outside,off,0
违章06/违章06_t41.1_356_off.jpg,违章06,41.15,1218,1230,101,1250,129,impostor_outside,off,0
违章06/违章06_t36.2_357_off.jpg,违章06,36.19,1071,1627,167,1689,253,impostor_outside,off,0
违章06/违章06_t42.1_358_off.jpg,违章06,42.1,1246,991,168,1031,197,impostor_outside,off,0
违章06/违章06_t41.4_359_off.jpg,违章06,41.39,1225,1025,140,1042,153,impostor_outside,off,0
违章06/违章06_t40.7_360_off.jpg,违章06,40.68,1204,845,72,855,81,impostor_outside,off,0
违章06/违章06_t30.5_361_off.jpg,违章06,30.51,903,1131,44,1170,70,impostor_outside,off,0
违章06/违章06_t36.4_362_off.jpg,违章06,36.42,1078,977,77,1001,99,impostor_outside,off,0
违章06/违章06_t36.2_363_off.jpg,违章06,36.19,1071,1159,0,1189,17,impostor_outside,off,0
违章06/违章06_t46.1_364_off.jpg,违章06,46.12,1365,831,0,991,59,impostor_outside,off,0
违章06/违章06_t36.4_365_off.jpg,违章06,36.42,1078,1841,0,1858,11,impostor_outside,off,0
违章06/违章06_t32.6_366_off.jpg,违章06,32.64,966,1224,76,1238,93,impostor_outside,off,0
违章06/违章06_t34.5_367_off.jpg,违章06,34.53,1022,1322,32,1343,46,impostor_outside,off,0
违章06/违章06_t38.8_368_off.jpg,违章06,38.79,1148,865,52,878,63,impostor_outside,off,0
违章06/违章06_t29.8_369_off.jpg,违章06,29.8,882,1707,254,1735,278,impostor_outside,off,0
违章06/违章06_t39.3_370_off.jpg,违章06,39.26,1162,1469,52,1497,74,impostor_outside,off,0
违章06/违章06_t32.6_371_off.jpg,违章06,32.64,966,1418,319,1495,399,impostor_outside,off,0
违章06/违章06_t35.0_372_off.jpg,违章06,35.0,1036,462,18,476,30,impostor_outside,off,0
违章06/违章06_t42.3_373_off.jpg,违章06,42.34,1253,1386,152,1408,167,impostor_outside,off,0
违章06/违章06_t37.4_374_off.jpg,违章06,37.37,1106,0,81,39,102,impostor_outside,off,0
违章06/违章06_t29.3_375_off.jpg,违章06,29.33,868,1024,124,1036,132,impostor_outside,off,0
违章06/违章06_t40.7_376_off.jpg,违章06,40.68,1204,1380,319,1390,327,impostor_outside,off,0
违章06/违章06_t33.6_377_off.jpg,违章06,33.59,994,873,88,884,97,impostor_outside,off,0
违章06/违章06_t30.5_378_off.jpg,违章06,30.51,903,1417,8,1432,28,impostor_outside,off,0
违章06/违章06_t36.2_379_off.jpg,违章06,36.19,1071,1817,0,1860,33,impostor_outside,off,0
违章06/违章06_t37.6_380_off.jpg,违章06,37.61,1113,1364,305,1376,315,impostor_outside,off,0
违章06/违章06_t42.3_381_off.jpg,违章06,42.34,1253,369,533,414,546,impostor_outside,off,0
违章06/违章06_t31.0_382_off.jpg,违章06,30.98,917,1634,48,1653,62,impostor_outside,off,0
违章06/违章06_t37.1_383_off.jpg,违章06,37.13,1099,949,78,971,99,impostor_outside,off,0
违章06/违章06_t35.5_384_off.jpg,违章06,35.48,1050,416,15,446,37,impostor_outside,off,0
违章06/违章06_t40.0_385_off.jpg,违章06,39.97,1183,996,0,1015,17,impostor_outside,off,0
违章06/违章06_t32.4_386_off.jpg,违章06,32.4,959,1160,82,1174,92,impostor_outside,off,0
违章06/违章06_t37.6_387_off.jpg,违章06,37.61,1113,1619,158,1634,186,impostor_outside,off,0
违章06/违章06_t40.9_388_off.jpg,违章06,40.92,1211,865,91,889,102,impostor_outside,off,0
违章06/违章06_t31.0_389_off.jpg,违章06,30.98,917,1384,11,1418,31,impostor_outside,off,0
违章06/违章06_t37.6_390_off.jpg,违章06,37.61,1113,1625,81,1664,128,impostor_outside,off,0
违章06/违章06_t32.4_391_off.jpg,违章06,32.4,959,1083,331,1103,360,impostor_outside,stand,1
违章06/违章06_t38.1_392_off.jpg,违章06,38.08,1127,984,108,995,116,impostor_outside,off,0
违章06/违章06_t35.5_393_off.jpg,违章06,35.48,1050,1181,48,1192,61,impostor_outside,off,0
违章06/违章06_t40.0_394_off.jpg,违章06,39.97,1183,1605,58,1626,71,impostor_outside,off,0
违章06/违章06_t36.7_395_off.jpg,违章06,36.66,1085,1450,29,1487,48,impostor_outside,off,0
违章06/违章06_t36.9_396_off.jpg,违章06,36.9,1092,254,49,277,68,impostor_outside,off,0
违章06/违章06_t41.1_397_off.jpg,违章06,41.15,1218,1792,53,1833,79,impostor_outside,off,0
违章06/违章06_t33.1_398_off.jpg,违章06,33.11,980,1556,12,1574,32,impostor_outside,off,0
违章06/违章06_t37.1_399_off.jpg,违章06,37.13,1099,1672,190,1680,203,impostor_outside,off,0
违章06/违章06_t34.5_400_off.jpg,违章06,34.53,1022,178,126,188,138,impostor_outside,off,0
违章06/违章06_t40.2_401_off.jpg,违章06,40.21,1190,429,25,438,37,impostor_outside,off,0
违章06/违章06_t41.4_402_off.jpg,违章06,41.39,1225,1778,429,1872,508,impostor_outside,off,0
违章06/违章06_t29.8_403_off.jpg,违章06,29.8,882,1253,118,1272,130,impostor_outside,off,0
违章06/违章06_t43.3_404_off.jpg,违章06,43.28,1281,895,48,905,57,impostor_outside,off,0
违章06/违章06_t37.4_405_off.jpg,违章06,37.37,1106,596,17,605,28,impostor_outside,off,0
违章06/违章06_t48.0_406_off.jpg,违章06,48.01,1421,1244,240,1252,249,impostor_outside,off,0
违章06/违章06_t38.8_407_off.jpg,违章06,38.79,1148,229,3,244,14,impostor_outside,off,0
违章06/违章06_t31.7_408_off.jpg,违章06,31.69,938,523,458,570,499,impostor_outside,off,0
违章06/违章06_t32.4_409_off.jpg,违章06,32.4,959,1203,77,1237,103,impostor_outside,off,0
违章06/违章06_t47.1_410_off.jpg,违章06,47.07,1393,1380,146,1388,157,impostor_outside,off,0
违章06/违章06_t42.8_411_off.jpg,违章06,42.81,1267,1072,120,1092,136,impostor_outside,off,0
违章06/违章06_t40.4_412_off.jpg,违章06,40.44,1197,1442,47,1464,78,impostor_outside,off,0
违章06/违章06_t35.0_413_off.jpg,违章06,35.0,1036,1249,12,1257,25,impostor_outside,off,0
违章06/违章06_t33.8_414_off.jpg,违章06,33.82,1001,1627,210,1638,225,impostor_outside,off,0
违章06/违章06_t33.1_415_off.jpg,违章06,33.11,980,1393,20,1412,34,impostor_outside,off,0
违章06/违章06_t38.1_416_off.jpg,违章06,38.08,1127,702,353,717,369,impostor_outside,off,0
违章06/违章06_t38.5_417_off.jpg,违章06,38.55,1141,1007,27,1031,45,impostor_outside,off,0
违章06/违章06_t34.8_418_off.jpg,违章06,34.77,1029,857,55,868,67,impostor_outside,off,0
违章06/违章06_t45.9_419_off.jpg,违章06,45.88,1358,218,474,281,506,impostor_outside,off,0
违章06/违章06_t36.9_420_off.jpg,违章06,36.9,1092,1899,36,1911,44,impostor_outside,off,0
违章06/违章06_t45.4_421_off.jpg,违章06,45.41,1344,1839,669,1854,682,impostor_outside,off,0
违章06/违章06_t35.5_422_off.jpg,违章06,35.48,1050,1479,5,1512,26,impostor_outside,off,0
违章06/违章06_t43.0_423_off.jpg,违章06,43.05,1274,1574,0,1631,37,impostor_outside,off,0
违章06/违章06_t37.6_424_off.jpg,违章06,37.61,1113,603,189,624,198,impostor_outside,off,0
违章06/违章06_t32.4_425_off.jpg,违章06,32.4,959,359,49,373,60,impostor_outside,off,0
违章06/违章06_t33.6_426_off.jpg,违章06,33.59,994,723,318,733,328,impostor_outside,off,0
违章06/违章06_t44.7_427_off.jpg,违章06,44.7,1323,867,435,895,453,impostor_outside,off,0
违章06/违章06_t40.4_428_off.jpg,违章06,40.44,1197,502,23,515,31,impostor_outside,off,0
违章06/违章06_t47.5_429_off.jpg,违章06,47.54,1407,1259,327,1267,337,impostor_outside,off,0
违章06/违章06_t33.4_430_off.jpg,违章06,33.35,987,1891,53,1901,61,impostor_outside,off,0
违章06/违章06_t0.5_433_walk.jpg,违章06,0.47,14,1180,409,1340,569,prior_roi,walk,0
违章06/违章06_t0.7_434_walk.jpg,违章06,0.71,21,1166,413,1326,573,prior_roi,walk,0
违章06/违章06_t0.9_435_walk.jpg,违章06,0.95,28,1165,409,1325,569,prior_roi,walk,0
违章06/违章06_t1.2_436_walk.jpg,违章06,1.18,35,1160,403,1320,563,prior_roi,walk,0
违章06/违章06_t1.7_438_walk.jpg,违章06,1.66,49,1178,396,1338,556,prior_roi,walk,0
违章06/违章06_t3.1_444_walk.jpg,违章06,3.07,91,1159,407,1319,567,prior_roi,walk,0
违章06/违章06_t3.3_445_walk.jpg,违章06,3.31,98,1176,412,1336,572,prior_roi,walk,0
违章06/违章06_t3.5_446_walk.jpg,违章06,3.55,105,1165,411,1325,571,prior_roi,walk,0
违章06/违章06_t3.8_447_walk.jpg,违章06,3.78,112,1156,412,1316,572,prior_roi,walk,0
违章06/违章06_t4.0_448_walk.jpg,违章06,4.02,119,1157,406,1317,566,prior_roi,walk,0
违章06/违章06_t4.5_450_walk.jpg,违章06,4.49,133,1172,405,1332,565,prior_roi,walk,0
违章06/违章06_t5.0_452_walk.jpg,违章06,4.97,147,1163,399,1323,559,prior_roi,walk,0
违章06/违章06_t5.2_453_walk.jpg,违章06,5.2,154,1176,414,1336,574,prior_roi,walk,0
违章06/违章06_t5.4_454_walk.jpg,违章06,5.44,161,1159,397,1319,557,prior_roi,walk,0
违章06/违章06_t5.7_455_walk.jpg,违章06,5.68,168,1173,413,1333,573,prior_roi,walk,0
违章06/违章06_t5.9_456_walk.jpg,违章06,5.91,175,1160,403,1320,563,prior_roi,walk,0
违章06/违章06_t6.2_457_walk.jpg,违章06,6.15,182,1167,409,1327,569,prior_roi,walk,0
违章06/违章06_t6.4_458_walk.jpg,违章06,6.39,189,1172,401,1332,561,prior_roi,walk,0
违章06/违章06_t6.6_459_walk.jpg,违章06,6.62,196,1169,418,1329,578,prior_roi,walk,0
违章06/违章06_t7.1_461_walk.jpg,违章06,7.1,210,1175,399,1335,559,prior_roi,walk,0
违章06/违章06_t7.3_462_walk.jpg,违章06,7.33,217,1166,399,1326,559,prior_roi,walk,0
违章06/违章06_t7.6_463_walk.jpg,违章06,7.57,224,1180,415,1340,575,prior_roi,walk,0
违章06/违章06_t7.8_464_walk.jpg,违章06,7.81,231,1156,404,1316,564,prior_roi,walk,0
违章06/违章06_t8.0_465_walk.jpg,违章06,8.04,238,1160,397,1320,557,prior_roi,walk,0
违章06/违章06_t8.3_466_walk.jpg,违章06,8.28,245,1172,404,1332,564,prior_roi,walk,0
违章06/违章06_t8.5_467_walk.jpg,违章06,8.51,252,1175,401,1335,561,prior_roi,walk,0
违章06/违章06_t8.8_468_walk.jpg,违章06,8.75,259,1159,417,1319,577,prior_roi,walk,0
违章06/违章06_t9.0_469_walk.jpg,违章06,8.99,266,1179,411,1339,571,prior_roi,walk,0
违章06/违章06_t9.2_470_walk.jpg,违章06,9.22,273,1159,417,1319,577,prior_roi,walk,0
违章06/违章06_t9.5_471_walk.jpg,违章06,9.46,280,1177,409,1337,569,prior_roi,walk,0
违章06/违章06_t9.7_472_walk.jpg,违章06,9.7,287,1172,413,1332,573,prior_roi,walk,0
违章06/违章06_t10.4_475_walk.jpg,违章06,10.41,308,1175,396,1335,556,prior_roi,walk,0
违章06/违章06_t10.6_476_walk.jpg,违章06,10.64,315,1162,395,1322,555,prior_roi,walk,0
违章06/违章06_t10.9_477_walk.jpg,违章06,10.88,322,1176,406,1336,566,prior_roi,walk,0
违章06/违章06_t11.1_478_walk.jpg,违章06,11.12,329,1164,410,1324,570,prior_roi,walk,0
违章06/违章06_t11.3_479_walk.jpg,违章06,11.35,336,1178,404,1338,564,prior_roi,walk,0
违章06/违章06_t11.6_480_walk.jpg,违章06,11.59,343,1163,412,1323,572,prior_roi,walk,0
违章06/违章06_t11.8_481_walk.jpg,违章06,11.83,350,1166,402,1326,562,prior_roi,walk,0
违章06/违章06_t12.1_482_walk.jpg,违章06,12.06,357,1179,417,1339,577,prior_roi,walk,0
违章06/违章06_t12.3_483_walk.jpg,违章06,12.3,364,1178,396,1338,556,prior_roi,walk,0
违章06/违章06_t12.5_484_walk.jpg,违章06,12.54,371,1170,398,1330,558,prior_roi,walk,0
违章06/违章06_t12.8_485_walk.jpg,违章06,12.77,378,1157,415,1317,575,prior_roi,walk,0
违章06/违章06_t13.0_486_walk.jpg,违章06,13.01,385,1159,408,1319,568,prior_roi,walk,0
违章06/违章06_t13.2_487_walk.jpg,违章06,13.24,392,1178,402,1338,562,prior_roi,walk,0
违章06/违章06_t13.5_488_walk.jpg,违章06,13.48,399,1180,404,1340,564,prior_roi,walk,0
违章06/违章06_t13.7_489_walk.jpg,违章06,13.72,406,1164,408,1324,568,prior_roi,walk,0
违章06/违章06_t13.9_490_walk.jpg,违章06,13.95,413,1156,404,1316,564,prior_roi,walk,0
违章06/违章06_t14.2_491_walk.jpg,违章06,14.19,420,1179,404,1339,564,prior_roi,walk,0
违章06/违章06_t14.4_492_walk.jpg,违章06,14.43,427,1176,401,1336,561,prior_roi,walk,0
违章06/违章06_t14.7_493_walk.jpg,违章06,14.66,434,1167,417,1327,577,prior_roi,walk,0
违章06/违章06_t14.9_494_walk.jpg,违章06,14.9,441,1167,405,1327,565,prior_roi,walk,0
违章06/违章06_t15.1_495_walk.jpg,违章06,15.14,448,1178,406,1338,566,prior_roi,walk,0
违章06/违章06_t15.4_496_walk.jpg,违章06,15.37,455,1162,394,1322,554,prior_roi,walk,0
违章06/违章06_t15.6_497_walk.jpg,违章06,15.61,462,1168,414,1328,574,prior_roi,walk,0
违章06/违章06_t15.8_498_walk.jpg,违章06,15.85,469,1174,411,1334,571,prior_roi,walk,0
违章06/违章06_t16.1_499_walk.jpg,违章06,16.08,476,1165,406,1325,566,prior_roi,walk,0
违章06/违章06_t16.3_500_walk.jpg,违章06,16.32,483,1175,394,1335,554,prior_roi,walk,0
违章06/违章06_t16.6_501_walk.jpg,违章06,16.56,490,1173,397,1333,557,prior_roi,walk,0
违章06/违章06_t16.8_502_walk.jpg,违章06,16.79,497,1166,394,1326,554,prior_roi,walk,0
违章06/违章06_t17.0_503_walk.jpg,违章06,17.03,504,1169,398,1329,558,prior_roi,walk,0
违章06/违章06_t17.3_504_walk.jpg,违章06,17.27,511,1158,398,1318,558,prior_roi,walk,0
违章06/违章06_t17.5_505_walk.jpg,违章06,17.5,518,1157,415,1317,575,prior_roi,walk,0
违章06/违章06_t17.7_506_walk.jpg,违章06,17.74,525,1173,403,1333,563,prior_roi,walk,0
违章06/违章06_t18.0_507_walk.jpg,违章06,17.98,532,1162,418,1322,578,prior_roi,walk,0
违章06/违章06_t18.2_508_walk.jpg,违章06,18.21,539,1176,405,1336,565,prior_roi,walk,0
违章06/违章06_t18.4_509_walk.jpg,违章06,18.45,546,1163,412,1323,572,prior_roi,walk,0
违章06/违章06_t18.7_510_walk.jpg,违章06,18.68,553,1158,418,1318,578,prior_roi,walk,0
违章06/违章06_t18.9_511_walk.jpg,违章06,18.92,560,1163,415,1323,575,prior_roi,walk,0
违章06/违章06_t19.2_512_walk.jpg,违章06,19.16,567,1169,404,1329,564,prior_roi,walk,0
违章06/违章06_t19.4_513_walk.jpg,违章06,19.39,574,1176,414,1336,574,prior_roi,walk,0
违章06/违章06_t19.6_514_walk.jpg,违章06,19.63,581,1178,414,1338,574,prior_roi,walk,0
违章06/违章06_t19.9_515_walk.jpg,违章06,19.87,588,1165,394,1325,554,prior_roi,walk,0
违章06/违章06_t20.1_516_walk.jpg,违章06,20.1,595,1158,408,1318,568,prior_roi,walk,0
违章06/违章06_t20.3_517_walk.jpg,违章06,20.34,602,1164,414,1324,574,prior_roi,walk,0
违章06/违章06_t20.6_518_walk.jpg,违章06,20.58,609,1168,400,1328,560,prior_roi,walk,0
违章06/违章06_t20.8_519_walk.jpg,违章06,20.81,616,1161,417,1321,577,prior_roi,walk,0
违章06/违章06_t21.1_520_walk.jpg,违章06,21.05,623,1170,394,1330,554,prior_roi,walk,0
违章06/违章06_t21.3_521_walk.jpg,违章06,21.29,630,1161,394,1321,554,prior_roi,walk,0
违章06/违章06_t21.5_522_walk.jpg,违章06,21.52,637,1161,412,1321,572,prior_roi,walk,0
违章06/违章06_t21.8_523_walk.jpg,违章06,21.76,644,1177,395,1337,555,prior_roi,walk,0
违章06/违章06_t22.0_524_walk.jpg,违章06,22.0,651,1158,405,1318,565,prior_roi,walk,0
违章06/违章06_t22.2_525_walk.jpg,违章06,22.23,658,1180,395,1340,555,prior_roi,walk,0
违章06/违章06_t22.5_526_walk.jpg,违章06,22.47,665,1177,401,1337,561,prior_roi,walk,0
违章06/违章06_t22.7_527_walk.jpg,违章06,22.71,672,1163,409,1323,569,prior_roi,walk,0
违章06/违章06_t22.9_528_walk.jpg,违章06,22.94,679,1164,403,1324,563,prior_roi,walk,0
违章06/违章06_t23.2_529_walk.jpg,违章06,23.18,686,1174,405,1334,565,prior_roi,walk,0
违章06/违章06_t23.4_530_walk.jpg,违章06,23.42,693,1179,414,1339,574,prior_roi,walk,0
违章06/违章06_t23.6_531_walk.jpg,违章06,23.65,700,1173,404,1333,564,prior_roi,walk,0
违章06/违章06_t23.9_532_walk.jpg,违章06,23.89,707,1176,418,1336,578,prior_roi,walk,0
违章06/违章06_t24.1_533_walk.jpg,违章06,24.12,714,1178,409,1338,569,prior_roi,walk,0
违章06/违章06_t24.4_534_walk.jpg,违章06,24.36,721,1175,410,1335,570,prior_roi,walk,0
违章06/违章06_t24.6_535_walk.jpg,违章06,24.6,728,1180,395,1340,555,prior_roi,walk,0
违章06/违章06_t24.8_536_walk.jpg,违章06,24.83,735,1163,398,1323,558,prior_roi,walk,0
违章06/违章06_t25.1_537_walk.jpg,违章06,25.07,742,1179,400,1339,560,prior_roi,walk,0
违章06/违章06_t25.3_538_walk.jpg,违章06,25.31,749,1163,397,1323,557,prior_roi,walk,0
违章06/违章06_t25.5_539_walk.jpg,违章06,25.54,756,1160,397,1320,557,prior_roi,walk,0
违章06/违章06_t25.8_540_walk.jpg,违章06,25.78,763,1157,413,1317,573,prior_roi,walk,0
违章06/违章06_t26.0_541_walk.jpg,违章06,26.02,770,1173,396,1333,556,prior_roi,walk,0
违章06/违章06_t26.2_542_walk.jpg,违章06,26.25,777,1174,417,1334,577,prior_roi,walk,0
违章06/违章06_t26.5_543_walk.jpg,违章06,26.49,784,1175,407,1335,567,prior_roi,walk,0
违章06/违章06_t26.7_544_walk.jpg,违章06,26.73,791,1170,414,1330,574,prior_roi,walk,0
违章06/违章06_t27.0_545_walk.jpg,违章06,26.96,798,1170,406,1330,566,prior_roi,walk,0
违章06/违章06_t27.2_546_walk.jpg,违章06,27.2,805,1156,417,1316,577,prior_roi,walk,0
违章06/违章06_t27.4_547_walk.jpg,违章06,27.44,812,1175,418,1335,578,prior_roi,walk,0
违章06/违章06_t27.7_548_walk.jpg,违章06,27.67,819,1176,410,1336,570,prior_roi,walk,0
违章06/违章06_t27.9_549_walk.jpg,违章06,27.91,826,1176,404,1336,564,prior_roi,walk,0
违章06/违章06_t28.1_550_walk.jpg,违章06,28.15,833,1178,410,1338,570,prior_roi,walk,0
违章06/违章06_t28.4_551_walk.jpg,违章06,28.38,840,1162,398,1322,558,prior_roi,walk,0
违章06/违章06_t28.6_552_walk.jpg,违章06,28.62,847,1175,403,1335,563,prior_roi,walk,0
违章06/违章06_t28.9_553_walk.jpg,违章06,28.86,854,1173,403,1333,563,prior_roi,walk,0
违章06/违章06_t0.5_556_walk.jpg,违章06,0.47,14,1180,395,1340,555,prior_roi,walk,0
违章06/违章06_t0.7_557_walk.jpg,违章06,0.71,21,1170,412,1330,572,prior_roi,walk,0
违章06/违章06_t0.9_558_walk.jpg,违章06,0.95,28,1174,401,1334,561,prior_roi,walk,0
违章06/违章06_t1.2_559_walk.jpg,违章06,1.18,35,1168,402,1328,562,prior_roi,walk,0
违章06/违章06_t3.1_567_walk.jpg,违章06,3.07,91,1159,412,1319,572,prior_roi,walk,0
违章06/违章06_t3.3_568_walk.jpg,违章06,3.31,98,1165,404,1325,564,prior_roi,walk,0
违章06/违章06_t3.5_569_walk.jpg,违章06,3.55,105,1178,396,1338,556,prior_roi,walk,0
违章06/违章06_t3.8_570_walk.jpg,违章06,3.78,112,1178,407,1338,567,prior_roi,walk,0
违章06/违章06_t4.0_571_walk.jpg,违章06,4.02,119,1166,417,1326,577,prior_roi,walk,0
违章06/违章06_t4.3_572_walk.jpg,违章06,4.26,126,1156,397,1316,557,prior_roi,walk,0
违章06/违章06_t4.5_573_walk.jpg,违章06,4.49,133,1178,404,1338,564,prior_roi,walk,0
违章07/违章07_t0.2_1_walk.jpg,违章07,0.24,7,784,406,944,566,prior_roi,walk,0
违章07/违章07_t0.9_5_off.jpg,违章07,0.94,28,1706,0,1866,99,prior_off,off,0
违章07/违章07_t1.9_10_off.jpg,违章07,1.89,56,1342,216,1502,376,prior_off,off,0
违章07/违章07_t2.8_14_walk.jpg,违章07,2.83,84,784,406,944,566,prior_roi,walk,0
违章07/违章07_t3.3_16_walk.jpg,违章07,3.3,98,784,406,944,566,prior_roi,walk,0
违章07/违章07_t3.5_17_walk.jpg,违章07,3.54,105,784,406,944,566,prior_roi,walk,0
违章07/违章07_t3.8_18_walk.jpg,违章07,3.77,112,784,406,944,566,prior_roi,walk,0
违章07/违章07_t4.0_19_walk.jpg,违章07,4.01,119,784,406,944,566,prior_roi,walk,0
违章07/违章07_t4.0_20_off.jpg,违章07,4.01,119,1568,757,1728,917,prior_off,off,0
违章07/违章07_t4.2_21_walk.jpg,违章07,4.24,126,784,406,944,566,prior_roi,walk,0
违章07/违章07_t4.5_22_walk.jpg,违章07,4.48,133,784,406,944,566,prior_roi,walk,0
违章07/违章07_t4.7_23_walk.jpg,违章07,4.71,140,784,406,944,566,prior_roi,walk,0
违章07/违章07_t5.0_24_walk.jpg,违章07,4.95,147,784,406,944,566,prior_roi,walk,0
违章07/违章07_t5.2_25_walk.jpg,违章07,5.18,154,784,406,944,566,prior_roi,walk,0
违章07/违章07_t10.6_49_off.jpg,违章07,10.61,315,888,264,1048,424,prior_off,off,0
违章07/违章07_t12.0_56_off.jpg,违章07,12.02,357,781,592,941,752,prior_off,off,0
违章07/违章07_t15.3_71_off.jpg,违章07,15.32,455,0,0,128,93,prior_off,off,0
违章07/违章07_t20.5_94_off.jpg,违章07,20.5,609,1490,264,1650,424,prior_off,off,0
违章07/违章07_t24.0_110_off.jpg,违章07,24.04,714,1750,239,1910,399,prior_off,off,0
违章07/违章07_t27.1_124_off.jpg,违章07,27.1,805,944,95,1104,255,prior_off,walk,1
违章07/违章07_t29.2_134_off.jpg,违章07,29.22,868,1049,0,1209,90,prior_off,off,0
违章07/违章07_t40.1_181_off.jpg,违章07,40.06,1190,705,911,865,1071,prior_off,off,0
违章07/违章07_t41.7_189_off.jpg,违章07,41.71,1239,1284,167,1444,327,prior_off,off,0
违章07/违章07_t46.0_204_off.jpg,违章07,45.96,1365,784,406,944,566,impostor,off,0
违章07/违章07_t46.2_206_off.jpg,违章07,46.19,1372,784,406,944,566,impostor,off,0
违章07/违章07_t46.4_208_off.jpg,违章07,46.43,1379,784,406,944,566,impostor,off,0
违章07/违章07_t46.7_210_off.jpg,违章07,46.66,1386,784,406,944,566,impostor,off,0
违章07/违章07_t48.3_218_off.jpg,违章07,48.31,1435,470,386,630,546,prior_off,off,0
违章07/违章07_t53.5_241_off.jpg,违章07,53.5,1589,1070,630,1230,790,prior_off,off,0
违章07/违章07_t64.3_288_off.jpg,违章07,64.34,1911,1318,576,1478,736,prior_off,off,0
违章07/违章07_t67.6_303_off.jpg,违章07,67.64,2009,162,809,322,969,prior_off,off,0
违章07/违章07_t71.9_322_off.jpg,违章07,71.88,2135,600,870,760,1030,prior_off,off,0
违章07/违章07_t80.8_360_stand.jpg,违章07,80.84,2401,784,406,944,566,prior_roi,stand,0
违章07/违章07_t81.1_361_stand.jpg,违章07,81.07,2408,784,406,944,566,prior_roi,stand,0
违章07/违章07_t81.3_362_stand.jpg,违章07,81.31,2415,784,406,944,566,prior_roi,stand,0
违章07/违章07_t81.5_363_stand.jpg,违章07,81.54,2422,784,406,944,566,prior_roi,stand,0
违章07/违章07_t81.5_364_off.jpg,违章07,81.54,2422,784,406,944,566,impostor,off,0
违章07/违章07_t81.8_366_off.jpg,违章07,81.78,2429,784,406,944,566,impostor,off,0
违章07/违章07_t82.0_368_off.jpg,违章07,82.01,2436,784,406,944,566,impostor,off,0
违章07/违章07_t82.2_370_off.jpg,违章07,82.25,2443,784,406,944,566,impostor,off,0
违章07/违章07_t82.5_372_off.jpg,违章07,82.49,2450,784,406,944,566,impostor,off,0
违章07/违章07_t82.7_374_off.jpg,违章07,82.72,2457,784,406,944,566,impostor,off,0
违章07/违章07_t83.0_376_off.jpg,违章07,82.96,2464,784,406,944,566,impostor,off,0
违章07/违章07_t83.2_378_off.jpg,违章07,83.19,2471,784,406,944,566,impostor,off,0
违章07/违章07_t83.4_380_off.jpg,违章07,83.43,2478,784,406,944,566,impostor,off,0
违章07/违章07_t83.9_382_stand.jpg,违章07,83.9,2492,784,406,944,566,prior_roi,stand,0
违章07/违章07_t84.1_383_stand.jpg,违章07,84.14,2499,784,406,944,566,prior_roi,stand,0
违章07/违章07_t84.4_384_stand.jpg,违章07,84.37,2506,784,406,944,566,prior_roi,stand,0
违章07/违章07_t84.6_385_stand.jpg,违章07,84.61,2513,784,406,944,566,prior_roi,stand,0
违章07/违章07_t84.8_386_stand.jpg,违章07,84.84,2520,784,406,944,566,prior_roi,stand,0
违章07/违章07_t85.3_388_stand.jpg,违章07,85.31,2534,784,406,944,566,prior_roi,stand,0
违章07/违章07_t85.5_390_off.jpg,违章07,85.55,2541,784,406,944,566,impostor,off,0
违章07/违章07_t85.8_391_stand.jpg,违章07,85.79,2548,784,406,944,566,prior_roi,stand,0
违章07/违章07_t86.0_392_stand.jpg,违章07,86.02,2555,784,406,944,566,prior_roi,stand,0
违章07/违章07_t86.0_393_off.jpg,违章07,86.02,2555,784,406,944,566,impostor,off,0
违章07/违章07_t86.3_395_off.jpg,违章07,86.26,2562,784,406,944,566,impostor,off,0
违章07/违章07_t86.5_397_off.jpg,违章07,86.49,2569,784,406,944,566,impostor,off,0
违章07/违章07_t86.7_399_off.jpg,违章07,86.73,2576,784,406,944,566,impostor,off,0
违章07/违章07_t87.0_401_off.jpg,违章07,86.96,2583,784,406,944,566,impostor,off,0
违章07/违章07_t78.2_402_off.jpg,违章07,78.24,2324,1503,509,1529,556,impostor_outside,off,0
违章07/违章07_t68.6_403_off.jpg,违章07,68.58,2037,791,267,802,281,impostor_outside,stand,1
违章07/违章07_t65.5_404_off.jpg,违章07,65.52,1946,736,261,759,279,impostor_outside,stand,1
违章07/违章07_t70.0_405_off.jpg,违章07,70.0,2079,789,273,801,286,impostor_outside,stand,1
违章07/违章07_t59.9_406_off.jpg,违章07,59.86,1778,789,277,801,290,impostor_outside,stand,1
违章07/违章07_t67.9_407_off.jpg,违章07,67.87,2016,789,263,801,276,impostor_outside,stand,1
违章07/违章07_t54.2_408_off.jpg,违章07,54.2,1610,1470,503,1491,542,impostor_outside,off,0
违章07/违章07_t51.9_409_off.jpg,违章07,51.85,1540,752,243,763,252,impostor_outside,stand,1
违章07/违章07_t79.9_410_off.jpg,违章07,79.89,2373,1642,497,1690,580,impostor_outside,off,0
违章07/违章07_t76.6_411_off.jpg,违章07,76.59,2275,1244,275,1273,292,impostor_outside,off,0
违章07/违章07_t73.3_412_off.jpg,违章07,73.29,2177,794,285,806,297,impostor_outside,stand,1
违章07/违章07_t50.4_413_off.jpg,违章07,50.43,1498,792,259,803,272,impostor_outside,stand,1
违章07/违章07_t58.0_414_off.jpg,违章07,57.98,1722,785,293,801,307,impostor_outside,stand,1
违章07/违章07_t80.6_415_off.jpg,违章07,80.6,2394,1770,496,1825,580,impostor_outside,off,0
违章07/违章07_t65.3_416_off.jpg,违章07,65.28,1939,735,263,759,280,impostor_outside,stand,1
违章07/违章07_t86.5_417_off.jpg,违章07,86.49,2569,864,40,873,52,impostor_outside,off,0
违章07/违章07_t78.0_418_off.jpg,违章07,78.01,2317,1494,511,1517,552,impostor_outside,off,0
违章07/违章07_t61.0_419_off.jpg,违章07,61.04,1813,1033,135,1052,172,impostor_outside,stand,1
违章07/违章07_t43.4_420_off.jpg,违章07,43.36,1288,792,263,805,276,impostor_outside,stand,1
违章07/违章07_t62.9_421_off.jpg,违章07,62.92,1869,751,244,764,260,impostor_outside,stand,1
违章07/违章07_t70.7_422_off.jpg,违章07,70.7,2100,789,299,802,313,impostor_outside,stand,1
违章07/违章07_t56.8_423_off.jpg,违章07,56.8,1687,792,272,803,285,impostor_outside,stand,1
违章07/违章07_t68.1_424_off.jpg,违章07,68.11,2023,790,265,802,278,impostor_outside,stand,1
违章07/违章07_t57.5_425_off.jpg,违章07,57.5,1708,790,271,801,284,impostor_outside,stand,1
违章07/违章07_t62.0_426_off.jpg,违章07,61.98,1841,752,246,765,261,impostor_outside,stand,1
违章07/违章07_t79.0_427_off.jpg,违章07,78.95,2345,786,293,798,306,impostor_outside,stand,1
违章07/违章07_t63.4_428_off.jpg,违章07,63.4,1883,790,268,802,281,impostor_outside,stand,1
违章07/违章07_t44.8_429_off.jpg,违章07,44.78,1330,750,236,762,252,impostor_outside,stand,1
违章07/违章07_t66.2_430_off.jpg,违章07,66.22,1967,740,232,753,246,impostor_outside,stand,1
违章07/违章07_t45.2_431_off.jpg,违章07,45.25,1344,1479,488,1503,530,impostor_outside,off,0
违章07/违章07_t69.8_432_off.jpg,违章07,69.76,2072,1028,127,1047,164,impostor_outside,stand,1
违章07/违章07_t86.3_433_off.jpg,违章07,86.26,2562,1312,374,1347,384,impostor_outside,off,0
违章07/违章07_t78.5_434_off.jpg,违章07,78.48,2331,741,297,765,315,impostor_outside,stand,1
违章07/违章07_t81.8_435_off.jpg,违章07,81.78,2429,1616,509,1670,557,impostor_outside,off,0
违章07/违章07_t77.1_436_off.jpg,违章07,77.07,2289,675,278,711,325,impostor_outside,off,0
违章07/违章07_t44.5_437_off.jpg,违章07,44.54,1323,745,266,769,283,impostor_outside,stand,1
违章07/违章07_t46.4_438_off.jpg,违章07,46.43,1379,748,226,760,242,impostor_outside,stand,1
违章07/违章07_t46.9_439_off.jpg,违章07,46.9,1393,749,227,762,242,impostor_outside,stand,1
违章07/违章07_t68.8_440_off.jpg,违章07,68.82,2044,1029,122,1048,151,impostor_outside,stand,1
违章07/违章07_t81.8_441_off.jpg,违章07,81.78,2429,1014,166,1033,202,impostor_outside,stand,1
违章07/违章07_t62.7_442_off.jpg,违章07,62.69,1862,1035,131,1055,168,impostor_outside,stand,1
违章07/违章07_t71.2_443_off.jpg,违章07,71.17,2114,750,286,772,303,impostor_outside,stand,1
违章07/违章07_t64.3_444_off.jpg,违章07,64.34,1911,1484,496,1500,514,impostor_outside,off,0
违章07/违章07_t83.4_445_off.jpg,违章07,83.43,2478,168,314,202,332,impostor_outside,stand,1
违章07/违章07_t44.8_446_off.jpg,违章07,44.78,1330,792,260,804,273,impostor_outside,stand,1
违章07/违章07_t77.5_447_off.jpg,违章07,77.54,2303,787,291,800,305,impostor_outside,stand,1
违章07/违章07_t67.4_448_off.jpg,违章07,67.4,2002,1474,477,1505,532,impostor_outside,off,0
违章07/违章07_t50.2_449_off.jpg,违章07,50.2,1491,1492,489,1507,507,impostor_outside,off,0
违章07/违章07_t69.3_450_off.jpg,违章07,69.29,2058,1475,486,1509,547,impostor_outside,off,0
违章07/违章07_t60.8_451_off.jpg,违章07,60.8,1806,790,275,801,288,impostor_outside,stand,1
违章07/违章07_t46.0_452_off.jpg,违章07,45.96,1365,747,257,769,276,impostor_outside,stand,1
违章07/违章07_t64.8_453_off.jpg,违章07,64.81,1925,783,260,794,273,impostor_outside,stand,1
违章07/违章07_t46.2_454_off.jpg,违章07,46.19,1372,748,227,762,242,impostor_outside,stand,1
违章07/违章07_t47.4_455_off.jpg,违章07,47.37,1407,750,229,762,244,impostor_outside,stand,1
违章07/违章07_t65.5_456_off.jpg,违章07,65.52,1946,740,232,752,247,impostor_outside,stand,1
违章07/违章07_t51.1_457_off.jpg,违章07,51.14,1519,1035,119,1054,149,impostor_outside,stand,1
违章07/违章07_t81.3_458_off.jpg,违章07,81.31,2415,779,322,796,335,impostor_outside,stand,1
违章07/违章07_t44.1_459_off.jpg,违章07,44.07,1309,792,262,803,276,impostor_outside,stand,1
违章07/违章07_t82.2_460_off.jpg,违章07,82.25,2443,1758,508,1814,578,impostor_outside,off,0
违章07/违章07_t83.2_461_off.jpg,违章07,83.19,2471,358,301,386,320,impostor_outside,stand,1
违章07/违章07_t49.7_462_off.jpg,违章07,49.73,1477,1474,500,1498,548,impostor_outside,off,0
违章07/违章07_t78.5_463_off.jpg,违章07,78.48,2331,1514,501,1550,561,impostor_outside,off,0
违章07/违章07_t76.4_464_off.jpg,违章07,76.36,2268,1478,510,1503,550,impostor_outside,off,0
违章07/违章07_t86.0_465_off.jpg,违章07,86.02,2555,1576,744,1604,770,impostor_outside,off,0
违章07/违章07_t56.8_466_off.jpg,违章07,56.8,1687,745,277,769,294,impostor_outside,stand,1
违章07/违章07_t79.7_467_off.jpg,违章07,79.66,2366,740,300,764,318,impostor_outside,stand,1
违章07/违章07_t79.0_468_off.jpg,违章07,78.95,2345,742,299,764,316,impostor_outside,stand,1
违章07/违章07_t69.0_469_off.jpg,违章07,69.05,2051,747,246,758,262,impostor_outside,stand,1
违章07/违章07_t61.0_470_off.jpg,违章07,61.04,1813,1476,492,1526,552,impostor_outside,off,0
违章07/违章07_t50.0_471_off.jpg,违章07,49.96,1484,1492,486,1512,507,impostor_outside,off,0
违章07/违章07_t50.4_472_off.jpg,违章07,50.43,1498,1033,118,1053,155,impostor_outside,stand,1
违章07/违章07_t55.1_473_off.jpg,违章07,55.15,1638,789,269,801,282,impostor_outside,stand,1
违章07/违章07_t51.1_474_off.jpg,违章07,51.14,1519,788,280,803,295,impostor_outside,stand,1
违章07/违章07_t53.5_475_off.jpg,违章07,53.5,1589,1492,490,1508,507,impostor_outside,off,0
违章07/违章07_t77.3_476_off.jpg,违章07,77.3,2296,740,298,767,315,impostor_outside,stand,1
违章07/违章07_t58.2_477_off.jpg,违章07,58.21,1729,1471,496,1508,557,impostor_outside,off,0
违章07/违章07_t58.0_478_off.jpg,违章07,57.98,1722,1029,131,1049,168,impostor_outside,stand,1
违章07/违章07_t72.8_479_off.jpg,违章07,72.82,2163,1480,497,1517,561,impostor_outside,off,0
违章07/违章07_t80.6_480_off.jpg,违章07,80.6,2394,744,274,756,290,impostor_outside,stand,1
违章07/违章07_t59.6_481_off.jpg,违章07,59.63,1771,790,276,801,289,impostor_outside,stand,1
违章07/违章07_t68.3_482_off.jpg,违章07,68.35,2030,788,287,804,303,impostor_outside,stand,1
违章07/违章07_t56.3_483_off.jpg,违章07,56.33,1673,1475,493,1512,549,impostor_outside,off,0
违章07/违章07_t46.7_484_off.jpg,违章07,46.66,1386,790,250,802,264,impostor_outside,stand,1
违章07/违章07_t75.9_486_off.jpg,违章07,75.89,2254,1851,317,1868,328,impostor_outside,off,0
违章07/违章07_t73.1_487_off.jpg,违章07,73.06,2170,1481,496,1519,561,impostor_outside,off,0
违章07/违章07_t47.8_488_off.jpg,违章07,47.84,1421,1474,494,1504,549,impostor_outside,off,0
违章07/违章07_t57.7_489_off.jpg,违章07,57.74,1715,746,248,759,263,impostor_outside,stand,1
违章07/违章07_t51.6_490_off.jpg,违章07,51.61,1533,1474,508,1492,545,impostor_outside,off,0
违章07/违章07_t68.1_491_off.jpg,违章07,68.11,2023,748,242,761,258,impostor_outside,stand,1
违章07/违章07_t71.4_492_off.jpg,违章07,71.41,2121,795,281,807,293,impostor_outside,stand,1
违章07/违章07_t47.6_493_off.jpg,违章07,47.61,1414,792,256,803,269,impostor_outside,stand,1
违章07/违章07_t58.7_494_off.jpg,违章07,58.68,1743,788,274,801,287,impostor_outside,stand,1
违章07/违章07_t80.8_495_off.jpg,违章07,80.84,2401,785,298,797,311,impostor_outside,stand,1
违章07/违章07_t83.4_496_off.jpg,违章07,83.43,2478,232,308,247,321,impostor_outside,stand,1
违章07/违章07_t81.8_497_off.jpg,违章07,81.78,2429,689,269,727,282,impostor_outside,off,0
违章07/违章07_t70.2_498_off.jpg,违章07,70.23,2086,1028,130,1048,167,impostor_outside,stand,1
违章07/违章07_t73.3_499_off.jpg,违章07,73.29,2177,1482,496,1520,557,impostor_outside,off,0
违章07/违章07_t55.6_501_off.jpg,违章07,55.62,1652,790,270,802,283,impostor_outside,stand,1
违章07/违章07_t77.1_502_off.jpg,违章07,77.07,2289,720,278,773,324,impostor_outside,off,0
违章07/违章07_t45.5_503_off.jpg,违章07,45.49,1351,792,255,803,268,impostor_outside,stand,1
违章07/违章07_t77.1_504_off.jpg,违章07,77.07,2289,1475,523,1491,556,impostor_outside,off,0
违章07/违章07_t86.7_505_off.jpg,违章07,86.73,2576,149,506,175,524,impostor_outside,stand,1
违章07/违章07_t53.5_506_off.jpg,违章07,53.5,1589,744,271,767,288,impostor_outside,stand,1
违章07/违章07_t73.5_507_off.jpg,违章07,73.53,2184,1481,480,1553,561,impostor_outside,off,0
违章07/违章07_t83.0_508_off.jpg,违章07,82.96,2464,782,158,801,194,impostor_outside,stand,1
违章07/违章07_t52.6_509_off.jpg,违章07,52.56,1561,1035,121,1054,158,impostor_outside,stand,1
违章07/违章07_t85.5_510_off.jpg,违章07,85.55,2541,1847,336,1873,374,impostor_outside,off,0
违章07/违章07_t62.9_511_off.jpg,违章07,62.92,1869,746,273,770,291,impostor_outside,stand,1
违章07/违章07_t67.6_512_off.jpg,违章07,67.64,2009,743,266,765,285,impostor_outside,stand,1
违章07/违章07_t79.0_513_off.jpg,违章07,78.95,2345,1551,510,1574,549,impostor_outside,off,0
违章07/违章07_t72.6_514_off.jpg,违章07,72.59,2156,1481,496,1518,560,impostor_outside,off,0
违章07/违章07_t71.4_515_off.jpg,违章07,71.41,2121,1034,137,1053,173,impostor_outside,stand,1
违章07/违章07_t80.4_516_off.jpg,违章07,80.36,2387,744,274,757,290,impostor_outside,stand,1
违章07/违章07_t64.3_517_off.jpg,违章07,64.34,1911,1467,515,1484,551,impostor_outside,off,0
违章07/违章07_t76.1_518_off.jpg,违章07,76.12,2261,748,268,761,283,impostor_outside,stand,1
违章07/违章07_t81.5_519_off.jpg,违章07,81.54,2422,780,303,792,315,impostor_outside,stand,1
违章07/违章07_t47.4_520_off.jpg,违章07,47.37,1407,1473,492,1500,541,impostor_outside,off,0
违章07/违章07_t62.5_521_off.jpg,违章07,62.45,1855,1472,492,1531,563,impostor_outside,off,0
违章07/违章07_t76.1_522_off.jpg,违章07,76.12,2261,795,311,803,320,impostor_outside,stand,1
违章07/违章07_t74.2_523_off.jpg,违章07,74.24,2205,796,286,808,298,impostor_outside,stand,1
违章07/违章07_t58.2_524_off.jpg,违章07,58.21,1729,743,279,766,296,impostor_outside,stand,1
违章07/违章07_t64.8_525_off.jpg,违章07,64.81,1925,1463,493,1498,551,impostor_outside,off,0
违章07/违章07_t62.9_526_off.jpg,违章07,62.92,1869,1036,131,1056,159,impostor_outside,stand,1
违章07/违章07_t58.5_527_off.jpg,违章07,58.45,1736,747,249,760,266,impostor_outside,stand,1
违章07/违章07_t74.9_528_off.jpg,违章07,74.94,2226,795,287,806,300,impostor_outside,stand,1
违章07/违章07_t80.4_529_off.jpg,违章07,80.36,2387,740,303,764,321,impostor_outside,stand,1
违章07/违章07_t60.6_530_off.jpg,违章07,60.57,1799,1472,500,1510,562,impostor_outside,off,0
违章07/违章07_t62.0_531_off.jpg,违章07,61.98,1841,1472,513,1501,568,impostor_outside,off,0
违章07/违章07_t67.4_532_off.jpg,违章07,67.4,2002,745,235,758,250,impostor_outside,stand,1
违章07/违章07_t64.1_533_off.jpg,违章07,64.1,1904,1030,126,1049,154,impostor_outside,stand,1
违章07/违章07_t63.6_534_off.jpg,违章07,63.63,1890,1471,495,1515,556,impostor_outside,off,0
违章07/违章07_t56.6_535_off.jpg,违章07,56.56,1680,787,292,803,306,impostor_outside,stand,1
违章07/违章07_t49.5_536_off.jpg,违章07,49.49,1470,1491,488,1512,511,impostor_outside,off,0
违章07/违章07_t62.7_537_off.jpg,违章07,62.69,1862,1472,523,1491,559,impostor_outside,off,0
违章07/违章07_t79.0_538_off.jpg,违章07,78.95,2345,744,269,757,285,impostor_outside,stand,1
违章07/违章07_t55.9_539_off.jpg,违章07,55.85,1659,749,247,760,263,impostor_outside,stand,1
违章07/违章07_t50.0_540_off.jpg,违章07,49.96,1484,1474,509,1491,544,impostor_outside,off,0
违章07/违章07_t58.5_541_off.jpg,违章07,58.45,1736,784,294,801,309,impostor_outside,stand,1
违章07/违章07_t68.8_542_off.jpg,违章07,68.82,2044,744,275,768,292,impostor_outside,stand,1
违章07/违章07_t76.1_543_off.jpg,违章07,76.12,2261,745,298,767,315,impostor_outside,stand,1
违章07/违章07_t54.0_544_off.jpg,违章07,53.97,1603,1470,489,1507,549,impostor_outside,off,0
违章07/违章07_t63.4_545_off.jpg,违章07,63.4,1883,744,273,768,291,impostor_outside,stand,1
违章07/违章07_t82.5_546_off.jpg,违章07,82.49,2450,1823,508,1846,530,impostor_outside,off,0
违章07/违章07_t69.3_547_off.jpg,违章07,69.29,2058,789,270,800,283,impostor_outside,stand,1
违章07/违章07_t71.9_548_off.jpg,违章07,71.88,2135,751,288,773,305,impostor_outside,stand,1
违章07/违章07_t58.7_549_off.jpg,违章07,58.68,1743,1030,133,1049,161,impostor_outside,stand,1
违章07/违章07_t60.8_550_off.jpg,违章07,60.8,1806,742,280,767,298,impostor_outside,stand,1
违章07/违章07_t75.7_551_off.jpg,违章07,75.65,2247,749,266,761,282,impostor_outside,stand,1
违章07/违章07_t66.5_552_off.jpg,违章07,66.46,1974,741,230,753,245,impostor_outside,stand,1
违章07/违章07_t67.9_553_off.jpg,违章07,67.87,2016,1476,480,1507,539,impostor_outside,off,0
违章07/违章07_t80.6_554_off.jpg,违章07,80.6,2394,740,303,763,320,impostor_outside,stand,1
违章07/违章07_t72.6_555_off.jpg,违章07,72.59,2156,753,260,765,275,impostor_outside,stand,1
违章07/违章07_t70.5_556_off.jpg,违章07,70.47,2093,790,276,802,289,impostor_outside,stand,1
违章07/违章07_t49.7_557_off.jpg,违章07,49.73,1477,751,235,761,245,impostor_outside,stand,1
违章07/违章07_t54.2_558_off.jpg,违章07,54.2,1610,786,267,797,280,impostor_outside,stand,1
违章07/违章07_t51.1_559_off.jpg,违章07,51.14,1519,746,265,769,283,impostor_outside,stand,1
违章07/违章07_t75.7_560_off.jpg,违章07,75.65,2247,745,296,768,313,impostor_outside,stand,1
违章07/违章07_t60.1_561_off.jpg,违章07,60.1,1785,1472,489,1531,559,impostor_outside,off,0
违章07/违章07_t60.1_562_off.jpg,违章07,60.1,1785,748,254,760,269,impostor_outside,stand,1
违章07/违章07_t43.6_563_off.jpg,违章07,43.6,1295,751,240,762,255,impostor_outside,stand,1
违章07/违章07_t79.9_564_off.jpg,违章07,79.89,2373,745,272,757,287,impostor_outside,stand,1
违章07/违章07_t68.1_565_off.jpg,违章07,68.11,2023,1029,118,1048,155,impostor_outside,stand,1
违章07/违章07_t56.1_566_off.jpg,违章07,56.09,1666,745,277,769,294,impostor_outside,stand,1
违章07/违章07_t86.0_567_off.jpg,违章07,86.02,2555,1161,396,1183,407,impostor_outside,off,0
违章07/违章07_t54.0_568_off.jpg,违章07,53.97,1603,788,266,799,280,impostor_outside,stand,1
违章07/违章07_t47.1_569_off.jpg,违章07,47.13,1400,745,257,768,276,impostor_outside,stand,1
违章07/违章07_t69.0_570_off.jpg,违章07,69.05,2051,1477,490,1504,545,impostor_outside,off,0
违章07/违章07_t69.5_571_off.jpg,违章07,69.52,2065,1477,511,1491,544,impostor_outside,off,0
违章07/违章07_t64.6_572_off.jpg,违章07,64.57,1918,1027,123,1047,149,impostor_outside,stand,1
违章07/违章07_t69.8_573_off.jpg,违章07,69.76,2072,747,248,759,264,impostor_outside,stand,1
违章07/违章07_t67.2_574_off.jpg,违章07,67.17,1995,1473,477,1504,533,impostor_outside,off,0
违章07/违章07_t45.7_575_off.jpg,违章07,45.72,1358,791,254,803,266,impostor_outside,stand,1
违章07/违章07_t76.4_576_off.jpg,违章07,76.36,2268,1423,321,1440,333,impostor_outside,off,0
违章07/违章07_t72.3_577_off.jpg,违章07,72.35,2149,750,289,773,307,impostor_outside,stand,1
违章07/违章07_t83.2_578_off.jpg,违章07,83.19,2471,409,317,428,331,impostor_outside,stand,1
违章07/违章07_t45.5_579_off.jpg,违章07,45.49,1351,750,237,761,246,impostor_outside,stand,1
违章07/违章07_t53.3_580_off.jpg,违章07,53.26,1582,1476,488,1512,538,impostor_outside,off,0
违章07/违章07_t58.2_581_off.jpg,违章07,58.21,1729,747,249,759,265,impostor_outside,stand,1
违章07/违章07_t54.2_582_off.jpg,违章07,54.2,1610,1027,125,1045,153,impostor_outside,stand,1
违章07/违章07_t79.4_583_off.jpg,违章07,79.42,2359,1024,149,1043,174,impostor_outside,stand,1
违章07/违章07_t81.1_584_off.jpg,违章07,81.07,2408,783,300,795,312,impostor_outside,stand,1
违章07/违章07_t52.6_585_off.jpg,违章07,52.56,1561,751,238,763,253,impostor_outside,stand,1
违章07/违章07_t74.5_586_off.jpg,违章07,74.47,2212,1482,496,1523,568,impostor_outside,off,0
违章07/违章07_t62.0_587_off.jpg,违章07,61.98,1841,1502,499,1518,512,impostor_outside,off,0
违章07/违章07_t73.1_588_off.jpg,违章07,73.06,2170,749,290,772,307,impostor_outside,stand,1
违章07/违章07_t80.6_589_off.jpg,违章07,80.6,2394,785,297,797,310,impostor_outside,stand,1
违章07/违章07_t80.8_590_off.jpg,违章07,80.84,2401,1826,504,1872,584,impostor_outside,off,0
违章07/违章07_t60.3_591_off.jpg,违章07,60.33,1792,1478,500,1511,545,impostor_outside,off,0
违章07/违章07_t53.0_592_off.jpg,违章07,53.03,1575,747,268,770,286,impostor_outside,stand,1
违章07/违章07_t55.9_593_off.jpg,违章07,55.85,1659,1032,129,1051,165,impostor_outside,stand,1
违章07/违章07_t85.8_594_off.jpg,违章07,85.79,2548,1474,770,1486,781,impostor_outside,off,0
违章07/违章07_t52.1_595_off.jpg,违章07,52.08,1547,750,237,762,252,impostor_outside,stand,1
违章07/违章07_t44.1_596_off.jpg,违章07,44.07,1309,750,239,763,254,impostor_outside,stand,1
违章07/违章07_t44.8_597_off.jpg,违章07,44.78,1330,788,281,804,295,impostor_outside,stand,1
违章07/违章07_t70.5_598_off.jpg,违章07,70.47,2093,1518,476,1544,488,impostor_outside,off,0
违章07/违章07_t2.4_609_walk.jpg,违章07,2.36,70,772,415,932,575,prior_roi,walk,0
违章07/违章07_t3.3_613_walk.jpg,违章07,3.3,98,773,407,933,567,prior_roi,walk,0
违章07/违章07_t3.8_615_walk.jpg,违章07,3.77,112,777,400,937,560,prior_roi,walk,0
违章07/违章07_t4.0_616_walk.jpg,违章07,4.01,119,792,397,952,557,prior_roi,walk,0
违章07/违章07_t4.2_617_walk.jpg,违章07,4.24,126,789,410,949,570,prior_roi,walk,0
违章07/违章07_t4.5_618_walk.jpg,违章07,4.48,133,775,410,935,570,prior_roi,walk,0
违章07/违章07_t4.7_619_walk.jpg,违章07,4.71,140,778,414,938,574,prior_roi,walk,0
违章08/违章08_t0.0_0_walk.jpg,违章08,0.0,0,1456,136,1616,296,prior_roi,off,1
违章08/违章08_t0.2_1_walk.jpg,违章08,0.24,7,1456,136,1616,296,prior_roi,off,1
违章08/违章08_t0.5_2_walk.jpg,违章08,0.47,14,1456,136,1616,296,prior_roi,off,1
违章08/违章08_t0.7_3_walk.jpg,违章08,0.71,21,1456,136,1616,296,prior_roi,off,1
违章08/违章08_t0.9_4_walk.jpg,违章08,0.94,28,1456,136,1616,296,prior_roi,off,1
违章08/违章08_t1.2_5_walk.jpg,违章08,1.18,35,1456,136,1616,296,prior_roi,off,1
违章08/违章08_t1.4_6_walk.jpg,违章08,1.41,42,1456,136,1616,296,prior_roi,off,1
违章08/违章08_t1.6_7_walk.jpg,违章08,1.65,49,1456,136,1616,296,prior_roi,off,1
违章08/违章08_t1.9_8_walk.jpg,违章08,1.89,56,1456,136,1616,296,prior_roi,off,1
违章08/违章08_t2.1_9_walk.jpg,违章08,2.12,63,1456,136,1616,296,prior_roi,off,1
违章08/违章08_t2.4_10_walk.jpg,违章08,2.36,70,1456,136,1616,296,prior_roi,off,1
违章08/违章08_t2.6_11_walk.jpg,违章08,2.59,77,1456,136,1616,296,prior_roi,off,1
违章08/违章08_t2.8_12_walk.jpg,违章08,2.83,84,1456,136,1616,296,prior_roi,off,1
违章08/违章08_t3.1_13_walk.jpg,违章08,3.06,91,1456,136,1616,296,prior_roi,off,1
违章08/违章08_t3.3_14_walk.jpg,违章08,3.3,98,1456,136,1616,296,prior_roi,off,1
违章08/违章08_t3.5_15_walk.jpg,违章08,3.54,105,1456,136,1616,296,prior_roi,off,1
违章08/违章08_t3.8_16_walk.jpg,违章08,3.77,112,1456,136,1616,296,prior_roi,off,1
违章08/违章08_t4.0_17_walk.jpg,违章08,4.01,119,1456,136,1616,296,prior_roi,off,1
违章08/违章08_t4.2_18_walk.jpg,违章08,4.24,126,1456,136,1616,296,prior_roi,off,1
违章08/违章08_t4.5_19_walk.jpg,违章08,4.48,133,1456,136,1616,296,prior_roi,off,1
违章08/违章08_t4.7_20_walk.jpg,违章08,4.71,140,1456,136,1616,296,prior_roi,off,1
违章08/违章08_t5.0_21_walk.jpg,违章08,4.95,147,1456,136,1616,296,prior_roi,off,1
违章08/违章08_t5.2_22_walk.jpg,违章08,5.19,154,1456,136,1616,296,prior_roi,off,1
违章08/违章08_t5.4_23_walk.jpg,违章08,5.42,161,1456,136,1616,296,prior_roi,off,1
违章08/违章08_t5.7_24_walk.jpg,违章08,5.66,168,1456,136,1616,296,prior_roi,off,1
违章08/违章08_t5.9_25_walk.jpg,违章08,5.89,175,1456,136,1616,296,prior_roi,off,1
违章08/违章08_t6.1_26_walk.jpg,违章08,6.13,182,1456,136,1616,296,prior_roi,off,1
违章08/违章08_t6.4_27_walk.jpg,违章08,6.36,189,1456,136,1616,296,prior_roi,off,1
违章08/违章08_t6.6_28_walk.jpg,违章08,6.6,196,1456,136,1616,296,prior_roi,off,1
违章08/违章08_t6.8_29_walk.jpg,违章08,6.84,203,1456,136,1616,296,prior_roi,off,1
违章08/违章08_t7.1_30_walk.jpg,违章08,7.07,210,1456,136,1616,296,prior_roi,off,1
违章08/违章08_t7.3_31_walk.jpg,违章08,7.31,217,1456,136,1616,296,prior_roi,off,1
违章08/违章08_t7.5_32_walk.jpg,违章08,7.54,224,1456,136,1616,296,prior_roi,off,1
违章08/违章08_t7.8_33_walk.jpg,违章08,7.78,231,1456,136,1616,296,prior_roi,off,1
违章08/违章08_t8.0_34_walk.jpg,违章08,8.01,238,1456,136,1616,296,prior_roi,off,1
违章08/违章08_t8.2_35_walk.jpg,违章08,8.25,245,1456,136,1616,296,prior_roi,off,1
违章08/违章08_t8.5_36_walk.jpg,违章08,8.48,252,1456,136,1616,296,prior_roi,off,1
违章08/违章08_t8.7_37_walk.jpg,违章08,8.72,259,1456,136,1616,296,prior_roi,off,1
违章08/违章08_t9.0_38_walk.jpg,违章08,8.96,266,1456,136,1616,296,prior_roi,off,1
违章08/违章08_t9.2_39_walk.jpg,违章08,9.19,273,1456,136,1616,296,prior_roi,off,1
违章08/违章08_t9.4_40_walk.jpg,违章08,9.43,280,1456,136,1616,296,prior_roi,off,1
违章08/违章08_t9.7_41_walk.jpg,违章08,9.66,287,1456,136,1616,296,prior_roi,off,1
违章08/违章08_t9.9_42_walk.jpg,违章08,9.9,294,1456,136,1616,296,prior_roi,off,1
违章08/违章08_t10.1_43_walk.jpg,违章08,10.13,301,1456,136,1616,296,prior_roi,off,1
违章08/违章08_t10.4_44_walk.jpg,违章08,10.37,308,1456,136,1616,296,prior_roi,off,1
违章08/违章08_t10.6_45_walk.jpg,违章08,10.61,315,1456,136,1616,296,prior_roi,off,1
违章08/违章08_t10.8_46_walk.jpg,违章08,10.84,322,1456,136,1616,296,prior_roi,off,1
违章08/违章08_t11.1_47_walk.jpg,违章08,11.08,329,1456,136,1616,296,prior_roi,off,1
违章08/违章08_t11.3_48_walk.jpg,违章08,11.31,336,1456,136,1616,296,prior_roi,off,1
违章08/违章08_t11.6_49_walk.jpg,违章08,11.55,343,1456,136,1616,296,prior_roi,off,1
违章08/违章08_t11.8_50_walk.jpg,违章08,11.78,350,1456,136,1616,296,prior_roi,off,1
违章08/违章08_t12.0_51_walk.jpg,违章08,12.02,357,1456,136,1616,296,prior_roi,off,1
违章08/违章08_t12.3_52_walk.jpg,违章08,12.26,364,1456,136,1616,296,prior_roi,off,1
违章08/违章08_t12.5_53_walk.jpg,违章08,12.49,371,1456,136,1616,296,prior_roi,off,1
违章08/违章08_t12.7_54_walk.jpg,违章08,12.73,378,1456,136,1616,296,prior_roi,off,1
违章08/违章08_t13.0_55_walk.jpg,违章08,12.96,385,1456,136,1616,296,prior_roi,off,1
违章08/违章08_t13.2_56_walk.jpg,违章08,13.2,392,1456,136,1616,296,prior_roi,off,1
违章08/违章08_t13.4_57_walk.jpg,违章08,13.43,399,1456,136,1616,296,prior_roi,off,1
违章08/违章08_t13.7_58_walk.jpg,违章08,13.67,406,1456,136,1616,296,prior_roi,off,1
违章08/违章08_t13.9_59_walk.jpg,违章08,13.91,413,1456,136,1616,296,prior_roi,off,1
违章08/违章08_t13.9_60_off.jpg,违章08,13.91,413,757,666,917,826,prior_off,off,0
违章08/违章08_t14.1_61_walk.jpg,违章08,14.14,420,1456,136,1616,296,prior_roi,off,1
违章08/违章08_t14.1_62_off.jpg,违章08,14.14,420,239,31,399,191,prior_off,off,0
违章08/违章08_t14.4_63_walk.jpg,违章08,14.38,427,1456,136,1616,296,prior_roi,off,1
违章08/违章08_t14.6_64_walk.jpg,违章08,14.61,434,1456,136,1616,296,prior_roi,off,1
违章08/违章08_t14.8_65_walk.jpg,违章08,14.85,441,1456,136,1616,296,prior_roi,off,1
违章08/违章08_t15.1_66_walk.jpg,违章08,15.08,448,1456,136,1616,296,prior_roi,off,1
违章08/违章08_t15.3_67_walk.jpg,违章08,15.32,455,1456,136,1616,296,prior_roi,off,1
违章08/违章08_t15.6_68_walk.jpg,违章08,15.56,462,1456,136,1616,296,prior_roi,off,1
违章08/违章08_t15.8_69_walk.jpg,违章08,15.79,469,1456,136,1616,296,prior_roi,off,1
违章08/违章08_t16.0_70_walk.jpg,违章08,16.03,476,1456,136,1616,296,prior_roi,off,1
违章08/违章08_t16.3_71_walk.jpg,违章08,16.26,483,1456,136,1616,296,prior_roi,off,1
违章08/违章08_t16.3_72_off.jpg,违章08,16.26,483,675,740,835,900,prior_off,off,0
违章08/违章08_t16.5_73_walk.jpg,违章08,16.5,490,1456,136,1616,296,prior_roi,off,1
违章08/违章08_t16.7_74_walk.jpg,违章08,16.73,497,1456,136,1616,296,prior_roi,off,1
违章08/违章08_t17.0_75_walk.jpg,违章08,16.97,504,1456,136,1616,296,prior_roi,off,1
违章08/违章08_t17.2_76_walk.jpg,违章08,17.21,511,1456,136,1616,296,prior_roi,off,1
违章08/违章08_t17.4_77_walk.jpg,违章08,17.44,518,1456,136,1616,296,prior_roi,off,1
违章08/违章08_t17.7_78_walk.jpg,违章08,17.68,525,1456,136,1616,296,prior_roi,off,1
违章08/违章08_t17.9_79_walk.jpg,违章08,17.91,532,1456,136,1616,296,prior_roi,off,1
违章08/违章08_t18.1_80_walk.jpg,违章08,18.15,539,1456,136,1616,296,prior_roi,off,1
违章08/违章08_t18.4_81_walk.jpg,违章08,18.38,546,1456,136,1616,296,prior_roi,off,1
违章08/违章08_t18.6_82_walk.jpg,违章08,18.62,553,1456,136,1616,296,prior_roi,off,1
违章08/违章08_t18.9_83_walk.jpg,违章08,18.86,560,1456,136,1616,296,prior_roi,off,1
违章08/违章08_t19.1_84_walk.jpg,违章08,19.09,567,1456,136,1616,296,prior_roi,off,1
违章08/违章08_t19.3_85_walk.jpg,违章08,19.33,574,1456,136,1616,296,prior_roi,off,1
违章08/违章08_t19.6_86_walk.jpg,违章08,19.56,581,1456,136,1616,296,prior_roi,off,1
违章08/违章08_t19.8_87_walk.jpg,违章08,19.8,588,1456,136,1616,296,prior_roi,off,1
违章08/违章08_t20.0_88_walk.jpg,违章08,20.03,595,1456,136,1616,296,prior_roi,off,1
违章08/违章08_t20.3_89_walk.jpg,违章08,20.27,602,1456,136,1616,296,prior_roi,off,1
违章08/违章08_t20.3_90_off.jpg,违章08,20.27,602,1100,686,1260,846,prior_off,off,0
违章08/违章08_t20.5_91_walk.jpg,违章08,20.51,609,1456,136,1616,296,prior_roi,off,1
违章08/违章08_t20.7_92_walk.jpg,违章08,20.74,616,1456,136,1616,296,prior_roi,off,1
违章08/违章08_t21.0_93_walk.jpg,违章08,20.98,623,1456,136,1616,296,prior_roi,off,1
违章08/违章08_t21.2_94_walk.jpg,违章08,21.21,630,1456,136,1616,296,prior_roi,off,1
违章08/违章08_t21.4_95_walk.jpg,违章08,21.45,637,1456,136,1616,296,prior_roi,off,1
违章08/违章08_t21.7_96_walk.jpg,违章08,21.68,644,1456,136,1616,296,prior_roi,off,1
违章08/违章08_t21.9_97_walk.jpg,违章08,21.92,651,1456,136,1616,296,prior_roi,off,1
违章08/违章08_t22.1_98_walk.jpg,违章08,22.15,658,1456,136,1616,296,prior_roi,off,1
违章08/违章08_t22.4_99_walk.jpg,违章08,22.39,665,1456,136,1616,296,prior_roi,off,1
违章08/违章08_t22.6_100_walk.jpg,违章08,22.63,672,1456,136,1616,296,prior_roi,off,1
违章08/违章08_t22.9_101_walk.jpg,违章08,22.86,679,1456,136,1616,296,prior_roi,off,1
违章08/违章08_t23.1_102_walk.jpg,违章08,23.1,686,1456,136,1616,296,prior_roi,off,1
违章08/违章08_t23.1_103_off.jpg,违章08,23.1,686,114,631,274,791,prior_off,off,0
违章08/违章08_t23.3_104_walk.jpg,违章08,23.33,693,1456,136,1616,296,prior_roi,off,1
违章08/违章08_t23.6_105_walk.jpg,违章08,23.57,700,1456,136,1616,296,prior_roi,off,1
违章08/违章08_t23.8_106_walk.jpg,违章08,23.8,707,1456,136,1616,296,prior_roi,off,1
违章08/违章08_t24.0_107_walk.jpg,违章08,24.04,714,1456,136,1616,296,prior_roi,off,1
违章08/违章08_t24.3_108_walk.jpg,违章08,24.28,721,1456,136,1616,296,prior_roi,off,1
违章08/违章08_t24.5_109_walk.jpg,违章08,24.51,728,1456,136,1616,296,prior_roi,off,1
违章08/违章08_t24.8_110_walk.jpg,违章08,24.75,735,1456,136,1616,296,prior_roi,off,1
违章08/违章08_t25.0_111_walk.jpg,违章08,24.98,742,1456,136,1616,296,prior_roi,off,1
违章08/违章08_t25.2_112_walk.jpg,违章08,25.22,749,1456,136,1616,296,prior_roi,off,1
违章08/违章08_t25.4_113_walk.jpg,违章08,25.45,756,1456,136,1616,296,prior_roi,off,1
违章08/违章08_t25.7_114_walk.jpg,违章08,25.69,763,1456,136,1616,296,prior_roi,off,1
违章08/违章08_t25.9_115_walk.jpg,违章08,25.93,770,1456,136,1616,296,prior_roi,off,1
违章08/违章08_t26.2_116_walk.jpg,违章08,26.16,777,1456,136,1616,296,prior_roi,off,1
违章08/违章08_t26.4_117_walk.jpg,违章08,26.4,784,1456,136,1616,296,prior_roi,off,1
违章08/违章08_t26.6_118_walk.jpg,违章08,26.63,791,1456,136,1616,296,prior_roi,off,1
违章08/违章08_t26.9_119_walk.jpg,违章08,26.87,798,1456,136,1616,296,prior_roi,off,1
违章08/违章08_t27.1_120_walk.jpg,违章08,27.1,805,1456,136,1616,296,prior_roi,off,1
违章08/违章08_t27.3_121_walk.jpg,违章08,27.34,812,1456,136,1616,296,prior_roi,off,1
违章08/违章08_t27.6_122_walk.jpg,违章08,27.58,819,1456,136,1616,296,prior_roi,off,1
违章08/违章08_t27.8_123_walk.jpg,违章08,27.81,826,1456,136,1616,296,prior_roi,off,1
违章08/违章08_t28.1_124_walk.jpg,违章08,28.05,833,1456,136,1616,296,prior_roi,off,1
违章08/违章08_t28.3_125_walk.jpg,违章08,28.28,840,1456,136,1616,296,prior_roi,off,1
违章08/违章08_t28.5_126_walk.jpg,违章08,28.52,847,1456,136,1616,296,prior_roi,off,1
违章08/违章08_t28.8_127_walk.jpg,违章08,28.75,854,1456,136,1616,296,prior_roi,off,1
违章08/违章08_t29.0_128_walk.jpg,违章08,28.99,861,1456,136,1616,296,prior_roi,off,1
违章08/违章08_t29.2_129_walk.jpg,违章08,29.23,868,1456,136,1616,296,prior_roi,off,1
违章08/违章08_t29.5_130_walk.jpg,违章08,29.46,875,1456,136,1616,296,prior_roi,off,1
违章08/违章08_t29.7_131_walk.jpg,违章08,29.7,882,1456,136,1616,296,prior_roi,off,1
违章08/违章08_t29.9_132_walk.jpg,违章08,29.93,889,1456,136,1616,296,prior_roi,off,1
违章08/违章08_t30.2_133_walk.jpg,违章08,30.17,896,1456,136,1616,296,prior_roi,off,1
违章08/违章08_t30.4_134_walk.jpg,违章08,30.4,903,1456,136,1616,296,prior_roi,off,1
违章08/违章08_t30.6_135_walk.jpg,违章08,30.64,910,1456,136,1616,296,prior_roi,off,1
违章08/违章08_t30.9_136_walk.jpg,违章08,30.88,917,1456,136,1616,296,prior_roi,off,1
违章08/违章08_t31.1_137_walk.jpg,违章08,31.11,924,1456,136,1616,296,prior_roi,off,1
违章08/违章08_t31.4_138_walk.jpg,违章08,31.35,931,1456,136,1616,296,prior_roi,off,1
违章08/违章08_t31.6_139_walk.jpg,违章08,31.58,938,1456,136,1616,296,prior_roi,off,1
违章08/违章08_t31.8_140_walk.jpg,违章08,31.82,945,1456,136,1616,296,prior_roi,off,1
违章08/违章08_t32.0_141_walk.jpg,违章08,32.05,952,1456,136,1616,296,prior_roi,off,1
违章08/违章08_t32.3_142_walk.jpg,违章08,32.29,959,1456,136,1616,296,prior_roi,off,1
违章08/违章08_t32.5_143_walk.jpg,违章08,32.53,966,1456,136,1616,296,prior_roi,off,1
违章08/违章08_t32.8_144_walk.jpg,违章08,32.76,973,1456,136,1616,296,prior_roi,off,1
违章08/违章08_t33.0_145_walk.jpg,违章08,33.0,980,1456,136,1616,296,prior_roi,off,1
违章08/违章08_t33.2_146_walk.jpg,违章08,33.23,987,1456,136,1616,296,prior_roi,off,1
违章08/违章08_t33.5_147_walk.jpg,违章08,33.47,994,1456,136,1616,296,prior_roi,off,1
违章08/违章08_t33.7_148_walk.jpg,违章08,33.7,1001,1456,136,1616,296,prior_roi,off,1
违章08/违章08_t33.9_149_walk.jpg,违章08,33.94,1008,1456,136,1616,296,prior_roi,off,1
违章08/违章08_t34.2_150_walk.jpg,违章08,34.18,1015,1456,136,1616,296,prior_roi,off,1
违章08/违章08_t34.4_151_walk.jpg,违章08,34.41,1022,1456,136,1616,296,prior_roi,off,1
违章08/违章08_t34.6_152_walk.jpg,违章08,34.65,1029,1456,136,1616,296,prior_roi,off,1
违章08/违章08_t34.9_153_walk.jpg,违章08,34.88,1036,1456,136,1616,296,prior_roi,off,1
违章08/违章08_t35.1_154_walk.jpg,违章08,35.12,1043,1456,136,1616,296,prior_roi,off,1
违章08/违章08_t35.4_155_walk.jpg,违章08,35.35,1050,1456,136,1616,296,prior_roi,off,1
违章08/违章08_t35.6_156_walk.jpg,违章08,35.59,1057,1456,136,1616,296,prior_roi,off,1
违章08/违章08_t35.8_157_walk.jpg,违章08,35.82,1064,1456,136,1616,296,prior_roi,off,1
违章08/违章08_t36.1_158_walk.jpg,违章08,36.06,1071,1456,136,1616,296,prior_roi,off,1
违章08/违章08_t36.3_159_walk.jpg,违章08,36.3,1078,1456,136,1616,296,prior_roi,off,1
违章08/违章08_t36.5_160_walk.jpg,违章08,36.53,1085,1456,136,1616,296,prior_roi,off,1
违章08/违章08_t36.8_161_walk.jpg,违章08,36.77,1092,1456,136,1616,296,prior_roi,off,1
违章08/违章08_t37.0_162_walk.jpg,违章08,37.0,1099,1456,136,1616,296,prior_roi,off,1
违章08/违章08_t37.2_163_walk.jpg,违章08,37.24,1106,1456,136,1616,296,prior_roi,off,1
违章08/违章08_t37.5_164_walk.jpg,违章08,37.47,1113,1456,136,1616,296,prior_roi,off,1
违章08/违章08_t37.7_165_walk.jpg,违章08,37.71,1120,1456,136,1616,296,prior_roi,off,1
违章08/违章08_t38.0_166_walk.jpg,违章08,37.95,1127,1456,136,1616,296,prior_roi,off,1
违章08/违章08_t38.2_167_walk.jpg,违章08,38.18,1134,1456,136,1616,296,prior_roi,off,1
违章08/违章08_t38.4_168_walk.jpg,违章08,38.42,1141,1456,136,1616,296,prior_roi,off,1
违章08/违章08_t38.6_169_walk.jpg,违章08,38.65,1148,1456,136,1616,296,prior_roi,off,1
违章08/违章08_t38.9_170_walk.jpg,违章08,38.89,1155,1456,136,1616,296,prior_roi,off,1
违章08/违章08_t39.1_171_walk.jpg,违章08,39.12,1162,1456,136,1616,296,prior_roi,off,1
违章08/违章08_t39.1_172_off.jpg,违章08,39.12,1162,1152,892,1312,1052,prior_off,off,0
违章08/违章08_t39.4_173_walk.jpg,违章08,39.36,1169,1456,136,1616,296,prior_roi,off,1
违章08/违章08_t39.6_174_walk.jpg,违章08,39.6,1176,1456,136,1616,296,prior_roi,off,1
违章08/违章08_t39.8_175_walk.jpg,违章08,39.83,1183,1456,136,1616,296,prior_roi,off,1
违章08/违章08_t40.1_176_walk.jpg,违章08,40.07,1190,1456,136,1616,296,prior_roi,off,1
违章08/违章08_t40.1_177_off.jpg,违章08,40.07,1190,397,752,557,912,prior_off,off,0
违章08/违章08_t40.3_178_walk.jpg,违章08,40.3,1197,1456,136,1616,296,prior_roi,off,1
违章08/违章08_t40.5_179_walk.jpg,违章08,40.54,1204,1456,136,1616,296,prior_roi,off,1
违章08/违章08_t40.5_180_off.jpg,违章08,40.54,1204,640,564,800,724,prior_off,off,0
违章08/违章08_t40.8_181_walk.jpg,违章08,40.77,1211,1456,136,1616,296,prior_roi,off,1
违章08/违章08_t41.0_182_walk.jpg,违章08,41.01,1218,1456,136,1616,296,prior_roi,off,1
违章08/违章08_t41.2_183_walk.jpg,违章08,41.25,1225,1456,136,1616,296,prior_roi,off,1
违章08/违章08_t41.5_184_walk.jpg,违章08,41.48,1232,1456,136,1616,296,prior_roi,off,1
违章08/违章08_t41.7_185_walk.jpg,违章08,41.72,1239,1456,136,1616,296,prior_roi,off,1
违章08/违章08_t42.0_186_walk.jpg,违章08,41.95,1246,1456,136,1616,296,prior_roi,off,1
违章08/违章08_t42.2_187_walk.jpg,违章08,42.19,1253,1456,136,1616,296,prior_roi,off,1
违章08/违章08_t42.4_188_walk.jpg,违章08,42.42,1260,1456,136,1616,296,prior_roi,off,1
违章08/违章08_t42.7_189_walk.jpg,违章08,42.66,1267,1456,136,1616,296,prior_roi,off,1
违章08/违章08_t42.9_190_walk.jpg,违章08,42.9,1274,1456,136,1616,296,prior_roi,off,1
违章08/违章08_t43.1_191_walk.jpg,违章08,43.13,1281,1456,136,1616,296,prior_roi,off,1
违章08/违章08_t43.4_192_walk.jpg,违章08,43.37,1288,1456,136,1616,296,prior_roi,off,1
违章08/违章08_t43.6_193_walk.jpg,违章08,43.6,1295,1456,136,1616,296,prior_roi,off,1
违章08/违章08_t43.8_194_walk.jpg,违章08,43.84,1302,1456,136,1616,296,prior_roi,off,1
违章08/违章08_t44.1_195_walk.jpg,违章08,44.07,1309,1456,136,1616,296,prior_roi,off,1
违章08/违章08_t44.3_196_walk.jpg,违章08,44.31,1316,1456,136,1616,296,prior_roi,off,1
违章08/违章08_t44.5_197_walk.jpg,违章08,44.55,1323,1456,136,1616,296,prior_roi,off,1
违章08/违章08_t44.8_198_walk.jpg,违章08,44.78,1330,1456,136,1616,296,prior_roi,off,1
违章08/违章08_t45.0_199_walk.jpg,违章08,45.02,1337,1456,136,1616,296,prior_roi,off,1
违章08/违章08_t45.2_200_walk.jpg,违章08,45.25,1344,1456,136,1616,296,prior_roi,off,1
违章08/违章08_t45.5_201_walk.jpg,违章08,45.49,1351,1456,136,1616,296,prior_roi,off,1
违章08/违章08_t45.5_202_off.jpg,违章08,45.49,1351,27,166,187,326,prior_off,off,0
违章08/违章08_t45.7_203_walk.jpg,违章08,45.72,1358,1456,136,1616,296,prior_roi,off,1
违章08/违章08_t46.0_204_walk.jpg,违章08,45.96,1365,1456,136,1616,296,prior_roi,off,1
违章08/违章08_t46.2_205_walk.jpg,违章08,46.2,1372,1456,136,1616,296,prior_roi,off,1
违章08/违章08_t46.4_206_walk.jpg,违章08,46.43,1379,1456,136,1616,296,prior_roi,off,1
违章08/违章08_t46.4_207_off.jpg,违章08,46.43,1379,421,927,581,1080,prior_off,off,0
违章08/违章08_t46.7_208_walk.jpg,违章08,46.67,1386,1456,136,1616,296,prior_roi,off,1
违章08/违章08_t46.9_209_walk.jpg,违章08,46.9,1393,1456,136,1616,296,prior_roi,off,1
违章08/违章08_t47.1_210_walk.jpg,违章08,47.14,1400,1456,136,1616,296,prior_roi,off,1
违章08/违章08_t47.4_211_walk.jpg,违章08,47.37,1407,1456,136,1616,296,prior_roi,off,1
违章08/违章08_t47.6_212_walk.jpg,违章08,47.61,1414,1456,136,1616,296,prior_roi,off,1
违章08/违章08_t47.9_213_walk.jpg,违章08,47.85,1421,1456,136,1616,296,prior_roi,off,1
违章08/违章08_t48.1_214_walk.jpg,违章08,48.08,1428,1456,136,1616,296,prior_roi,off,1
违章08/违章08_t48.3_215_walk.jpg,违章08,48.32,1435,1456,136,1616,296,prior_roi,off,1
违章08/违章08_t48.5_216_walk.jpg,违章08,48.55,1442,1456,136,1616,296,prior_roi,off,1
违章08/违章08_t48.8_217_walk.jpg,违章08,48.79,1449,1456,136,1616,296,prior_roi,off,1
违章08/违章08_t49.0_218_walk.jpg,违章08,49.02,1456,1456,136,1616,296,prior_roi,off,1
违章08/违章08_t49.3_219_walk.jpg,违章08,49.26,1463,1456,136,1616,296,prior_roi,off,1
违章08/违章08_t49.5_220_walk.jpg,违章08,49.49,1470,1456,136,1616,296,prior_roi,off,1
违章08/违章08_t49.7_221_walk.jpg,违章08,49.73,1477,1456,136,1616,296,prior_roi,off,1
违章08/违章08_t50.0_222_walk.jpg,违章08,49.97,1484,1456,136,1616,296,prior_roi,off,1
违章08/违章08_t50.2_223_walk.jpg,违章08,50.2,1491,1456,136,1616,296,prior_roi,off,1
违章08/违章08_t50.4_224_walk.jpg,违章08,50.44,1498,1456,136,1616,296,prior_roi,off,1
违章08/违章08_t50.7_225_walk.jpg,违章08,50.67,1505,1456,136,1616,296,prior_roi,off,1
违章09/违章09_t0.2_2_off.jpg,违章09,0.24,7,304,298,464,458,impostor,off,0
违章09/违章09_t0.9_6_off.jpg,违章09,0.94,28,304,298,464,458,impostor,off,0
违章09/违章09_t1.2_8_off.jpg,违章09,1.18,35,304,298,464,458,impostor,off,0
违章09/违章09_t1.6_11_off.jpg,违章09,1.65,49,304,298,464,458,impostor,off,0
违章09/违章09_t1.6_12_off.jpg,违章09,1.65,49,1726,0,1886,113,prior_off,off,0
违章09/违章09_t3.5_21_off.jpg,违章09,3.54,105,368,813,528,973,prior_off,off,0
违章09/违章09_t4.0_23_stand.jpg,违章09,4.01,119,304,298,464,458,prior_roi,stand,0
违章09/违章09_t4.2_24_stand.jpg,违章09,4.24,126,304,298,464,458,prior_roi,stand,0
违章09/违章09_t4.5_25_stand.jpg,违章09,4.48,133,304,298,464,458,prior_roi,stand,0
违章09/违章09_t4.7_26_stand.jpg,违章09,4.71,140,304,298,464,458,prior_roi,stand,0
违章09/违章09_t5.0_27_stand.jpg,违章09,4.95,147,304,298,464,458,prior_roi,stand,0
违章09/违章09_t5.2_29_off.jpg,违章09,5.19,154,304,298,464,458,impostor,off,0
违章09/违章09_t5.4_31_off.jpg,违章09,5.42,161,304,298,464,458,impostor,off,0
违章09/违章09_t5.7_33_off.jpg,违章09,5.66,168,304,298,464,458,impostor,off,0
违章09/违章09_t5.9_35_off.jpg,违章09,5.89,175,304,298,464,458,impostor,off,0
违章09/违章09_t6.1_37_off.jpg,违章09,6.13,182,304,298,464,458,impostor,off,0
违章09/违章09_t6.4_39_off.jpg,违章09,6.36,189,304,298,464,458,impostor,off,0
违章09/违章09_t6.6_41_off.jpg,违章09,6.6,196,304,298,464,458,impostor,off,0
违章09/违章09_t6.8_43_off.jpg,违章09,6.83,203,304,298,464,458,impostor,off,0
违章09/违章09_t7.1_44_off.jpg,违章09,7.07,210,304,298,464,458,impostor,off,0
违章09/违章09_t7.3_45_off.jpg,违章09,7.31,217,304,298,464,458,impostor,off,0
违章09/违章09_t7.5_46_off.jpg,违章09,7.54,224,304,298,464,458,impostor,off,0
违章09/违章09_t7.8_47_off.jpg,违章09,7.78,231,304,298,464,458,impostor,off,0
违章09/违章09_t8.0_48_off.jpg,违章09,8.01,238,304,298,464,458,impostor,off,0
违章09/违章09_t8.2_49_off.jpg,违章09,8.25,245,304,298,464,458,impostor,off,0
违章09/违章09_t8.5_50_off.jpg,违章09,8.48,252,304,298,464,458,impostor,off,0
违章09/违章09_t8.7_51_off.jpg,违章09,8.72,259,304,298,464,458,impostor,off,0
违章09/违章09_t9.0_52_off.jpg,违章09,8.96,266,304,298,464,458,impostor,off,0
违章09/违章09_t9.2_53_off.jpg,违章09,9.19,273,304,298,464,458,impostor,off,0
违章09/违章09_t9.4_54_off.jpg,违章09,9.43,280,304,298,464,458,impostor,off,0
违章09/违章09_t9.7_55_off.jpg,违章09,9.66,287,304,298,464,458,impostor,off,0
违章09/违章09_t9.9_56_off.jpg,违章09,9.9,294,304,298,464,458,impostor,off,0
违章09/违章09_t10.1_57_off.jpg,违章09,10.13,301,304,298,464,458,impostor,off,0
违章09/违章09_t10.4_58_off.jpg,违章09,10.37,308,304,298,464,458,impostor,off,0
违章09/违章09_t10.6_59_off.jpg,违章09,10.61,315,304,298,464,458,impostor,off,0
违章09/违章09_t10.8_60_off.jpg,违章09,10.84,322,304,298,464,458,impostor,off,0
违章09/违章09_t11.1_61_walk.jpg,违章09,11.08,329,304,298,464,458,prior_roi,walk,0
违章09/违章09_t11.3_62_walk.jpg,违章09,11.31,336,304,298,464,458,prior_roi,walk,0
违章09/违章09_t11.6_63_walk.jpg,违章09,11.55,343,304,298,464,458,prior_roi,walk,0
违章09/违章09_t11.8_64_walk.jpg,违章09,11.78,350,304,298,464,458,prior_roi,walk,0
违章09/违章09_t12.0_65_walk.jpg,违章09,12.02,357,304,298,464,458,prior_roi,walk,0
违章09/违章09_t12.3_66_walk.jpg,违章09,12.26,364,304,298,464,458,prior_roi,walk,0
违章09/违章09_t12.5_67_walk.jpg,违章09,12.49,371,304,298,464,458,prior_roi,walk,0
违章09/违章09_t12.7_68_walk.jpg,违章09,12.73,378,304,298,464,458,prior_roi,walk,0
违章09/违章09_t13.0_69_walk.jpg,违章09,12.96,385,304,298,464,458,prior_roi,walk,0
违章09/违章09_t13.2_70_walk.jpg,违章09,13.2,392,304,298,464,458,prior_roi,walk,0
违章09/违章09_t13.4_71_walk.jpg,违章09,13.43,399,304,298,464,458,prior_roi,walk,0
违章09/违章09_t13.7_72_walk.jpg,违章09,13.67,406,304,298,464,458,prior_roi,walk,0
违章09/违章09_t13.9_73_walk.jpg,违章09,13.91,413,304,298,464,458,prior_roi,walk,0
违章09/违章09_t14.1_74_walk.jpg,违章09,14.14,420,304,298,464,458,prior_roi,walk,0
违章09/违章09_t14.4_75_walk.jpg,违章09,14.38,427,304,298,464,458,prior_roi,walk,0
违章09/违章09_t14.6_76_walk.jpg,违章09,14.61,434,304,298,464,458,prior_roi,walk,0
违章09/违章09_t15.1_78_walk.jpg,违章09,15.08,448,304,298,464,458,prior_roi,walk,0
违章09/违章09_t15.3_79_walk.jpg,违章09,15.32,455,304,298,464,458,prior_roi,walk,0
违章09/违章09_t15.6_80_walk.jpg,违章09,15.56,462,304,298,464,458,prior_roi,walk,0
违章09/违章09_t15.8_81_walk.jpg,违章09,15.79,469,304,298,464,458,prior_roi,walk,0
违章09/违章09_t17.0_86_walk.jpg,违章09,16.97,504,304,298,464,458,prior_roi,walk,0
违章09/违章09_t17.2_87_walk.jpg,违章09,17.21,511,304,298,464,458,prior_roi,walk,0
违章09/违章09_t17.4_88_walk.jpg,违章09,17.44,518,304,298,464,458,prior_roi,walk,0
违章09/违章09_t17.7_89_walk.jpg,违章09,17.68,525,304,298,464,458,prior_roi,walk,0
违章09/违章09_t17.9_90_walk.jpg,违章09,17.91,532,304,298,464,458,prior_roi,walk,0
违章09/违章09_t18.1_91_walk.jpg,违章09,18.15,539,304,298,464,458,prior_roi,walk,0
违章09/违章09_t18.4_92_walk.jpg,违章09,18.38,546,304,298,464,458,prior_roi,walk,0
违章09/违章09_t18.6_93_walk.jpg,违章09,18.62,553,304,298,464,458,prior_roi,walk,0
违章09/违章09_t18.9_94_walk.jpg,违章09,18.85,560,304,298,464,458,prior_roi,walk,0
违章09/违章09_t19.1_95_walk.jpg,违章09,19.09,567,304,298,464,458,prior_roi,walk,0
违章09/违章09_t19.3_96_walk.jpg,违章09,19.33,574,304,298,464,458,prior_roi,walk,0
违章09/违章09_t19.6_97_walk.jpg,违章09,19.56,581,304,298,464,458,prior_roi,walk,0
违章09/违章09_t19.8_98_walk.jpg,违章09,19.8,588,304,298,464,458,prior_roi,walk,0
违章09/违章09_t20.0_99_walk.jpg,违章09,20.03,595,304,298,464,458,prior_roi,walk,0
违章09/违章09_t20.3_100_walk.jpg,违章09,20.27,602,304,298,464,458,prior_roi,walk,0
违章09/违章09_t20.5_101_walk.jpg,违章09,20.5,609,304,298,464,458,prior_roi,walk,0
违章09/违章09_t20.7_102_walk.jpg,违章09,20.74,616,304,298,464,458,prior_roi,walk,0
违章09/违章09_t21.0_103_walk.jpg,违章09,20.98,623,304,298,464,458,prior_roi,walk,0
违章09/违章09_t21.2_104_walk.jpg,违章09,21.21,630,304,298,464,458,prior_roi,walk,0
违章09/违章09_t21.4_105_walk.jpg,违章09,21.45,637,304,298,464,458,prior_roi,walk,0
违章09/违章09_t21.7_106_walk.jpg,违章09,21.68,644,304,298,464,458,prior_roi,walk,0
违章09/违章09_t21.9_107_walk.jpg,违章09,21.92,651,304,298,464,458,prior_roi,walk,0
违章09/违章09_t22.1_108_walk.jpg,违章09,22.15,658,304,298,464,458,prior_roi,walk,0
违章09/违章09_t22.4_109_walk.jpg,违章09,22.39,665,304,298,464,458,prior_roi,walk,0
违章09/违章09_t22.6_110_walk.jpg,违章09,22.63,672,304,298,464,458,prior_roi,walk,0
违章09/违章09_t22.9_111_walk.jpg,违章09,22.86,679,304,298,464,458,prior_roi,walk,0
违章09/违章09_t23.1_112_walk.jpg,违章09,23.1,686,304,298,464,458,prior_roi,walk,0
违章09/违章09_t23.3_113_walk.jpg,违章09,23.33,693,304,298,464,458,prior_roi,walk,0
违章09/违章09_t23.6_114_walk.jpg,违章09,23.57,700,304,298,464,458,prior_roi,walk,0
违章09/违章09_t23.8_115_walk.jpg,违章09,23.8,707,304,298,464,458,prior_roi,walk,0
违章09/违章09_t24.0_116_walk.jpg,违章09,24.04,714,304,298,464,458,prior_roi,walk,0
违章09/违章09_t24.3_117_walk.jpg,违章09,24.28,721,304,298,464,458,prior_roi,walk,0
违章09/违章09_t24.5_118_walk.jpg,违章09,24.51,728,304,298,464,458,prior_roi,walk,0
违章09/违章09_t24.8_119_walk.jpg,违章09,24.75,735,304,298,464,458,prior_roi,walk,0
违章09/违章09_t25.0_120_walk.jpg,违章09,24.98,742,304,298,464,458,prior_roi,walk,0
违章09/违章09_t25.2_121_walk.jpg,违章09,25.22,749,304,298,464,458,prior_roi,walk,0
违章09/违章09_t25.4_122_walk.jpg,违章09,25.45,756,304,298,464,458,prior_roi,walk,0
违章09/违章09_t25.7_123_walk.jpg,违章09,25.69,763,304,298,464,458,prior_roi,walk,0
违章09/违章09_t25.9_124_walk.jpg,违章09,25.93,770,304,298,464,458,prior_roi,walk,0
违章09/违章09_t26.2_125_walk.jpg,违章09,26.16,777,304,298,464,458,prior_roi,walk,0
违章09/违章09_t26.4_126_walk.jpg,违章09,26.4,784,304,298,464,458,prior_roi,walk,0
违章09/违章09_t26.6_127_walk.jpg,违章09,26.63,791,304,298,464,458,prior_roi,walk,0
违章09/违章09_t26.9_128_walk.jpg,违章09,26.87,798,304,298,464,458,prior_roi,walk,0
违章09/违章09_t27.1_129_walk.jpg,违章09,27.1,805,304,298,464,458,prior_roi,walk,0
违章09/违章09_t27.3_130_walk.jpg,违章09,27.34,812,304,298,464,458,prior_roi,walk,0
违章09/违章09_t27.6_131_walk.jpg,违章09,27.58,819,304,298,464,458,prior_roi,walk,0
违章09/违章09_t27.8_132_walk.jpg,违章09,27.81,826,304,298,464,458,prior_roi,walk,0
违章09/违章09_t28.1_133_walk.jpg,违章09,28.05,833,304,298,464,458,prior_roi,walk,0
违章09/违章09_t28.3_134_walk.jpg,违章09,28.28,840,304,298,464,458,prior_roi,walk,0
违章09/违章09_t28.5_135_walk.jpg,违章09,28.52,847,304,298,464,458,prior_roi,walk,0
违章09/违章09_t28.8_136_walk.jpg,违章09,28.75,854,304,298,464,458,prior_roi,walk,0
违章09/违章09_t29.0_137_walk.jpg,违章09,28.99,861,304,298,464,458,prior_roi,walk,0
违章09/违章09_t29.2_138_walk.jpg,违章09,29.23,868,304,298,464,458,prior_roi,walk,0
违章09/违章09_t29.5_139_walk.jpg,违章09,29.46,875,304,298,464,458,prior_roi,walk,0
违章09/违章09_t29.7_140_walk.jpg,违章09,29.7,882,304,298,464,458,prior_roi,walk,0
违章09/违章09_t29.9_141_walk.jpg,违章09,29.93,889,304,298,464,458,prior_roi,walk,0
违章09/违章09_t30.2_142_walk.jpg,违章09,30.17,896,304,298,464,458,prior_roi,walk,0
违章09/违章09_t30.4_143_walk.jpg,违章09,30.4,903,304,298,464,458,prior_roi,walk,0
违章09/违章09_t30.6_144_walk.jpg,违章09,30.64,910,304,298,464,458,prior_roi,walk,0
违章09/违章09_t30.9_145_walk.jpg,违章09,30.88,917,304,298,464,458,prior_roi,walk,0
违章09/违章09_t31.1_146_walk.jpg,违章09,31.11,924,304,298,464,458,prior_roi,walk,0
违章09/违章09_t31.4_147_walk.jpg,违章09,31.35,931,304,298,464,458,prior_roi,walk,0
违章09/违章09_t31.6_148_walk.jpg,违章09,31.58,938,304,298,464,458,prior_roi,walk,0
违章09/违章09_t31.8_149_walk.jpg,违章09,31.82,945,304,298,464,458,prior_roi,walk,0
违章09/违章09_t31.8_150_off.jpg,违章09,31.82,945,1253,838,1413,998,prior_off,off,0
违章09/违章09_t32.0_151_walk.jpg,违章09,32.05,952,304,298,464,458,prior_roi,walk,0
违章09/违章09_t32.0_152_off.jpg,违章09,32.05,952,1105,292,1265,452,prior_off,off,0
违章09/违章09_t32.3_153_walk.jpg,违章09,32.29,959,304,298,464,458,prior_roi,walk,0
违章09/违章09_t32.5_154_walk.jpg,违章09,32.52,966,304,298,464,458,prior_roi,walk,0
违章09/违章09_t32.8_155_walk.jpg,违章09,32.76,973,304,298,464,458,prior_roi,walk,0
违章09/违章09_t33.0_156_walk.jpg,违章09,33.0,980,304,298,464,458,prior_roi,walk,0
违章09/违章09_t33.2_157_walk.jpg,违章09,33.23,987,304,298,464,458,prior_roi,walk,0
违章09/违章09_t33.5_158_walk.jpg,违章09,33.47,994,304,298,464,458,prior_roi,walk,0
违章09/违章09_t33.7_159_walk.jpg,违章09,33.7,1001,304,298,464,458,prior_roi,walk,0
违章09/违章09_t33.9_160_walk.jpg,违章09,33.94,1008,304,298,464,458,prior_roi,walk,0
违章09/违章09_t34.2_161_walk.jpg,违章09,34.17,1015,304,298,464,458,prior_roi,walk,0
违章09/违章09_t34.4_162_walk.jpg,违章09,34.41,1022,304,298,464,458,prior_roi,walk,0
违章09/违章09_t34.4_163_off.jpg,违章09,34.41,1022,0,422,124,582,prior_off,off,0
违章09/违章09_t34.6_164_walk.jpg,违章09,34.65,1029,304,298,464,458,prior_roi,walk,0
违章09/违章09_t34.9_165_walk.jpg,违章09,34.88,1036,304,298,464,458,prior_roi,walk,0
违章09/违章09_t35.1_166_walk.jpg,违章09,35.12,1043,304,298,464,458,prior_roi,walk,0
违章09/违章09_t35.4_167_walk.jpg,违章09,35.35,1050,304,298,464,458,prior_roi,walk,0
违章09/违章09_t35.6_168_walk.jpg,违章09,35.59,1057,304,298,464,458,prior_roi,walk,0
违章09/违章09_t35.8_169_walk.jpg,违章09,35.82,1064,304,298,464,458,prior_roi,walk,0
违章09/违章09_t36.1_170_walk.jpg,违章09,36.06,1071,304,298,464,458,prior_roi,walk,0
违章09/违章09_t36.3_171_walk.jpg,违章09,36.3,1078,304,298,464,458,prior_roi,walk,0
违章09/违章09_t36.5_172_walk.jpg,违章09,36.53,1085,304,298,464,458,prior_roi,walk,0
违章09/违章09_t36.8_173_walk.jpg,违章09,36.77,1092,304,298,464,458,prior_roi,walk,0
违章09/违章09_t37.0_174_walk.jpg,违章09,37.0,1099,304,298,464,458,prior_roi,walk,0
违章09/违章09_t37.2_175_walk.jpg,违章09,37.24,1106,304,298,464,458,prior_roi,walk,0
违章09/违章09_t37.5_176_walk.jpg,违章09,37.47,1113,304,298,464,458,prior_roi,walk,0
违章09/违章09_t37.7_177_walk.jpg,违章09,37.71,1120,304,298,464,458,prior_roi,walk,0
违章09/违章09_t38.0_178_walk.jpg,违章09,37.95,1127,304,298,464,458,prior_roi,walk,0
违章09/违章09_t38.2_179_walk.jpg,违章09,38.18,1134,304,298,464,458,prior_roi,walk,0
违章09/违章09_t38.4_180_walk.jpg,违章09,38.42,1141,304,298,464,458,prior_roi,walk,0
违章09/违章09_t38.6_181_walk.jpg,违章09,38.65,1148,304,298,464,458,prior_roi,walk,0
违章09/违章09_t38.9_182_walk.jpg,违章09,38.89,1155,304,298,464,458,prior_roi,walk,0
违章09/违章09_t39.1_183_walk.jpg,违章09,39.12,1162,304,298,464,458,prior_roi,walk,0
违章09/违章09_t39.4_184_walk.jpg,违章09,39.36,1169,304,298,464,458,prior_roi,walk,0
违章09/违章09_t39.4_185_off.jpg,违章09,39.36,1169,897,871,1057,1031,prior_off,off,0
违章09/违章09_t39.6_186_walk.jpg,违章09,39.6,1176,304,298,464,458,prior_roi,walk,0
违章09/违章09_t41.2_193_walk.jpg,违章09,41.25,1225,304,298,464,458,prior_roi,walk,0
违章09/违章09_t41.5_194_walk.jpg,违章09,41.48,1232,304,298,464,458,prior_roi,walk,0
违章09/违章09_t41.7_195_walk.jpg,违章09,41.72,1239,304,298,464,458,prior_roi,walk,0
违章09/违章09_t42.0_196_walk.jpg,违章09,41.95,1246,304,298,464,458,prior_roi,walk,0
违章09/违章09_t42.2_197_walk.jpg,违章09,42.19,1253,304,298,464,458,prior_roi,walk,0
违章09/违章09_t42.2_198_off.jpg,违章09,42.19,1253,851,438,1011,598,prior_off,off,0
违章09/违章09_t42.4_199_walk.jpg,违章09,42.42,1260,304,298,464,458,prior_roi,walk,0
违章09/违章09_t42.7_200_walk.jpg,违章09,42.66,1267,304,298,464,458,prior_roi,walk,0
违章09/违章09_t42.9_201_walk.jpg,违章09,42.9,1274,304,298,464,458,prior_roi,walk,0
违章09/违章09_t43.1_202_walk.jpg,违章09,43.13,1281,304,298,464,458,prior_roi,walk,0
违章09/违章09_t43.1_203_off.jpg,违章09,43.13,1281,1704,715,1864,875,prior_off,off,0
违章09/违章09_t43.4_204_walk.jpg,违章09,43.37,1288,304,298,464,458,prior_roi,walk,0
违章09/违章09_t43.6_205_walk.jpg,违章09,43.6,1295,304,298,464,458,prior_roi,walk,0
违章09/违章09_t43.8_206_walk.jpg,违章09,43.84,1302,304,298,464,458,prior_roi,walk,0
违章09/违章09_t44.1_207_walk.jpg,违章09,44.07,1309,304,298,464,458,prior_roi,walk,0
违章09/违章09_t44.3_208_walk.jpg,违章09,44.31,1316,304,298,464,458,prior_roi,walk,0
违章09/违章09_t44.5_209_walk.jpg,违章09,44.54,1323,304,298,464,458,prior_roi,walk,0
违章09/违章09_t44.8_210_walk.jpg,违章09,44.78,1330,304,298,464,458,prior_roi,walk,0
违章09/违章09_t45.0_211_walk.jpg,违章09,45.02,1337,304,298,464,458,prior_roi,walk,0
违章09/违章09_t45.2_212_walk.jpg,违章09,45.25,1344,304,298,464,458,prior_roi,walk,0
违章09/违章09_t45.5_213_walk.jpg,违章09,45.49,1351,304,298,464,458,prior_roi,walk,0
违章09/违章09_t45.7_214_walk.jpg,违章09,45.72,1358,304,298,464,458,prior_roi,walk,0
违章09/违章09_t46.0_215_walk.jpg,违章09,45.96,1365,304,298,464,458,prior_roi,walk,0
违章09/违章09_t46.2_216_walk.jpg,违章09,46.19,1372,304,298,464,458,prior_roi,walk,0
违章09/违章09_t46.4_217_walk.jpg,违章09,46.43,1379,304,298,464,458,prior_roi,walk,0
违章09/违章09_t46.7_218_walk.jpg,违章09,46.67,1386,304,298,464,458,prior_roi,walk,0
违章09/违章09_t46.9_219_walk.jpg,违章09,46.9,1393,304,298,464,458,prior_roi,walk,0
违章09/违章09_t47.1_220_walk.jpg,违章09,47.14,1400,304,298,464,458,prior_roi,walk,0
违章09/违章09_t47.4_221_walk.jpg,违章09,47.37,1407,304,298,464,458,prior_roi,walk,0
违章09/违章09_t47.6_222_walk.jpg,违章09,47.61,1414,304,298,464,458,prior_roi,walk,0
违章09/违章09_t47.8_223_walk.jpg,违章09,47.84,1421,304,298,464,458,prior_roi,walk,0
违章09/违章09_t48.1_224_walk.jpg,违章09,48.08,1428,304,298,464,458,prior_roi,walk,0
违章09/违章09_t48.3_225_walk.jpg,违章09,48.32,1435,304,298,464,458,prior_roi,walk,0
违章09/违章09_t48.5_226_walk.jpg,违章09,48.55,1442,304,298,464,458,prior_roi,walk,0
违章09/违章09_t48.8_227_walk.jpg,违章09,48.79,1449,304,298,464,458,prior_roi,walk,0
违章09/违章09_t49.0_228_walk.jpg,违章09,49.02,1456,304,298,464,458,prior_roi,walk,0
违章09/违章09_t49.3_229_walk.jpg,违章09,49.26,1463,304,298,464,458,prior_roi,walk,0
违章09/违章09_t49.5_230_walk.jpg,违章09,49.49,1470,304,298,464,458,prior_roi,walk,0
违章09/违章09_t49.7_231_walk.jpg,违章09,49.73,1477,304,298,464,458,prior_roi,walk,0
违章09/违章09_t50.0_232_walk.jpg,违章09,49.97,1484,304,298,464,458,prior_roi,walk,0
违章09/违章09_t50.2_233_walk.jpg,违章09,50.2,1491,304,298,464,458,prior_roi,walk,0
违章09/违章09_t50.4_234_walk.jpg,违章09,50.44,1498,304,298,464,458,prior_roi,walk,0
违章09/违章09_t50.7_235_walk.jpg,违章09,50.67,1505,304,298,464,458,prior_roi,walk,0
违章09/违章09_t50.9_236_walk.jpg,违章09,50.91,1512,304,298,464,458,prior_roi,walk,0
违章09/违章09_t51.1_237_walk.jpg,违章09,51.14,1519,304,298,464,458,prior_roi,walk,0
违章09/违章09_t51.4_238_walk.jpg,违章09,51.38,1526,304,298,464,458,prior_roi,walk,0
违章09/违章09_t51.6_239_walk.jpg,违章09,51.62,1533,304,298,464,458,prior_roi,walk,0
违章09/违章09_t51.6_240_off.jpg,违章09,51.62,1533,1697,316,1857,476,prior_off,off,0
违章09/违章09_t51.9_241_walk.jpg,违章09,51.85,1540,304,298,464,458,prior_roi,walk,0
违章09/违章09_t52.1_242_walk.jpg,违章09,52.09,1547,304,298,464,458,prior_roi,walk,0
违章09/违章09_t52.1_243_off.jpg,违章09,52.09,1547,1572,371,1732,531,prior_off,off,0
违章09/违章09_t52.3_244_walk.jpg,违章09,52.32,1554,304,298,464,458,prior_roi,walk,0
违章09/违章09_t52.6_245_walk.jpg,违章09,52.56,1561,304,298,464,458,prior_roi,walk,0
违章09/违章09_t52.8_246_walk.jpg,违章09,52.79,1568,304,298,464,458,prior_roi,walk,0
违章09/违章09_t53.0_247_walk.jpg,违章09,53.03,1575,304,298,464,458,prior_roi,walk,0
违章09/违章09_t53.3_248_walk.jpg,违章09,53.27,1582,304,298,464,458,prior_roi,walk,0
违章09/违章09_t53.5_249_walk.jpg,违章09,53.5,1589,304,298,464,458,prior_roi,walk,0
违章09/违章09_t53.7_250_walk.jpg,违章09,53.74,1596,304,298,464,458,prior_roi,walk,0
违章09/违章09_t54.0_251_walk.jpg,违章09,53.97,1603,304,298,464,458,prior_roi,walk,0
违章09/违章09_t54.2_252_walk.jpg,违章09,54.21,1610,304,298,464,458,prior_roi,walk,0
违章09/违章09_t54.4_253_walk.jpg,违章09,54.44,1617,304,298,464,458,prior_roi,walk,0
违章09/违章09_t54.7_254_walk.jpg,违章09,54.68,1624,304,298,464,458,prior_roi,walk,0
违章09/违章09_t54.9_255_walk.jpg,违章09,54.92,1631,304,298,464,458,prior_roi,walk,0
违章09/违章09_t55.1_256_walk.jpg,违章09,55.15,1638,304,298,464,458,prior_roi,walk,0
违章09/违章09_t55.4_257_walk.jpg,违章09,55.39,1645,304,298,464,458,prior_roi,walk,0
违章09/违章09_t55.6_258_walk.jpg,违章09,55.62,1652,304,298,464,458,prior_roi,walk,0
违章09/违章09_t55.9_259_walk.jpg,违章09,55.86,1659,304,298,464,458,prior_roi,walk,0
违章09/违章09_t56.1_260_walk.jpg,违章09,56.09,1666,304,298,464,458,prior_roi,walk,0
违章09/违章09_t56.3_261_walk.jpg,违章09,56.33,1673,304,298,464,458,prior_roi,walk,0
违章09/违章09_t56.6_262_walk.jpg,违章09,56.56,1680,304,298,464,458,prior_roi,walk,0
违章09/违章09_t56.8_263_walk.jpg,违章09,56.8,1687,304,298,464,458,prior_roi,walk,0
违章09/违章09_t57.0_264_walk.jpg,违章09,57.04,1694,304,298,464,458,prior_roi,walk,0
违章09/违章09_t57.3_265_walk.jpg,违章09,57.27,1701,304,298,464,458,prior_roi,walk,0
违章09/违章09_t57.5_266_walk.jpg,违章09,57.51,1708,304,298,464,458,prior_roi,walk,0
违章09/违章09_t57.7_267_walk.jpg,违章09,57.74,1715,304,298,464,458,prior_roi,walk,0
违章09/违章09_t58.0_268_walk.jpg,违章09,57.98,1722,304,298,464,458,prior_roi,walk,0
违章09/违章09_t58.2_269_walk.jpg,违章09,58.21,1729,304,298,464,458,prior_roi,walk,0
违章09/违章09_t58.2_270_off.jpg,违章09,58.21,1729,1539,702,1699,862,prior_off,off,0
违章09/违章09_t58.5_271_walk.jpg,违章09,58.45,1736,304,298,464,458,prior_roi,walk,0
违章09/违章09_t58.7_272_walk.jpg,违章09,58.69,1743,304,298,464,458,prior_roi,walk,0
违章09/违章09_t58.9_273_walk.jpg,违章09,58.92,1750,304,298,464,458,prior_roi,walk,0
违章09/违章09_t59.2_274_walk.jpg,违章09,59.16,1757,304,298,464,458,prior_roi,walk,0
违章09/违章09_t59.4_275_walk.jpg,违章09,59.39,1764,304,298,464,458,prior_roi,walk,0
违章09/违章09_t59.6_276_walk.jpg,违章09,59.63,1771,304,298,464,458,prior_roi,walk,0
违章09/违章09_t59.9_277_walk.jpg,违章09,59.86,1778,304,298,464,458,prior_roi,walk,0
违章09/违章09_t60.1_278_walk.jpg,违章09,60.1,1785,304,298,464,458,prior_roi,walk,0
违章09/违章09_t60.3_279_walk.jpg,违章09,60.34,1792,304,298,464,458,prior_roi,walk,0
违章09/违章09_t60.6_280_walk.jpg,违章09,60.57,1799,304,298,464,458,prior_roi,walk,0
违章09/违章09_t60.8_281_walk.jpg,违章09,60.81,1806,304,298,464,458,prior_roi,walk,0
违章09/违章09_t61.0_282_walk.jpg,违章09,61.04,1813,304,298,464,458,prior_roi,walk,0
违章09/违章09_t61.3_283_walk.jpg,违章09,61.28,1820,304,298,464,458,prior_roi,walk,0
违章09/违章09_t61.5_284_walk.jpg,违章09,61.51,1827,304,298,464,458,prior_roi,walk,0
违章09/违章09_t61.8_285_walk.jpg,违章09,61.75,1834,304,298,464,458,prior_roi,walk,0
违章09/违章09_t62.0_286_walk.jpg,违章09,61.99,1841,304,298,464,458,prior_roi,walk,0
违章09/违章09_t62.2_287_walk.jpg,违章09,62.22,1848,304,298,464,458,prior_roi,walk,0
违章09/违章09_t62.5_288_walk.jpg,违章09,62.46,1855,304,298,464,458,prior_roi,walk,0
违章09/违章09_t62.7_289_walk.jpg,违章09,62.69,1862,304,298,464,458,prior_roi,walk,0
违章09/违章09_t62.9_290_walk.jpg,违章09,62.93,1869,304,298,464,458,prior_roi,walk,0
违章09/违章09_t63.2_291_walk.jpg,违章09,63.16,1876,304,298,464,458,prior_roi,walk,0
违章09/违章09_t63.4_292_walk.jpg,违章09,63.4,1883,304,298,464,458,prior_roi,walk,0
违章09/违章09_t63.6_293_walk.jpg,违章09,63.64,1890,304,298,464,458,prior_roi,walk,0
违章09/违章09_t63.9_294_walk.jpg,违章09,63.87,1897,304,298,464,458,prior_roi,walk,0
违章09/违章09_t63.9_295_off.jpg,违章09,63.87,1897,869,612,1029,772,prior_off,off,0
违章09/违章09_t64.1_296_walk.jpg,违章09,64.11,1904,304,298,464,458,prior_roi,walk,0
违章09/违章09_t64.3_297_walk.jpg,违章09,64.34,1911,304,298,464,458,prior_roi,walk,0
违章09/违章09_t64.6_298_walk.jpg,违章09,64.58,1918,304,298,464,458,prior_roi,walk,0
违章09/违章09_t64.8_299_walk.jpg,违章09,64.81,1925,304,298,464,458,prior_roi,walk,0
违章09/违章09_t65.0_300_walk.jpg,违章09,65.05,1932,304,298,464,458,prior_roi,walk,0
违章09/违章09_t65.3_301_walk.jpg,违章09,65.29,1939,304,298,464,458,prior_roi,walk,0
违章09/违章09_t65.5_302_walk.jpg,违章09,65.52,1946,304,298,464,458,prior_roi,walk,0
违章09/违章09_t65.8_303_walk.jpg,违章09,65.76,1953,304,298,464,458,prior_roi,walk,0
违章09/违章09_t66.0_304_walk.jpg,违章09,65.99,1960,304,298,464,458,prior_roi,walk,0
违章09/违章09_t66.2_305_walk.jpg,违章09,66.23,1967,304,298,464,458,prior_roi,walk,0
违章09/违章09_t66.5_306_walk.jpg,违章09,66.46,1974,304,298,464,458,prior_roi,walk,0
违章09/违章09_t66.7_307_walk.jpg,违章09,66.7,1981,304,298,464,458,prior_roi,walk,0
违章09/违章09_t66.9_308_walk.jpg,违章09,66.94,1988,304,298,464,458,prior_roi,walk,0
违章09/违章09_t67.2_309_walk.jpg,违章09,67.17,1995,304,298,464,458,prior_roi,walk,0
违章09/违章09_t67.4_310_walk.jpg,违章09,67.41,2002,304,298,464,458,prior_roi,walk,0
违章09/违章09_t67.6_311_walk.jpg,违章09,67.64,2009,304,298,464,458,prior_roi,walk,0
违章09/违章09_t67.6_312_off.jpg,违章09,67.64,2009,960,608,1120,768,prior_off,off,0
违章09/违章09_t67.9_313_walk.jpg,违章09,67.88,2016,304,298,464,458,prior_roi,walk,0
违章09/违章09_t68.1_314_walk.jpg,违章09,68.11,2023,304,298,464,458,prior_roi,walk,0
违章09/违章09_t68.3_315_walk.jpg,违章09,68.35,2030,304,298,464,458,prior_roi,walk,0
违章09/违章09_t68.6_316_walk.jpg,违章09,68.58,2037,304,298,464,458,prior_roi,walk,0
违章09/违章09_t68.8_317_walk.jpg,违章09,68.82,2044,304,298,464,458,prior_roi,walk,0
违章09/违章09_t69.1_318_walk.jpg,违章09,69.06,2051,304,298,464,458,prior_roi,walk,0
违章09/违章09_t69.3_319_walk.jpg,违章09,69.29,2058,304,298,464,458,prior_roi,walk,0
违章09/违章09_t69.5_320_walk.jpg,违章09,69.53,2065,304,298,464,458,prior_roi,walk,0
违章09/违章09_t69.8_321_walk.jpg,违章09,69.76,2072,304,298,464,458,prior_roi,walk,0
违章09/违章09_t70.0_322_walk.jpg,违章09,70.0,2079,304,298,464,458,prior_roi,walk,0
违章09/违章09_t70.2_323_walk.jpg,违章09,70.23,2086,304,298,464,458,prior_roi,walk,0
违章09/违章09_t70.5_324_walk.jpg,违章09,70.47,2093,304,298,464,458,prior_roi,walk,0
违章09/违章09_t70.7_325_walk.jpg,违章09,70.71,2100,304,298,464,458,prior_roi,walk,0
违章09/违章09_t70.9_326_walk.jpg,违章09,70.94,2107,304,298,464,458,prior_roi,walk,0
违章09/违章09_t71.2_327_walk.jpg,违章09,71.18,2114,304,298,464,458,prior_roi,walk,0
违章09/违章09_t71.4_328_walk.jpg,违章09,71.41,2121,304,298,464,458,prior_roi,walk,0
违章09/违章09_t71.7_329_walk.jpg,违章09,71.65,2128,304,298,464,458,prior_roi,walk,0
违章09/违章09_t71.9_330_walk.jpg,违章09,71.88,2135,304,298,464,458,prior_roi,walk,0
违章09/违章09_t72.1_331_off.jpg,违章09,72.12,2142,304,298,464,458,impostor,off,0
违章09/违章09_t72.4_332_off.jpg,违章09,72.36,2149,304,298,464,458,impostor,off,0
违章09/违章09_t72.6_333_off.jpg,违章09,72.59,2156,304,298,464,458,impostor,off,0
违章09/违章09_t72.8_334_off.jpg,违章09,72.83,2163,304,298,464,458,impostor,off,0
违章09/违章09_t73.1_335_off.jpg,违章09,73.06,2170,304,298,464,458,impostor,off,0
违章09/违章09_t73.3_336_off.jpg,违章09,73.3,2177,304,298,464,458,impostor,off,0
违章09/违章09_t73.5_337_off.jpg,违章09,73.53,2184,304,298,464,458,impostor,off,0
违章09/违章09_t73.8_338_off.jpg,违章09,73.77,2191,304,298,464,458,impostor,off,0
违章09/违章09_t74.0_339_off.jpg,违章09,74.01,2198,304,298,464,458,impostor,off,0
违章09/违章09_t74.2_340_off.jpg,违章09,74.24,2205,304,298,464,458,impostor,off,0
违章09/违章09_t74.5_341_off.jpg,违章09,74.48,2212,304,298,464,458,impostor,off,0
违章09/违章09_t74.7_342_off.jpg,违章09,74.71,2219,304,298,464,458,impostor,off,0
违章09/违章09_t75.0_343_off.jpg,违章09,74.95,2226,304,298,464,458,impostor,off,0
违章09/违章09_t75.2_344_off.jpg,违章09,75.18,2233,304,298,464,458,impostor,off,0
违章09/违章09_t75.4_345_off.jpg,违章09,75.42,2240,304,298,464,458,impostor,off,0
违章09/违章09_t75.7_346_off.jpg,违章09,75.66,2247,304,298,464,458,impostor,off,0
违章09/违章09_t75.9_347_off.jpg,违章09,75.89,2254,304,298,464,458,impostor,off,0
违章09/违章09_t76.1_348_off.jpg,违章09,76.13,2261,304,298,464,458,impostor,off,0
违章09/违章09_t76.4_349_off.jpg,违章09,76.36,2268,304,298,464,458,impostor,off,0
违章09/违章09_t76.6_350_off.jpg,违章09,76.6,2275,304,298,464,458,impostor,off,0
违章09/违章09_t76.8_351_off.jpg,违章09,76.83,2282,304,298,464,458,impostor,off,0
违章09/违章09_t77.1_352_off.jpg,违章09,77.07,2289,304,298,464,458,impostor,off,0
违章09/违章09_t77.3_353_off.jpg,违章09,77.31,2296,304,298,464,458,impostor,off,0
违章09/违章09_t77.5_354_off.jpg,违章09,77.54,2303,304,298,464,458,impostor,off,0
违章09/违章09_t77.8_355_off.jpg,违章09,77.78,2310,304,298,464,458,impostor,off,0
违章09/违章09_t78.0_356_off.jpg,违章09,78.01,2317,304,298,464,458,impostor,off,0
违章09/违章09_t78.2_357_off.jpg,违章09,78.25,2324,304,298,464,458,impostor,off,0
违章09/违章09_t78.5_358_off.jpg,违章09,78.48,2331,304,298,464,458,impostor,off,0
违章09/违章09_t78.7_359_off.jpg,违章09,78.72,2338,304,298,464,458,impostor,off,0
违章09/违章09_t79.0_360_off.jpg,违章09,78.96,2345,304,298,464,458,impostor,off,0
违章09/违章09_t79.2_361_off.jpg,违章09,79.19,2352,304,298,464,458,impostor,off,0
违章09/违章09_t79.4_362_off.jpg,违章09,79.43,2359,304,298,464,458,impostor,off,0
违章09/违章09_t79.7_363_off.jpg,违章09,79.66,2366,304,298,464,458,impostor,off,0
违章09/违章09_t80.1_364_off.jpg,违章09,80.13,2380,304,298,464,458,impostor,off,0
违章09/违章09_t80.4_365_off.jpg,违章09,80.37,2387,304,298,464,458,impostor,off,0
违章09/违章09_t80.6_366_off.jpg,违章09,80.61,2394,304,298,464,458,impostor,off,0
违章09/违章09_t80.8_367_off.jpg,违章09,80.84,2401,304,298,464,458,impostor,off,0
违章09/违章09_t80.8_368_off.jpg,违章09,80.84,2401,590,943,750,1080,prior_off,off,0
违章09/违章09_t81.1_369_off.jpg,违章09,81.08,2408,304,298,464,458,impostor,off,0
违章09/违章09_t81.3_370_off.jpg,违章09,81.31,2415,304,298,464,458,impostor,off,0
违章09/违章09_t81.5_371_off.jpg,违章09,81.55,2422,304,298,464,458,impostor,off,0
违章09/违章09_t81.8_372_off.jpg,违章09,81.78,2429,304,298,464,458,impostor,off,0
违章09/违章09_t82.0_373_off.jpg,违章09,82.02,2436,304,298,464,458,impostor,off,0
违章09/违章09_t82.2_374_off.jpg,违章09,82.25,2443,304,298,464,458,impostor,off,0
违章09/违章09_t82.5_375_off.jpg,违章09,82.49,2450,304,298,464,458,impostor,off,0
违章09/违章09_t82.7_376_off.jpg,违章09,82.73,2457,304,298,464,458,impostor,off,0
违章09/违章09_t83.0_377_off.jpg,违章09,82.96,2464,304,298,464,458,impostor,off,0
违章09/违章09_t83.2_378_off.jpg,违章09,83.2,2471,304,298,464,458,impostor,off,0
违章09/违章09_t83.4_379_off.jpg,违章09,83.43,2478,304,298,464,458,impostor,off,0
违章09/违章09_t83.7_380_off.jpg,违章09,83.67,2485,304,298,464,458,impostor,off,0
违章09/违章09_t83.9_381_off.jpg,违章09,83.9,2492,304,298,464,458,impostor,off,0
违章09/违章09_t84.1_382_off.jpg,违章09,84.14,2499,304,298,464,458,impostor,off,0
违章09/违章09_t84.4_383_off.jpg,违章09,84.38,2506,304,298,464,458,impostor,off,0
违章09/违章09_t84.6_384_off.jpg,违章09,84.61,2513,304,298,464,458,impostor,off,0
违章09/违章09_t84.8_385_off.jpg,违章09,84.85,2520,304,298,464,458,impostor,off,0
违章09/违章09_t85.1_386_off.jpg,违章09,85.08,2527,304,298,464,458,impostor,off,0
违章09/违章09_t85.3_387_off.jpg,违章09,85.32,2534,304,298,464,458,impostor,off,0
违章09/违章09_t85.5_388_off.jpg,违章09,85.55,2541,304,298,464,458,impostor,off,0
违章09/违章09_t85.8_389_off.jpg,违章09,85.79,2548,304,298,464,458,impostor,off,0
违章09/违章09_t86.0_390_off.jpg,违章09,86.03,2555,304,298,464,458,impostor,off,0
违章09/违章09_t86.3_391_off.jpg,违章09,86.26,2562,304,298,464,458,impostor,off,0
违章09/违章09_t86.5_392_off.jpg,违章09,86.5,2569,304,298,464,458,impostor,off,0
违章09/违章09_t86.5_393_off.jpg,违章09,86.5,2569,1644,157,1804,317,prior_off,off,0
违章09/违章09_t86.7_394_off.jpg,违章09,86.73,2576,304,298,464,458,impostor,off,0
违章09/违章09_t87.0_395_off.jpg,违章09,86.97,2583,304,298,464,458,impostor,off,0
违章09/违章09_t87.2_396_off.jpg,违章09,87.2,2590,304,298,464,458,impostor,off,0
违章09/违章09_t87.4_397_off.jpg,违章09,87.44,2597,304,298,464,458,impostor,off,0
违章09/违章09_t87.7_398_off.jpg,违章09,87.68,2604,304,298,464,458,impostor,off,0
违章09/违章09_t87.9_399_off.jpg,违章09,87.91,2611,304,298,464,458,impostor,off,0
违章09/违章09_t88.2_400_off.jpg,违章09,88.15,2618,304,298,464,458,impostor,off,0
违章09/违章09_t88.4_401_off.jpg,违章09,88.38,2625,304,298,464,458,impostor,off,0
违章09/违章09_t88.6_402_off.jpg,违章09,88.62,2632,304,298,464,458,impostor,off,0
违章09/违章09_t88.8_403_off.jpg,违章09,88.85,2639,304,298,464,458,impostor,off,0
违章09/违章09_t89.1_404_off.jpg,违章09,89.09,2646,304,298,464,458,impostor,off,0
违章09/违章09_t89.3_405_off.jpg,违章09,89.33,2653,304,298,464,458,impostor,off,0
违章09/违章09_t89.6_406_off.jpg,违章09,89.56,2660,304,298,464,458,impostor,off,0
违章09/违章09_t89.8_407_off.jpg,违章09,89.8,2667,304,298,464,458,impostor,off,0
违章09/违章09_t90.0_408_off.jpg,违章09,90.03,2674,304,298,464,458,impostor,off,0
违章09/违章09_t90.3_409_off.jpg,违章09,90.27,2681,304,298,464,458,impostor,off,0
违章09/违章09_t90.5_410_off.jpg,违章09,90.5,2688,304,298,464,458,impostor,off,0
违章09/违章09_t90.7_411_off.jpg,违章09,90.74,2695,304,298,464,458,impostor,off,0
违章09/违章09_t91.0_412_off.jpg,违章09,90.98,2702,304,298,464,458,impostor,off,0
违章09/违章09_t91.2_413_off.jpg,违章09,91.21,2709,304,298,464,458,impostor,off,0
违章09/违章09_t91.5_414_off.jpg,违章09,91.45,2716,304,298,464,458,impostor,off,0
违章09/违章09_t91.7_415_off.jpg,违章09,91.68,2723,304,298,464,458,impostor,off,0
违章09/违章09_t91.9_416_off.jpg,违章09,91.92,2730,304,298,464,458,impostor,off,0
违章09/违章09_t92.2_417_off.jpg,违章09,92.15,2737,304,298,464,458,impostor,off,0
违章09/违章09_t92.4_418_off.jpg,违章09,92.39,2744,304,298,464,458,impostor,off,0
违章09/违章09_t92.6_419_off.jpg,违章09,92.63,2751,304,298,464,458,impostor,off,0
违章09/违章09_t92.9_420_off.jpg,违章09,92.86,2758,304,298,464,458,impostor,off,0
违章09/违章09_t93.1_421_off.jpg,违章09,93.1,2765,304,298,464,458,impostor,off,0
违章09/违章09_t93.3_422_off.jpg,违章09,93.33,2772,304,298,464,458,impostor,off,0
违章09/违章09_t93.6_423_off.jpg,违章09,93.57,2779,304,298,464,458,impostor,off,0
违章09/违章09_t93.8_424_off.jpg,违章09,93.8,2786,304,298,464,458,impostor,off,0
违章09/违章09_t94.0_425_off.jpg,违章09,94.04,2793,304,298,464,458,impostor,off,0
违章09/违章09_t94.3_426_off.jpg,违章09,94.27,2800,304,298,464,458,impostor,off,0
违章09/违章09_t94.3_427_off.jpg,违章09,94.27,2800,1376,416,1536,576,prior_off,off,0
违章09/违章09_t94.5_428_off.jpg,违章09,94.51,2807,304,298,464,458,impostor,off,0
违章09/违章09_t94.8_429_off.jpg,违章09,94.75,2814,304,298,464,458,impostor,off,0
违章09/违章09_t95.0_430_off.jpg,违章09,94.98,2821,304,298,464,458,impostor,off,0
违章09/违章09_t95.2_431_off.jpg,违章09,95.22,2828,304,298,464,458,impostor,off,0
违章09/违章09_t95.5_432_off.jpg,违章09,95.45,2835,304,298,464,458,impostor,off,0
违章09/违章09_t95.7_433_off.jpg,违章09,95.69,2842,304,298,464,458,impostor,off,0
违章09/违章09_t95.9_434_off.jpg,违章09,95.92,2849,304,298,464,458,impostor,off,0
违章09/违章09_t96.2_435_off.jpg,违章09,96.16,2856,304,298,464,458,impostor,off,0
违章09/违章09_t96.4_436_off.jpg,违章09,96.4,2863,304,298,464,458,impostor,off,0
违章09/违章09_t96.6_437_off.jpg,违章09,96.63,2870,304,298,464,458,impostor,off,0
违章09/违章09_t96.9_438_off.jpg,违章09,96.87,2877,304,298,464,458,impostor,off,0
违章09/违章09_t97.1_439_off.jpg,违章09,97.1,2884,304,298,464,458,impostor,off,0
违章09/违章09_t97.3_440_off.jpg,违章09,97.34,2891,304,298,464,458,impostor,off,0
违章09/违章09_t97.6_441_off.jpg,违章09,97.57,2898,304,298,464,458,impostor,off,0
违章09/违章09_t97.8_442_off.jpg,违章09,97.81,2905,304,298,464,458,impostor,off,0
违章09/违章09_t97.8_443_off.jpg,违章09,97.81,2905,1470,300,1630,460,prior_off,off,0
违章09/违章09_t98.0_444_off.jpg,违章09,98.05,2912,304,298,464,458,impostor,off,0
违章09/违章09_t98.3_445_off.jpg,违章09,98.28,2919,304,298,464,458,impostor,off,0
违章09/违章09_t98.5_446_off.jpg,违章09,98.52,2926,304,298,464,458,impostor,off,0
违章09/违章09_t98.8_447_off.jpg,违章09,98.75,2933,304,298,464,458,impostor,off,0
违章09/违章09_t99.0_448_off.jpg,违章09,98.99,2940,304,298,464,458,impostor,off,0
违章09/违章09_t99.2_449_off.jpg,违章09,99.22,2947,304,298,464,458,impostor,off,0
违章09/违章09_t99.5_450_off.jpg,违章09,99.46,2954,304,298,464,458,impostor,off,0
违章09/违章09_t99.7_451_off.jpg,违章09,99.7,2961,304,298,464,458,impostor,off,0
违章09/违章09_t99.9_452_off.jpg,违章09,99.93,2968,304,298,464,458,impostor,off,0
违章09/违章09_t100.2_453_off.jpg,违章09,100.17,2975,304,298,464,458,impostor,off,0
违章09/违章09_t100.4_454_off.jpg,违章09,100.4,2982,304,298,464,458,impostor,off,0
违章09/违章09_t100.6_455_off.jpg,违章09,100.64,2989,304,298,464,458,impostor,off,0
违章09/违章09_t100.9_456_off.jpg,违章09,100.87,2996,304,298,464,458,impostor,off,0
违章09/违章09_t101.1_457_off.jpg,违章09,101.11,3003,304,298,464,458,impostor,off,0
违章09/违章09_t101.1_458_off.jpg,违章09,101.11,3003,953,47,1113,207,prior_off,off,0
违章09/违章09_t101.3_459_off.jpg,违章09,101.35,3010,304,298,464,458,impostor,off,0
违章09/违章09_t101.6_460_off.jpg,违章09,101.58,3017,304,298,464,458,impostor,off,0
违章09/违章09_t101.8_461_off.jpg,违章09,101.82,3024,304,298,464,458,impostor,off,0
违章09/违章09_t102.0_462_off.jpg,违章09,102.05,3031,304,298,464,458,impostor,off,0
违章09/违章09_t102.3_463_off.jpg,违章09,102.29,3038,304,298,464,458,impostor,off,0
违章09/违章09_t102.5_464_off.jpg,违章09,102.52,3045,304,298,464,458,impostor,off,0
违章09/违章09_t102.8_465_off.jpg,违章09,102.76,3052,304,298,464,458,impostor,off,0
违章09/违章09_t103.0_466_off.jpg,违章09,103.0,3059,304,298,464,458,impostor,off,0
违章09/违章09_t103.0_467_off.jpg,违章09,103.0,3059,1410,744,1570,904,prior_off,off,0
违章09/违章09_t103.2_468_off.jpg,违章09,103.23,3066,304,298,464,458,impostor,off,0
违章09/违章09_t103.5_469_off.jpg,违章09,103.47,3073,304,298,464,458,impostor,off,0
违章09/违章09_t103.7_470_off.jpg,违章09,103.7,3080,304,298,464,458,impostor,off,0
违章09/违章09_t103.9_471_off.jpg,违章09,103.94,3087,304,298,464,458,impostor,off,0
违章09/违章09_t104.2_472_off.jpg,违章09,104.17,3094,304,298,464,458,impostor,off,0
违章09/违章09_t104.4_473_off.jpg,违章09,104.41,3101,304,298,464,458,impostor,off,0
违章09/违章09_t104.7_474_off.jpg,违章09,104.65,3108,304,298,464,458,impostor,off,0
违章09/违章09_t104.9_475_off.jpg,违章09,104.88,3115,304,298,464,458,impostor,off,0
违章09/违章09_t105.1_476_off.jpg,违章09,105.12,3122,304,298,464,458,impostor,off,0
违章09/违章09_t105.3_477_off.jpg,违章09,105.35,3129,304,298,464,458,impostor,off,0
违章09/违章09_t105.3_478_off.jpg,违章09,105.35,3129,1692,532,1852,692,prior_off,off,0
违章09/违章09_t105.6_479_off.jpg,违章09,105.59,3136,304,298,464,458,impostor,off,0
违章09/违章09_t105.8_480_off.jpg,违章09,105.82,3143,304,298,464,458,impostor,off,0
违章09/违章09_t106.1_481_off.jpg,违章09,106.06,3150,304,298,464,458,impostor,off,0
违章09/违章09_t106.3_482_off.jpg,违章09,106.29,3157,304,298,464,458,impostor,off,0
违章09/违章09_t103.7_483_off.jpg,违章09,103.7,3080,332,47,340,56,impostor_outside,off,0
违章09/违章09_t104.4_484_off.jpg,违章09,104.41,3101,519,154,528,162,impostor_outside,off,0
违章09/违章09_t93.3_485_off.jpg,违章09,93.33,2772,1381,140,1393,153,impostor_outside,off,0
违章09/违章09_t91.7_486_off.jpg,违章09,91.68,2723,1760,125,1769,135,impostor_outside,off,0
违章09/违章09_t104.4_487_off.jpg,违章09,104.41,3101,194,203,203,211,impostor_outside,off,0
违章09/违章09_t76.4_488_off.jpg,违章09,76.36,2268,983,202,999,224,impostor_outside,off,0
违章09/违章09_t73.5_489_off.jpg,违章09,73.53,2184,1735,45,1746,59,impostor_outside,off,0
违章09/违章09_t104.9_490_off.jpg,违章09,104.88,3115,140,137,162,160,impostor_outside,off,0
违章09/违章09_t0.9_491_off.jpg,违章09,0.94,28,511,528,524,536,impostor_outside,off,0
违章09/违章09_t86.5_492_off.jpg,违章09,86.5,2569,1546,639,1654,708,impostor_outside,off,0
违章09/违章09_t91.9_493_off.jpg,违章09,91.92,2730,1510,55,1538,89,impostor_outside,off,0
违章09/违章09_t105.3_494_off.jpg,违章09,105.35,3129,458,192,466,204,impostor_outside,off,0
违章09/违章09_t94.8_495_off.jpg,违章09,94.75,2814,349,745,358,754,impostor_outside,off,0
违章09/违章09_t87.2_496_off.jpg,违章09,87.2,2590,1481,50,1491,62,impostor_outside,off,0
违章09/违章09_t103.7_497_off.jpg,违章09,103.7,3080,297,30,308,41,impostor_outside,off,0
违章09/违章09_t105.6_498_off.jpg,违章09,105.59,3136,168,113,178,125,impostor_outside,off,0
违章09/违章09_t102.5_499_off.jpg,违章09,102.52,3045,662,123,687,152,impostor_outside,off,0
违章09/违章09_t91.7_500_off.jpg,违章09,91.68,2723,1243,259,1252,267,impostor_outside,off,0
违章09/违章09_t87.9_501_off.jpg,违章09,87.91,2611,1535,92,1546,102,impostor_outside,off,0
违章09/违章09_t103.5_502_off.jpg,违章09,103.47,3073,555,211,581,223,impostor_outside,off,0
违章09/违章09_t101.6_503_off.jpg,违章09,101.58,3017,696,21,711,29,impostor_outside,off,0
违章09/违章09_t105.3_504_off.jpg,违章09,105.35,3129,49,88,68,119,impostor_outside,off,0
违章09/违章09_t96.6_505_off.jpg,违章09,96.63,2870,784,261,799,276,impostor_outside,stand,1
违章09/违章09_t104.2_506_off.jpg,违章09,104.17,3094,145,3,165,30,impostor_outside,off,0
违章09/违章09_t78.0_507_off.jpg,违章09,78.01,2317,1605,66,1620,84,impostor_outside,off,0
违章09/违章09_t87.0_508_off.jpg,违章09,86.97,2583,735,968,746,985,impostor_outside,off,0
违章09/违章09_t87.0_509_off.jpg,违章09,86.97,2583,1584,621,1609,636,impostor_outside,off,0
违章09/违章09_t94.0_510_off.jpg,违章09,94.04,2793,1470,310,1573,353,impostor_outside,off,0
违章09/违章09_t105.6_511_off.jpg,违章09,105.59,3136,41,54,113,158,impostor_outside,off,0
违章09/违章09_t86.7_512_off.jpg,违章09,86.73,2576,1779,197,1790,207,impostor_outside,off,0
违章09/违章09_t86.5_513_off.jpg,违章09,86.5,2569,1363,613,1376,629,impostor_outside,off,0
违章09/违章09_t106.1_514_off.jpg,违章09,106.06,3150,224,218,244,235,impostor_outside,off,0
违章09/违章09_t4.0_515_off.jpg,违章09,4.01,119,1712,766,1733,774,impostor_outside,off,0
违章09/违章09_t100.2_516_off.jpg,违章09,100.17,2975,1614,72,1624,81,impostor_outside,off,0
违章09/违章09_t105.6_517_off.jpg,违章09,105.59,3136,98,48,109,58,impostor_outside,off,0
违章09/违章09_t91.0_518_off.jpg,违章09,90.98,2702,875,464,883,474,impostor_outside,off,0
违章09/违章09_t101.1_519_off.jpg,违章09,101.11,3003,814,20,823,28,impostor_outside,off,0
违章09/违章09_t100.6_520_off.jpg,违章09,100.64,2989,544,593,556,608,impostor_outside,off,0
违章09/违章09_t106.3_521_off.jpg,违章09,106.29,3157,43,125,56,135,impostor_outside,off,0
违章09/违章09_t106.1_522_off.jpg,违章09,106.06,3150,828,455,874,501,impostor_outside,off,0
违章09/违章09_t96.2_523_off.jpg,违章09,96.16,2856,931,575,939,586,impostor_outside,stand,1
违章09/违章09_t101.1_524_off.jpg,违章09,101.11,3003,664,709,673,717,impostor_outside,off,0
违章09/违章09_t100.6_525_off.jpg,违章09,100.64,2989,1216,17,1250,50,impostor_outside,off,0
违章09/违章09_t89.8_526_off.jpg,违章09,89.8,2667,1442,74,1454,83,impostor_outside,off,0
违章09/违章09_t104.9_527_off.jpg,违章09,104.88,3115,208,134,220,147,impostor_outside,off,0
违章09/违章09_t91.9_528_off.jpg,违章09,91.92,2730,1603,304,1809,416,impostor_outside,off,0
违章09/违章09_t101.3_529_off.jpg,违章09,101.35,3010,1332,228,1343,238,impostor_outside,off,0
违章09/违章09_t98.8_530_off.jpg,违章09,98.75,2933,737,629,750,638,impostor_outside,off,0
违章09/违章09_t89.1_531_off.jpg,违章09,89.09,2646,1826,193,1836,201,impostor_outside,off,0
违章09/违章09_t103.0_532_off.jpg,违章09,103.0,3059,524,82,532,91,impostor_outside,off,0
违章09/违章09_t78.0_533_off.jpg,违章09,78.01,2317,992,217,1004,226,impostor_outside,off,0
违章09/违章09_t92.6_534_off.jpg,违章09,92.63,2751,1411,156,1440,175,impostor_outside,off,0
违章09/违章09_t86.3_535_off.jpg,违章09,86.26,2562,1527,59,1548,79,impostor_outside,off,0
违章09/违章09_t103.7_536_off.jpg,违章09,103.7,3080,305,41,315,50,impostor_outside,off,0
违章09/违章09_t9.9_537_off.jpg,违章09,9.9,294,1180,318,1202,352,impostor_outside,walk,1
违章09/违章09_t94.8_538_off.jpg,违章09,94.75,2814,374,719,390,738,impostor_outside,off,0
违章09/违章09_t100.9_539_off.jpg,违章09,100.87,2996,1610,232,1628,250,impostor_outside,off,0
违章09/违章09_t81.3_540_off.jpg,违章09,81.31,2415,802,470,945,577,impostor_outside,off,0
违章09/违章09_t93.6_541_off.jpg,违章09,93.57,2779,1452,304,1555,352,impostor_outside,off,0
违章09/违章09_t6.8_542_off.jpg,违章09,6.83,203,623,519,679,539,impostor_outside,off,0
违章09/违章09_t106.3_543_off.jpg,违章09,106.29,3157,250,227,266,242,impostor_outside,off,0
违章09/违章09_t103.9_544_off.jpg,违章09,103.94,3087,374,144,412,173,impostor_outside,off,0
违章09/违章09_t103.7_545_off.jpg,违章09,103.7,3080,426,205,434,222,impostor_outside,off,0
违章09/违章09_t104.4_546_off.jpg,违章09,104.41,3101,0,67,8,77,impostor_outside,off,0
违章09/违章09_t94.5_547_off.jpg,违章09,94.51,2807,332,732,343,743,impostor_outside,off,0
违章09/违章09_t100.4_548_off.jpg,违章09,100.4,2982,1338,506,1353,515,impostor_outside,off,0
违章09/违章09_t81.1_549_off.jpg,违章09,81.08,2408,970,241,990,261,impostor_outside,off,0
违章09/违章09_t101.8_550_off.jpg,违章09,101.82,3024,1575,527,1601,538,impostor_outside,off,0
违章09/违章09_t104.7_551_off.jpg,违章09,104.65,3108,958,432,979,447,impostor_outside,off,0
违章09/违章09_t103.7_552_off.jpg,违章09,103.7,3080,319,0,331,9,impostor_outside,off,0
违章09/违章09_t101.3_553_off.jpg,违章09,101.35,3010,1334,263,1344,271,impostor_outside,off,0
违章09/违章09_t6.1_554_off.jpg,违章09,6.13,182,1785,762,1821,778,impostor_outside,off,0
违章09/违章09_t9.4_555_off.jpg,违章09,9.43,280,942,549,950,557,impostor_outside,off,0
违章09/违章09_t104.2_556_off.jpg,违章09,104.17,3094,734,471,754,482,impostor_outside,off,0
违章09/违章09_t103.7_557_off.jpg,违章09,103.7,3080,990,432,1104,472,impostor_outside,off,0
违章09/违章09_t103.9_558_off.jpg,违章09,103.94,3087,353,115,371,137,impostor_outside,off,0
违章09/违章09_t105.1_559_off.jpg,违章09,105.12,3122,208,108,217,118,impostor_outside,off,0
违章09/违章09_t100.2_560_off.jpg,违章09,100.17,2975,1426,12,1440,24,impostor_outside,off,0
违章09/违章09_t99.7_561_off.jpg,违章09,99.7,2961,1475,81,1508,98,impostor_outside,off,0
违章09/违章09_t97.3_562_off.jpg,违章09,97.34,2891,1858,23,1883,37,impostor_outside,off,0
违章09/违章09_t105.1_563_off.jpg,违章09,105.12,3122,172,183,197,192,impostor_outside,off,0
违章09/违章09_t100.6_564_off.jpg,违章09,100.64,2989,1191,2,1200,16,impostor_outside,off,0
违章09/违章09_t9.7_565_off.jpg,违章09,9.66,287,593,466,660,515,impostor_outside,off,0
违章09/违章09_t102.3_566_off.jpg,违章09,102.29,3038,642,67,653,87,impostor_outside,off,0
违章09/违章09_t99.2_567_off.jpg,违章09,99.22,2947,762,638,773,648,impostor_outside,off,0
违章09/违章09_t101.1_568_off.jpg,违章09,101.11,3003,1367,196,1396,212,impostor_outside,off,0
违章09/违章09_t6.1_569_off.jpg,违章09,6.13,182,819,769,855,781,impostor_outside,off,0
违章09/违章09_t84.4_570_off.jpg,违章09,84.38,2506,1826,66,1836,76,impostor_outside,off,0
违章09/违章09_t95.7_571_off.jpg,违章09,95.69,2842,738,310,752,321,impostor_outside,stand,1
违章09/违章09_t102.0_572_off.jpg,违章09,102.05,3031,700,13,715,33,impostor_outside,off,0
违章09/违章09_t103.0_573_off.jpg,违章09,103.0,3059,520,10,532,25,impostor_outside,off,0
违章09/违章09_t100.4_574_off.jpg,违章09,100.4,2982,1686,196,1717,221,impostor_outside,off,0
违章09/违章09_t94.0_575_off.jpg,违章09,94.04,2793,262,723,274,740,impostor_outside,off,0
违章09/违章09_t93.1_576_off.jpg,违章09,93.1,2765,1605,33,1613,43,impostor_outside,off,0
违章09/违章09_t103.9_577_off.jpg,违章09,103.94,3087,287,185,296,196,impostor_outside,off,0
违章09/违章09_t104.2_578_off.jpg,违章09,104.17,3094,317,63,325,73,impostor_outside,off,0
违章09/违章09_t95.7_579_off.jpg,违章09,95.69,2842,740,287,749,295,impostor_outside,stand,1
违章09/违章09_t85.3_580_off.jpg,违章09,85.32,2534,776,449,926,567,impostor_outside,off,0
违章09/违章09_t105.1_581_off.jpg,违章09,105.12,3122,193,56,205,64,impostor_outside,off,0
违章09/违章09_t92.6_582_off.jpg,违章09,92.63,2751,1417,141,1427,155,impostor_outside,off,0
违章09/违章09_t88.6_583_off.jpg,违章09,88.62,2632,886,462,905,479,impostor_outside,off,0
违章09/违章09_t101.6_584_off.jpg,违章09,101.58,3017,1095,422,1114,440,impostor_outside,off,0
违章09/违章09_t92.9_585_off.jpg,违章09,92.86,2758,1413,3,1421,11,impostor_outside,off,0
违章09/违章09_t103.7_586_off.jpg,违章09,103.7,3080,409,105,447,141,impostor_outside,off,0
违章09/违章09_t100.9_587_off.jpg,违章09,100.87,2996,1510,197,1519,208,impostor_outside,off,0
违章09/违章09_t94.5_588_off.jpg,违章09,94.51,2807,367,713,378,726,impostor_outside,off,0
违章09/违章09_t90.3_589_off.jpg,违章09,90.27,2681,817,186,825,196,impostor_outside,off,0
违章09/违章09_t87.0_590_off.jpg,违章09,86.97,2583,1490,63,1498,75,impostor_outside,off,0
违章09/违章09_t99.2_591_off.jpg,违章09,99.22,2947,1410,449,1478,473,impostor_outside,off,0
违章09/违章09_t100.2_592_off.jpg,违章09,100.17,2975,1481,16,1495,27,impostor_outside,off,0
违章09/违章09_t86.7_593_off.jpg,违章09,86.73,2576,842,862,904,1053,impostor_outside,off,0
违章09/违章09_t91.2_594_off.jpg,违章09,91.21,2709,1409,82,1418,91,impostor_outside,off,0
违章09/违章09_t104.9_595_off.jpg,违章09,104.88,3115,790,445,798,456,impostor_outside,off,0
违章09/违章09_t100.4_596_off.jpg,违章09,100.4,2982,1171,21,1189,35,impostor_outside,off,0
违章09/违章09_t90.5_597_off.jpg,违章09,90.5,2688,1400,56,1409,66,impostor_outside,off,0
违章09/违章09_t87.0_598_off.jpg,违章09,86.97,2583,768,970,783,1006,impostor_outside,off,0
违章09/违章09_t94.3_599_off.jpg,违章09,94.27,2800,1666,12,1674,20,impostor_outside,off,0
违章09/违章09_t105.1_600_off.jpg,违章09,105.12,3122,209,147,237,162,impostor_outside,off,0
违章09/违章09_t99.9_601_off.jpg,违章09,99.93,2968,1362,67,1372,79,impostor_outside,off,0
违章09/违章09_t96.2_602_off.jpg,违章09,96.16,2856,760,271,776,285,impostor_outside,stand,1
违章09/违章09_t103.9_603_off.jpg,违章09,103.94,3087,263,246,277,255,impostor_outside,off,0
违章09/违章09_t93.8_604_off.jpg,违章09,93.8,2786,183,745,195,758,impostor_outside,off,0
违章09/违章09_t104.9_605_off.jpg,违章09,104.88,3115,115,162,125,172,impostor_outside,off,0
违章09/违章09_t104.9_606_off.jpg,违章09,104.88,3115,229,140,239,150,impostor_outside,off,0
违章09/违章09_t86.5_607_off.jpg,违章09,86.5,2569,1607,62,1616,71,impostor_outside,off,0
违章09/违章09_t103.5_608_off.jpg,违章09,103.47,3073,1053,398,1173,481,impostor_outside,off,0
违章09/违章09_t105.8_609_off.jpg,违章09,105.82,3143,260,142,269,151,impostor_outside,off,0
违章09/违章09_t92.4_610_off.jpg,违章09,92.39,2744,1452,304,1635,378,impostor_outside,off,0
违章09/违章09_t103.2_611_off.jpg,违章09,103.23,3066,806,185,824,194,impostor_outside,off,0
违章09/违章09_t106.3_612_off.jpg,违章09,106.29,3157,24,134,36,145,impostor_outside,off,0
违章09/违章09_t89.3_613_off.jpg,违章09,89.33,2653,1454,69,1462,78,impostor_outside,off,0
违章09/违章09_t90.0_614_off.jpg,违章09,90.03,2674,1540,58,1567,95,impostor_outside,off,0
违章09/违章09_t102.8_615_off.jpg,违章09,102.76,3052,962,445,989,468,impostor_outside,off,0
违章09/违章09_t102.3_616_off.jpg,违章09,102.29,3038,761,106,770,115,impostor_outside,off,0
违章09/违章09_t105.6_617_off.jpg,违章09,105.59,3136,169,139,183,147,impostor_outside,off,0
违章09/违章09_t94.0_618_off.jpg,违章09,94.04,2793,1648,11,1658,19,impostor_outside,off,0
违章09/违章09_t94.5_619_off.jpg,违章09,94.51,2807,1617,0,1635,13,impostor_outside,off,0
违章09/违章09_t102.0_620_off.jpg,违章09,102.05,3031,792,183,834,211,impostor_outside,off,0
违章09/违章09_t104.9_621_off.jpg,违章09,104.88,3115,835,448,933,490,impostor_outside,off,0
违章09/违章09_t103.2_622_off.jpg,违章09,103.23,3066,1117,445,1151,467,impostor_outside,off,0
违章09/违章09_t104.2_623_off.jpg,违章09,104.17,3094,284,159,295,172,impostor_outside,off,0
违章09/违章09_t105.8_624_off.jpg,违章09,105.82,3143,20,91,34,99,impostor_outside,off,0
违章09/违章09_t101.1_625_off.jpg,违章09,101.11,3003,1413,415,1429,424,impostor_outside,off,0
违章09/违章09_t94.3_626_off.jpg,违章09,94.27,2800,1741,26,1753,37,impostor_outside,off,0
违章09/违章09_t9.0_627_off.jpg,违章09,8.96,266,1185,320,1208,355,impostor_outside,walk,1
违章09/违章09_t101.3_628_off.jpg,违章09,101.35,3010,759,111,784,130,impostor_outside,off,0
违章09/违章09_t103.0_629_off.jpg,违章09,103.0,3059,846,311,854,322,impostor_outside,off,0
违章09/违章09_t100.9_630_off.jpg,违章09,100.87,2996,103,342,115,353,impostor_outside,stand,1
违章09/违章09_t105.6_631_off.jpg,违章09,105.59,3136,39,499,76,532,impostor_outside,off,0
违章09/违章09_t6.1_632_off.jpg,违章09,6.13,182,575,456,640,506,impostor_outside,off,0
违章09/违章09_t104.4_633_off.jpg,违章09,104.41,3101,167,115,185,134,impostor_outside,off,0
违章09/违章09_t87.4_634_off.jpg,违章09,87.44,2597,564,623,573,636,impostor_outside,off,0
违章09/违章09_t94.5_635_off.jpg,违章09,94.51,2807,1442,139,1454,159,impostor_outside,off,0
违章09/违章09_t103.9_636_off.jpg,违章09,103.94,3087,87,98,96,110,impostor_outside,off,0
违章09/违章09_t100.6_637_off.jpg,违章09,100.64,2989,1350,167,1365,175,impostor_outside,off,0
违章09/违章09_t101.8_638_off.jpg,违章09,101.82,3024,992,275,1001,293,impostor_outside,off,0
违章09/违章09_t5.4_639_off.jpg,违章09,5.42,161,757,751,838,777,impostor_outside,off,0
违章09/违章09_t8.2_640_off.jpg,违章09,8.25,245,1180,319,1203,354,impostor_outside,walk,1
违章09/违章09_t75.7_641_off.jpg,违章09,75.66,2247,1596,68,1607,76,impostor_outside,off,0
违章09/违章09_t91.2_642_off.jpg,违章09,91.21,2709,1353,139,1362,148,impostor_outside,off,0
违章09/违章09_t83.9_643_off.jpg,违章09,83.9,2492,1829,70,1839,78,impostor_outside,off,0
违章09/违章09_t100.2_644_off.jpg,违章09,100.17,2975,1892,110,1902,119,impostor_outside,off,0
违章09/违章09_t78.5_645_off.jpg,违章09,78.48,2331,997,211,1005,224,impostor_outside,off,0
违章09/违章09_t96.4_646_off.jpg,违章09,96.4,2863,807,295,819,304,impostor_outside,stand,1
违章09/违章09_t101.1_647_off.jpg,违章09,101.11,3003,1311,162,1319,170,impostor_outside,off,0
违章09/违章09_t101.3_648_off.jpg,违章09,101.35,3010,1415,401,1435,416,impostor_outside,off,0
违章09/违章09_t104.2_649_off.jpg,违章09,104.17,3094,549,153,558,161,impostor_outside,off,0
违章09/违章09_t8.0_650_off.jpg,违章09,8.01,238,1179,318,1201,353,impostor_outside,walk,1
违章09/违章09_t105.6_651_off.jpg,违章09,105.59,3136,181,171,202,188,impostor_outside,off,0
违章09/违章09_t104.7_652_off.jpg,违章09,104.65,3108,268,150,278,160,impostor_outside,off,0
违章09/违章09_t103.0_653_off.jpg,违章09,103.0,3059,322,719,416,761,impostor_outside,off,0
违章09/违章09_t100.6_654_off.jpg,违章09,100.64,2989,1731,163,1748,175,impostor_outside,off,0
违章09/违章09_t8.5_655_off.jpg,违章09,8.48,252,1182,319,1204,354,impostor_outside,walk,1
违章09/违章09_t102.0_656_off.jpg,违章09,102.05,3031,694,79,705,89,impostor_outside,off,0
违章09/违章09_t101.8_657_off.jpg,违章09,101.82,3024,1382,253,1393,265,impostor_outside,off,0
违章09/违章09_t101.1_658_off.jpg,违章09,101.11,3003,1671,442,1681,452,impostor_outside,off,0
违章09/违章09_t11.1_659_walk.jpg,违章09,11.08,329,308,308,468,468,prior_roi,walk,0
违章09/违章09_t11.3_660_walk.jpg,违章09,11.31,336,316,288,476,448,prior_roi,walk,0
违章09/违章09_t11.6_661_walk.jpg,违章09,11.55,343,308,301,468,461,prior_roi,walk,0
违章09/违章09_t11.8_662_walk.jpg,违章09,11.78,350,299,294,459,454,prior_roi,walk,0
违章09/违章09_t12.0_663_walk.jpg,违章09,12.02,357,300,287,460,447,prior_roi,walk,0
违章09/违章09_t12.3_664_walk.jpg,违章09,12.26,364,303,304,463,464,prior_roi,walk,0
违章09/违章09_t12.5_665_walk.jpg,违章09,12.49,371,301,304,461,464,prior_roi,walk,0
违章09/违章09_t12.7_666_walk.jpg,违章09,12.73,378,300,293,460,453,prior_roi,walk,0
违章09/违章09_t13.0_667_walk.jpg,违章09,12.96,385,314,295,474,455,prior_roi,walk,0
违章09/违章09_t13.2_668_walk.jpg,违章09,13.2,392,302,302,462,462,prior_roi,walk,0
违章09/违章09_t13.4_669_walk.jpg,违章09,13.43,399,301,294,461,454,prior_roi,walk,0
违章09/违章09_t13.7_670_walk.jpg,违章09,13.67,406,304,301,464,461,prior_roi,walk,0
违章09/违章09_t13.9_671_walk.jpg,违章09,13.91,413,295,308,455,468,prior_roi,walk,0
违章09/违章09_t14.1_672_walk.jpg,违章09,14.14,420,294,299,454,459,prior_roi,walk,0
违章09/违章09_t14.4_673_walk.jpg,违章09,14.38,427,298,306,458,466,prior_roi,walk,0
违章09/违章09_t14.6_674_walk.jpg,违章09,14.61,434,297,307,457,467,prior_roi,walk,0
违章09/违章09_t15.1_676_walk.jpg,违章09,15.08,448,300,297,460,457,prior_roi,walk,0
违章09/违章09_t15.6_678_walk.jpg,违章09,15.56,462,306,306,466,466,prior_roi,walk,0
违章09/违章09_t16.7_683_walk.jpg,违章09,16.73,497,306,296,466,456,prior_roi,walk,0
违章09/违章09_t17.0_684_walk.jpg,违章09,16.97,504,295,309,455,469,prior_roi,walk,0
违章09/违章09_t17.2_685_walk.jpg,违章09,17.21,511,298,305,458,465,prior_roi,walk,0
违章09/违章09_t17.4_686_walk.jpg,违章09,17.44,518,307,295,467,455,prior_roi,walk,0
违章09/违章09_t17.9_688_walk.jpg,违章09,17.91,532,295,286,455,446,prior_roi,walk,0
违章09/违章09_t18.1_689_walk.jpg,违章09,18.15,539,293,288,453,448,prior_roi,walk,0
违章09/违章09_t18.4_690_walk.jpg,违章09,18.38,546,313,308,473,468,prior_roi,walk,0
违章09/违章09_t18.6_691_walk.jpg,违章09,18.62,553,314,293,474,453,prior_roi,walk,0
违章09/违章09_t18.9_692_walk.jpg,违章09,18.85,560,309,299,469,459,prior_roi,walk,0
违章09/违章09_t19.1_693_walk.jpg,违章09,19.09,567,312,296,472,456,prior_roi,walk,0
违章09/违章09_t19.3_694_walk.jpg,违章09,19.33,574,308,289,468,449,prior_roi,walk,0
违章09/违章09_t19.6_695_walk.jpg,违章09,19.56,581,294,301,454,461,prior_roi,walk,0
违章09/违章09_t19.8_696_walk.jpg,违章09,19.8,588,301,309,461,469,prior_roi,walk,0
违章09/违章09_t20.0_697_walk.jpg,违章09,20.03,595,307,300,467,460,prior_roi,walk,0
违章09/违章09_t20.3_698_walk.jpg,违章09,20.27,602,293,295,453,455,prior_roi,walk,0
违章09/违章09_t20.5_699_walk.jpg,违章09,20.5,609,309,306,469,466,prior_roi,walk,0
违章09/违章09_t20.7_700_walk.jpg,违章09,20.74,616,309,301,469,461,prior_roi,walk,0
违章09/违章09_t21.0_701_walk.jpg,违章09,20.98,623,303,305,463,465,prior_roi,walk,0
违章09/违章09_t21.2_702_walk.jpg,违章09,21.21,630,307,290,467,450,prior_roi,walk,0
违章09/违章09_t21.4_703_walk.jpg,违章09,21.45,637,313,303,473,463,prior_roi,walk,0
违章09/违章09_t21.7_704_walk.jpg,违章09,21.68,644,299,306,459,466,prior_roi,walk,0
违章09/违章09_t21.9_705_walk.jpg,违章09,21.92,651,293,300,453,460,prior_roi,walk,0
违章09/违章09_t22.1_706_walk.jpg,违章09,22.15,658,310,293,470,453,prior_roi,walk,0
违章09/违章09_t22.4_707_walk.jpg,违章09,22.39,665,299,304,459,464,prior_roi,walk,0
违章09/违章09_t22.6_708_walk.jpg,违章09,22.63,672,299,307,459,467,prior_roi,walk,0
违章09/违章09_t22.9_709_walk.jpg,违章09,22.86,679,293,295,453,455,prior_roi,walk,0
违章09/违章09_t23.1_710_walk.jpg,违章09,23.1,686,295,298,455,458,prior_roi,walk,0
违章09/违章09_t23.3_711_walk.jpg,违章09,23.33,693,302,299,462,459,prior_roi,walk,0
违章09/违章09_t23.6_712_walk.jpg,违章09,23.57,700,303,290,463,450,prior_roi,walk,0
违章09/违章09_t23.8_713_walk.jpg,违章09,23.8,707,310,298,470,458,prior_roi,walk,0
违章09/违章09_t24.0_714_walk.jpg,违章09,24.04,714,306,290,466,450,prior_roi,walk,0
违章09/违章09_t24.3_715_walk.jpg,违章09,24.28,721,305,291,465,451,prior_roi,walk,0
违章09/违章09_t24.5_716_walk.jpg,违章09,24.51,728,299,287,459,447,prior_roi,walk,0
违章09/违章09_t24.8_717_walk.jpg,违章09,24.75,735,303,300,463,460,prior_roi,walk,0
违章09/违章09_t25.0_718_walk.jpg,违章09,24.98,742,313,300,473,460,prior_roi,walk,0
违章09/违章09_t25.2_719_walk.jpg,违章09,25.22,749,295,307,455,467,prior_roi,walk,0
违章09/违章09_t25.4_720_walk.jpg,违章09,25.45,756,302,294,462,454,prior_roi,walk,0
违章09/违章09_t25.7_721_walk.jpg,违章09,25.69,763,311,290,471,450,prior_roi,walk,0
违章09/违章09_t25.9_722_walk.jpg,违章09,25.93,770,315,308,475,468,prior_roi,walk,0
违章09/违章09_t26.2_723_walk.jpg,违章09,26.16,777,301,287,461,447,prior_roi,walk,0
违章09/违章09_t26.4_724_walk.jpg,违章09,26.4,784,298,302,458,462,prior_roi,walk,0
违章09/违章09_t26.6_725_walk.jpg,违章09,26.63,791,301,294,461,454,prior_roi,walk,0
违章09/违章09_t26.9_726_walk.jpg,违章09,26.87,798,299,288,459,448,prior_roi,walk,0
违章09/违章09_t27.1_727_walk.jpg,违章09,27.1,805,306,289,466,449,prior_roi,walk,0
违章09/违章09_t27.3_728_walk.jpg,违章09,27.34,812,309,301,469,461,prior_roi,walk,0
违章09/违章09_t27.6_729_walk.jpg,违章09,27.58,819,315,296,475,456,prior_roi,walk,0
违章09/违章09_t27.8_730_walk.jpg,违章09,27.81,826,297,295,457,455,prior_roi,walk,0
违章09/违章09_t28.1_731_walk.jpg,违章09,28.05,833,308,289,468,449,prior_roi,walk,0
违章09/违章09_t28.3_732_walk.jpg,违章09,28.28,840,292,292,452,452,prior_roi,walk,0
违章09/违章09_t28.5_733_walk.jpg,违章09,28.52,847,299,297,459,457,prior_roi,walk,0
违章09/违章09_t28.8_734_walk.jpg,违章09,28.75,854,309,291,469,451,prior_roi,walk,0
违章09/违章09_t29.0_735_walk.jpg,违章09,28.99,861,303,296,463,456,prior_roi,walk,0
违章09/违章09_t29.2_736_walk.jpg,违章09,29.23,868,299,295,459,455,prior_roi,walk,0
违章09/违章09_t29.5_737_walk.jpg,违章09,29.46,875,298,306,458,466,prior_roi,walk,0
违章09/违章09_t29.7_738_walk.jpg,违章09,29.7,882,308,310,468,470,prior_roi,walk,0
违章09/违章09_t29.9_739_walk.jpg,违章09,29.93,889,293,307,453,467,prior_roi,walk,0
违章09/违章09_t30.2_740_walk.jpg,违章09,30.17,896,304,294,464,454,prior_roi,walk,0
违章09/违章09_t30.4_741_walk.jpg,违章09,30.4,903,301,298,461,458,prior_roi,walk,0
违章09/违章09_t30.6_742_walk.jpg,违章09,30.64,910,300,288,460,448,prior_roi,walk,0
违章09/违章09_t30.9_743_walk.jpg,违章09,30.88,917,312,287,472,447,prior_roi,walk,0
违章09/违章09_t31.1_744_walk.jpg,违章09,31.11,924,292,304,452,464,prior_roi,walk,0
违章09/违章09_t31.4_745_walk.jpg,违章09,31.35,931,296,293,456,453,prior_roi,walk,0
违章09/违章09_t31.6_746_walk.jpg,违章09,31.58,938,309,286,469,446,prior_roi,walk,0
违章09/违章09_t31.8_747_walk.jpg,违章09,31.82,945,309,309,469,469,prior_roi,walk,0
违章09/违章09_t32.0_748_walk.jpg,违章09,32.05,952,296,304,456,464,prior_roi,walk,0
违章09/违章09_t32.3_749_walk.jpg,违章09,32.29,959,311,295,471,455,prior_roi,walk,0
违章09/违章09_t32.5_750_walk.jpg,违章09,32.52,966,313,291,473,451,prior_roi,walk,0
违章09/违章09_t32.8_751_walk.jpg,违章09,32.76,973,297,304,457,464,prior_roi,walk,0
违章09/违章09_t33.0_752_walk.jpg,违章09,33.0,980,307,287,467,447,prior_roi,walk,0
违章09/违章09_t33.2_753_walk.jpg,违章09,33.23,987,312,301,472,461,prior_roi,walk,0
违章09/违章09_t33.5_754_walk.jpg,违章09,33.47,994,311,295,471,455,prior_roi,walk,0
违章09/违章09_t33.7_755_walk.jpg,违章09,33.7,1001,309,293,469,453,prior_roi,walk,0
违章09/违章09_t33.9_756_walk.jpg,违章09,33.94,1008,313,308,473,468,prior_roi,walk,0
违章09/违章09_t34.2_757_walk.jpg,违章09,34.17,1015,313,297,473,457,prior_roi,walk,0
违章09/违章09_t34.4_758_walk.jpg,违章09,34.41,1022,295,292,455,452,prior_roi,walk,0
违章09/违章09_t34.6_759_walk.jpg,违章09,34.65,1029,299,290,459,450,prior_roi,walk,0
违章09/违章09_t34.9_760_walk.jpg,违章09,34.88,1036,296,294,456,454,prior_roi,walk,0
违章09/违章09_t35.1_761_walk.jpg,违章09,35.12,1043,308,301,468,461,prior_roi,walk,0
违章09/违章09_t35.4_762_walk.jpg,违章09,35.35,1050,301,300,461,460,prior_roi,walk,0
违章09/违章09_t35.6_763_walk.jpg,违章09,35.59,1057,301,292,461,452,prior_roi,walk,0
违章09/违章09_t35.8_764_walk.jpg,违章09,35.82,1064,302,292,462,452,prior_roi,walk,0
违章09/违章09_t36.1_765_walk.jpg,违章09,36.06,1071,296,300,456,460,prior_roi,walk,0
违章09/违章09_t36.3_766_walk.jpg,违章09,36.3,1078,307,291,467,451,prior_roi,walk,0
违章09/违章09_t36.5_767_walk.jpg,违章09,36.53,1085,308,293,468,453,prior_roi,walk,0
违章09/违章09_t36.8_768_walk.jpg,违章09,36.77,1092,316,299,476,459,prior_roi,walk,0
违章09/违章09_t37.0_769_walk.jpg,违章09,37.0,1099,304,294,464,454,prior_roi,walk,0
违章09/违章09_t37.2_770_walk.jpg,违章09,37.24,1106,298,297,458,457,prior_roi,walk,0
违章09/违章09_t37.5_771_walk.jpg,违章09,37.47,1113,312,295,472,455,prior_roi,walk,0
违章09/违章09_t37.7_772_walk.jpg,违章09,37.71,1120,306,307,466,467,prior_roi,walk,0
违章09/违章09_t38.0_773_walk.jpg,违章09,37.95,1127,296,308,456,468,prior_roi,walk,0
违章09/违章09_t38.2_774_walk.jpg,违章09,38.18,1134,305,298,465,458,prior_roi,walk,0
违章09/违章09_t38.4_775_walk.jpg,违章09,38.42,1141,306,299,466,459,prior_roi,walk,0
违章09/违章09_t38.6_776_walk.jpg,违章09,38.65,1148,315,292,475,452,prior_roi,walk,0
违章09/违章09_t38.9_777_walk.jpg,违章09,38.89,1155,311,287,471,447,prior_roi,walk,0
违章09/违章09_t39.1_778_walk.jpg,违章09,39.12,1162,300,304,460,464,prior_roi,walk,0
违章09/违章09_t40.5_784_walk.jpg,违章09,40.54,1204,297,286,457,446,prior_roi,walk,0
违章09/违章09_t41.0_786_walk.jpg,违章09,41.01,1218,300,291,460,451,prior_roi,walk,0
违章09/违章09_t41.2_787_walk.jpg,违章09,41.25,1225,294,287,454,447,prior_roi,walk,0
违章09/违章09_t41.5_788_walk.jpg,违章09,41.48,1232,300,296,460,456,prior_roi,walk,0
违章09/违章09_t41.7_789_walk.jpg,违章09,41.72,1239,292,308,452,468,prior_roi,walk,0
违章09/违章09_t42.0_790_walk.jpg,违章09,41.95,1246,301,298,461,458,prior_roi,walk,0
违章09/违章09_t42.2_791_walk.jpg,违章09,42.19,1253,295,298,455,458,prior_roi,walk,0
违章09/违章09_t42.4_792_walk.jpg,违章09,42.42,1260,305,309,465,469,prior_roi,walk,0
违章09/违章09_t42.7_793_walk.jpg,违章09,42.66,1267,302,310,462,470,prior_roi,walk,0
违章09/违章09_t42.9_794_walk.jpg,违章09,42.9,1274,298,308,458,468,prior_roi,walk,0
违章09/违章09_t43.1_795_walk.jpg,违章09,43.13,1281,299,291,459,451,prior_roi,walk,0
违章09/违章09_t43.4_796_walk.jpg,违章09,43.37,1288,311,300,471,460,prior_roi,walk,0
违章09/违章09_t43.6_797_walk.jpg,违章09,43.6,1295,304,296,464,456,prior_roi,walk,0
违章09/违章09_t43.8_798_walk.jpg,违章09,43.84,1302,306,303,466,463,prior_roi,walk,0
违章09/违章09_t44.1_799_walk.jpg,违章09,44.07,1309,315,290,475,450,prior_roi,walk,0
违章09/违章09_t44.3_800_walk.jpg,违章09,44.31,1316,310,289,470,449,prior_roi,walk,0
违章09/违章09_t44.5_801_walk.jpg,违章09,44.54,1323,315,310,475,470,prior_roi,walk,0
违章09/违章09_t44.8_802_walk.jpg,违章09,44.78,1330,301,300,461,460,prior_roi,walk,0
违章09/违章09_t45.0_803_walk.jpg,违章09,45.02,1337,311,289,471,449,prior_roi,walk,0
违章09/违章09_t45.2_804_walk.jpg,违章09,45.25,1344,296,295,456,455,prior_roi,walk,0
违章09/违章09_t45.5_805_walk.jpg,违章09,45.49,1351,309,293,469,453,prior_roi,walk,0
违章09/违章09_t45.7_806_walk.jpg,违章09,45.72,1358,312,302,472,462,prior_roi,walk,0
违章09/违章09_t46.0_807_walk.jpg,违章09,45.96,1365,302,310,462,470,prior_roi,walk,0
违章09/违章09_t46.2_808_walk.jpg,违章09,46.19,1372,313,299,473,459,prior_roi,walk,0
违章09/违章09_t46.4_809_walk.jpg,违章09,46.43,1379,310,296,470,456,prior_roi,walk,0
违章09/违章09_t46.7_810_walk.jpg,违章09,46.67,1386,316,288,476,448,prior_roi,walk,0
违章09/违章09_t46.9_811_walk.jpg,违章09,46.9,1393,303,301,463,461,prior_roi,walk,0
违章09/违章09_t47.1_812_walk.jpg,违章09,47.14,1400,292,289,452,449,prior_roi,walk,0
违章09/违章09_t47.4_813_walk.jpg,违章09,47.37,1407,296,290,456,450,prior_roi,walk,0
违章09/违章09_t47.6_814_walk.jpg,违章09,47.61,1414,313,294,473,454,prior_roi,walk,0
违章09/违章09_t47.8_815_walk.jpg,违章09,47.84,1421,300,290,460,450,prior_roi,walk,0
违章09/违章09_t48.1_816_walk.jpg,违章09,48.08,1428,299,291,459,451,prior_roi,walk,0
违章09/违章09_t48.3_817_walk.jpg,违章09,48.32,1435,303,296,463,456,prior_roi,walk,0
违章09/违章09_t48.5_818_walk.jpg,违章09,48.55,1442,313,302,473,462,prior_roi,walk,0
违章09/违章09_t48.8_819_walk.jpg,违章09,48.79,1449,299,310,459,470,prior_roi,walk,0
违章09/违章09_t49.0_820_walk.jpg,违章09,49.02,1456,299,304,459,464,prior_roi,walk,0
违章09/违章09_t49.3_821_walk.jpg,违章09,49.26,1463,293,302,453,462,prior_roi,walk,0
违章09/违章09_t49.5_822_walk.jpg,违章09,49.49,1470,313,292,473,452,prior_roi,walk,0
违章09/违章09_t49.7_823_walk.jpg,违章09,49.73,1477,309,301,469,461,prior_roi,walk,0
违章09/违章09_t50.0_824_walk.jpg,违章09,49.97,1484,303,291,463,451,prior_roi,walk,0
违章09/违章09_t50.2_825_walk.jpg,违章09,50.2,1491,304,301,464,461,prior_roi,walk,0
违章09/违章09_t50.4_826_walk.jpg,违章09,50.44,1498,307,292,467,452,prior_roi,walk,0
违章09/违章09_t50.7_827_walk.jpg,违章09,50.67,1505,306,303,466,463,prior_roi,walk,0
违章09/违章09_t50.9_828_walk.jpg,违章09,50.91,1512,304,308,464,468,prior_roi,walk,0
违章09/违章09_t51.1_829_walk.jpg,违章09,51.14,1519,301,293,461,453,prior_roi,walk,0
违章09/违章09_t51.4_830_walk.jpg,违章09,51.38,1526,295,302,455,462,prior_roi,walk,0
违章09/违章09_t51.6_831_walk.jpg,违章09,51.62,1533,315,300,475,460,prior_roi,walk,0
违章09/违章09_t51.9_832_walk.jpg,违章09,51.85,1540,305,305,465,465,prior_roi,walk,0
违章10/违章10_t0.7_3_stand.jpg,违章10,0.71,21,688,100,848,260,prior_roi,stand,0
违章10/违章10_t0.9_4_stand.jpg,违章10,0.94,28,688,100,848,260,prior_roi,stand,0
违章10/违章10_t1.2_5_stand.jpg,违章10,1.18,35,688,100,848,260,prior_roi,stand,0
违章10/违章10_t1.4_6_stand.jpg,违章10,1.41,42,688,100,848,260,prior_roi,stand,0
违章10/违章10_t1.6_7_stand.jpg,违章10,1.65,49,688,100,848,260,prior_roi,stand,0
违章10/违章10_t1.9_8_stand.jpg,违章10,1.89,56,688,100,848,260,prior_roi,stand,0
违章10/违章10_t2.1_9_stand.jpg,违章10,2.12,63,688,100,848,260,prior_roi,stand,0
违章10/违章10_t2.4_10_stand.jpg,违章10,2.36,70,688,100,848,260,prior_roi,stand,0
违章10/违章10_t2.6_11_stand.jpg,违章10,2.59,77,688,100,848,260,prior_roi,stand,0
违章10/违章10_t2.8_12_stand.jpg,违章10,2.83,84,688,100,848,260,prior_roi,stand,0
违章10/违章10_t3.1_13_stand.jpg,违章10,3.06,91,688,100,848,260,prior_roi,stand,0
违章10/违章10_t3.1_14_off.jpg,违章10,3.06,91,367,266,527,426,prior_off,off,0
违章10/违章10_t3.3_15_stand.jpg,违章10,3.3,98,688,100,848,260,prior_roi,stand,0
违章10/违章10_t3.5_16_stand.jpg,违章10,3.54,105,688,100,848,260,prior_roi,stand,0
违章10/违章10_t3.8_17_stand.jpg,违章10,3.77,112,688,100,848,260,prior_roi,stand,0
违章10/违章10_t3.8_18_off.jpg,违章10,3.77,112,688,100,848,260,impostor,off,0
违章10/违章10_t4.0_19_stand.jpg,违章10,4.01,119,688,100,848,260,prior_roi,stand,0
违章10/违章10_t4.7_23_off.jpg,违章10,4.71,140,688,100,848,260,impostor,off,0
违章10/违章10_t6.4_30_stand.jpg,违章10,6.36,189,688,100,848,260,prior_roi,stand,0
违章10/违章10_t6.6_31_stand.jpg,违章10,6.6,196,688,100,848,260,prior_roi,stand,0
违章10/违章10_t6.6_32_off.jpg,违章10,6.6,196,601,184,761,344,prior_off,off,0
违章10/违章10_t6.8_33_stand.jpg,违章10,6.83,203,688,100,848,260,prior_roi,stand,0
违章10/违章10_t7.1_34_stand.jpg,违章10,7.07,210,688,100,848,260,prior_roi,stand,0
违章10/违章10_t7.1_35_off.jpg,违章10,7.07,210,636,393,796,553,prior_off,off,0
违章10/违章10_t7.3_36_stand.jpg,违章10,7.31,217,688,100,848,260,prior_roi,stand,0
违章10/违章10_t7.5_37_stand.jpg,违章10,7.54,224,688,100,848,260,prior_roi,stand,0
违章10/违章10_t7.8_38_stand.jpg,违章10,7.78,231,688,100,848,260,prior_roi,stand,0
违章10/违章10_t8.0_39_stand.jpg,违章10,8.01,238,688,100,848,260,prior_roi,stand,0
违章10/违章10_t8.2_40_stand.jpg,违章10,8.25,245,688,100,848,260,prior_roi,stand,0
违章10/违章10_t8.5_42_off.jpg,违章10,8.48,252,688,100,848,260,impostor,off,0
违章10/违章10_t8.7_44_off.jpg,违章10,8.72,259,688,100,848,260,impostor,off,0
违章10/违章10_t9.0_46_off.jpg,违章10,8.96,266,688,100,848,260,impostor,off,0
违章10/违章10_t9.2_48_off.jpg,违章10,9.19,273,688,100,848,260,impostor,off,0
违章10/违章10_t9.4_49_stand.jpg,违章10,9.43,280,688,100,848,260,prior_roi,stand,0
违章10/违章10_t9.7_51_off.jpg,违章10,9.66,287,688,100,848,260,impostor,off,0
违章10/违章10_t9.9_53_off.jpg,违章10,9.9,294,688,100,848,260,impostor,off,0
违章10/违章10_t10.1_55_off.jpg,违章10,10.13,301,688,100,848,260,impostor,off,0
违章10/违章10_t10.4_56_stand.jpg,违章10,10.37,308,688,100,848,260,prior_roi,stand,0
违章10/违章10_t10.6_57_stand.jpg,违章10,10.61,315,688,100,848,260,prior_roi,stand,0
违章10/违章10_t10.8_58_stand.jpg,违章10,10.84,322,688,100,848,260,prior_roi,stand,0
违章10/违章10_t11.1_59_stand.jpg,违章10,11.08,329,688,100,848,260,prior_roi,stand,0
违章10/违章10_t11.3_60_stand.jpg,违章10,11.31,336,688,100,848,260,prior_roi,stand,0
违章10/违章10_t11.6_61_stand.jpg,违章10,11.55,343,688,100,848,260,prior_roi,stand,0
违章10/违章10_t11.8_62_stand.jpg,违章10,11.78,350,688,100,848,260,prior_roi,stand,0
违章10/违章10_t12.0_63_stand.jpg,违章10,12.02,357,688,100,848,260,prior_roi,stand,0
违章10/违章10_t12.3_64_stand.jpg,违章10,12.26,364,688,100,848,260,prior_roi,stand,0
违章10/违章10_t12.5_65_stand.jpg,违章10,12.49,371,688,100,848,260,prior_roi,stand,0
违章10/违章10_t12.7_66_stand.jpg,违章10,12.73,378,688,100,848,260,prior_roi,stand,0
违章10/违章10_t13.0_67_stand.jpg,违章10,12.96,385,688,100,848,260,prior_roi,stand,0
违章10/违章10_t13.2_68_stand.jpg,违章10,13.2,392,688,100,848,260,prior_roi,stand,0
违章10/违章10_t13.4_69_stand.jpg,违章10,13.43,399,688,100,848,260,prior_roi,stand,0
违章10/违章10_t13.7_70_stand.jpg,违章10,13.67,406,688,100,848,260,prior_roi,stand,0
违章10/违章10_t13.9_71_stand.jpg,违章10,13.91,413,688,100,848,260,prior_roi,stand,0
违章10/违章10_t14.1_72_stand.jpg,违章10,14.14,420,688,100,848,260,prior_roi,stand,0
违章10/违章10_t14.1_73_off.jpg,违章10,14.14,420,688,100,848,260,impostor,off,0
违章10/违章10_t14.4_74_stand.jpg,违章10,14.38,427,688,100,848,260,prior_roi,stand,0
违章10/违章10_t14.4_75_off.jpg,违章10,14.38,427,688,100,848,260,impostor,off,0
违章10/违章10_t14.6_77_off.jpg,违章10,14.61,434,688,100,848,260,impostor,off,0
违章10/违章10_t14.8_78_stand.jpg,违章10,14.85,441,688,100,848,260,prior_roi,stand,0
违章10/违章10_t14.8_79_off.jpg,违章10,14.85,441,688,100,848,260,impostor,off,0
违章10/违章10_t15.1_81_off.jpg,违章10,15.08,448,688,100,848,260,impostor,off,0
违章10/违章10_t15.3_83_off.jpg,违章10,15.32,455,688,100,848,260,impostor,off,0
违章10/违章10_t14.4_84_off.jpg,违章10,14.38,427,658,297,711,336,impostor_outside,off,0
违章10/违章10_t7.3_85_off.jpg,违章10,7.31,217,540,179,573,198,impostor_outside,stand,1
违章10/违章10_t14.4_86_off.jpg,违章10,14.38,427,239,108,263,138,impostor_outside,off,0
违章10/违章10_t7.3_87_off.jpg,违章10,7.31,217,580,181,594,204,impostor_outside,stand,1
违章10/违章10_t6.6_88_off.jpg,违章10,6.6,196,586,175,600,205,impostor_outside,stand,1
违章10/违章10_t13.7_89_off.jpg,违章10,13.67,406,0,372,319,521,impostor_outside,off,0
违章10/违章10_t9.2_90_off.jpg,违章10,9.19,273,612,0,730,79,impostor_outside,off,0
违章10/违章10_t15.1_91_off.jpg,违章10,15.08,448,548,133,585,196,impostor_outside,off,0
违章10/违章10_t13.9_92_off.jpg,违章10,13.91,413,692,79,713,101,impostor_outside,stand,1
违章10/违章10_t4.2_93_off.jpg,违章10,4.24,126,900,208,976,298,impostor_outside,off,0
违章10/违章10_t13.7_94_off.jpg,违章10,13.67,406,131,356,316,443,impostor_outside,off,0
违章10/违章10_t0.9_95_off.jpg,违章10,0.94,28,556,205,588,247,impostor_outside,stand,1
违章10/违章10_t14.6_96_off.jpg,违章10,14.61,434,468,140,503,153,impostor_outside,off,0
违章10/违章10_t14.8_97_off.jpg,违章10,14.85,441,879,97,911,127,impostor_outside,stand,1
违章10/违章10_t8.7_98_off.jpg,违章10,8.72,259,328,16,352,48,impostor_outside,off,0
违章10/违章10_t3.5_99_off.jpg,违章10,3.54,105,227,202,300,308,impostor_outside,off,0
违章10/违章10_t7.1_100_off.jpg,违章10,7.07,210,541,179,574,198,impostor_outside,stand,1
违章10/违章10_t3.3_102_off.jpg,违章10,3.3,98,68,210,146,315,impostor_outside,off,0
违章10/违章10_t5.2_103_off.jpg,违章10,5.18,154,951,166,1080,234,impostor_outside,off,0
违章10/违章10_t11.3_104_off.jpg,违章10,11.31,336,537,155,560,175,impostor_outside,stand,1
违章10/违章10_t3.3_105_off.jpg,违章10,3.3,98,411,127,460,197,impostor_outside,off,0
违章10/违章10_t9.7_106_off.jpg,违章10,9.66,287,653,0,687,58,impostor_outside,off,0
违章10/违章10_t6.8_107_off.jpg,违章10,6.83,203,1237,375,1280,399,impostor_outside,off,0
违章10/违章10_t12.7_108_off.jpg,违章10,12.73,378,569,157,589,188,impostor_outside,stand,1
违章10/违章10_t1.6_109_off.jpg,违章10,1.65,49,908,261,933,275,impostor_outside,off,0
违章10/违章10_t9.2_110_off.jpg,违章10,9.19,273,1236,34,1250,48,impostor_outside,off,0
违章10/违章10_t14.4_111_off.jpg,违章10,14.38,427,89,159,108,175,impostor_outside,off,0
违章10/违章10_t9.2_112_off.jpg,违章10,9.19,273,0,15,32,42,impostor_outside,off,0
违章10/违章10_t14.6_114_off.jpg,违章10,14.61,434,416,200,430,208,impostor_outside,off,0
违章10/违章10_t13.9_115_off.jpg,违章10,13.91,413,383,324,431,375,impostor_outside,off,0
违章10/违章10_t8.5_116_off.jpg,违章10,8.48,252,18,16,32,48,impostor_outside,off,0
违章10/违章10_t13.4_117_off.jpg,违章10,13.43,399,165,80,187,117,impostor_outside,off,0
违章10/违章10_t14.4_118_off.jpg,违章10,14.38,427,275,113,283,126,impostor_outside,off,0
违章10/违章10_t5.2_119_off.jpg,违章10,5.18,154,688,253,715,289,impostor_outside,off,0
违章10/违章10_t9.4_120_off.jpg,违章10,9.43,280,424,0,432,19,impostor_outside,off,0
违章10/违章10_t14.8_121_off.jpg,违章10,14.85,441,1027,517,1042,526,impostor_outside,off,0
违章10/违章10_t11.8_122_off.jpg,违章10,11.78,350,574,152,592,182,impostor_outside,stand,1
违章10/违章10_t15.3_123_off.jpg,违章10,15.32,455,912,32,926,62,impostor_outside,stand,1
违章10/违章10_t12.0_124_off.jpg,违章10,12.02,357,533,143,571,176,impostor_outside,stand,1
违章10/违章10_t5.0_125_off.jpg,违章10,4.95,147,0,160,94,289,impostor_outside,off,0
违章10/违章10_t0.9_126_off.jpg,违章10,0.94,28,753,407,788,469,impostor_outside,off,0
违章10/违章10_t6.1_127_off.jpg,违章10,6.13,182,557,168,578,201,impostor_outside,stand,1
违章10/违章10_t13.4_128_off.jpg,违章10,13.43,399,148,97,158,116,impostor_outside,off,0
违章10/违章10_t8.5_129_off.jpg,违章10,8.48,252,451,48,463,70,impostor_outside,off,0
违章10/违章10_t3.3_130_off.jpg,违章10,3.3,98,588,230,607,243,impostor_outside,stand,1
违章10/违章10_t4.7_131_off.jpg,违章10,4.71,140,190,226,256,299,impostor_outside,off,0
违章10/违章10_t5.0_132_off.jpg,违章10,4.95,147,446,225,513,296,impostor_outside,off,0
违章10/违章10_t13.4_133_off.jpg,违章10,13.43,399,0,341,61,367,impostor_outside,off,0
违章10/违章10_t14.1_134_off.jpg,违章10,14.14,420,928,353,982,408,impostor_outside,off,0
违章10/违章10_t13.2_135_off.jpg,违章10,13.2,392,41,69,60,113,impostor_outside,off,0
违章10/违章10_t4.0_136_off.jpg,违章10,4.01,119,1184,21,1212,55,impostor_outside,off,0
违章10/违章10_t14.4_137_off.jpg,违章10,14.38,427,212,154,302,208,impostor_outside,off,0
违章10/违章10_t1.9_138_off.jpg,违章10,1.89,56,1006,204,1016,216,impostor_outside,off,1
违章10/违章10_t5.4_139_off.jpg,违章10,5.42,161,95,156,137,210,impostor_outside,off,0
违章10/违章10_t2.6_140_off.jpg,违章10,2.59,77,63,149,136,218,impostor_outside,off,0
违章10/违章10_t13.0_141_off.jpg,违章10,12.96,385,565,157,588,189,impostor_outside,stand,1
违章10/违章10_t13.4_142_off.jpg,违章10,13.43,399,728,281,777,307,impostor_outside,off,0
违章10/违章10_t3.1_143_off.jpg,违章10,3.06,91,282,135,341,205,impostor_outside,off,0
违章10/违章10_t2.1_144_off.jpg,违章10,2.12,63,590,222,609,253,impostor_outside,stand,1
违章10/违章10_t1.6_145_off.jpg,违章10,1.65,49,554,210,588,247,impostor_outside,stand,1
违章10/违章10_t14.6_146_off.jpg,违章10,14.61,434,564,519,632,545,impostor_outside,off,0
违章10/违章10_t5.4_147_off.jpg,违章10,5.42,161,94,206,189,274,impostor_outside,off,0
违章10/违章10_t3.5_148_off.jpg,违章10,3.54,105,663,343,711,389,impostor_outside,off,0
违章10/违章10_t4.7_149_off.jpg,违章10,4.71,140,0,208,47,249,impostor_outside,off,0
违章10/违章10_t7.3_150_off.jpg,违章10,7.31,217,0,440,9,456,impostor_outside,off,0
违章10/违章10_t8.7_151_off.jpg,违章10,8.72,259,112,0,127,16,impostor_outside,off,0
违章10/违章10_t14.6_152_off.jpg,违章10,14.61,434,517,123,528,135,impostor_outside,off,0
违章10/违章10_t11.8_153_off.jpg,违章10,11.78,350,536,143,568,175,impostor_outside,stand,1
违章10/违章10_t2.4_154_off.jpg,违章10,2.36,70,548,209,581,246,impostor_outside,stand,1
违章10/违章10_t7.8_155_off.jpg,违章10,7.78,231,409,240,433,263,impostor_outside,off,0
违章10/违章10_t2.4_156_off.jpg,违章10,2.36,70,16,251,56,303,impostor_outside,off,0
违章10/违章10_t14.6_157_off.jpg,违章10,14.61,434,382,168,432,196,impostor_outside,off,0
违章11/违章11_t0.0_0_stand.jpg,违章11,0.0,0,560,244,720,404,prior_roi,stand,0
违章11/违章11_t0.3_1_stand.jpg,违章11,0.27,8,560,244,720,404,prior_roi,stand,0
违章11/违章11_t0.5_2_stand.jpg,违章11,0.53,16,560,244,720,404,prior_roi,stand,0
违章11/违章11_t0.8_3_stand.jpg,违章11,0.8,24,560,244,720,404,prior_roi,stand,0
违章11/违章11_t1.1_4_stand.jpg,违章11,1.07,32,560,244,720,404,prior_roi,stand,0
违章11/违章11_t1.3_5_stand.jpg,违章11,1.33,40,560,244,720,404,prior_roi,stand,0
违章11/违章11_t1.6_6_stand.jpg,违章11,1.6,48,560,244,720,404,prior_roi,stand,0
违章11/违章11_t1.6_7_off.jpg,违章11,1.6,48,560,244,720,404,impostor,stand,1
违章11/违章11_t1.6_8_off.jpg,违章11,1.6,48,51,357,211,517,prior_off,off,0
违章11/违章11_t1.9_9_stand.jpg,违章11,1.87,56,560,244,720,404,prior_roi,stand,0
违章11/违章11_t1.9_10_off.jpg,违章11,1.87,56,560,244,720,404,impostor,stand,1
违章11/违章11_t2.1_11_stand.jpg,违章11,2.13,64,560,244,720,404,prior_roi,stand,0
违章11/违章11_t2.4_12_stand.jpg,违章11,2.4,72,560,244,720,404,prior_roi,stand,0
违章11/违章11_t2.7_13_stand.jpg,违章11,2.67,80,560,244,720,404,prior_roi,stand,0
违章11/违章11_t2.9_14_stand.jpg,违章11,2.93,88,560,244,720,404,prior_roi,stand,0
违章11/违章11_t3.2_15_stand.jpg,违章11,3.2,96,560,244,720,404,prior_roi,stand,0
违章11/违章11_t3.5_16_stand.jpg,违章11,3.47,104,560,244,720,404,prior_roi,stand,0
违章11/违章11_t3.7_17_stand.jpg,违章11,3.73,112,560,244,720,404,prior_roi,stand,0
违章11/违章11_t4.0_18_stand.jpg,违章11,4.0,120,560,244,720,404,prior_roi,stand,0
违章11/违章11_t4.3_19_stand.jpg,违章11,4.27,128,560,244,720,404,prior_roi,stand,0
违章11/违章11_t4.5_20_stand.jpg,违章11,4.53,136,560,244,720,404,prior_roi,stand,0
违章11/违章11_t4.8_21_stand.jpg,违章11,4.8,144,560,244,720,404,prior_roi,stand,0
违章11/违章11_t5.1_22_stand.jpg,违章11,5.07,152,560,244,720,404,prior_roi,stand,0
违章11/违章11_t5.3_23_stand.jpg,违章11,5.33,160,560,244,720,404,prior_roi,stand,0
违章11/违章11_t5.6_24_stand.jpg,违章11,5.6,168,560,244,720,404,prior_roi,stand,0
违章11/违章11_t5.9_25_stand.jpg,违章11,5.87,176,560,244,720,404,prior_roi,stand,0
违章11/违章11_t6.1_26_stand.jpg,违章11,6.13,184,560,244,720,404,prior_roi,stand,0
违章11/违章11_t6.4_27_stand.jpg,违章11,6.4,192,560,244,720,404,prior_roi,stand,0
违章11/违章11_t6.7_28_stand.jpg,违章11,6.67,200,560,244,720,404,prior_roi,stand,0
违章11/违章11_t6.9_29_stand.jpg,违章11,6.93,208,560,244,720,404,prior_roi,stand,0
违章11/违章11_t7.2_30_stand.jpg,违章11,7.2,216,560,244,720,404,prior_roi,stand,0
违章11/违章11_t7.5_31_stand.jpg,违章11,7.47,224,560,244,720,404,prior_roi,stand,0
违章11/违章11_t7.7_32_stand.jpg,违章11,7.73,232,560,244,720,404,prior_roi,stand,0
违章11/违章11_t8.0_33_stand.jpg,违章11,8.0,240,560,244,720,404,prior_roi,stand,0
违章11/违章11_t8.3_34_stand.jpg,违章11,8.27,248,560,244,720,404,prior_roi,stand,0
违章11/违章11_t8.5_35_stand.jpg,违章11,8.53,256,560,244,720,404,prior_roi,stand,0
违章11/违章11_t8.8_36_stand.jpg,违章11,8.8,264,560,244,720,404,prior_roi,stand,0
违章11/违章11_t9.1_37_stand.jpg,违章11,9.07,272,560,244,720,404,prior_roi,stand,0
违章11/违章11_t9.3_38_stand.jpg,违章11,9.33,280,560,244,720,404,prior_roi,stand,0
违章11/违章11_t9.6_39_stand.jpg,违章11,9.6,288,560,244,720,404,prior_roi,stand,0
违章11/违章11_t9.9_40_stand.jpg,违章11,9.87,296,560,244,720,404,prior_roi,stand,0
违章11/违章11_t10.1_41_stand.jpg,违章11,10.13,304,560,244,720,404,prior_roi,stand,0
违章11/违章11_t10.4_42_stand.jpg,违章11,10.4,312,560,244,720,404,prior_roi,stand,0
违章11/违章11_t10.7_43_stand.jpg,违章11,10.67,320,560,244,720,404,prior_roi,stand,0
违章11/违章11_t10.9_44_stand.jpg,违章11,10.93,328,560,244,720,404,prior_roi,stand,0
违章11/违章11_t11.2_45_stand.jpg,违章11,11.2,336,560,244,720,404,prior_roi,stand,0
违章11/违章11_t11.5_46_stand.jpg,违章11,11.47,344,560,244,720,404,prior_roi,stand,0
违章11/违章11_t11.7_47_stand.jpg,违章11,11.73,352,560,244,720,404,prior_roi,stand,0
违章11/违章11_t12.0_48_stand.jpg,违章11,12.0,360,560,244,720,404,prior_roi,stand,0
违章11/违章11_t12.3_49_stand.jpg,违章11,12.27,368,560,244,720,404,prior_roi,stand,0
违章11/违章11_t12.5_50_stand.jpg,违章11,12.53,376,560,244,720,404,prior_roi,stand,0
违章11/违章11_t12.5_51_off.jpg,违章11,12.53,376,560,244,720,404,impostor,off,0
违章11/违章11_t12.8_52_stand.jpg,违章11,12.8,384,560,244,720,404,prior_roi,stand,0
违章11/违章11_t13.1_53_stand.jpg,违章11,13.07,392,560,244,720,404,prior_roi,stand,0
违章11/违章11_t13.3_54_stand.jpg,违章11,13.33,400,560,244,720,404,prior_roi,stand,0
违章11/违章11_t13.3_55_off.jpg,违章11,13.33,400,560,244,720,404,impostor,off,0
违章11/违章11_t13.6_56_stand.jpg,违章11,13.6,408,560,244,720,404,prior_roi,stand,0
违章11/违章11_t13.9_57_stand.jpg,违章11,13.87,416,560,244,720,404,prior_roi,stand,0
违章11/违章11_t14.1_58_stand.jpg,违章11,14.13,424,560,244,720,404,prior_roi,stand,0
违章11/违章11_t14.4_59_stand.jpg,违章11,14.4,432,560,244,720,404,prior_roi,stand,0
违章11/违章11_t14.7_60_stand.jpg,违章11,14.67,440,560,244,720,404,prior_roi,stand,0
违章11/违章11_t14.9_61_stand.jpg,违章11,14.93,448,560,244,720,404,prior_roi,stand,0
违章11/违章11_t15.2_62_walk.jpg,违章11,15.2,456,560,244,720,404,prior_roi,walk,0
违章11/违章11_t15.5_63_walk.jpg,违章11,15.46,464,560,244,720,404,prior_roi,walk,0
违章11/违章11_t15.7_64_walk.jpg,违章11,15.73,472,560,244,720,404,prior_roi,walk,0
违章11/违章11_t16.0_65_walk.jpg,违章11,16.0,480,560,244,720,404,prior_roi,walk,0
违章11/违章11_t16.3_66_walk.jpg,违章11,16.26,488,560,244,720,404,prior_roi,walk,0
违章11/违章11_t16.5_67_walk.jpg,违章11,16.53,496,560,244,720,404,prior_roi,walk,0
违章11/违章11_t16.8_68_walk.jpg,违章11,16.8,504,560,244,720,404,prior_roi,walk,0
违章11/违章11_t16.8_69_off.jpg,违章11,16.8,504,141,148,301,308,prior_off,off,0
违章11/违章11_t17.1_70_walk.jpg,违章11,17.06,512,560,244,720,404,prior_roi,walk,0
违章11/违章11_t17.3_71_walk.jpg,违章11,17.33,520,560,244,720,404,prior_roi,walk,0
违章11/违章11_t17.6_72_walk.jpg,违章11,17.6,528,560,244,720,404,prior_roi,walk,0
违章11/违章11_t17.9_73_walk.jpg,违章11,17.86,536,560,244,720,404,prior_roi,walk,0
违章11/违章11_t18.1_74_walk.jpg,违章11,18.13,544,560,244,720,404,prior_roi,walk,0
违章11/违章11_t18.4_75_walk.jpg,违章11,18.4,552,560,244,720,404,prior_roi,walk,0
违章11/违章11_t18.7_76_walk.jpg,违章11,18.66,560,560,244,720,404,prior_roi,walk,0
违章11/违章11_t18.9_77_walk.jpg,违章11,18.93,568,560,244,720,404,prior_roi,walk,0
违章11/违章11_t19.2_78_walk.jpg,违章11,19.2,576,560,244,720,404,prior_roi,walk,0
违章11/违章11_t19.5_79_walk.jpg,违章11,19.46,584,560,244,720,404,prior_roi,walk,0
违章11/违章11_t19.7_80_walk.jpg,违章11,19.73,592,560,244,720,404,prior_roi,walk,0
违章11/违章11_t20.0_81_walk.jpg,违章11,20.0,600,560,244,720,404,prior_roi,walk,0
违章11/违章11_t20.3_82_walk.jpg,违章11,20.26,608,560,244,720,404,prior_roi,walk,0
违章11/违章11_t20.5_83_walk.jpg,违章11,20.53,616,560,244,720,404,prior_roi,walk,0
违章11/违章11_t20.8_84_walk.jpg,违章11,20.8,624,560,244,720,404,prior_roi,walk,0
违章11/违章11_t21.1_85_walk.jpg,违章11,21.06,632,560,244,720,404,prior_roi,walk,0
违章11/违章11_t21.3_86_walk.jpg,违章11,21.33,640,560,244,720,404,prior_roi,walk,0
违章11/违章11_t21.6_87_walk.jpg,违章11,21.6,648,560,244,720,404,prior_roi,walk,0
违章11/违章11_t21.9_88_walk.jpg,违章11,21.86,656,560,244,720,404,prior_roi,walk,0
违章11/违章11_t22.1_89_walk.jpg,违章11,22.13,664,560,244,720,404,prior_roi,walk,0
违章11/违章11_t22.4_90_walk.jpg,违章11,22.4,672,560,244,720,404,prior_roi,walk,0
违章11/违章11_t22.7_91_walk.jpg,违章11,22.66,680,560,244,720,404,prior_roi,walk,0
违章11/违章11_t22.9_92_walk.jpg,违章11,22.93,688,560,244,720,404,prior_roi,walk,0
违章11/违章11_t23.2_93_walk.jpg,违章11,23.2,696,560,244,720,404,prior_roi,walk,0
违章11/违章11_t23.5_94_walk.jpg,违章11,23.46,704,560,244,720,404,prior_roi,walk,0
违章11/违章11_t23.7_95_walk.jpg,违章11,23.73,712,560,244,720,404,prior_roi,walk,0
违章11/违章11_t24.0_96_walk.jpg,违章11,24.0,720,560,244,720,404,prior_roi,walk,0
违章11/违章11_t24.3_97_walk.jpg,违章11,24.26,728,560,244,720,404,prior_roi,walk,0
违章11/违章11_t24.5_98_walk.jpg,违章11,24.53,736,560,244,720,404,prior_roi,walk,0
违章11/违章11_t24.8_99_walk.jpg,违章11,24.8,744,560,244,720,404,prior_roi,walk,0
违章11/违章11_t25.1_100_walk.jpg,违章11,25.06,752,560,244,720,404,prior_roi,walk,0
违章11/违章11_t25.3_101_walk.jpg,违章11,25.33,760,560,244,720,404,prior_roi,walk,0
违章11/违章11_t25.6_102_walk.jpg,违章11,25.6,768,560,244,720,404,prior_roi,walk,0
违章11/违章11_t25.9_103_walk.jpg,违章11,25.86,776,560,244,720,404,prior_roi,walk,0
违章11/违章11_t26.1_104_walk.jpg,违章11,26.13,784,560,244,720,404,prior_roi,walk,0
违章11/违章11_t26.4_105_walk.jpg,违章11,26.4,792,560,244,720,404,prior_roi,walk,0
违章11/违章11_t26.7_106_walk.jpg,违章11,26.66,800,560,244,720,404,prior_roi,walk,0
违章11/违章11_t26.9_107_walk.jpg,违章11,26.93,808,560,244,720,404,prior_roi,walk,0
违章11/违章11_t27.2_108_walk.jpg,违章11,27.2,816,560,244,720,404,prior_roi,walk,0
违章11/违章11_t27.5_109_walk.jpg,违章11,27.46,824,560,244,720,404,prior_roi,walk,0
违章11/违章11_t27.7_110_walk.jpg,违章11,27.73,832,560,244,720,404,prior_roi,walk,0
违章11/违章11_t28.0_111_walk.jpg,违章11,28.0,840,560,244,720,404,prior_roi,walk,0
违章11/违章11_t28.3_112_walk.jpg,违章11,28.26,848,560,244,720,404,prior_roi,walk,0
违章11/违章11_t0.0_113_off.jpg,违章11,0.0,0,719,156,757,256,impostor_outside,stand,1
违章11/违章11_t0.3_114_off.jpg,违章11,0.27,8,722,153,765,254,impostor_outside,stand,1
违章11/违章11_t0.3_115_off.jpg,违章11,0.27,8,1078,293,1095,303,impostor_outside,off,0
违章11/违章11_t0.5_116_off.jpg,违章11,0.53,16,728,150,767,248,impostor_outside,stand,1
违章11/违章11_t0.8_117_off.jpg,违章11,0.8,24,736,151,764,190,impostor_outside,stand,1
违章11/违章11_t0.8_118_off.jpg,违章11,0.8,24,732,195,771,249,impostor_outside,stand,1
违章11/违章11_t1.1_119_off.jpg,违章11,1.07,32,738,155,768,195,impostor_outside,stand,1
违章11/违章11_t1.1_120_off.jpg,违章11,1.07,32,735,200,772,247,impostor_outside,stand,1
违章11/违章11_t1.3_121_off.jpg,违章11,1.33,40,740,156,767,195,impostor_outside,stand,1
违章11/违章11_t1.3_122_off.jpg,违章11,1.33,40,736,202,773,249,impostor_outside,stand,1
违章11/违章11_t1.6_123_off.jpg,违章11,1.6,48,739,158,768,198,impostor_outside,stand,1
违章11/违章11_t1.6_124_off.jpg,违章11,1.6,48,737,201,774,253,impostor_outside,stand,1
违章11/违章11_t1.6_125_off.jpg,违章11,1.6,48,1187,233,1220,248,impostor_outside,off,0
违章11/违章11_t1.9_126_off.jpg,违章11,1.87,56,739,160,770,199,impostor_outside,stand,1
违章11/违章11_t1.9_127_off.jpg,违章11,1.87,56,737,202,774,254,impostor_outside,stand,1
违章11/违章11_t2.1_128_off.jpg,违章11,2.13,64,735,161,774,255,impostor_outside,stand,1
违章11/违章11_t2.4_129_off.jpg,违章11,2.4,72,739,162,767,200,impostor_outside,stand,1
违章11/违章11_t2.4_130_off.jpg,违章11,2.4,72,735,202,773,258,impostor_outside,stand,1
违章11/违章11_t2.7_131_off.jpg,违章11,2.67,80,740,162,767,201,impostor_outside,stand,1
违章11/违章11_t2.7_132_off.jpg,违章11,2.67,80,735,203,773,256,impostor_outside,stand,1
违章11/违章11_t2.9_133_off.jpg,违章11,2.93,88,740,164,766,204,impostor_outside,stand,1
违章11/违章11_t2.9_134_off.jpg,违章11,2.93,88,735,206,772,258,impostor_outside,stand,1
违章11/违章11_t3.2_135_off.jpg,违章11,3.2,96,734,163,771,264,impostor_outside,stand,1
违章11/违章11_t3.5_136_off.jpg,违章11,3.47,104,733,162,770,263,impostor_outside,stand,1
违章11/违章11_t3.7_137_off.jpg,违章11,3.73,112,737,162,781,256,impostor_outside,stand,1
违章11/违章11_t4.0_138_off.jpg,违章11,4.0,120,744,160,770,200,impostor_outside,stand,1
违章11/违章11_t5.3_139_off.jpg,违章11,5.33,160,737,158,764,199,impostor_outside,stand,1
违章11/违章11_t5.6_140_off.jpg,违章11,5.6,168,732,204,772,257,impostor_outside,stand,1
违章11/违章11_t5.9_141_off.jpg,违章11,5.87,176,300,400,312,408,impostor_outside,off,0
违章11/违章11_t6.1_142_off.jpg,违章11,6.13,184,731,164,770,256,impostor_outside,stand,1
违章11/违章11_t6.4_143_off.jpg,违章11,6.4,192,739,166,765,207,impostor_outside,stand,1
违章11/违章11_t6.4_144_off.jpg,违章11,6.4,192,733,207,772,259,impostor_outside,stand,1
违章11/违章11_t6.7_145_off.jpg,违章11,6.67,200,742,167,767,208,impostor_outside,stand,1
违章11/违章11_t6.7_146_off.jpg,违章11,6.67,200,735,208,774,262,impostor_outside,stand,1
违章11/违章11_t6.9_147_off.jpg,违章11,6.93,208,743,170,769,208,impostor_outside,stand,1
违章11/违章11_t6.9_148_off.jpg,违章11,6.93,208,737,214,777,263,impostor_outside,stand,1
违章11/违章11_t7.2_149_off.jpg,违章11,7.2,216,746,169,771,212,impostor_outside,stand,1
违章11/违章11_t7.2_150_off.jpg,违章11,7.2,216,739,206,776,265,impostor_outside,stand,1
违章11/违章11_t7.2_151_off.jpg,违章11,7.2,216,302,234,327,245,impostor_outside,off,0
违章11/违章11_t7.2_152_off.jpg,违章11,7.2,216,444,318,473,334,impostor_outside,off,0
违章11/违章11_t7.2_153_off.jpg,违章11,7.2,216,157,530,170,539,impostor_outside,off,0
违章11/违章11_t7.5_154_off.jpg,违章11,7.47,224,741,170,779,264,impostor_outside,stand,1
违章11/违章11_t7.5_155_off.jpg,违章11,7.47,224,240,236,265,247,impostor_outside,off,0
违章11/违章11_t7.5_156_off.jpg,违章11,7.47,224,442,318,468,334,impostor_outside,off,0
违章11/违章11_t7.5_157_off.jpg,违章11,7.47,224,267,537,300,557,impostor_outside,off,0
违章11/违章11_t7.5_158_off.jpg,违章11,7.47,224,242,560,255,571,impostor_outside,off,0
违章11/违章11_t7.7_159_off.jpg,违章11,7.73,232,742,170,781,266,impostor_outside,stand,1
违章11/违章11_t7.7_160_off.jpg,违章11,7.73,232,177,237,207,248,impostor_outside,off,0
违章11/违章11_t7.7_161_off.jpg,违章11,7.73,232,437,319,462,335,impostor_outside,off,0
违章11/违章11_t7.7_162_off.jpg,违章11,7.73,232,405,543,430,568,impostor_outside,off,0
违章11/违章11_t7.7_163_off.jpg,违章11,7.73,232,392,566,403,577,impostor_outside,off,0
违章11/违章11_t8.0_164_off.jpg,违章11,8.0,240,743,172,781,271,impostor_outside,stand,1
违章11/违章11_t8.3_165_off.jpg,违章11,8.27,248,749,172,777,213,impostor_outside,stand,1
违章11/违章11_t8.3_166_off.jpg,违章11,8.27,248,743,215,782,269,impostor_outside,stand,1
违章11/违章11_t8.5_167_off.jpg,违章11,8.53,256,754,174,781,212,impostor_outside,stand,1
违章11/违章11_t8.5_168_off.jpg,违章11,8.53,256,747,217,789,269,impostor_outside,stand,1
违章11/违章11_t8.8_169_off.jpg,违章11,8.8,264,759,174,786,214,impostor_outside,stand,1
违章11/违章11_t8.8_170_off.jpg,违章11,8.8,264,751,218,792,267,impostor_outside,stand,1
违章11/违章11_t9.1_171_off.jpg,违章11,9.07,272,753,174,796,270,impostor_outside,stand,1
违章11/违章11_t9.3_172_off.jpg,违章11,9.33,280,754,175,796,275,impostor_outside,stand,1
违章11/违章11_t9.6_173_off.jpg,违章11,9.6,288,757,176,799,271,impostor_outside,stand,1
违章11/违章11_t9.9_174_off.jpg,违章11,9.87,296,761,174,801,269,impostor_outside,stand,1
违章11/违章11_t10.1_175_off.jpg,违章11,10.13,304,759,173,800,273,impostor_outside,stand,1
违章11/违章11_t10.1_176_off.jpg,违章11,10.13,304,569,458,640,515,impostor_outside,off,0
违章11/违章11_t10.4_177_off.jpg,违章11,10.4,312,766,171,798,216,impostor_outside,stand,1
违章11/违章11_t10.4_178_off.jpg,违章11,10.4,312,761,219,801,266,impostor_outside,stand,1
违章11/违章11_t10.4_179_off.jpg,违章11,10.4,312,678,457,770,520,impostor_outside,off,0
违章11/违章11_t10.7_180_off.jpg,违章11,10.67,320,761,172,803,265,impostor_outside,stand,1
违章11/违章11_t10.7_181_off.jpg,违章11,10.67,320,779,460,885,525,impostor_outside,off,0
违章11/违章11_t10.9_182_off.jpg,违章11,10.93,328,760,171,802,266,impostor_outside,stand,1
违章11/违章11_t10.9_183_off.jpg,违章11,10.93,328,867,462,990,528,impostor_outside,off,0
违章11/违章11_t10.9_184_off.jpg,违章11,10.93,328,24,483,37,494,impostor_outside,off,0
违章11/违章11_t11.2_185_off.jpg,违章11,11.2,336,758,169,800,270,impostor_outside,stand,1
违章11/违章11_t11.2_186_off.jpg,违章11,11.2,336,944,462,1081,532,impostor_outside,off,0
违章11/违章11_t11.5_187_off.jpg,违章11,11.47,344,757,167,798,264,impostor_outside,stand,1
违章11/违章11_t11.7_188_off.jpg,违章11,11.73,352,755,168,798,263,impostor_outside,stand,1
违章11/违章11_t12.0_189_off.jpg,违章11,12.0,360,754,168,794,268,impostor_outside,stand,1
违章11/违章11_t12.3_190_off.jpg,违章11,12.27,368,754,165,794,267,impostor_outside,stand,1
违章11/违章11_t12.5_191_off.jpg,违章11,12.53,376,751,164,793,264,impostor_outside,stand,1
违章11/违章11_t12.5_192_off.jpg,违章11,12.53,376,69,497,80,507,impostor_outside,off,0
违章11/违章11_t12.8_193_off.jpg,违章11,12.8,384,749,164,789,266,impostor_outside,stand,1
违章11/违章11_t13.1_194_off.jpg,违章11,13.07,392,747,166,789,274,impostor_outside,stand,1
违章11/违章11_t13.3_195_off.jpg,违章11,13.33,400,747,167,788,264,impostor_outside,stand,1
违章11/违章11_t13.6_196_off.jpg,违章11,13.6,408,746,167,788,269,impostor_outside,stand,1
违章11/违章11_t13.9_197_off.jpg,违章11,13.87,416,746,166,787,271,impostor_outside,stand,1
违章11/违章11_t13.9_198_off.jpg,违章11,13.87,416,431,320,456,335,impostor_outside,off,0
违章11/违章11_t13.9_199_off.jpg,违章11,13.87,416,282,551,331,593,impostor_outside,off,0
违章11/违章11_t14.1_200_off.jpg,违章11,14.13,424,744,166,783,263,impostor_outside,stand,1
违章11/违章11_t14.1_201_off.jpg,违章11,14.13,424,503,405,513,413,impostor_outside,off,0
违章11/违章11_t14.1_202_off.jpg,违章11,14.13,424,417,488,442,521,impostor_outside,off,0
违章11/违章11_t14.4_203_off.jpg,违章11,14.4,432,744,169,783,262,impostor_outside,stand,1
违章11/违章11_t14.7_204_off.jpg,违章11,14.67,440,743,169,782,263,impostor_outside,stand,1
违章11/违章11_t14.7_205_off.jpg,违章11,14.67,440,55,498,65,508,impostor_outside,off,0
违章11/违章11_t14.7_206_off.jpg,违章11,14.67,440,435,533,488,607,impostor_outside,off,0
违章11/违章11_t14.9_207_off.jpg,违章11,14.93,448,742,169,780,263,impostor_outside,stand,1
违章11/违章11_t14.9_208_off.jpg,违章11,14.93,448,96,482,108,498,impostor_outside,off,0
违章11/违章11_t14.9_209_off.jpg,违章11,14.93,448,518,485,551,540,impostor_outside,off,0
违章11/违章11_t14.9_210_off.jpg,违章11,14.93,448,76,492,96,505,impostor_outside,off,0
违章11/违章11_t15.2_211_walk.jpg,违章11,15.2,456,548,233,708,393,prior_roi,walk,0
违章11/违章11_t15.5_212_walk.jpg,违章11,15.46,464,551,251,711,411,prior_roi,walk,0
违章11/违章11_t15.7_213_walk.jpg,违章11,15.73,472,564,254,724,414,prior_roi,walk,0
违章11/违章11_t16.0_214_walk.jpg,违章11,16.0,480,568,252,728,412,prior_roi,walk,0
违章11/违章11_t16.3_215_walk.jpg,违章11,16.26,488,561,235,721,395,prior_roi,walk,0
违章11/违章11_t16.5_216_walk.jpg,违章11,16.53,496,561,242,721,402,prior_roi,walk,0
违章11/违章11_t16.8_217_walk.jpg,违章11,16.8,504,568,239,728,399,prior_roi,walk,0
违章11/违章11_t17.1_218_walk.jpg,违章11,17.06,512,558,242,718,402,prior_roi,walk,0
违章11/违章11_t17.3_219_walk.jpg,违章11,17.33,520,570,243,730,403,prior_roi,walk,0
违章11/违章11_t17.6_220_walk.jpg,违章11,17.6,528,559,236,719,396,prior_roi,walk,0
违章11/违章11_t17.9_221_walk.jpg,违章11,17.86,536,558,242,718,402,prior_roi,walk,0
违章11/违章11_t18.1_222_walk.jpg,违章11,18.13,544,550,240,710,400,prior_roi,walk,0
违章11/违章11_t18.4_223_walk.jpg,违章11,18.4,552,558,255,718,415,prior_roi,walk,0
违章11/违章11_t18.7_224_walk.jpg,违章11,18.66,560,568,240,728,400,prior_roi,walk,0
违章11/违章11_t18.9_225_walk.jpg,违章11,18.93,568,568,241,728,401,prior_roi,walk,0
违章11/违章11_t19.2_226_walk.jpg,违章11,19.2,576,552,245,712,405,prior_roi,walk,0
违章11/违章11_t19.5_227_walk.jpg,违章11,19.46,584,566,244,726,404,prior_roi,walk,0
违章11/违章11_t19.7_228_walk.jpg,违章11,19.73,592,555,251,715,411,prior_roi,walk,0
违章11/违章11_t20.0_229_walk.jpg,违章11,20.0,600,551,239,711,399,prior_roi,walk,0
违章11/违章11_t20.3_230_walk.jpg,违章11,20.26,608,556,246,716,406,prior_roi,walk,0
违章11/违章11_t20.5_231_walk.jpg,违章11,20.53,616,568,236,728,396,prior_roi,walk,0
违章11/违章11_t20.8_232_walk.jpg,违章11,20.8,624,557,236,717,396,prior_roi,walk,0
违章11/违章11_t21.1_233_walk.jpg,违章11,21.06,632,556,233,716,393,prior_roi,walk,0
违章11/违章11_t21.3_234_walk.jpg,违章11,21.33,640,548,239,708,399,prior_roi,walk,0
违章11/违章11_t21.6_235_walk.jpg,违章11,21.6,648,559,242,719,402,prior_roi,walk,0
违章11/违章11_t21.9_236_walk.jpg,违章11,21.86,656,569,252,729,412,prior_roi,walk,0
违章11/违章11_t22.1_237_walk.jpg,违章11,22.13,664,551,254,711,414,prior_roi,walk,0
违章11/违章11_t22.4_238_walk.jpg,违章11,22.4,672,562,252,722,412,prior_roi,walk,0
违章11/违章11_t22.7_239_walk.jpg,违章11,22.66,680,549,240,709,400,prior_roi,walk,0
违章11/违章11_t22.9_240_walk.jpg,违章11,22.93,688,552,247,712,407,prior_roi,walk,0
违章11/违章11_t23.2_241_walk.jpg,违章11,23.2,696,554,239,714,399,prior_roi,walk,0
违章11/违章11_t23.5_242_walk.jpg,违章11,23.46,704,558,234,718,394,prior_roi,walk,0
违章11/违章11_t23.7_243_walk.jpg,违章11,23.73,712,551,240,711,400,prior_roi,walk,0
违章11/违章11_t24.0_244_walk.jpg,违章11,24.0,720,563,246,723,406,prior_roi,walk,0
违章11/违章11_t24.3_245_walk.jpg,违章11,24.26,728,557,245,717,405,prior_roi,walk,0
违章11/违章11_t24.5_246_walk.jpg,违章11,24.53,736,571,243,731,403,prior_roi,walk,0
违章11/违章11_t24.8_247_walk.jpg,违章11,24.8,744,566,249,726,409,prior_roi,walk,0
违章11/违章11_t25.1_248_walk.jpg,违章11,25.06,752,553,234,713,394,prior_roi,walk,0
违章11/违章11_t25.3_249_walk.jpg,违章11,25.33,760,572,235,732,395,prior_roi,walk,0
违章11/违章11_t25.6_250_walk.jpg,违章11,25.6,768,552,244,712,404,prior_roi,walk,0
违章11/违章11_t25.9_251_walk.jpg,违章11,25.86,776,556,234,716,394,prior_roi,walk,0
违章11/违章11_t26.1_252_walk.jpg,违章11,26.13,784,565,250,725,410,prior_roi,walk,0
违章11/违章11_t26.4_253_walk.jpg,违章11,26.4,792,570,241,730,401,prior_roi,walk,0
违章11/违章11_t26.7_254_walk.jpg,违章11,26.66,800,564,237,724,397,prior_roi,walk,0
违章11/违章11_t26.9_255_walk.jpg,违章11,26.93,808,570,247,730,407,prior_roi,walk,0
违章11/违章11_t27.2_256_walk.jpg,违章11,27.2,816,561,239,721,399,prior_roi,walk,0
违章11/违章11_t27.5_257_walk.jpg,违章11,27.46,824,559,240,719,400,prior_roi,walk,0
违章11/违章11_t27.7_258_walk.jpg,违章11,27.73,832,556,256,716,416,prior_roi,walk,0
违章11/违章11_t28.0_259_walk.jpg,违章11,28.0,840,558,237,718,397,prior_roi,walk,0
违章11/违章11_t28.3_260_walk.jpg,违章11,28.26,848,556,238,716,398,prior_roi,walk,0
违章11/违章11_t15.2_261_walk.jpg,违章11,15.2,456,551,241,711,401,prior_roi,walk,0
违章11/违章11_t15.5_262_walk.jpg,违章11,15.46,464,572,244,732,404,prior_roi,walk,0
违章11/违章11_t15.7_263_walk.jpg,违章11,15.73,472,560,242,720,402,prior_roi,walk,0
违章11/违章11_t16.0_264_walk.jpg,违章11,16.0,480,562,255,722,415,prior_roi,walk,0
违章11/违章11_t16.3_265_walk.jpg,违章11,16.26,488,551,253,711,413,prior_roi,walk,0
违章11/违章11_t16.5_266_walk.jpg,违章11,16.53,496,550,249,710,409,prior_roi,walk,0
违章11/违章11_t16.8_267_walk.jpg,违章11,16.8,504,555,237,715,397,prior_roi,walk,0
违章11/违章11_t17.1_268_walk.jpg,违章11,17.06,512,562,238,722,398,prior_roi,walk,0
违章11/违章11_t17.3_269_walk.jpg,违章11,17.33,520,566,243,726,403,prior_roi,walk,0
违章11/违章11_t17.6_270_walk.jpg,违章11,17.6,528,572,240,732,400,prior_roi,walk,0
违章11/违章11_t17.9_271_walk.jpg,违章11,17.86,536,549,236,709,396,prior_roi,walk,0
违章11/违章11_t18.1_272_walk.jpg,违章11,18.13,544,548,254,708,414,prior_roi,walk,0
违章11/违章11_t18.4_273_walk.jpg,违章11,18.4,552,559,246,719,406,prior_roi,walk,0
违章11/违章11_t18.7_274_walk.jpg,违章11,18.66,560,557,253,717,413,prior_roi,walk,0
违章11/违章11_t18.9_275_walk.jpg,违章11,18.93,568,572,250,732,410,prior_roi,walk,0
违章11/违章11_t19.2_276_walk.jpg,违章11,19.2,576,557,254,717,414,prior_roi,walk,0
违章11/违章11_t19.5_277_walk.jpg,违章11,19.46,584,568,242,728,402,prior_roi,walk,0
违章11/违章11_t19.7_278_walk.jpg,违章11,19.73,592,553,253,713,413,prior_roi,walk,0
违章11/违章11_t20.0_279_walk.jpg,违章11,20.0,600,548,250,708,410,prior_roi,walk,0
违章11/违章11_t20.3_280_walk.jpg,违章11,20.26,608,557,237,717,397,prior_roi,walk,0
违章11/违章11_t20.5_281_walk.jpg,违章11,20.53,616,548,246,708,406,prior_roi,walk,0
违章11/违章11_t20.8_282_walk.jpg,违章11,20.8,624,562,235,722,395,prior_roi,walk,0
违章11/违章11_t21.1_283_walk.jpg,违章11,21.06,632,561,253,721,413,prior_roi,walk,0
违章11/违章11_t21.3_284_walk.jpg,违章11,21.33,640,570,252,730,412,prior_roi,walk,0
违章11/违章11_t21.6_285_walk.jpg,违章11,21.6,648,563,256,723,416,prior_roi,walk,0
违章11/违章11_t21.9_286_walk.jpg,违章11,21.86,656,550,233,710,393,prior_roi,walk,0
违章11/违章11_t22.1_287_walk.jpg,违章11,22.13,664,562,253,722,413,prior_roi,walk,0
