crop_path,video,frame_ts,x1,y1,x2,y2,source,label,verified
违章01/违章01_t0.0_0_stand.jpg,违章01,0.0,368,171,528,331,prior_roi,stand,0
违章01/违章01_t0.2_1_stand.jpg,违章01,0.24,368,171,528,331,prior_roi,stand,0
违章01/违章01_t0.5_2_stand.jpg,违章01,0.47,368,171,528,331,prior_roi,stand,0
违章01/违章01_t0.7_3_stand.jpg,违章01,0.71,368,171,528,331,prior_roi,stand,0
违章01/违章01_t0.9_4_stand.jpg,违章01,0.94,368,171,528,331,prior_roi,stand,0
违章01/违章01_t1.2_5_stand.jpg,违章01,1.18,368,171,528,331,prior_roi,stand,0
违章01/违章01_t1.4_6_stand.jpg,违章01,1.41,368,171,528,331,prior_roi,stand,0
违章01/违章01_t1.6_7_stand.jpg,违章01,1.65,368,171,528,331,prior_roi,stand,0
违章01/违章01_t1.9_8_stand.jpg,违章01,1.89,368,171,528,331,prior_roi,stand,0
违章01/违章01_t2.1_9_stand.jpg,违章01,2.12,368,171,528,331,prior_roi,stand,0
违章01/违章01_t2.4_10_stand.jpg,违章01,2.36,368,171,528,331,prior_roi,stand,0
违章01/违章01_t2.6_11_stand.jpg,违章01,2.59,368,171,528,331,prior_roi,stand,0
违章01/违章01_t2.8_12_stand.jpg,违章01,2.83,368,171,528,331,prior_roi,stand,0
违章01/违章01_t3.1_13_stand.jpg,违章01,3.06,368,171,528,331,prior_roi,stand,0
违章01/违章01_t3.3_14_stand.jpg,违章01,3.3,368,171,528,331,prior_roi,stand,0
违章01/违章01_t3.5_15_stand.jpg,违章01,3.54,368,171,528,331,prior_roi,stand,0
违章01/违章01_t3.8_16_stand.jpg,违章01,3.77,368,171,528,331,prior_roi,stand,0
违章01/违章01_t4.0_17_stand.jpg,违章01,4.01,368,171,528,331,prior_roi,stand,0
违章01/违章01_t4.2_18_stand.jpg,违章01,4.24,368,171,528,331,prior_roi,stand,0
违章01/违章01_t4.5_19_stand.jpg,违章01,4.48,368,171,528,331,prior_roi,stand,0
违章01/违章01_t4.7_20_stand.jpg,违章01,4.71,368,171,528,331,prior_roi,stand,0
违章01/违章01_t5.0_21_stand.jpg,违章01,4.95,368,171,528,331,prior_roi,stand,0
违章01/违章01_t5.2_22_stand.jpg,违章01,5.19,368,171,528,331,prior_roi,stand,0
违章01/违章01_t5.4_23_stand.jpg,违章01,5.42,368,171,528,331,prior_roi,stand,0
违章01/违章01_t5.7_24_stand.jpg,违章01,5.66,368,171,528,331,prior_roi,stand,0
违章01/违章01_t5.9_25_stand.jpg,违章01,5.89,368,171,528,331,prior_roi,stand,0
违章01/违章01_t6.1_26_stand.jpg,违章01,6.13,368,171,528,331,prior_roi,stand,0
违章01/违章01_t6.4_27_stand.jpg,违章01,6.36,368,171,528,331,prior_roi,stand,0
违章01/违章01_t6.6_28_stand.jpg,违章01,6.6,368,171,528,331,prior_roi,stand,0
违章01/违章01_t6.8_29_stand.jpg,违章01,6.84,368,171,528,331,prior_roi,stand,0
违章01/违章01_t7.1_30_stand.jpg,违章01,7.07,368,171,528,331,prior_roi,stand,0
违章01/违章01_t7.3_31_stand.jpg,违章01,7.31,368,171,528,331,prior_roi,stand,0
违章01/违章01_t7.5_32_stand.jpg,违章01,7.54,368,171,528,331,prior_roi,stand,0
违章01/违章01_t7.8_33_stand.jpg,违章01,7.78,368,171,528,331,prior_roi,stand,0
违章01/违章01_t8.0_34_stand.jpg,违章01,8.01,368,171,528,331,prior_roi,stand,0
违章01/违章01_t8.2_35_stand.jpg,违章01,8.25,368,171,528,331,prior_roi,stand,0
违章01/违章01_t8.2_36_off.jpg,违章01,8.25,841,207,1001,367,prior_off,off,0
违章01/违章01_t8.5_37_stand.jpg,违章01,8.49,368,171,528,331,prior_roi,stand,0
违章01/违章01_t8.7_38_stand.jpg,违章01,8.72,368,171,528,331,prior_roi,stand,0
违章01/违章01_t8.7_39_off.jpg,违章01,8.72,368,171,528,331,impostor,off,0
违章01/违章01_t9.0_40_stand.jpg,违章01,8.96,368,171,528,331,prior_roi,stand,0
违章01/违章01_t9.0_41_off.jpg,违章01,8.96,368,171,528,331,impostor,off,0
违章01/违章01_t9.0_42_off.jpg,违章01,8.96,551,544,711,704,prior_off,off,0
违章01/违章01_t9.2_43_stand.jpg,违章01,9.19,368,171,528,331,prior_roi,stand,0
违章01/违章01_t9.2_44_off.jpg,违章01,9.19,368,171,528,331,impostor,off,0
违章01/违章01_t9.4_45_stand.jpg,违章01,9.43,368,171,528,331,prior_roi,stand,0
违章01/违章01_t9.4_46_off.jpg,违章01,9.43,368,171,528,331,impostor,off,0
违章01/违章01_t9.7_47_stand.jpg,违章01,9.66,368,171,528,331,prior_roi,stand,0
违章01/违章01_t9.7_48_off.jpg,违章01,9.66,368,171,528,331,impostor,off,0
违章01/违章01_t9.9_49_stand.jpg,违章01,9.9,368,171,528,331,prior_roi,stand,0
违章01/违章01_t9.9_50_off.jpg,违章01,9.9,368,171,528,331,impostor,off,0
违章01/违章01_t10.1_51_stand.jpg,违章01,10.14,368,171,528,331,prior_roi,stand,0
违章01/违章01_t10.1_52_off.jpg,违章01,10.14,368,171,528,331,impostor,off,0
违章01/违章01_t10.4_53_stand.jpg,违章01,10.37,368,171,528,331,prior_roi,stand,0
违章01/违章01_t10.4_54_off.jpg,违章01,10.37,368,171,528,331,impostor,off,0
违章01/违章01_t10.6_55_stand.jpg,违章01,10.61,368,171,528,331,prior_roi,stand,0
违章01/违章01_t10.6_56_off.jpg,违章01,10.61,368,171,528,331,impostor,off,0
违章01/违章01_t10.8_57_stand.jpg,违章01,10.84,368,171,528,331,prior_roi,stand,0
违章01/违章01_t11.1_58_stand.jpg,违章01,11.08,368,171,528,331,prior_roi,stand,0
违章01/违章01_t11.3_59_stand.jpg,违章01,11.31,368,171,528,331,prior_roi,stand,0
违章01/违章01_t11.6_60_stand.jpg,违章01,11.55,368,171,528,331,prior_roi,stand,0
违章01/违章01_t11.8_61_stand.jpg,违章01,11.79,368,171,528,331,prior_roi,stand,0
违章01/违章01_t12.0_62_stand.jpg,违章01,12.02,368,171,528,331,prior_roi,stand,0
违章01/违章01_t12.3_63_stand.jpg,违章01,12.26,368,171,528,331,prior_roi,stand,0
违章01/违章01_t12.5_64_stand.jpg,违章01,12.49,368,171,528,331,prior_roi,stand,0
违章01/违章01_t12.7_65_stand.jpg,违章01,12.73,368,171,528,331,prior_roi,stand,0
违章01/违章01_t13.0_66_stand.jpg,违章01,12.96,368,171,528,331,prior_roi,stand,0
违章01/违章01_t13.2_67_stand.jpg,违章01,13.2,368,171,528,331,prior_roi,stand,0
违章01/违章01_t13.4_68_stand.jpg,违章01,13.44,368,171,528,331,prior_roi,stand,0
违章01/违章01_t13.7_69_stand.jpg,违章01,13.67,368,171,528,331,prior_roi,stand,0
违章01/违章01_t13.9_70_stand.jpg,违章01,13.91,368,171,528,331,prior_roi,stand,0
违章01/违章01_t14.1_71_stand.jpg,违章01,14.14,368,171,528,331,prior_roi,stand,0
违章01/违章01_t14.4_72_stand.jpg,违章01,14.38,368,171,528,331,prior_roi,stand,0
违章01/违章01_t14.6_73_stand.jpg,违章01,14.61,368,171,528,331,prior_roi,stand,0
违章01/违章01_t14.8_74_stand.jpg,违章01,14.85,368,171,528,331,prior_roi,stand,0
违章01/违章01_t15.1_75_stand.jpg,违章01,15.09,368,171,528,331,prior_roi,stand,0
违章01/违章01_t15.3_76_stand.jpg,违章01,15.32,368,171,528,331,prior_roi,stand,0
违章01/违章01_t15.6_77_stand.jpg,违章01,15.56,368,171,528,331,prior_roi,stand,0
违章01/违章01_t15.8_78_stand.jpg,违章01,15.79,368,171,528,331,prior_roi,stand,0
违章01/违章01_t16.0_79_stand.jpg,违章01,16.03,368,171,528,331,prior_roi,stand,0
违章01/违章01_t16.3_80_stand.jpg,违章01,16.27,368,171,528,331,prior_roi,stand,0
违章01/违章01_t16.5_81_stand.jpg,违章01,16.5,368,171,528,331,prior_roi,stand,0
违章01/违章01_t16.7_82_stand.jpg,违章01,16.74,368,171,528,331,prior_roi,stand,0
违章01/违章01_t17.0_83_stand.jpg,违章01,16.97,368,171,528,331,prior_roi,stand,0
违章01/违章01_t17.2_84_stand.jpg,违章01,17.21,368,171,528,331,prior_roi,stand,0
违章01/违章01_t17.4_85_stand.jpg,违章01,17.44,368,171,528,331,prior_roi,stand,0
违章01/违章01_t17.7_86_stand.jpg,违章01,17.68,368,171,528,331,prior_roi,stand,0
违章01/违章01_t17.9_87_stand.jpg,违章01,17.92,368,171,528,331,prior_roi,stand,0
违章01/违章01_t18.1_88_stand.jpg,违章01,18.15,368,171,528,331,prior_roi,stand,0
违章01/违章01_t18.4_89_stand.jpg,违章01,18.39,368,171,528,331,prior_roi,stand,0
违章01/违章01_t18.6_90_stand.jpg,违章01,18.62,368,171,528,331,prior_roi,stand,0
违章01/违章01_t18.6_91_off.jpg,违章01,18.62,368,171,528,331,impostor,off,0
违章01/违章01_t18.9_92_stand.jpg,违章01,18.86,368,171,528,331,prior_roi,stand,0
违章01/违章01_t18.9_93_off.jpg,违章01,18.86,368,171,528,331,impostor,off,0
违章01/违章01_t19.1_94_stand.jpg,违章01,19.09,368,171,528,331,prior_roi,stand,0
违章01/违章01_t19.1_95_off.jpg,违章01,19.09,368,171,528,331,impostor,off,0
违章01/违章01_t19.3_96_stand.jpg,违章01,19.33,368,171,528,331,prior_roi,stand,0
违章01/违章01_t19.3_97_off.jpg,违章01,19.33,368,171,528,331,impostor,off,0
违章01/违章01_t19.6_98_stand.jpg,违章01,19.57,368,171,528,331,prior_roi,stand,0
违章01/违章01_t19.6_99_off.jpg,违章01,19.57,368,171,528,331,impostor,off,0
违章01/违章01_t19.8_100_stand.jpg,违章01,19.8,368,171,528,331,prior_roi,stand,0
违章01/违章01_t19.8_101_off.jpg,违章01,19.8,368,171,528,331,impostor,off,0
违章01/违章01_t20.0_102_stand.jpg,违章01,20.04,368,171,528,331,prior_roi,stand,0
违章01/违章01_t20.3_103_stand.jpg,违章01,20.27,368,171,528,331,prior_roi,stand,0
违章01/违章01_t20.5_104_stand.jpg,违章01,20.51,368,171,528,331,prior_roi,stand,0
违章01/违章01_t20.5_105_off.jpg,违章01,20.51,368,171,528,331,impostor,off,0
违章01/违章01_t20.7_106_stand.jpg,违章01,20.74,368,171,528,331,prior_roi,stand,0
违章01/违章01_t20.7_107_off.jpg,违章01,20.74,368,171,528,331,impostor,off,0
违章01/违章01_t21.0_108_stand.jpg,违章01,20.98,368,171,528,331,prior_roi,stand,0
违章01/违章01_t21.0_109_off.jpg,违章01,20.98,368,171,528,331,impostor,off,0
违章01/违章01_t21.2_110_stand.jpg,违章01,21.22,368,171,528,331,prior_roi,stand,0
违章01/违章01_t21.4_111_stand.jpg,违章01,21.45,368,171,528,331,prior_roi,stand,0
违章01/违章01_t21.7_112_stand.jpg,违章01,21.69,368,171,528,331,prior_roi,stand,0
违章01/违章01_t21.9_113_stand.jpg,违章01,21.92,368,171,528,331,prior_roi,stand,0
违章01/违章01_t22.2_114_stand.jpg,违章01,22.16,368,171,528,331,prior_roi,stand,0
违章01/违章01_t22.4_115_stand.jpg,违章01,22.39,368,171,528,331,prior_roi,stand,0
违章01/违章01_t22.6_116_stand.jpg,违章01,22.63,368,171,528,331,prior_roi,stand,0
违章01/违章01_t22.9_117_stand.jpg,违章01,22.87,368,171,528,331,prior_roi,stand,0
违章01/违章01_t23.1_118_stand.jpg,违章01,23.1,368,171,528,331,prior_roi,stand,0
违章01/违章01_t23.3_119_stand.jpg,违章01,23.34,368,171,528,331,prior_roi,stand,0
违章01/违章01_t23.6_120_stand.jpg,违章01,23.57,368,171,528,331,prior_roi,stand,0
违章01/违章01_t23.8_121_stand.jpg,违章01,23.81,368,171,528,331,prior_roi,stand,0
违章01/违章01_t24.0_122_stand.jpg,违章01,24.04,368,171,528,331,prior_roi,stand,0
违章01/违章01_t24.0_123_off.jpg,违章01,24.04,368,171,528,331,impostor,off,0
违章01/违章01_t24.3_124_stand.jpg,违章01,24.28,368,171,528,331,prior_roi,stand,0
违章01/违章01_t24.3_125_off.jpg,违章01,24.28,368,171,528,331,impostor,off,0
违章01/违章01_t24.5_126_stand.jpg,违章01,24.52,368,171,528,331,prior_roi,stand,0
违章01/违章01_t24.8_127_stand.jpg,违章01,24.75,368,171,528,331,prior_roi,stand,0
违章01/违章01_t25.0_128_stand.jpg,违章01,24.99,368,171,528,331,prior_roi,stand,0
违章01/违章01_t25.2_129_stand.jpg,违章01,25.22,368,171,528,331,prior_roi,stand,0
违章01/违章01_t25.5_130_stand.jpg,违章01,25.46,368,171,528,331,prior_roi,stand,0
违章01/违章01_t25.5_131_off.jpg,违章01,25.46,654,575,814,720,prior_off,off,0
违章01/违章01_t25.7_132_stand.jpg,违章01,25.69,368,171,528,331,prior_roi,stand,0
违章01/违章01_t25.9_133_stand.jpg,违章01,25.93,368,171,528,331,prior_roi,stand,0
违章01/违章01_t26.2_134_stand.jpg,违章01,26.17,368,171,528,331,prior_roi,stand,0
违章01/违章01_t26.2_135_off.jpg,违章01,26.17,732,356,892,516,prior_off,off,0
违章01/违章01_t26.4_136_stand.jpg,违章01,26.4,368,171,528,331,prior_roi,stand,0
违章01/违章01_t26.6_137_stand.jpg,违章01,26.64,368,171,528,331,prior_roi,stand,0
违章01/违章01_t26.9_138_stand.jpg,违章01,26.87,368,171,528,331,prior_roi,stand,0
违章01/违章01_t27.1_139_stand.jpg,违章01,27.11,368,171,528,331,prior_roi,stand,0
违章01/违章01_t27.3_140_stand.jpg,违章01,27.34,368,171,528,331,prior_roi,stand,0
违章01/违章01_t27.3_141_off.jpg,违章01,27.34,0,611,107,720,prior_off,off,0
违章01/违章01_t27.6_142_stand.jpg,违章01,27.58,368,171,528,331,prior_roi,stand,0
违章01/违章01_t27.8_143_stand.jpg,违章01,27.82,368,171,528,331,prior_roi,stand,0
违章01/违章01_t28.1_144_stand.jpg,违章01,28.05,368,171,528,331,prior_roi,stand,0
违章01/违章01_t28.3_145_stand.jpg,违章01,28.29,368,171,528,331,prior_roi,stand,0
违章01/违章01_t28.5_146_stand.jpg,违章01,28.52,368,171,528,331,prior_roi,stand,0
违章01/违章01_t28.8_147_stand.jpg,违章01,28.76,368,171,528,331,prior_roi,stand,0
违章01/违章01_t28.8_148_off.jpg,违章01,28.76,464,0,624,153,prior_off,off,0
违章01/违章01_t29.0_149_stand.jpg,违章01,28.99,368,171,528,331,prior_roi,stand,0
违章01/违章01_t29.2_150_stand.jpg,违章01,29.23,368,171,528,331,prior_roi,stand,0
违章01/违章01_t29.2_151_off.jpg,违章01,29.23,368,171,528,331,impostor,off,0
违章01/违章01_t29.5_152_stand.jpg,违章01,29.47,368,171,528,331,prior_roi,stand,0
违章01/违章01_t29.7_153_stand.jpg,违章01,29.7,368,171,528,331,prior_roi,stand,0
违章01/违章01_t29.9_154_stand.jpg,违章01,29.94,368,171,528,331,prior_roi,stand,0
违章01/违章01_t29.9_155_off.jpg,违章01,29.94,368,171,528,331,impostor,off,0
违章01/违章01_t30.2_156_stand.jpg,违章01,30.17,368,171,528,331,prior_roi,stand,0
违章01/违章01_t30.4_157_stand.jpg,违章01,30.41,368,171,528,331,prior_roi,stand,0
违章01/违章01_t30.4_158_off.jpg,违章01,30.41,49,631,209,720,prior_off,off,0
违章01/违章01_t30.6_159_stand.jpg,违章01,30.64,368,171,528,331,prior_roi,stand,0
违章01/违章01_t30.9_160_stand.jpg,违章01,30.88,368,171,528,331,prior_roi,stand,0
违章01/违章01_t31.1_161_stand.jpg,违章01,31.12,368,171,528,331,prior_roi,stand,0
违章01/违章01_t31.4_162_stand.jpg,违章01,31.35,368,171,528,331,prior_roi,stand,0
违章01/违章01_t31.6_163_stand.jpg,违章01,31.59,368,171,528,331,prior_roi,stand,0
违章01/违章01_t31.8_164_stand.jpg,违章01,31.82,368,171,528,331,prior_roi,stand,0
违章01/违章01_t32.1_165_stand.jpg,违章01,32.06,368,171,528,331,prior_roi,stand,0
违章01/违章01_t32.3_166_stand.jpg,违章01,32.29,368,171,528,331,prior_roi,stand,0
违章01/违章01_t32.5_167_stand.jpg,违章01,32.53,368,171,528,331,prior_roi,stand,0
违章01/违章01_t32.8_168_stand.jpg,违章01,32.77,368,171,528,331,prior_roi,stand,0
违章01/违章01_t32.8_169_off.jpg,违章01,32.77,368,171,528,331,impostor,off,0
违章01/违章01_t33.0_170_stand.jpg,违章01,33.0,368,171,528,331,prior_roi,stand,0
违章01/违章01_t33.2_171_stand.jpg,违章01,33.24,368,171,528,331,prior_roi,stand,0
违章01/违章01_t33.2_172_off.jpg,违章01,33.24,368,171,528,331,impostor,off,0
违章01/违章01_t33.5_173_stand.jpg,违章01,33.47,368,171,528,331,prior_roi,stand,0
违章01/违章01_t33.7_174_stand.jpg,违章01,33.71,368,171,528,331,prior_roi,stand,0
违章01/违章01_t33.9_175_stand.jpg,违章01,33.94,368,171,528,331,prior_roi,stand,0
违章01/违章01_t34.2_176_stand.jpg,违章01,34.18,368,171,528,331,prior_roi,stand,0
违章01/违章01_t34.4_177_stand.jpg,违章01,34.42,368,171,528,331,prior_roi,stand,0
违章01/违章01_t34.6_178_stand.jpg,违章01,34.65,368,171,528,331,prior_roi,stand,0
违章01/违章01_t34.9_179_stand.jpg,违章01,34.89,368,171,528,331,prior_roi,stand,0
违章01/违章01_t35.1_180_stand.jpg,违章01,35.12,368,171,528,331,prior_roi,stand,0
违章01/违章01_t35.4_181_stand.jpg,违章01,35.36,368,171,528,331,prior_roi,stand,0
违章01/违章01_t35.6_182_stand.jpg,违章01,35.59,368,171,528,331,prior_roi,stand,0
违章01/违章01_t35.8_183_stand.jpg,违章01,35.83,368,171,528,331,prior_roi,stand,0
违章01/违章01_t36.1_184_stand.jpg,违章01,36.07,368,171,528,331,prior_roi,stand,0
违章01/违章01_t36.3_185_stand.jpg,违章01,36.3,368,171,528,331,prior_roi,stand,0
违章01/违章01_t36.5_186_stand.jpg,违章01,36.54,368,171,528,331,prior_roi,stand,0
违章01/违章01_t36.5_187_off.jpg,违章01,36.54,869,161,1029,321,prior_off,off,0
违章01/违章01_t36.8_188_stand.jpg,违章01,36.77,368,171,528,331,prior_roi,stand,0
违章01/违章01_t37.0_189_stand.jpg,违章01,37.01,368,171,528,331,prior_roi,stand,0
违章01/违章01_t37.2_190_stand.jpg,违章01,37.24,368,171,528,331,prior_roi,stand,0
违章01/违章01_t37.5_191_stand.jpg,违章01,37.48,368,171,528,331,prior_roi,stand,0
违章01/违章01_t37.7_192_stand.jpg,违章01,37.72,368,171,528,331,prior_roi,stand,0
违章01/违章01_t38.0_193_stand.jpg,违章01,37.95,368,171,528,331,prior_roi,stand,0
违章01/违章01_t38.2_194_stand.jpg,违章01,38.19,368,171,528,331,prior_roi,stand,0
违章01/违章01_t38.4_195_stand.jpg,违章01,38.42,368,171,528,331,prior_roi,stand,0
违章01/违章01_t38.4_196_off.jpg,违章01,38.42,368,171,528,331,impostor,off,0
违章01/违章01_t38.7_197_stand.jpg,违章01,38.66,368,171,528,331,prior_roi,stand,0
违章01/违章01_t38.7_198_off.jpg,违章01,38.66,368,171,528,331,impostor,off,0
违章01/违章01_t38.9_199_stand.jpg,违章01,38.89,368,171,528,331,prior_roi,stand,0
违章01/违章01_t38.9_200_off.jpg,违章01,38.89,368,171,528,331,impostor,off,0
违章01/违章01_t39.1_201_stand.jpg,违章01,39.13,368,171,528,331,prior_roi,stand,0
违章01/违章01_t39.4_202_stand.jpg,违章01,39.37,368,171,528,331,prior_roi,stand,0
违章01/违章01_t39.6_203_stand.jpg,违章01,39.6,368,171,528,331,prior_roi,stand,0
违章01/违章01_t39.6_204_off.jpg,违章01,39.6,166,160,326,320,prior_off,off,0
违章01/违章01_t39.8_205_stand.jpg,违章01,39.84,368,171,528,331,prior_roi,stand,0
违章01/违章01_t40.1_206_stand.jpg,违章01,40.07,368,171,528,331,prior_roi,stand,0
违章01/违章01_t40.3_207_stand.jpg,违章01,40.31,368,171,528,331,prior_roi,stand,0
违章01/违章01_t40.5_208_stand.jpg,违章01,40.54,368,171,528,331,prior_roi,stand,0
违章01/违章01_t40.8_209_stand.jpg,违章01,40.78,368,171,528,331,prior_roi,stand,0
违章01/违章01_t41.0_210_stand.jpg,违章01,41.02,368,171,528,331,prior_roi,stand,0
违章01/违章01_t41.2_211_stand.jpg,违章01,41.25,368,171,528,331,prior_roi,stand,0
违章01/违章01_t41.5_212_stand.jpg,违章01,41.49,368,171,528,331,prior_roi,stand,0
违章01/违章01_t41.7_213_stand.jpg,违章01,41.72,368,171,528,331,prior_roi,stand,0
违章01/违章01_t41.7_214_off.jpg,违章01,41.72,368,171,528,331,impostor,off,0
违章01/违章01_t42.0_215_stand.jpg,违章01,41.96,368,171,528,331,prior_roi,stand,0
违章01/违章01_t42.0_216_off.jpg,违章01,41.96,368,171,528,331,impostor,off,0
违章01/违章01_t42.2_217_stand.jpg,违章01,42.19,368,171,528,331,prior_roi,stand,0
违章01/违章01_t42.2_218_off.jpg,违章01,42.19,490,106,650,266,prior_off,off,0
违章01/违章01_t42.4_219_stand.jpg,违章01,42.43,368,171,528,331,prior_roi,stand,0
违章01/违章01_t42.4_220_off.jpg,违章01,42.43,368,171,528,331,impostor,off,0
违章01/违章01_t42.7_221_stand.jpg,违章01,42.67,368,171,528,331,prior_roi,stand,0
违章01/违章01_t42.9_222_stand.jpg,违章01,42.9,368,171,528,331,prior_roi,stand,0
违章01/违章01_t43.1_223_stand.jpg,违章01,43.14,368,171,528,331,prior_roi,stand,0
违章01/违章01_t43.4_224_stand.jpg,违章01,43.37,368,171,528,331,prior_roi,stand,0
违章01/违章01_t43.6_225_stand.jpg,违章01,43.61,368,171,528,331,prior_roi,stand,0
违章01/违章01_t43.8_226_stand.jpg,违章01,43.84,368,171,528,331,prior_roi,stand,0
违章01/违章01_t44.1_227_stand.jpg,违章01,44.08,368,171,528,331,prior_roi,stand,0
违章01/违章01_t44.3_228_stand.jpg,违章01,44.32,368,171,528,331,prior_roi,stand,0
违章01/违章01_t44.5_229_stand.jpg,违章01,44.55,368,171,528,331,prior_roi,stand,0
违章01/违章01_t44.8_230_stand.jpg,违章01,44.79,368,171,528,331,prior_roi,stand,0
违章01/违章01_t45.0_231_stand.jpg,违章01,45.02,368,171,528,331,prior_roi,stand,0
违章01/违章01_t45.3_232_stand.jpg,违章01,45.26,368,171,528,331,prior_roi,stand,0
违章01/违章01_t45.5_233_stand.jpg,违章01,45.5,368,171,528,331,prior_roi,stand,0
违章01/违章01_t45.7_234_stand.jpg,违章01,45.73,368,171,528,331,prior_roi,stand,0
违章01/违章01_t46.0_235_stand.jpg,违章01,45.97,368,171,528,331,prior_roi,stand,0
违章01/违章01_t46.0_236_off.jpg,违章01,45.97,368,171,528,331,impostor,off,0
违章01/违章01_t46.2_237_stand.jpg,违章01,46.2,368,171,528,331,prior_roi,stand,0
违章01/违章01_t46.2_238_off.jpg,违章01,46.2,368,171,528,331,impostor,off,0
违章01/违章01_t46.4_239_stand.jpg,违章01,46.44,368,171,528,331,prior_roi,stand,0
违章01/违章01_t46.4_240_off.jpg,违章01,46.44,368,171,528,331,impostor,off,0
违章01/违章01_t46.7_241_stand.jpg,违章01,46.67,368,171,528,331,prior_roi,stand,0
违章01/违章01_t46.7_242_off.jpg,违章01,46.67,368,171,528,331,impostor,off,0
违章01/违章01_t46.9_243_stand.jpg,违章01,46.91,368,171,528,331,prior_roi,stand,0
违章01/违章01_t46.9_244_off.jpg,违章01,46.91,368,171,528,331,impostor,off,0
违章01/违章01_t47.1_245_stand.jpg,违章01,47.15,368,171,528,331,prior_roi,stand,0
违章01/违章01_t47.1_246_off.jpg,违章01,47.15,368,171,528,331,impostor,off,0
违章01/违章01_t47.4_247_stand.jpg,违章01,47.38,368,171,528,331,prior_roi,stand,0
违章01/违章01_t47.4_248_off.jpg,违章01,47.38,368,171,528,331,impostor,off,0
违章01/违章01_t47.6_249_stand.jpg,违章01,47.62,368,171,528,331,prior_roi,stand,0
违章01/违章01_t47.6_250_off.jpg,违章01,47.62,368,171,528,331,impostor,off,0
违章01/违章01_t47.9_251_stand.jpg,违章01,47.85,368,171,528,331,prior_roi,stand,0
违章01/违章01_t47.9_252_off.jpg,违章01,47.85,368,171,528,331,impostor,off,0
违章01/违章01_t47.9_253_off.jpg,违章01,47.85,973,300,1133,460,prior_off,off,0
违章01/违章01_t48.1_254_off.jpg,违章01,48.09,368,171,528,331,impostor,off,0
违章01/违章01_t48.3_255_off.jpg,违章01,48.32,368,171,528,331,impostor,off,0
违章01/违章01_t51.6_256_off.jpg,违章01,51.62,368,171,528,331,impostor,off,0
违章01/违章01_t51.9_257_off.jpg,违章01,51.86,368,171,528,331,impostor,off,0
违章01/违章01_t52.1_258_off.jpg,违章01,52.1,368,171,528,331,impostor,off,0
违章01/违章01_t52.3_259_off.jpg,违章01,52.33,368,171,528,331,impostor,off,0
违章01/违章01_t52.6_260_off.jpg,违章01,52.57,368,171,528,331,impostor,off,0
违章01/违章01_t52.8_261_off.jpg,违章01,52.8,368,171,528,331,impostor,off,0
违章01/违章01_t52.8_262_off.jpg,违章01,52.8,0,410,132,570,prior_off,off,0
违章01/违章01_t53.0_263_off.jpg,违章01,53.04,368,171,528,331,impostor,off,0
违章01/违章01_t54.0_264_off.jpg,违章01,53.98,878,424,1038,584,prior_off,off,0
违章01/违章01_t55.2_265_off.jpg,违章01,55.16,368,171,528,331,impostor,off,0
违章01/违章01_t55.4_266_off.jpg,违章01,55.4,368,171,528,331,impostor,off,0
违章01/违章01_t55.6_267_off.jpg,违章01,55.63,368,171,528,331,impostor,off,0
违章01/违章01_t55.9_268_off.jpg,违章01,55.87,368,171,528,331,impostor,off,0
违章01/违章01_t56.1_269_off.jpg,违章01,56.1,368,171,528,331,impostor,off,0
违章01/违章01_t56.1_270_off.jpg,违章01,56.1,113,160,273,320,prior_off,off,0
违章01/违章01_t56.3_271_off.jpg,违章01,56.34,368,171,528,331,impostor,off,0
违章01/违章01_t56.6_272_off.jpg,违章01,56.57,368,171,528,331,impostor,off,0
违章01/违章01_t56.8_273_off.jpg,违章01,56.81,368,171,528,331,impostor,off,0
违章01/违章01_t57.0_274_off.jpg,违章01,57.05,368,171,528,331,impostor,off,0
违章01/违章01_t57.3_275_off.jpg,违章01,57.28,368,171,528,331,impostor,off,0
违章01/违章01_t57.3_276_off.jpg,违章01,57.28,129,626,289,720,prior_off,off,0
违章01/违章01_t57.5_277_off.jpg,违章01,57.52,368,171,528,331,impostor,off,0
违章01/违章01_t57.8_278_off.jpg,违章01,57.75,368,171,528,331,impostor,off,0
违章01/违章01_t58.0_279_off.jpg,违章01,57.99,368,171,528,331,impostor,off,0
违章01/违章01_t58.2_280_off.jpg,违章01,58.22,368,171,528,331,impostor,off,0
违章01/违章01_t58.9_281_off.jpg,违章01,58.93,149,296,309,456,prior_off,off,0
违章01/违章01_t62.7_282_stand.jpg,违章01,62.7,368,171,528,331,prior_roi,stand,0
违章01/违章01_t62.9_283_stand.jpg,违章01,62.94,368,171,528,331,prior_roi,stand,0
违章01/违章01_t63.2_284_stand.jpg,违章01,63.17,368,171,528,331,prior_roi,stand,0
违章01/违章01_t63.2_285_off.jpg,违章01,63.17,368,171,528,331,impostor,off,0
违章01/违章01_t63.4_286_stand.jpg,违章01,63.41,368,171,528,331,prior_roi,stand,0
违章01/违章01_t63.4_287_off.jpg,违章01,63.41,368,171,528,331,impostor,off,0
违章01/违章01_t63.6_288_stand.jpg,违章01,63.65,368,171,528,331,prior_roi,stand,0
违章01/违章01_t63.9_289_stand.jpg,违章01,63.88,368,171,528,331,prior_roi,stand,0
违章01/违章01_t64.1_290_stand.jpg,违章01,64.12,368,171,528,331,prior_roi,stand,0
违章01/违章01_t64.3_291_stand.jpg,违章01,64.35,368,171,528,331,prior_roi,stand,0
违章01/违章01_t64.6_292_stand.jpg,违章01,64.59,368,171,528,331,prior_roi,stand,0
违章01/违章01_t64.8_293_stand.jpg,违章01,64.82,368,171,528,331,prior_roi,stand,0
违章01/违章01_t65.1_294_stand.jpg,违章01,65.06,368,171,528,331,prior_roi,stand,0
违章01/违章01_t65.1_295_off.jpg,违章01,65.06,424,293,584,453,prior_off,off,0
违章01/违章01_t65.3_296_stand.jpg,违章01,65.3,368,171,528,331,prior_roi,stand,0
违章01/违章01_t65.5_297_stand.jpg,违章01,65.53,368,171,528,331,prior_roi,stand,0
违章01/违章01_t65.5_298_off.jpg,违章01,65.53,368,171,528,331,impostor,off,0
违章01/违章01_t65.8_299_stand.jpg,违章01,65.77,368,171,528,331,prior_roi,stand,0
违章01/违章01_t66.0_300_stand.jpg,违章01,66.0,368,171,528,331,prior_roi,stand,0
违章01/违章01_t66.0_301_off.jpg,违章01,66.0,368,171,528,331,impostor,off,0
违章01/违章01_t66.2_302_stand.jpg,违章01,66.24,368,171,528,331,prior_roi,stand,0
违章01/违章01_t66.5_303_stand.jpg,违章01,66.47,368,171,528,331,prior_roi,stand,0
违章01/违章01_t53.8_304_off.jpg,违章01,53.75,877,627,913,720,impostor_outside,off,0
违章01/违章01_t64.1_305_off.jpg,违章01,64.12,847,149,983,191,impostor_outside,off,0
违章01/违章01_t42.0_306_off.jpg,违章01,41.96,873,140,1056,281,impostor_outside,off,0
违章01/违章01_t56.8_307_off.jpg,违章01,56.81,987,135,1186,283,impostor_outside,off,0
违章01/违章01_t46.7_308_off.jpg,违章01,46.67,832,109,993,207,impostor_outside,off,0
违章01/违章01_t55.6_309_off.jpg,违章01,55.63,302,403,317,414,impostor_outside,off,0
违章01/违章01_t10.4_310_off.jpg,违章01,10.37,236,160,248,194,impostor_outside,off,0
违章01/违章01_t5.4_311_off.jpg,违章01,5.42,548,166,636,195,impostor_outside,off,0
违章01/违章01_t59.6_312_off.jpg,违章01,59.64,193,437,251,496,impostor_outside,off,0
违章01/违章01_t57.0_313_off.jpg,违章01,57.05,216,392,283,521,impostor_outside,off,0
违章01/违章01_t48.1_314_off.jpg,违章01,48.09,981,101,1087,221,impostor_outside,off,0
违章01/违章01_t58.5_315_off.jpg,违章01,58.46,161,315,264,364,impostor_outside,off,0
违章01/违章01_t56.3_316_off.jpg,违章01,56.34,332,332,460,390,impostor_outside,off,0
违章01/违章01_t53.8_317_off.jpg,违章01,53.75,240,439,345,526,impostor_outside,off,0
违章01/违章01_t50.0_318_off.jpg,违章01,49.97,809,647,927,720,impostor_outside,off,0
违章01/违章01_t7.3_319_off.jpg,违章01,7.31,538,170,639,201,impostor_outside,off,0
违章01/违章01_t51.4_320_off.jpg,违章01,51.39,718,463,782,508,impostor_outside,off,0
违章01/违章01_t38.0_321_off.jpg,违章01,37.95,640,158,729,244,impostor_outside,off,0
违章01/违章01_t28.8_322_off.jpg,违章01,28.76,610,229,624,250,impostor_outside,off,0
违章01/违章01_t47.4_323_off.jpg,违章01,47.38,832,108,996,206,impostor_outside,off,0
违章01/违章01_t57.3_324_off.jpg,违章01,57.28,988,136,1186,284,impostor_outside,off,0
违章01/违章01_t56.1_325_off.jpg,违章01,56.1,988,134,1079,232,impostor_outside,off,0
违章01/违章01_t55.6_326_off.jpg,违章01,55.63,508,643,604,713,impostor_outside,off,0
违章01/违章01_t39.8_327_off.jpg,违章01,39.84,706,152,837,203,impostor_outside,off,0
违章01/违章01_t64.1_328_off.jpg,违章01,64.12,967,236,995,247,impostor_outside,off,0
违章01/违章01_t58.0_329_off.jpg,违章01,57.99,292,571,336,624,impostor_outside,off,0
违章01/违章01_t38.4_330_off.jpg,违章01,38.42,641,159,762,243,impostor_outside,off,0
违章01/违章01_t62.2_331_off.jpg,违章01,62.23,363,621,380,638,impostor_outside,off,0
违章01/违章01_t56.3_332_off.jpg,违章01,56.34,1080,448,1148,482,impostor_outside,off,0
违章01/违章01_t56.6_333_off.jpg,违章01,56.57,1165,457,1244,491,impostor_outside,off,0
违章01/违章01_t59.6_334_off.jpg,违章01,59.64,88,225,178,305,impostor_outside,off,0
违章01/违章01_t58.5_335_off.jpg,违章01,58.46,845,141,1002,237,impostor_outside,off,0
违章01/违章01_t55.2_336_off.jpg,违章01,55.16,839,139,990,197,impostor_outside,off,0
违章01/违章01_t58.5_337_off.jpg,违章01,58.46,164,356,267,401,impostor_outside,off,0
违章01/违章01_t62.7_338_off.jpg,违章01,62.7,837,146,1001,243,impostor_outside,off,0
违章01/违章01_t65.5_339_off.jpg,违章01,65.53,833,149,994,245,impostor_outside,off,0
违章01/违章01_t60.8_340_off.jpg,违章01,60.82,70,314,84,322,impostor_outside,off,0
违章01/违章01_t51.9_341_off.jpg,违章01,51.86,469,22,557,84,impostor_outside,off,0
违章01/违章01_t0.9_342_off.jpg,违章01,0.94,546,163,565,171,impostor_outside,off,0
违章01/违章01_t55.4_343_off.jpg,违章01,55.4,36,270,127,298,impostor_outside,off,0
违章01/违章01_t54.9_344_off.jpg,违章01,54.92,484,429,492,447,impostor_outside,off,0
违章01/违章01_t6.4_345_off.jpg,违章01,6.36,732,136,847,192,impostor_outside,off,0
违章01/违章01_t59.6_346_off.jpg,违章01,59.64,145,432,185,492,impostor_outside,off,0
违章01/违章01_t63.6_347_off.jpg,违章01,63.65,835,149,999,245,impostor_outside,off,0
违章01/违章01_t53.8_348_off.jpg,违章01,53.75,598,444,609,462,impostor_outside,off,0
违章01/违章01_t40.8_349_off.jpg,违章01,40.78,876,145,964,245,impostor_outside,off,0
违章01/违章01_t56.1_350_off.jpg,违章01,56.1,840,141,1003,237,impostor_outside,off,0
违章01/违章01_t54.7_351_off.jpg,违章01,54.69,64,186,169,268,impostor_outside,off,0
违章01/违章01_t57.5_352_off.jpg,违章01,57.52,238,325,359,375,impostor_outside,off,0
违章01/违章01_t11.6_353_off.jpg,违章01,11.55,716,91,789,161,impostor_outside,off,0
违章01/违章01_t59.2_354_off.jpg,违章01,59.17,235,482,243,490,impostor_outside,off,0
违章01/违章01_t7.1_355_off.jpg,违章01,7.07,538,169,638,201,impostor_outside,off,0
违章01/违章01_t61.5_356_off.jpg,违章01,61.52,987,137,1184,285,impostor_outside,off,0
违章01/违章01_t52.1_357_off.jpg,违章01,52.1,1072,702,1098,717,impostor_outside,off,0
违章01/违章01_t54.7_358_off.jpg,违章01,54.69,492,400,517,424,impostor_outside,off,0
违章01/违章01_t1.6_359_off.jpg,违章01,1.65,850,122,892,162,impostor_outside,off,0
违章01/违章01_t57.0_360_off.jpg,违章01,57.05,273,325,391,388,impostor_outside,off,0
违章01/违章01_t55.2_361_off.jpg,违章01,55.16,489,399,646,464,impostor_outside,off,0
违章01/违章01_t41.2_362_off.jpg,违章01,41.25,878,144,1061,286,impostor_outside,off,0
违章01/违章01_t38.7_363_off.jpg,违章01,38.66,642,158,777,242,impostor_outside,off,0
违章01/违章01_t55.9_364_off.jpg,违章01,55.87,284,382,296,392,impostor_outside,off,0
违章01/违章01_t58.7_365_off.jpg,违章01,58.7,243,557,268,595,impostor_outside,off,0
违章01/违章01_t56.1_366_off.jpg,违章01,56.1,64,316,79,328,impostor_outside,off,0
违章01/违章01_t59.9_367_off.jpg,违章01,59.87,167,473,195,493,impostor_outside,off,0
违章01/违章01_t58.7_368_off.jpg,违章01,58.7,141,222,243,324,impostor_outside,off,0
违章01/违章01_t6.1_369_off.jpg,违章01,6.13,738,137,847,183,impostor_outside,off,0
违章01/违章01_t20.0_370_off.jpg,违章01,20.04,881,227,889,235,impostor_outside,off,0
违章01/违章01_t59.4_371_off.jpg,违章01,59.4,153,312,202,347,impostor_outside,off,0
违章01/违章01_t13.7_372_off.jpg,违章01,13.67,1111,129,1195,165,impostor_outside,off,0
违章01/违章01_t50.0_373_off.jpg,违章01,49.97,1179,245,1280,283,impostor_outside,off,0
违章01/违章01_t54.5_374_off.jpg,违章01,54.45,169,425,271,517,impostor_outside,off,0
违章01/违章01_t56.6_375_off.jpg,违章01,56.57,48,308,72,318,impostor_outside,off,0
违章01/违章01_t52.6_376_off.jpg,违章01,52.57,859,639,881,653,impostor_outside,off,0
违章01/违章01_t3.1_377_off.jpg,违章01,3.06,546,161,636,201,impostor_outside,off,0
违章01/违章01_t0.0_378_off.jpg,违章01,0.0,823,105,880,169,impostor_outside,off,0
违章01/违章01_t44.5_379_off.jpg,违章01,44.55,776,111,936,207,impostor_outside,off,0
违章01/违章01_t54.7_380_off.jpg,违章01,54.69,595,423,778,492,impostor_outside,off,0
违章01/违章01_t58.9_381_off.jpg,违章01,58.93,112,225,215,319,impostor_outside,off,0
违章01/违章01_t53.8_382_off.jpg,违章01,53.75,164,310,300,349,impostor_outside,off,0
违章01/违章01_t55.2_383_off.jpg,违章01,55.16,402,410,487,571,impostor_outside,off,0
违章01/违章01_t61.3_384_off.jpg,违章01,61.29,986,137,1136,284,impostor_outside,off,0
违章01/违章01_t58.2_385_off.jpg,违章01,58.22,274,567,314,617,impostor_outside,off,0
违章01/违章01_t53.8_386_off.jpg,违章01,53.75,922,679,1041,720,impostor_outside,off,0
违章01/违章01_t54.7_387_off.jpg,违章01,54.69,484,426,593,599,impostor_outside,off,0
违章01/违章01_t56.3_388_off.jpg,违章01,56.34,235,488,249,526,impostor_outside,off,0
违章01/违章01_t56.1_389_off.jpg,违章01,56.1,351,332,481,393,impostor_outside,off,0
违章01/违章01_t10.4_390_off.jpg,违章01,10.37,541,145,646,239,impostor_outside,off,0
违章01/违章01_t41.5_391_off.jpg,违章01,41.49,735,148,891,241,impostor_outside,off,0
违章01/违章01_t53.0_392_off.jpg,违章01,53.04,1044,688,1057,710,impostor_outside,off,0
违章01/违章01_t54.5_393_off.jpg,违章01,54.45,945,223,956,232,impostor_outside,off,0
违章01/违章01_t55.2_394_off.jpg,违章01,55.16,398,498,473,645,impostor_outside,off,0
违章01/违章01_t9.9_395_off.jpg,违章01,9.9,121,175,141,194,impostor_outside,off,0
违章01/违章01_t62.2_396_off.jpg,违章01,62.23,838,143,1000,242,impostor_outside,off,0
违章01/违章01_t57.8_397_off.jpg,违章01,57.75,260,459,409,566,impostor_outside,off,0
违章01/违章01_t59.9_398_off.jpg,违章01,59.87,150,317,170,335,impostor_outside,off,0
违章01/违章01_t37.5_399_off.jpg,违章01,37.48,682,157,751,240,impostor_outside,off,0
违章01/违章01_t58.2_400_off.jpg,违章01,58.22,174,358,285,409,impostor_outside,off,0
违章01/违章01_t56.8_401_off.jpg,违章01,56.81,395,605,483,667,impostor_outside,off,0
违章01/违章01_t56.8_402_off.jpg,违章01,56.81,844,141,1003,237,impostor_outside,off,0
违章01/违章01_t54.7_403_off.jpg,违章01,54.69,485,408,497,422,impostor_outside,off,0
违章01/违章01_t66.0_404_off.jpg,违章01,66.0,831,149,991,244,impostor_outside,off,0
违章01/违章01_t61.0_405_off.jpg,违章01,61.05,9,240,61,300,impostor_outside,off,0
违章01/违章01_t55.4_406_off.jpg,违章01,55.4,839,140,996,214,impostor_outside,off,0
违章01/违章01_t55.4_407_off.jpg,违章01,55.4,343,496,444,632,impostor_outside,off,0
违章01/违章01_t13.7_408_off.jpg,违章01,13.67,1218,123,1280,222,impostor_outside,off,0
违章01/违章01_t56.3_409_off.jpg,违章01,56.34,422,426,461,447,impostor_outside,off,0
违章01/违章01_t44.1_410_off.jpg,违章01,44.08,763,116,921,213,impostor_outside,off,0
违章01/违章01_t49.7_411_off.jpg,违章01,49.74,896,675,1029,720,impostor_outside,off,0
违章01/违章01_t1.9_412_off.jpg,违章01,1.89,865,130,887,151,impostor_outside,off,0
违章01/违章01_t54.7_413_off.jpg,违章01,54.69,560,620,575,629,impostor_outside,off,0
违章01/违章01_t52.6_414_off.jpg,违章01,52.57,850,634,858,642,impostor_outside,off,0
违章01/违章01_t46.9_415_off.jpg,违章01,46.91,979,101,1179,250,impostor_outside,off,0
违章01/违章01_t52.3_416_off.jpg,违章01,52.33,261,492,353,653,impostor_outside,off,0
违章01/违章01_t4.0_417_off.jpg,违章01,4.01,859,107,909,157,impostor_outside,off,0
违章01/违章01_t9.7_418_off.jpg,违章01,9.66,135,171,156,204,impostor_outside,off,0
违章01/违章01_t52.8_419_off.jpg,违章01,52.8,1197,641,1252,666,impostor_outside,off,0
违章01/违章01_t56.1_420_off.jpg,违章01,56.1,252,493,333,614,impostor_outside,off,0
违章01/违章01_t58.5_421_off.jpg,违章01,58.46,259,562,288,607,impostor_outside,off,0
违章01/违章01_t0.9_422_off.jpg,违章01,0.94,679,165,689,174,impostor_outside,off,0
违章01/违章01_t1.6_423_off.jpg,违章01,1.65,796,141,828,163,impostor_outside,off,0
违章01/违章01_t54.7_424_off.jpg,违章01,54.69,520,394,569,421,impostor_outside,off,0
违章01/违章01_t54.9_425_off.jpg,违章01,54.92,64,268,156,303,impostor_outside,off,0
违章01/违章01_t59.4_426_off.jpg,违章01,59.4,85,226,184,311,impostor_outside,off,0
违章01/违章01_t54.9_427_off.jpg,违章01,54.92,539,413,712,476,impostor_outside,off,0
违章01/违章01_t41.2_428_off.jpg,违章01,41.25,738,149,893,244,impostor_outside,off,0
违章01/违章01_t9.7_429_off.jpg,违章01,9.66,628,210,637,222,impostor_outside,off,0
违章01/违章01_t55.4_430_off.jpg,违章01,55.4,550,660,600,720,impostor_outside,off,0
违章01/违章01_t54.0_431_off.jpg,违章01,53.98,842,661,1029,720,impostor_outside,off,0
违章01/违章01_t55.2_432_off.jpg,违章01,55.16,45,267,142,301,impostor_outside,off,0
违章01/违章01_t43.8_433_off.jpg,违章01,43.84,894,112,981,206,impostor_outside,off,0
违章01/违章01_t24.5_434_off.jpg,违章01,24.52,736,287,982,368,impostor_outside,off,0
违章01/违章01_t66.2_435_off.jpg,违章01,66.24,910,148,989,241,impostor_outside,off,0
违章01/违章01_t56.3_436_off.jpg,违章01,56.34,988,134,1091,280,impostor_outside,off,0
违章01/违章01_t65.8_437_off.jpg,违章01,65.77,833,149,994,245,impostor_outside,off,0
违章01/违章01_t57.8_438_off.jpg,违章01,57.75,302,411,336,426,impostor_outside,off,0
违章01/违章01_t53.5_439_off.jpg,违章01,53.51,819,27,969,124,impostor_outside,off,0
违章01/违章01_t58.7_440_off.jpg,违章01,58.7,159,359,254,399,impostor_outside,off,0
违章01/违章01_t56.8_441_off.jpg,违章01,56.81,236,461,259,471,impostor_outside,off,0
违章01/违章01_t5.7_442_off.jpg,违章01,5.66,545,167,645,206,impostor_outside,off,0
违章01/违章01_t54.7_443_off.jpg,违章01,54.69,516,602,536,664,impostor_outside,off,0
违章01/违章01_t61.5_444_off.jpg,违章01,61.52,837,142,1001,240,impostor_outside,off,0
违章01/违章01_t62.2_445_off.jpg,违章01,62.23,986,139,1184,287,impostor_outside,off,0
违章01/违章01_t54.9_446_off.jpg,违章01,54.92,839,139,986,187,impostor_outside,off,0
违章01/违章01_t54.9_447_off.jpg,违章01,54.92,448,417,456,427,impostor_outside,off,0
违章01/违章01_t42.2_448_off.jpg,违章01,42.19,873,137,962,239,impostor_outside,off,0
违章01/违章01_t55.2_449_off.jpg,违章01,55.16,119,297,154,316,impostor_outside,off,0
违章01/违章01_t58.9_450_off.jpg,违章01,58.93,234,568,272,598,impostor_outside,off,0
违章01/违章01_t55.4_451_off.jpg,违章01,55.4,115,299,142,314,impostor_outside,off,0
违章01/违章01_t54.9_452_off.jpg,违章01,54.92,544,352,710,418,impostor_outside,off,0
违章01/违章01_t62.0_453_off.jpg,违章01,62.0,268,677,288,696,impostor_outside,off,0
违章01/违章01_t56.3_454_off.jpg,违章01,56.34,0,196,84,263,impostor_outside,off,0
违章01/违章01_t56.6_455_off.jpg,违章01,56.57,265,460,282,472,impostor_outside,off,0
违章01/违章01_t65.8_456_off.jpg,违章01,65.77,23,437,32,445,impostor_outside,off,0
违章01/违章01_t46.9_457_off.jpg,违章01,46.91,830,110,995,207,impostor_outside,off,0
违章01/违章01_t56.3_458_off.jpg,违章01,56.34,248,377,277,388,impostor_outside,off,0
违章01/违章01_t38.2_459_off.jpg,违章01,38.19,640,159,746,245,impostor_outside,off,0
违章01/违章01_t55.9_460_off.jpg,违章01,55.87,332,382,341,390,impostor_outside,off,0
违章01/违章01_t56.8_461_off.jpg,违章01,56.81,293,372,422,430,impostor_outside,off,0
违章01/违章01_t62.2_462_off.jpg,违章01,62.23,263,670,298,688,impostor_outside,off,0
违章01/违章01_t58.2_463_off.jpg,违章01,58.22,168,318,282,371,impostor_outside,off,0
违章01/违章01_t53.8_464_off.jpg,违章01,53.75,949,560,1007,590,impostor_outside,off,0
违章01/违章01_t56.6_465_off.jpg,违章01,56.57,416,612,507,677,impostor_outside,off,0
违章01/违章01_t56.3_466_off.jpg,违章01,56.34,840,142,1003,237,impostor_outside,off,0
违章01/违章01_t21.0_467_off.jpg,违章01,20.98,1055,217,1196,306,impostor_outside,off,0
违章01/违章01_t3.1_468_off.jpg,违章01,3.06,647,154,713,183,impostor_outside,off,0
违章01/违章01_t56.1_469_off.jpg,违章01,56.1,456,628,548,692,impostor_outside,off,0
违章01/违章01_t47.1_470_off.jpg,违章01,47.15,831,110,996,206,impostor_outside,off,0
违章01/违章01_t52.1_471_off.jpg,违章01,52.1,425,37,504,95,impostor_outside,off,0
违章01/违章01_t45.3_472_off.jpg,违章01,45.26,805,109,965,205,impostor_outside,off,0
违章01/违章01_t63.9_473_off.jpg,违章01,63.88,503,449,515,461,impostor_outside,off,0
违章01/违章01_t22.9_474_off.jpg,违章01,22.87,701,241,775,265,impostor_outside,off,0
违章01/违章01_t52.3_475_off.jpg,违章01,52.33,1164,340,1181,353,impostor_outside,off,0
违章01/违章01_t44.3_476_off.jpg,违章01,44.32,913,106,1106,250,impostor_outside,off,0
违章01/违章01_t56.3_477_off.jpg,违章01,56.34,12,230,20,241,impostor_outside,off,0
违章01/违章01_t57.0_478_off.jpg,违章01,57.05,227,458,242,467,impostor_outside,off,0
违章01/违章01_t6.8_479_off.jpg,违章01,6.84,838,96,848,109,impostor_outside,off,0
违章01/违章01_t59.6_480_off.jpg,违章01,59.64,161,390,190,400,impostor_outside,off,0
违章01/违章01_t53.3_481_off.jpg,违章01,53.27,641,580,705,720,impostor_outside,off,0
违章01/违章01_t58.9_482_off.jpg,违章01,58.93,155,316,235,356,impostor_outside,off,0
违章01/违章01_t1.2_483_off.jpg,违章01,1.18,804,158,814,170,impostor_outside,off,0
违章01/违章01_t53.8_484_off.jpg,违章01,53.75,613,567,660,720,impostor_outside,off,0
违章01/违章01_t54.2_485_off.jpg,违章01,54.22,792,650,993,720,impostor_outside,off,0
违章01/违章01_t54.5_486_off.jpg,违章01,54.45,106,181,206,267,impostor_outside,off,0
违章02/违章02_t0.0_0_stand.jpg,违章02,0.0,841,42,1001,202,prior_roi,stand,0
违章02/违章02_t0.2_1_stand.jpg,违章02,0.24,841,42,1001,202,prior_roi,stand,0
违章02/违章02_t0.5_2_stand.jpg,违章02,0.47,841,42,1001,202,prior_roi,stand,0
违章02/违章02_t0.7_3_stand.jpg,违章02,0.71,841,42,1001,202,prior_roi,stand,0
违章02/违章02_t0.9_4_stand.jpg,违章02,0.94,841,42,1001,202,prior_roi,stand,0
违章02/违章02_t1.2_5_stand.jpg,违章02,1.18,841,42,1001,202,prior_roi,stand,0
违章02/违章02_t1.2_6_off.jpg,违章02,1.18,841,42,1001,202,impostor,off,0
违章02/违章02_t1.4_7_stand.jpg,违章02,1.41,841,42,1001,202,prior_roi,stand,0
违章02/违章02_t1.6_8_stand.jpg,违章02,1.65,841,42,1001,202,prior_roi,stand,0
违章02/违章02_t1.6_9_off.jpg,违章02,1.65,841,42,1001,202,impostor,off,0
违章02/违章02_t1.9_10_stand.jpg,违章02,1.89,841,42,1001,202,prior_roi,stand,0
违章02/违章02_t1.9_11_off.jpg,违章02,1.89,841,42,1001,202,impostor,off,0
违章02/违章02_t2.1_12_stand.jpg,违章02,2.12,841,42,1001,202,prior_roi,stand,0
违章02/违章02_t2.1_13_off.jpg,违章02,2.12,841,42,1001,202,impostor,off,0
违章02/违章02_t2.4_14_stand.jpg,违章02,2.36,841,42,1001,202,prior_roi,stand,0
违章02/违章02_t2.6_15_stand.jpg,违章02,2.59,841,42,1001,202,prior_roi,stand,0
违章02/违章02_t2.8_16_stand.jpg,违章02,2.83,841,42,1001,202,prior_roi,stand,0
违章02/违章02_t3.1_17_stand.jpg,违章02,3.06,841,42,1001,202,prior_roi,stand,0
违章02/违章02_t3.1_18_off.jpg,违章02,3.06,841,42,1001,202,impostor,off,0
违章02/违章02_t3.3_19_stand.jpg,违章02,3.3,841,42,1001,202,prior_roi,stand,0
违章02/违章02_t3.5_20_stand.jpg,违章02,3.54,841,42,1001,202,prior_roi,stand,0
违章02/违章02_t3.8_21_stand.jpg,违章02,3.77,841,42,1001,202,prior_roi,stand,0
违章02/违章02_t4.0_22_stand.jpg,违章02,4.01,841,42,1001,202,prior_roi,stand,0
违章02/违章02_t4.2_23_stand.jpg,违章02,4.24,841,42,1001,202,prior_roi,stand,0
违章02/违章02_t4.5_24_stand.jpg,违章02,4.48,841,42,1001,202,prior_roi,stand,0
违章02/违章02_t4.7_25_stand.jpg,违章02,4.71,841,42,1001,202,prior_roi,stand,0
违章02/违章02_t5.0_26_stand.jpg,违章02,4.95,841,42,1001,202,prior_roi,stand,0
违章02/违章02_t5.2_27_stand.jpg,违章02,5.19,841,42,1001,202,prior_roi,stand,0
违章02/违章02_t5.4_28_stand.jpg,违章02,5.42,841,42,1001,202,prior_roi,stand,0
违章02/违章02_t5.7_29_stand.jpg,违章02,5.66,841,42,1001,202,prior_roi,stand,0
违章02/违章02_t5.9_30_stand.jpg,违章02,5.89,841,42,1001,202,prior_roi,stand,0
违章02/违章02_t6.1_31_stand.jpg,违章02,6.13,841,42,1001,202,prior_roi,stand,0
违章02/违章02_t6.4_32_stand.jpg,违章02,6.36,841,42,1001,202,prior_roi,stand,0
违章02/违章02_t6.6_33_stand.jpg,违章02,6.6,841,42,1001,202,prior_roi,stand,0
违章02/违章02_t6.8_34_stand.jpg,违章02,6.84,841,42,1001,202,prior_roi,stand,0
违章02/违章02_t6.8_35_off.jpg,违章02,6.84,841,42,1001,202,impostor,off,0
违章02/违章02_t7.1_36_stand.jpg,违章02,7.07,841,42,1001,202,prior_roi,stand,0
违章02/违章02_t7.1_37_off.jpg,违章02,7.07,841,42,1001,202,impostor,off,0
违章02/违章02_t7.3_38_stand.jpg,违章02,7.31,841,42,1001,202,prior_roi,stand,0
违章02/违章02_t7.3_39_off.jpg,违章02,7.31,841,42,1001,202,impostor,off,0
违章02/违章02_t7.5_40_stand.jpg,违章02,7.54,841,42,1001,202,prior_roi,stand,0
违章02/违章02_t7.5_41_off.jpg,违章02,7.54,841,42,1001,202,impostor,off,0
违章02/违章02_t7.8_42_stand.jpg,违章02,7.78,841,42,1001,202,prior_roi,stand,0
违章02/违章02_t7.8_43_off.jpg,违章02,7.78,841,42,1001,202,impostor,off,0
违章02/违章02_t8.0_44_stand.jpg,违章02,8.01,841,42,1001,202,prior_roi,stand,0
违章02/违章02_t8.2_45_stand.jpg,违章02,8.25,841,42,1001,202,prior_roi,stand,0
违章02/违章02_t8.2_46_off.jpg,违章02,8.25,763,447,923,607,prior_off,off,0
违章02/违章02_t8.5_47_stand.jpg,违章02,8.49,841,42,1001,202,prior_roi,stand,0
违章02/违章02_t8.7_48_stand.jpg,违章02,8.72,841,42,1001,202,prior_roi,stand,0
违章02/违章02_t9.0_49_stand.jpg,违章02,8.96,841,42,1001,202,prior_roi,stand,0
违章02/违章02_t9.0_50_off.jpg,违章02,8.96,841,42,1001,202,impostor,off,0
违章02/违章02_t9.2_51_stand.jpg,违章02,9.19,841,42,1001,202,prior_roi,stand,0
违章02/违章02_t9.2_52_off.jpg,违章02,9.19,841,42,1001,202,impostor,off,0
违章02/违章02_t9.4_53_stand.jpg,违章02,9.43,841,42,1001,202,prior_roi,stand,0
违章02/违章02_t9.4_54_off.jpg,违章02,9.43,841,42,1001,202,impostor,off,0
违章02/违章02_t9.7_55_stand.jpg,违章02,9.66,841,42,1001,202,prior_roi,stand,0
违章02/违章02_t9.7_56_off.jpg,违章02,9.66,841,42,1001,202,impostor,off,0
违章02/违章02_t9.9_57_stand.jpg,违章02,9.9,841,42,1001,202,prior_roi,stand,0
违章02/违章02_t9.9_58_off.jpg,违章02,9.9,841,42,1001,202,impostor,off,0
违章02/违章02_t10.1_59_stand.jpg,违章02,10.14,841,42,1001,202,prior_roi,stand,0
违章02/违章02_t10.1_60_off.jpg,违章02,10.14,841,42,1001,202,impostor,off,0
违章02/违章02_t10.4_61_stand.jpg,违章02,10.37,841,42,1001,202,prior_roi,stand,0
违章02/违章02_t10.4_62_off.jpg,违章02,10.37,841,42,1001,202,impostor,off,0
违章02/违章02_t10.6_63_stand.jpg,违章02,10.61,841,42,1001,202,prior_roi,stand,0
违章02/违章02_t10.8_64_stand.jpg,违章02,10.84,841,42,1001,202,prior_roi,stand,0
违章02/违章02_t10.8_65_off.jpg,违章02,10.84,841,42,1001,202,impostor,off,0
违章02/违章02_t11.1_66_stand.jpg,违章02,11.08,841,42,1001,202,prior_roi,stand,0
违章02/违章02_t11.1_67_off.jpg,违章02,11.08,186,161,346,321,prior_off,off,0
违章02/违章02_t11.3_68_stand.jpg,违章02,11.31,841,42,1001,202,prior_roi,stand,0
违章02/违章02_t11.6_69_stand.jpg,违章02,11.55,841,42,1001,202,prior_roi,stand,0
违章02/违章02_t11.8_70_stand.jpg,违章02,11.79,841,42,1001,202,prior_roi,stand,0
违章02/违章02_t12.0_71_stand.jpg,违章02,12.02,841,42,1001,202,prior_roi,stand,0
违章02/违章02_t12.3_72_stand.jpg,违章02,12.26,841,42,1001,202,prior_roi,stand,0
违章02/违章02_t12.5_73_stand.jpg,违章02,12.49,841,42,1001,202,prior_roi,stand,0
违章02/违章02_t12.7_74_stand.jpg,违章02,12.73,841,42,1001,202,prior_roi,stand,0
违章02/违章02_t13.0_75_stand.jpg,违章02,12.96,841,42,1001,202,prior_roi,stand,0
违章02/违章02_t13.2_76_stand.jpg,违章02,13.2,841,42,1001,202,prior_roi,stand,0
违章02/违章02_t13.4_77_stand.jpg,违章02,13.44,841,42,1001,202,prior_roi,stand,0
违章02/违章02_t13.7_78_stand.jpg,违章02,13.67,841,42,1001,202,prior_roi,stand,0
违章02/违章02_t13.9_79_stand.jpg,违章02,13.91,841,42,1001,202,prior_roi,stand,0
违章02/违章02_t14.1_80_stand.jpg,违章02,14.14,841,42,1001,202,prior_roi,stand,0
违章02/违章02_t14.4_81_stand.jpg,违章02,14.38,841,42,1001,202,prior_roi,stand,0
违章02/违章02_t14.6_82_stand.jpg,违章02,14.61,841,42,1001,202,prior_roi,stand,0
违章02/违章02_t14.8_83_stand.jpg,违章02,14.85,841,42,1001,202,prior_roi,stand,0
违章02/违章02_t15.1_84_stand.jpg,违章02,15.09,841,42,1001,202,prior_roi,stand,0
违章02/违章02_t15.3_85_stand.jpg,违章02,15.32,841,42,1001,202,prior_roi,stand,0
违章02/违章02_t15.6_86_stand.jpg,违章02,15.56,841,42,1001,202,prior_roi,stand,0
违章02/违章02_t15.8_87_stand.jpg,违章02,15.79,841,42,1001,202,prior_roi,stand,0
违章02/违章02_t16.0_88_stand.jpg,违章02,16.03,841,42,1001,202,prior_roi,stand,0
违章02/违章02_t16.3_89_stand.jpg,违章02,16.26,841,42,1001,202,prior_roi,stand,0
违章02/违章02_t16.5_90_stand.jpg,违章02,16.5,841,42,1001,202,prior_roi,stand,0
违章02/违章02_t16.7_91_stand.jpg,违章02,16.74,841,42,1001,202,prior_roi,stand,0
违章02/违章02_t17.0_92_stand.jpg,违章02,16.97,841,42,1001,202,prior_roi,stand,0
违章02/违章02_t17.2_93_stand.jpg,违章02,17.21,841,42,1001,202,prior_roi,stand,0
违章02/违章02_t17.4_94_stand.jpg,违章02,17.44,841,42,1001,202,prior_roi,stand,0
违章02/违章02_t17.7_95_stand.jpg,违章02,17.68,841,42,1001,202,prior_roi,stand,0
违章02/违章02_t17.9_96_stand.jpg,违章02,17.92,841,42,1001,202,prior_roi,stand,0
违章02/违章02_t18.1_97_stand.jpg,违章02,18.15,841,42,1001,202,prior_roi,stand,0
违章02/违章02_t18.4_98_stand.jpg,违章02,18.39,841,42,1001,202,prior_roi,stand,0
违章02/违章02_t18.6_99_stand.jpg,违章02,18.62,841,42,1001,202,prior_roi,stand,0
违章02/违章02_t18.9_100_stand.jpg,违章02,18.86,841,42,1001,202,prior_roi,stand,0
违章02/违章02_t19.1_101_stand.jpg,违章02,19.09,841,42,1001,202,prior_roi,stand,0
违章02/违章02_t19.3_102_stand.jpg,违章02,19.33,841,42,1001,202,prior_roi,stand,0
违章02/违章02_t19.3_103_off.jpg,违章02,19.33,1151,568,1280,720,prior_off,off,0
违章02/违章02_t19.6_104_stand.jpg,违章02,19.57,841,42,1001,202,prior_roi,stand,0
违章02/违章02_t19.8_105_stand.jpg,违章02,19.8,841,42,1001,202,prior_roi,stand,0
违章02/违章02_t20.0_106_stand.jpg,违章02,20.04,841,42,1001,202,prior_roi,stand,0
违章02/违章02_t20.3_107_stand.jpg,违章02,20.27,841,42,1001,202,prior_roi,stand,0
违章02/违章02_t20.5_108_stand.jpg,违章02,20.51,841,42,1001,202,prior_roi,stand,0
违章02/违章02_t20.7_109_stand.jpg,违章02,20.74,841,42,1001,202,prior_roi,stand,0
违章02/违章02_t21.0_110_walk.jpg,违章02,20.98,841,42,1001,202,prior_roi,walk,0
违章02/违章02_t21.2_111_walk.jpg,违章02,21.22,841,42,1001,202,prior_roi,walk,0
违章02/违章02_t21.4_112_walk.jpg,违章02,21.45,841,42,1001,202,prior_roi,walk,0
违章02/违章02_t21.7_113_walk.jpg,违章02,21.69,841,42,1001,202,prior_roi,walk,0
违章02/违章02_t21.9_114_walk.jpg,违章02,21.92,841,42,1001,202,prior_roi,walk,0
违章02/违章02_t22.2_115_walk.jpg,违章02,22.16,841,42,1001,202,prior_roi,walk,0
违章02/违章02_t22.4_116_walk.jpg,违章02,22.39,841,42,1001,202,prior_roi,walk,0
违章02/违章02_t22.6_117_walk.jpg,违章02,22.63,841,42,1001,202,prior_roi,walk,0
违章02/违章02_t22.9_118_walk.jpg,违章02,22.87,841,42,1001,202,prior_roi,walk,0
违章02/违章02_t23.1_119_walk.jpg,违章02,23.1,841,42,1001,202,prior_roi,walk,0
违章02/违章02_t23.3_120_walk.jpg,违章02,23.34,841,42,1001,202,prior_roi,walk,0
违章02/违章02_t23.6_121_walk.jpg,违章02,23.57,841,42,1001,202,prior_roi,walk,0
违章02/违章02_t23.8_122_walk.jpg,违章02,23.81,841,42,1001,202,prior_roi,walk,0
违章02/违章02_t24.0_123_walk.jpg,违章02,24.04,841,42,1001,202,prior_roi,walk,0
违章02/违章02_t24.3_124_walk.jpg,违章02,24.28,841,42,1001,202,prior_roi,walk,0
违章02/违章02_t24.5_125_walk.jpg,违章02,24.52,841,42,1001,202,prior_roi,walk,0
违章02/违章02_t24.8_126_walk.jpg,违章02,24.75,841,42,1001,202,prior_roi,walk,0
违章02/违章02_t25.0_127_walk.jpg,违章02,24.99,841,42,1001,202,prior_roi,walk,0
违章02/违章02_t25.2_128_walk.jpg,违章02,25.22,841,42,1001,202,prior_roi,walk,0
违章02/违章02_t25.5_129_walk.jpg,违章02,25.46,841,42,1001,202,prior_roi,walk,0
违章02/违章02_t25.7_130_walk.jpg,违章02,25.69,841,42,1001,202,prior_roi,walk,0
违章02/违章02_t25.9_131_walk.jpg,违章02,25.93,841,42,1001,202,prior_roi,walk,0
违章02/违章02_t26.2_132_walk.jpg,违章02,26.17,841,42,1001,202,prior_roi,walk,0
违章02/违章02_t26.4_133_walk.jpg,违章02,26.4,841,42,1001,202,prior_roi,walk,0
违章02/违章02_t26.6_134_walk.jpg,违章02,26.64,841,42,1001,202,prior_roi,walk,0
违章02/违章02_t26.9_135_walk.jpg,违章02,26.87,841,42,1001,202,prior_roi,walk,0
违章02/违章02_t27.1_136_walk.jpg,违章02,27.11,841,42,1001,202,prior_roi,walk,0
违章02/违章02_t27.3_137_walk.jpg,违章02,27.34,841,42,1001,202,prior_roi,walk,0
违章02/违章02_t27.6_138_walk.jpg,违章02,27.58,841,42,1001,202,prior_roi,walk,0
违章02/违章02_t27.8_139_walk.jpg,违章02,27.82,841,42,1001,202,prior_roi,walk,0
违章02/违章02_t28.1_140_walk.jpg,违章02,28.05,841,42,1001,202,prior_roi,walk,0
违章02/违章02_t28.3_141_walk.jpg,违章02,28.29,841,42,1001,202,prior_roi,walk,0
违章02/违章02_t28.5_142_walk.jpg,违章02,28.52,841,42,1001,202,prior_roi,walk,0
违章02/违章02_t28.5_143_off.jpg,违章02,28.52,265,401,425,561,prior_off,off,0
违章02/违章02_t28.8_144_walk.jpg,违章02,28.76,841,42,1001,202,prior_roi,walk,0
违章02/违章02_t28.8_145_off.jpg,违章02,28.76,429,561,589,720,prior_off,off,0
违章02/违章02_t29.0_146_walk.jpg,违章02,28.99,841,42,1001,202,prior_roi,walk,0
违章02/违章02_t29.2_147_walk.jpg,违章02,29.23,841,42,1001,202,prior_roi,walk,0
违章02/违章02_t29.5_148_walk.jpg,违章02,29.47,841,42,1001,202,prior_roi,walk,0
违章02/违章02_t29.7_149_walk.jpg,违章02,29.7,841,42,1001,202,prior_roi,walk,0
违章02/违章02_t29.9_150_walk.jpg,违章02,29.94,841,42,1001,202,prior_roi,walk,0
违章02/违章02_t30.2_151_walk.jpg,违章02,30.17,841,42,1001,202,prior_roi,walk,0
违章02/违章02_t30.4_152_walk.jpg,违章02,30.41,841,42,1001,202,prior_roi,walk,0
违章02/违章02_t30.6_153_walk.jpg,违章02,30.64,841,42,1001,202,prior_roi,walk,0
违章02/违章02_t30.9_154_walk.jpg,违章02,30.88,841,42,1001,202,prior_roi,walk,0
违章02/违章02_t31.1_155_walk.jpg,违章02,31.12,841,42,1001,202,prior_roi,walk,0
违章02/违章02_t31.4_156_walk.jpg,违章02,31.35,841,42,1001,202,prior_roi,walk,0
违章02/违章02_t31.6_157_walk.jpg,违章02,31.59,841,42,1001,202,prior_roi,walk,0
违章02/违章02_t31.8_158_walk.jpg,违章02,31.82,841,42,1001,202,prior_roi,walk,0
违章02/违章02_t32.1_159_walk.jpg,违章02,32.06,841,42,1001,202,prior_roi,walk,0
违章02/违章02_t32.3_160_walk.jpg,违章02,32.29,841,42,1001,202,prior_roi,walk,0
违章02/违章02_t32.5_161_walk.jpg,违章02,32.53,841,42,1001,202,prior_roi,walk,0
违章02/违章02_t32.8_162_walk.jpg,违章02,32.77,841,42,1001,202,prior_roi,walk,0
违章02/违章02_t33.0_163_walk.jpg,违章02,33.0,841,42,1001,202,prior_roi,walk,0
违章02/违章02_t33.2_164_walk.jpg,违章02,33.24,841,42,1001,202,prior_roi,walk,0
违章02/违章02_t33.5_165_walk.jpg,违章02,33.47,841,42,1001,202,prior_roi,walk,0
违章02/违章02_t33.7_166_walk.jpg,违章02,33.71,841,42,1001,202,prior_roi,walk,0
违章02/违章02_t33.9_167_walk.jpg,违章02,33.94,841,42,1001,202,prior_roi,walk,0
违章02/违章02_t34.2_168_walk.jpg,违章02,34.18,841,42,1001,202,prior_roi,walk,0
违章02/违章02_t34.4_169_walk.jpg,违章02,34.42,841,42,1001,202,prior_roi,walk,0
违章02/违章02_t34.6_170_walk.jpg,违章02,34.65,841,42,1001,202,prior_roi,walk,0
违章02/违章02_t34.9_171_walk.jpg,违章02,34.89,841,42,1001,202,prior_roi,walk,0
违章02/违章02_t35.1_172_walk.jpg,违章02,35.12,841,42,1001,202,prior_roi,walk,0
违章02/违章02_t35.4_173_walk.jpg,违章02,35.36,841,42,1001,202,prior_roi,walk,0
违章02/违章02_t35.6_174_walk.jpg,违章02,35.59,841,42,1001,202,prior_roi,walk,0
违章02/违章02_t35.8_175_walk.jpg,违章02,35.83,841,42,1001,202,prior_roi,walk,0
违章02/违章02_t36.1_176_walk.jpg,违章02,36.07,841,42,1001,202,prior_roi,walk,0
违章02/违章02_t36.3_177_walk.jpg,违章02,36.3,841,42,1001,202,prior_roi,walk,0
违章02/违章02_t36.5_178_walk.jpg,违章02,36.54,841,42,1001,202,prior_roi,walk,0
违章02/违章02_t36.8_179_walk.jpg,违章02,36.77,841,42,1001,202,prior_roi,walk,0
违章02/违章02_t37.0_180_walk.jpg,违章02,37.01,841,42,1001,202,prior_roi,walk,0
违章02/违章02_t37.2_181_walk.jpg,违章02,37.24,841,42,1001,202,prior_roi,walk,0
违章02/违章02_t37.5_182_walk.jpg,违章02,37.48,841,42,1001,202,prior_roi,walk,0
违章02/违章02_t37.7_183_walk.jpg,违章02,37.72,841,42,1001,202,prior_roi,walk,0
违章02/违章02_t38.0_184_walk.jpg,违章02,37.95,841,42,1001,202,prior_roi,walk,0
违章02/违章02_t38.2_185_walk.jpg,违章02,38.19,841,42,1001,202,prior_roi,walk,0
违章02/违章02_t38.4_186_walk.jpg,违章02,38.42,841,42,1001,202,prior_roi,walk,0
违章02/违章02_t38.7_187_walk.jpg,违章02,38.66,841,42,1001,202,prior_roi,walk,0
违章02/违章02_t38.9_188_walk.jpg,违章02,38.89,841,42,1001,202,prior_roi,walk,0
违章02/违章02_t39.1_189_walk.jpg,违章02,39.13,841,42,1001,202,prior_roi,walk,0
违章02/违章02_t39.4_190_walk.jpg,违章02,39.37,841,42,1001,202,prior_roi,walk,0
违章02/违章02_t39.6_191_walk.jpg,违章02,39.6,841,42,1001,202,prior_roi,walk,0
违章02/违章02_t39.8_192_walk.jpg,违章02,39.84,841,42,1001,202,prior_roi,walk,0
违章02/违章02_t40.1_193_walk.jpg,违章02,40.07,841,42,1001,202,prior_roi,walk,0
违章02/违章02_t40.3_194_walk.jpg,违章02,40.31,841,42,1001,202,prior_roi,walk,0
违章02/违章02_t40.5_195_walk.jpg,违章02,40.54,841,42,1001,202,prior_roi,walk,0
违章02/违章02_t40.8_196_walk.jpg,违章02,40.78,841,42,1001,202,prior_roi,walk,0
违章02/违章02_t41.0_197_walk.jpg,违章02,41.02,841,42,1001,202,prior_roi,walk,0
违章02/违章02_t41.2_198_walk.jpg,违章02,41.25,841,42,1001,202,prior_roi,walk,0
违章02/违章02_t41.5_199_walk.jpg,违章02,41.49,841,42,1001,202,prior_roi,walk,0
违章02/违章02_t41.7_200_walk.jpg,违章02,41.72,841,42,1001,202,prior_roi,walk,0
违章02/违章02_t42.0_201_walk.jpg,违章02,41.96,841,42,1001,202,prior_roi,walk,0
违章02/违章02_t42.2_202_walk.jpg,违章02,42.19,841,42,1001,202,prior_roi,walk,0
违章02/违章02_t42.4_203_walk.jpg,违章02,42.43,841,42,1001,202,prior_roi,walk,0
违章02/违章02_t42.7_204_walk.jpg,违章02,42.67,841,42,1001,202,prior_roi,walk,0
违章02/违章02_t42.9_205_walk.jpg,违章02,42.9,841,42,1001,202,prior_roi,walk,0
违章02/违章02_t43.1_206_walk.jpg,违章02,43.14,841,42,1001,202,prior_roi,walk,0
违章02/违章02_t43.1_207_off.jpg,违章02,43.14,266,381,426,541,prior_off,off,0
违章02/违章02_t43.4_208_walk.jpg,违章02,43.37,841,42,1001,202,prior_roi,walk,0
违章02/违章02_t43.6_209_walk.jpg,违章02,43.61,841,42,1001,202,prior_roi,walk,0
违章02/违章02_t43.8_210_walk.jpg,违章02,43.84,841,42,1001,202,prior_roi,walk,0
违章02/违章02_t44.1_211_walk.jpg,违章02,44.08,841,42,1001,202,prior_roi,walk,0
违章02/违章02_t44.3_212_walk.jpg,违章02,44.32,841,42,1001,202,prior_roi,walk,0
违章02/违章02_t44.5_213_walk.jpg,违章02,44.55,841,42,1001,202,prior_roi,walk,0
违章02/违章02_t44.8_214_walk.jpg,违章02,44.79,841,42,1001,202,prior_roi,walk,0
违章02/违章02_t45.0_215_walk.jpg,违章02,45.02,841,42,1001,202,prior_roi,walk,0
违章02/违章02_t45.3_216_walk.jpg,违章02,45.26,841,42,1001,202,prior_roi,walk,0
违章02/违章02_t45.5_217_walk.jpg,违章02,45.49,841,42,1001,202,prior_roi,walk,0
违章02/违章02_t45.7_218_walk.jpg,违章02,45.73,841,42,1001,202,prior_roi,walk,0
违章02/违章02_t46.0_219_walk.jpg,违章02,45.97,841,42,1001,202,prior_roi,walk,0
违章02/违章02_t46.2_220_walk.jpg,违章02,46.2,841,42,1001,202,prior_roi,walk,0
违章02/违章02_t46.4_221_walk.jpg,违章02,46.44,841,42,1001,202,prior_roi,walk,0
违章02/违章02_t46.7_222_walk.jpg,违章02,46.67,841,42,1001,202,prior_roi,walk,0
违章02/违章02_t46.9_223_walk.jpg,违章02,46.91,841,42,1001,202,prior_roi,walk,0
违章02/违章02_t47.1_224_walk.jpg,违章02,47.14,841,42,1001,202,prior_roi,walk,0
违章02/违章02_t47.4_225_walk.jpg,违章02,47.38,841,42,1001,202,prior_roi,walk,0
违章02/违章02_t47.6_226_walk.jpg,违章02,47.62,841,42,1001,202,prior_roi,walk,0
违章02/违章02_t47.9_227_walk.jpg,违章02,47.85,841,42,1001,202,prior_roi,walk,0
违章02/违章02_t48.1_228_walk.jpg,违章02,48.09,841,42,1001,202,prior_roi,walk,0
违章02/违章02_t48.3_229_walk.jpg,违章02,48.32,841,42,1001,202,prior_roi,walk,0
违章02/违章02_t48.6_230_walk.jpg,违章02,48.56,841,42,1001,202,prior_roi,walk,0
违章02/违章02_t48.8_231_walk.jpg,违章02,48.79,841,42,1001,202,prior_roi,walk,0
违章02/违章02_t49.0_232_walk.jpg,违章02,49.03,841,42,1001,202,prior_roi,walk,0
违章02/违章02_t49.3_233_walk.jpg,违章02,49.27,841,42,1001,202,prior_roi,walk,0
违章02/违章02_t49.5_234_walk.jpg,违章02,49.5,841,42,1001,202,prior_roi,walk,0
违章02/违章02_t49.7_235_walk.jpg,违章02,49.74,841,42,1001,202,prior_roi,walk,0
违章02/违章02_t49.7_236_off.jpg,违章02,49.74,730,547,890,707,prior_off,off,0
违章02/违章02_t50.0_237_walk.jpg,违章02,49.97,841,42,1001,202,prior_roi,walk,0
违章02/违章02_t50.2_238_walk.jpg,违章02,50.21,841,42,1001,202,prior_roi,walk,0
违章02/违章02_t50.5_239_walk.jpg,违章02,50.45,841,42,1001,202,prior_roi,walk,0
违章02/违章02_t50.7_240_walk.jpg,违章02,50.68,841,42,1001,202,prior_roi,walk,0
违章02/违章02_t50.9_241_walk.jpg,违章02,50.92,841,42,1001,202,prior_roi,walk,0
违章02/违章02_t51.1_242_walk.jpg,违章02,51.15,841,42,1001,202,prior_roi,walk,0
违章02/违章02_t51.4_243_walk.jpg,违章02,51.39,841,42,1001,202,prior_roi,walk,0
违章02/违章02_t51.6_244_walk.jpg,违章02,51.62,841,42,1001,202,prior_roi,walk,0
违章02/违章02_t51.9_245_walk.jpg,违章02,51.86,841,42,1001,202,prior_roi,walk,0
违章02/违章02_t52.1_246_walk.jpg,违章02,52.1,841,42,1001,202,prior_roi,walk,0
违章02/违章02_t52.3_247_walk.jpg,违章02,52.33,841,42,1001,202,prior_roi,walk,0
违章02/违章02_t52.6_248_walk.jpg,违章02,52.57,841,42,1001,202,prior_roi,walk,0
违章02/违章02_t52.8_249_walk.jpg,违章02,52.8,841,42,1001,202,prior_roi,walk,0
违章02/违章02_t53.0_250_walk.jpg,违章02,53.04,841,42,1001,202,prior_roi,walk,0
违章02/违章02_t53.3_251_walk.jpg,违章02,53.27,841,42,1001,202,prior_roi,walk,0
违章02/违章02_t53.5_252_walk.jpg,违章02,53.51,841,42,1001,202,prior_roi,walk,0
违章02/违章02_t53.8_253_walk.jpg,违章02,53.75,841,42,1001,202,prior_roi,walk,0
违章02/违章02_t54.0_254_walk.jpg,违章02,53.98,841,42,1001,202,prior_roi,walk,0
违章02/违章02_t54.2_255_walk.jpg,违章02,54.22,841,42,1001,202,prior_roi,walk,0
违章02/违章02_t54.5_256_walk.jpg,违章02,54.45,841,42,1001,202,prior_roi,walk,0
违章02/违章02_t54.7_257_walk.jpg,违章02,54.69,841,42,1001,202,prior_roi,walk,0
违章02/违章02_t54.9_258_walk.jpg,违章02,54.92,841,42,1001,202,prior_roi,walk,0
违章02/违章02_t55.2_259_walk.jpg,违章02,55.16,841,42,1001,202,prior_roi,walk,0
违章02/违章02_t55.2_260_off.jpg,违章02,55.16,0,171,147,331,prior_off,off,0
违章02/违章02_t55.4_261_walk.jpg,违章02,55.4,841,42,1001,202,prior_roi,walk,0
违章02/违章02_t55.6_262_walk.jpg,违章02,55.63,841,42,1001,202,prior_roi,walk,0
违章02/违章02_t55.6_263_off.jpg,违章02,55.63,1,227,161,387,prior_off,off,0
违章02/违章02_t55.9_264_walk.jpg,违章02,55.87,841,42,1001,202,prior_roi,walk,0
违章02/违章02_t56.1_265_walk.jpg,违章02,56.1,841,42,1001,202,prior_roi,walk,0
违章02/违章02_t56.3_266_walk.jpg,违章02,56.34,841,42,1001,202,prior_roi,walk,0
违章02/违章02_t56.6_267_walk.jpg,违章02,56.57,841,42,1001,202,prior_roi,walk,0
违章02/违章02_t56.8_268_walk.jpg,违章02,56.81,841,42,1001,202,prior_roi,walk,0
违章02/违章02_t57.0_269_walk.jpg,违章02,57.05,841,42,1001,202,prior_roi,walk,0
违章02/违章02_t57.3_270_walk.jpg,违章02,57.28,841,42,1001,202,prior_roi,walk,0
违章02/违章02_t57.5_271_walk.jpg,违章02,57.52,841,42,1001,202,prior_roi,walk,0
违章02/违章02_t57.8_272_walk.jpg,违章02,57.75,841,42,1001,202,prior_roi,walk,0
违章02/违章02_t58.0_273_walk.jpg,违章02,57.99,841,42,1001,202,prior_roi,walk,0
违章02/违章02_t58.2_274_walk.jpg,违章02,58.22,841,42,1001,202,prior_roi,walk,0
违章02/违章02_t58.5_275_walk.jpg,违章02,58.46,841,42,1001,202,prior_roi,walk,0
违章02/违章02_t58.7_276_walk.jpg,违章02,58.7,841,42,1001,202,prior_roi,walk,0
违章02/违章02_t58.9_277_walk.jpg,违章02,58.93,841,42,1001,202,prior_roi,walk,0
违章02/违章02_t59.2_278_walk.jpg,违章02,59.17,841,42,1001,202,prior_roi,walk,0
违章02/违章02_t59.4_279_walk.jpg,违章02,59.4,841,42,1001,202,prior_roi,walk,0
违章02/违章02_t59.6_280_walk.jpg,违章02,59.64,841,42,1001,202,prior_roi,walk,0
违章02/违章02_t59.9_281_walk.jpg,违章02,59.87,841,42,1001,202,prior_roi,walk,0
违章02/违章02_t60.1_282_walk.jpg,违章02,60.11,841,42,1001,202,prior_roi,walk,0
违章02/违章02_t60.4_283_walk.jpg,违章02,60.35,841,42,1001,202,prior_roi,walk,0
违章02/违章02_t60.6_284_walk.jpg,违章02,60.58,841,42,1001,202,prior_roi,walk,0
违章02/违章02_t60.8_285_walk.jpg,违章02,60.82,841,42,1001,202,prior_roi,walk,0
违章02/违章02_t61.0_286_walk.jpg,违章02,61.05,841,42,1001,202,prior_roi,walk,0
违章02/违章02_t61.3_287_walk.jpg,违章02,61.29,841,42,1001,202,prior_roi,walk,0
违章02/违章02_t61.5_288_walk.jpg,违章02,61.52,841,42,1001,202,prior_roi,walk,0
违章02/违章02_t61.8_289_walk.jpg,违章02,61.76,841,42,1001,202,prior_roi,walk,0
违章02/违章02_t62.0_290_walk.jpg,违章02,62.0,841,42,1001,202,prior_roi,walk,0
违章02/违章02_t62.2_291_walk.jpg,违章02,62.23,841,42,1001,202,prior_roi,walk,0
违章02/违章02_t62.5_292_walk.jpg,违章02,62.47,841,42,1001,202,prior_roi,walk,0
违章02/违章02_t62.5_293_off.jpg,违章02,62.47,553,235,713,395,prior_off,off,0
违章02/违章02_t62.7_294_walk.jpg,违章02,62.7,841,42,1001,202,prior_roi,walk,0
违章02/违章02_t62.9_295_walk.jpg,违章02,62.94,841,42,1001,202,prior_roi,walk,0
违章02/违章02_t63.2_296_walk.jpg,违章02,63.17,841,42,1001,202,prior_roi,walk,0
违章02/违章02_t63.4_297_walk.jpg,违章02,63.41,841,42,1001,202,prior_roi,walk,0
违章02/违章02_t63.6_298_walk.jpg,违章02,63.65,841,42,1001,202,prior_roi,walk,0
违章02/违章02_t63.9_299_walk.jpg,违章02,63.88,841,42,1001,202,prior_roi,walk,0
违章02/违章02_t64.1_300_walk.jpg,违章02,64.12,841,42,1001,202,prior_roi,walk,0
违章02/违章02_t64.3_301_walk.jpg,违章02,64.35,841,42,1001,202,prior_roi,walk,0
违章02/违章02_t64.6_302_walk.jpg,违章02,64.59,841,42,1001,202,prior_roi,walk,0
违章02/违章02_t64.8_303_walk.jpg,违章02,64.82,841,42,1001,202,prior_roi,walk,0
违章02/违章02_t65.1_304_walk.jpg,违章02,65.06,841,42,1001,202,prior_roi,walk,0
违章02/违章02_t65.3_305_walk.jpg,违章02,65.3,841,42,1001,202,prior_roi,walk,0
违章02/违章02_t65.5_306_walk.jpg,违章02,65.53,841,42,1001,202,prior_roi,walk,0
违章02/违章02_t65.8_307_walk.jpg,违章02,65.77,841,42,1001,202,prior_roi,walk,0
违章02/违章02_t66.0_308_walk.jpg,违章02,66.0,841,42,1001,202,prior_roi,walk,0
违章02/违章02_t66.2_309_walk.jpg,违章02,66.24,841,42,1001,202,prior_roi,walk,0
违章02/违章02_t66.5_310_walk.jpg,违章02,66.47,841,42,1001,202,prior_roi,walk,0
违章02/违章02_t66.7_311_walk.jpg,违章02,66.71,841,42,1001,202,prior_roi,walk,0
违章02/违章02_t67.0_312_walk.jpg,违章02,66.95,841,42,1001,202,prior_roi,walk,0
违章02/违章02_t67.2_313_walk.jpg,违章02,67.18,841,42,1001,202,prior_roi,walk,0
违章02/违章02_t67.4_314_walk.jpg,违章02,67.42,841,42,1001,202,prior_roi,walk,0
违章02/违章02_t67.7_315_walk.jpg,违章02,67.65,841,42,1001,202,prior_roi,walk,0
违章02/违章02_t67.9_316_walk.jpg,违章02,67.89,841,42,1001,202,prior_roi,walk,0
违章02/违章02_t68.1_317_walk.jpg,违章02,68.12,841,42,1001,202,prior_roi,walk,0
违章02/违章02_t68.4_318_walk.jpg,违章02,68.36,841,42,1001,202,prior_roi,walk,0
违章02/违章02_t68.6_319_walk.jpg,违章02,68.6,841,42,1001,202,prior_roi,walk,0
违章02/违章02_t68.8_320_walk.jpg,违章02,68.83,841,42,1001,202,prior_roi,walk,0
违章02/违章02_t69.1_321_walk.jpg,违章02,69.07,841,42,1001,202,prior_roi,walk,0
违章02/违章02_t69.3_322_walk.jpg,违章02,69.3,841,42,1001,202,prior_roi,walk,0
违章02/违章02_t69.5_323_walk.jpg,违章02,69.54,841,42,1001,202,prior_roi,walk,0
违章02/违章02_t69.8_324_walk.jpg,违章02,69.77,841,42,1001,202,prior_roi,walk,0
违章02/违章02_t70.0_325_walk.jpg,违章02,70.01,841,42,1001,202,prior_roi,walk,0
违章02/违章02_t70.2_326_walk.jpg,违章02,70.25,841,42,1001,202,prior_roi,walk,0
违章02/违章02_t70.2_327_off.jpg,违章02,70.25,707,432,867,592,prior_off,off,0
违章02/违章02_t70.5_328_walk.jpg,违章02,70.48,841,42,1001,202,prior_roi,walk,0
违章02/违章02_t70.7_329_walk.jpg,违章02,70.72,841,42,1001,202,prior_roi,walk,0
违章02/违章02_t71.0_330_walk.jpg,违章02,70.95,841,42,1001,202,prior_roi,walk,0
违章02/违章02_t71.2_331_walk.jpg,违章02,71.19,841,42,1001,202,prior_roi,walk,0
违章02/违章02_t71.4_332_walk.jpg,违章02,71.42,841,42,1001,202,prior_roi,walk,0
违章02/违章02_t71.7_333_walk.jpg,违章02,71.66,841,42,1001,202,prior_roi,walk,0
违章02/违章02_t71.7_334_off.jpg,违章02,71.66,605,228,765,388,prior_off,off,0
违章02/违章02_t71.9_335_walk.jpg,违章02,71.9,841,42,1001,202,prior_roi,walk,0
违章02/违章02_t71.9_336_off.jpg,违章02,71.9,412,116,572,276,prior_off,off,0
违章02/违章02_t72.1_337_walk.jpg,违章02,72.13,841,42,1001,202,prior_roi,walk,0
违章02/违章02_t72.4_338_walk.jpg,违章02,72.37,841,42,1001,202,prior_roi,walk,0
违章02/违章02_t72.6_339_walk.jpg,违章02,72.6,841,42,1001,202,prior_roi,walk,0
违章02/违章02_t72.8_340_walk.jpg,违章02,72.84,841,42,1001,202,prior_roi,walk,0
违章02/违章02_t73.1_341_walk.jpg,违章02,73.07,841,42,1001,202,prior_roi,walk,0
违章02/违章02_t73.3_342_walk.jpg,违章02,73.31,841,42,1001,202,prior_roi,walk,0
违章02/违章02_t73.5_343_walk.jpg,违章02,73.55,841,42,1001,202,prior_roi,walk,0
违章02/违章02_t73.8_344_walk.jpg,违章02,73.78,841,42,1001,202,prior_roi,walk,0
违章02/违章02_t74.0_345_walk.jpg,违章02,74.02,841,42,1001,202,prior_roi,walk,0
违章02/违章02_t74.2_346_walk.jpg,违章02,74.25,841,42,1001,202,prior_roi,walk,0
违章02/违章02_t74.5_347_walk.jpg,违章02,74.49,841,42,1001,202,prior_roi,walk,0
违章02/违章02_t74.7_348_walk.jpg,违章02,74.72,841,42,1001,202,prior_roi,walk,0
违章02/违章02_t75.0_349_walk.jpg,违章02,74.96,841,42,1001,202,prior_roi,walk,0
违章02/违章02_t75.2_350_walk.jpg,违章02,75.2,841,42,1001,202,prior_roi,walk,0
违章02/违章02_t75.4_351_walk.jpg,违章02,75.43,841,42,1001,202,prior_roi,walk,0
违章02/违章02_t75.7_352_walk.jpg,违章02,75.67,841,42,1001,202,prior_roi,walk,0
违章02/违章02_t75.7_353_off.jpg,违章02,75.67,566,184,726,344,prior_off,off,0
违章02/违章02_t75.9_354_walk.jpg,违章02,75.9,841,42,1001,202,prior_roi,walk,0
违章02/违章02_t76.1_355_walk.jpg,违章02,76.14,841,42,1001,202,prior_roi,walk,0
违章02/违章02_t76.4_356_walk.jpg,违章02,76.37,841,42,1001,202,prior_roi,walk,0
违章02/违章02_t76.6_357_walk.jpg,违章02,76.61,841,42,1001,202,prior_roi,walk,0
违章02/违章02_t76.8_358_walk.jpg,违章02,76.85,841,42,1001,202,prior_roi,walk,0
违章02/违章02_t77.1_359_walk.jpg,违章02,77.08,841,42,1001,202,prior_roi,walk,0
违章02/违章02_t77.3_360_walk.jpg,违章02,77.32,841,42,1001,202,prior_roi,walk,0
违章02/违章02_t77.5_361_walk.jpg,违章02,77.55,841,42,1001,202,prior_roi,walk,0
违章02/违章02_t77.8_362_walk.jpg,违章02,77.79,841,42,1001,202,prior_roi,walk,0
违章02/违章02_t78.0_363_walk.jpg,违章02,78.02,841,42,1001,202,prior_roi,walk,0
违章02/违章02_t78.3_364_walk.jpg,违章02,78.26,841,42,1001,202,prior_roi,walk,0
违章02/违章02_t78.5_365_walk.jpg,违章02,78.5,841,42,1001,202,prior_roi,walk,0
违章02/违章02_t78.7_366_walk.jpg,违章02,78.73,841,42,1001,202,prior_roi,walk,0
违章02/违章02_t79.0_367_walk.jpg,违章02,78.97,841,42,1001,202,prior_roi,walk,0
违章02/违章02_t79.2_368_walk.jpg,违章02,79.2,841,42,1001,202,prior_roi,walk,0
违章02/违章02_t79.4_369_walk.jpg,违章02,79.44,841,42,1001,202,prior_roi,walk,0
违章02/违章02_t79.7_370_walk.jpg,违章02,79.67,841,42,1001,202,prior_roi,walk,0
违章02/违章02_t79.9_371_walk.jpg,违章02,79.91,841,42,1001,202,prior_roi,walk,0
违章02/违章02_t80.2_372_walk.jpg,违章02,80.15,841,42,1001,202,prior_roi,walk,0
违章02/违章02_t80.4_373_walk.jpg,违章02,80.38,841,42,1001,202,prior_roi,walk,0
违章02/违章02_t80.6_374_walk.jpg,违章02,80.62,841,42,1001,202,prior_roi,walk,0
违章02/违章02_t80.8_375_walk.jpg,违章02,80.85,841,42,1001,202,prior_roi,walk,0
违章02/违章02_t80.8_376_off.jpg,违章02,80.85,683,272,843,432,prior_off,off,0
违章02/违章02_t81.1_377_walk.jpg,违章02,81.09,841,42,1001,202,prior_roi,walk,0
违章02/违章02_t81.3_378_walk.jpg,违章02,81.32,841,42,1001,202,prior_roi,walk,0
违章02/违章02_t81.6_379_walk.jpg,违章02,81.56,841,42,1001,202,prior_roi,walk,0
违章02/违章02_t81.8_380_walk.jpg,违章02,81.8,841,42,1001,202,prior_roi,walk,0
违章02/违章02_t82.0_381_walk.jpg,违章02,82.03,841,42,1001,202,prior_roi,walk,0
违章02/违章02_t82.3_382_walk.jpg,违章02,82.27,841,42,1001,202,prior_roi,walk,0
违章02/违章02_t82.5_383_walk.jpg,违章02,82.5,841,42,1001,202,prior_roi,walk,0
违章02/违章02_t82.7_384_walk.jpg,违章02,82.74,841,42,1001,202,prior_roi,walk,0
违章02/违章02_t83.0_385_walk.jpg,违章02,82.97,841,42,1001,202,prior_roi,walk,0
违章02/违章02_t83.2_386_walk.jpg,违章02,83.21,841,42,1001,202,prior_roi,walk,0
违章02/违章02_t83.5_387_walk.jpg,违章02,83.45,841,42,1001,202,prior_roi,walk,0
违章02/违章02_t83.7_388_walk.jpg,违章02,83.68,841,42,1001,202,prior_roi,walk,0
违章02/违章02_t83.9_389_walk.jpg,违章02,83.92,841,42,1001,202,prior_roi,walk,0
违章02/违章02_t84.2_390_walk.jpg,违章02,84.15,841,42,1001,202,prior_roi,walk,0
违章02/违章02_t84.4_391_walk.jpg,违章02,84.39,841,42,1001,202,prior_roi,walk,0
违章02/违章02_t84.6_392_walk.jpg,违章02,84.63,841,42,1001,202,prior_roi,walk,0
违章02/违章02_t84.9_393_walk.jpg,违章02,84.86,841,42,1001,202,prior_roi,walk,0
违章02/违章02_t85.1_394_stand.jpg,违章02,85.1,841,42,1001,202,prior_roi,stand,0
违章02/违章02_t85.3_395_stand.jpg,违章02,85.33,841,42,1001,202,prior_roi,stand,0
违章02/违章02_t85.6_396_stand.jpg,违章02,85.57,841,42,1001,202,prior_roi,stand,0
违章02/违章02_t85.8_397_stand.jpg,违章02,85.8,841,42,1001,202,prior_roi,stand,0
违章02/违章02_t86.0_398_stand.jpg,违章02,86.04,841,42,1001,202,prior_roi,stand,0
违章02/违章02_t86.3_399_stand.jpg,违章02,86.28,841,42,1001,202,prior_roi,stand,0
违章02/违章02_t86.5_400_stand.jpg,违章02,86.51,841,42,1001,202,prior_roi,stand,0
违章02/违章02_t86.8_401_stand.jpg,违章02,86.75,841,42,1001,202,prior_roi,stand,0
违章02/违章02_t87.0_402_stand.jpg,违章02,86.98,841,42,1001,202,prior_roi,stand,0
违章02/违章02_t87.2_403_stand.jpg,违章02,87.22,841,42,1001,202,prior_roi,stand,0
违章02/违章02_t87.2_404_off.jpg,违章02,87.22,654,0,814,121,prior_off,off,0
违章02/违章02_t87.5_405_stand.jpg,违章02,87.45,841,42,1001,202,prior_roi,stand,0
违章02/违章02_t87.7_406_stand.jpg,违章02,87.69,841,42,1001,202,prior_roi,stand,0
违章02/违章02_t87.9_407_stand.jpg,违章02,87.93,841,42,1001,202,prior_roi,stand,0
违章02/违章02_t88.2_408_stand.jpg,违章02,88.16,841,42,1001,202,prior_roi,stand,0
违章02/违章02_t88.4_409_stand.jpg,违章02,88.4,841,42,1001,202,prior_roi,stand,0
违章02/违章02_t88.6_410_stand.jpg,违章02,88.63,841,42,1001,202,prior_roi,stand,0
违章02/违章02_t88.6_411_off.jpg,违章02,88.63,1130,155,1280,315,prior_off,off,0
违章02/违章02_t88.9_412_stand.jpg,违章02,88.87,841,42,1001,202,prior_roi,stand,0
违章02/违章02_t89.1_413_stand.jpg,违章02,89.1,841,42,1001,202,prior_roi,stand,0
违章02/违章02_t89.3_414_stand.jpg,违章02,89.34,841,42,1001,202,prior_roi,stand,0
违章02/违章02_t89.6_415_stand.jpg,违章02,89.58,841,42,1001,202,prior_roi,stand,0
违章02/违章02_t89.8_416_stand.jpg,违章02,89.81,841,42,1001,202,prior_roi,stand,0
违章02/违章02_t90.0_417_stand.jpg,违章02,90.05,841,42,1001,202,prior_roi,stand,0
违章02/违章02_t90.0_418_off.jpg,违章02,90.05,841,42,1001,202,impostor,off,0
违章02/违章02_t90.3_419_stand.jpg,违章02,90.28,841,42,1001,202,prior_roi,stand,0
违章02/违章02_t90.5_420_stand.jpg,违章02,90.52,841,42,1001,202,prior_roi,stand,0
违章02/违章02_t90.8_421_stand.jpg,违章02,90.75,841,42,1001,202,prior_roi,stand,0
违章02/违章02_t91.0_422_stand.jpg,违章02,90.99,841,42,1001,202,prior_roi,stand,0
违章02/违章02_t91.2_423_stand.jpg,违章02,91.23,841,42,1001,202,prior_roi,stand,0
违章02/违章02_t91.5_424_stand.jpg,违章02,91.46,841,42,1001,202,prior_roi,stand,0
违章02/违章02_t91.7_425_stand.jpg,违章02,91.7,841,42,1001,202,prior_roi,stand,0
违章02/违章02_t91.7_426_off.jpg,违章02,91.7,1060,304,1220,464,prior_off,off,0
违章02/违章02_t91.9_427_stand.jpg,违章02,91.93,841,42,1001,202,prior_roi,stand,0
违章02/违章02_t92.2_428_stand.jpg,违章02,92.17,841,42,1001,202,prior_roi,stand,0
违章02/违章02_t92.4_429_stand.jpg,违章02,92.4,841,42,1001,202,prior_roi,stand,0
违章02/违章02_t92.6_430_stand.jpg,违章02,92.64,841,42,1001,202,prior_roi,stand,0
违章02/违章02_t92.9_431_stand.jpg,违章02,92.88,841,42,1001,202,prior_roi,stand,0
违章02/违章02_t93.1_432_stand.jpg,违章02,93.11,841,42,1001,202,prior_roi,stand,0
违章02/违章02_t93.3_433_stand.jpg,违章02,93.35,841,42,1001,202,prior_roi,stand,0
违章02/违章02_t93.6_434_stand.jpg,违章02,93.58,841,42,1001,202,prior_roi,stand,0
违章02/违章02_t93.8_435_stand.jpg,违章02,93.82,841,42,1001,202,prior_roi,stand,0
违章02/违章02_t94.0_436_stand.jpg,违章02,94.05,841,42,1001,202,prior_roi,stand,0
违章02/违章02_t94.3_437_stand.jpg,违章02,94.29,841,42,1001,202,prior_roi,stand,0
违章02/违章02_t94.5_438_stand.jpg,违章02,94.53,841,42,1001,202,prior_roi,stand,0
违章02/违章02_t94.5_439_off.jpg,违章02,94.53,841,42,1001,202,impostor,off,0
违章02/违章02_t94.8_440_stand.jpg,违章02,94.76,841,42,1001,202,prior_roi,stand,0
违章02/违章02_t95.0_441_stand.jpg,违章02,95.0,841,42,1001,202,prior_roi,stand,0
违章02/违章02_t95.2_442_stand.jpg,违章02,95.23,841,42,1001,202,prior_roi,stand,0
违章02/违章02_t95.5_443_stand.jpg,违章02,95.47,841,42,1001,202,prior_roi,stand,0
违章02/违章02_t95.7_444_stand.jpg,违章02,95.7,841,42,1001,202,prior_roi,stand,0
违章02/违章02_t95.9_445_stand.jpg,违章02,95.94,841,42,1001,202,prior_roi,stand,0
违章02/违章02_t96.2_446_stand.jpg,违章02,96.18,841,42,1001,202,prior_roi,stand,0
违章02/违章02_t96.4_447_stand.jpg,违章02,96.41,841,42,1001,202,prior_roi,stand,0
违章02/违章02_t96.7_448_stand.jpg,违章02,96.65,841,42,1001,202,prior_roi,stand,0
违章02/违章02_t96.9_449_stand.jpg,违章02,96.88,841,42,1001,202,prior_roi,stand,0
违章02/违章02_t97.1_450_stand.jpg,违章02,97.12,841,42,1001,202,prior_roi,stand,0
违章02/违章02_t97.3_451_stand.jpg,违章02,97.35,841,42,1001,202,prior_roi,stand,0
违章02/违章02_t97.6_452_stand.jpg,违章02,97.59,841,42,1001,202,prior_roi,stand,0
违章02/违章02_t97.8_453_stand.jpg,违章02,97.83,841,42,1001,202,prior_roi,stand,0
违章02/违章02_t98.1_454_stand.jpg,违章02,98.06,841,42,1001,202,prior_roi,stand,0
违章02/违章02_t98.3_455_stand.jpg,违章02,98.3,841,42,1001,202,prior_roi,stand,0
违章02/违章02_t98.5_456_stand.jpg,违章02,98.53,841,42,1001,202,prior_roi,stand,0
违章02/违章02_t98.8_457_stand.jpg,违章02,98.77,841,42,1001,202,prior_roi,stand,0
违章02/违章02_t99.0_458_stand.jpg,违章02,99.0,841,42,1001,202,prior_roi,stand,0
违章02/违章02_t99.0_459_off.jpg,违章02,99.0,355,451,515,611,prior_off,off,0
违章02/违章02_t99.2_460_stand.jpg,违章02,99.24,841,42,1001,202,prior_roi,stand,0
违章02/违章02_t99.5_461_stand.jpg,违章02,99.48,841,42,1001,202,prior_roi,stand,0
违章02/违章02_t99.7_462_stand.jpg,违章02,99.71,841,42,1001,202,prior_roi,stand,0
违章02/违章02_t100.0_463_stand.jpg,违章02,99.95,841,42,1001,202,prior_roi,stand,0
违章02/违章02_t100.2_464_stand.jpg,违章02,100.18,841,42,1001,202,prior_roi,stand,0
违章02/违章02_t100.4_465_stand.jpg,违章02,100.42,841,42,1001,202,prior_roi,stand,0
违章02/违章02_t100.7_466_stand.jpg,违章02,100.65,841,42,1001,202,prior_roi,stand,0
违章02/违章02_t100.9_467_stand.jpg,违章02,100.89,841,42,1001,202,prior_roi,stand,0
违章02/违章02_t101.1_468_stand.jpg,违章02,101.13,841,42,1001,202,prior_roi,stand,0
违章02/违章02_t101.4_469_stand.jpg,违章02,101.36,841,42,1001,202,prior_roi,stand,0
违章02/违章02_t101.6_470_stand.jpg,违章02,101.6,841,42,1001,202,prior_roi,stand,0
违章02/违章02_t101.8_471_stand.jpg,违章02,101.83,841,42,1001,202,prior_roi,stand,0
违章02/违章02_t102.1_472_stand.jpg,违章02,102.07,841,42,1001,202,prior_roi,stand,0
违章02/违章02_t102.3_473_stand.jpg,违章02,102.3,841,42,1001,202,prior_roi,stand,0
违章02/违章02_t102.3_474_off.jpg,违章02,102.3,598,127,758,287,prior_off,off,0
违章02/违章02_t102.5_475_stand.jpg,违章02,102.54,841,42,1001,202,prior_roi,stand,0
违章02/违章02_t102.8_476_stand.jpg,违章02,102.78,841,42,1001,202,prior_roi,stand,0
违章02/违章02_t102.8_477_off.jpg,违章02,102.78,600,317,760,477,prior_off,off,0
违章02/违章02_t103.0_478_stand.jpg,违章02,103.01,841,42,1001,202,prior_roi,stand,0
违章02/违章02_t103.2_479_stand.jpg,违章02,103.25,841,42,1001,202,prior_roi,stand,0
违章02/违章02_t103.2_480_off.jpg,违章02,103.25,425,6,585,166,prior_off,off,0
违章02/违章02_t103.5_481_stand.jpg,违章02,103.48,841,42,1001,202,prior_roi,stand,0
违章02/违章02_t103.7_482_stand.jpg,违章02,103.72,841,42,1001,202,prior_roi,stand,0
违章02/违章02_t103.7_483_off.jpg,违章02,103.72,841,42,1001,202,impostor,off,0
违章02/违章02_t104.0_484_stand.jpg,违章02,103.95,841,42,1001,202,prior_roi,stand,0
违章02/违章02_t104.2_485_stand.jpg,违章02,104.19,841,42,1001,202,prior_roi,stand,0
违章02/违章02_t104.2_486_off.jpg,违章02,104.19,841,42,1001,202,impostor,off,0
违章02/违章02_t104.4_487_stand.jpg,违章02,104.43,841,42,1001,202,prior_roi,stand,0
违章02/违章02_t104.7_488_stand.jpg,违章02,104.66,841,42,1001,202,prior_roi,stand,0
违章02/违章02_t104.9_489_stand.jpg,违章02,104.9,841,42,1001,202,prior_roi,stand,0
违章02/违章02_t105.1_490_stand.jpg,违章02,105.13,841,42,1001,202,prior_roi,stand,0
违章02/违章02_t105.1_491_off.jpg,违章02,105.13,841,42,1001,202,impostor,off,0
违章02/违章02_t105.4_492_stand.jpg,违章02,105.37,841,42,1001,202,prior_roi,stand,0
违章02/违章02_t105.4_493_off.jpg,违章02,105.37,841,42,1001,202,impostor,off,0
违章02/违章02_t105.6_494_stand.jpg,违章02,105.6,841,42,1001,202,prior_roi,stand,0
违章02/违章02_t105.8_495_stand.jpg,违章02,105.84,841,42,1001,202,prior_roi,stand,0
违章02/违章02_t105.8_496_off.jpg,违章02,105.84,841,42,1001,202,impostor,off,0
违章02/违章02_t106.1_497_stand.jpg,违章02,106.08,841,42,1001,202,prior_roi,stand,0
违章02/违章02_t106.3_498_stand.jpg,违章02,106.31,841,42,1001,202,prior_roi,stand,0
违章02/违章02_t106.5_499_stand.jpg,违章02,106.55,841,42,1001,202,prior_roi,stand,0
违章02/违章02_t106.5_500_off.jpg,违章02,106.55,841,42,1001,202,impostor,off,0
违章02/违章02_t106.8_501_stand.jpg,违章02,106.78,841,42,1001,202,prior_roi,stand,0
违章02/违章02_t106.8_502_off.jpg,违章02,106.78,841,42,1001,202,impostor,off,0
违章02/违章02_t107.0_503_stand.jpg,违章02,107.02,841,42,1001,202,prior_roi,stand,0
违章02/违章02_t107.0_504_off.jpg,违章02,107.02,841,42,1001,202,impostor,off,0
违章02/违章02_t107.2_505_stand.jpg,违章02,107.25,841,42,1001,202,prior_roi,stand,0
违章02/违章02_t107.5_506_stand.jpg,违章02,107.49,841,42,1001,202,prior_roi,stand,0
违章02/违章02_t107.7_507_stand.jpg,违章02,107.73,841,42,1001,202,prior_roi,stand,0
违章02/违章02_t108.0_508_stand.jpg,违章02,107.96,841,42,1001,202,prior_roi,stand,0
违章02/违章02_t108.2_509_stand.jpg,违章02,108.2,841,42,1001,202,prior_roi,stand,0
违章02/违章02_t108.4_510_stand.jpg,违章02,108.43,841,42,1001,202,prior_roi,stand,0
违章02/违章02_t108.7_511_stand.jpg,违章02,108.67,841,42,1001,202,prior_roi,stand,0
违章02/违章02_t108.7_512_off.jpg,违章02,108.67,841,42,1001,202,impostor,off,0
违章02/违章02_t108.9_513_stand.jpg,违章02,108.9,841,42,1001,202,prior_roi,stand,0
违章02/违章02_t108.9_514_off.jpg,违章02,108.9,841,42,1001,202,impostor,off,0
违章02/违章02_t109.1_515_stand.jpg,违章02,109.14,841,42,1001,202,prior_roi,stand,0
违章02/违章02_t109.4_516_stand.jpg,违章02,109.38,841,42,1001,202,prior_roi,stand,0
违章02/违章02_t109.4_517_off.jpg,违章02,109.38,841,42,1001,202,impostor,off,0
违章02/违章02_t109.6_518_stand.jpg,违章02,109.61,841,42,1001,202,prior_roi,stand,0
违章02/违章02_t109.6_519_off.jpg,违章02,109.61,841,42,1001,202,impostor,off,0
违章02/违章02_t109.8_520_stand.jpg,违章02,109.85,841,42,1001,202,prior_roi,stand,0
违章02/违章02_t109.8_521_off.jpg,违章02,109.85,841,42,1001,202,impostor,off,0
违章02/违章02_t110.1_522_stand.jpg,违章02,110.08,841,42,1001,202,prior_roi,stand,0
违章02/违章02_t110.1_523_off.jpg,违章02,110.08,841,42,1001,202,impostor,off,0
违章02/违章02_t110.3_524_stand.jpg,违章02,110.32,841,42,1001,202,prior_roi,stand,0
违章02/违章02_t110.3_525_off.jpg,违章02,110.32,841,42,1001,202,impostor,off,0
违章02/违章02_t13.2_526_off.jpg,违章02,13.2,205,80,236,101,impostor_outside,off,0
违章02/违章02_t20.3_527_off.jpg,违章02,20.27,207,54,235,74,impostor_outside,off,0
违章02/违章02_t20.7_528_off.jpg,违章02,20.74,208,55,236,77,impostor_outside,off,0
违章02/违章02_t109.6_529_off.jpg,违章02,109.61,725,106,761,155,impostor_outside,off,0
违章02/违章02_t19.6_530_off.jpg,违章02,19.57,249,52,271,76,impostor_outside,off,0
违章02/违章02_t98.5_531_off.jpg,违章02,98.53,1232,0,1280,66,impostor_outside,off,0
违章02/违章02_t89.1_532_off.jpg,违章02,89.1,1233,0,1275,37,impostor_outside,off,0
违章02/违章02_t108.0_533_off.jpg,违章02,107.96,285,62,317,125,impostor_outside,off,0
违章02/违章02_t91.7_534_off.jpg,违章02,91.7,1234,0,1275,42,impostor_outside,off,0
违章02/违章02_t13.7_535_off.jpg,违章02,13.67,225,79,251,100,impostor_outside,off,0
违章02/违章02_t1.4_536_off.jpg,违章02,1.41,5,125,17,148,impostor_outside,off,0
违章02/违章02_t12.7_537_off.jpg,违章02,12.73,220,80,245,106,impostor_outside,off,0
违章02/违章02_t105.1_538_off.jpg,违章02,105.13,1097,135,1122,169,impostor_outside,off,0
违章02/违章02_t6.6_539_off.jpg,违章02,6.6,0,151,16,170,impostor_outside,off,0
违章02/违章02_t93.1_540_off.jpg,违章02,93.11,1228,0,1272,48,impostor_outside,off,0
违章02/违章02_t12.3_541_off.jpg,违章02,12.26,151,82,182,104,impostor_outside,off,0
违章02/违章02_t20.0_542_off.jpg,违章02,20.04,256,80,267,88,impostor_outside,off,0
违章02/违章02_t2.8_543_off.jpg,违章02,2.83,0,145,22,169,impostor_outside,off,0
违章02/违章02_t96.7_544_off.jpg,违章02,96.65,1236,0,1280,61,impostor_outside,off,0
违章02/违章02_t17.2_545_off.jpg,违章02,17.21,196,82,206,93,impostor_outside,off,0
违章02/违章02_t14.1_546_off.jpg,违章02,14.14,237,77,247,94,impostor_outside,off,0
违章02/违章02_t91.0_547_off.jpg,违章02,90.99,1236,0,1277,40,impostor_outside,off,0
违章02/违章02_t101.8_548_off.jpg,违章02,101.83,1223,0,1271,57,impostor_outside,off,0
违章02/违章02_t13.7_549_off.jpg,违章02,13.67,267,76,289,100,impostor_outside,off,0
违章02/违章02_t9.4_550_off.jpg,违章02,9.43,722,5,730,17,impostor_outside,off,0
违章02/违章02_t11.8_551_off.jpg,违章02,11.79,82,272,131,321,impostor_outside,off,0
违章02/违章02_t99.0_552_off.jpg,违章02,99.0,144,180,190,221,impostor_outside,off,0
违章02/违章02_t103.5_553_off.jpg,违章02,103.48,1195,0,1241,59,impostor_outside,off,0
违章02/违章02_t87.0_554_off.jpg,违章02,86.98,1242,0,1280,35,impostor_outside,off,0
违章02/违章02_t92.2_555_off.jpg,违章02,92.17,1233,0,1275,44,impostor_outside,off,0
违章02/违章02_t17.7_556_off.jpg,违章02,17.68,254,71,273,95,impostor_outside,off,0
违章02/违章02_t19.1_557_off.jpg,违章02,19.09,205,61,223,78,impostor_outside,off,0
违章02/违章02_t18.4_558_off.jpg,违章02,18.39,249,62,269,85,impostor_outside,off,0
违章02/违章02_t3.3_559_off.jpg,违章02,3.3,0,143,22,170,impostor_outside,off,0
违章02/违章02_t91.5_560_off.jpg,违章02,91.46,1235,0,1276,41,impostor_outside,off,0
违章02/违章02_t18.1_561_off.jpg,违章02,18.15,251,66,271,89,impostor_outside,off,0
违章02/违章02_t17.4_562_off.jpg,违章02,17.44,254,74,278,98,impostor_outside,off,0
违章02/违章02_t102.8_563_off.jpg,违章02,102.78,1208,0,1254,57,impostor_outside,off,0
违章02/违章02_t101.6_564_off.jpg,违章02,101.6,1225,0,1273,58,impostor_outside,off,0
违章02/违章02_t19.3_565_off.jpg,违章02,19.33,206,60,223,76,impostor_outside,off,0
违章02/违章02_t20.3_566_off.jpg,违章02,20.27,250,50,272,75,impostor_outside,off,0
违章02/违章02_t91.9_567_off.jpg,违章02,91.93,1235,0,1276,44,impostor_outside,off,0
违章02/违章02_t109.1_568_off.jpg,违章02,109.14,553,104,582,155,impostor_outside,off,0
违章02/违章02_t2.6_569_off.jpg,违章02,2.59,0,146,28,167,impostor_outside,off,0
违章02/违章02_t99.7_570_off.jpg,违章02,99.71,1228,0,1277,66,impostor_outside,off,0
违章02/违章02_t110.3_571_off.jpg,违章02,110.32,1247,217,1266,225,impostor_outside,off,0
违章02/违章02_t105.4_572_off.jpg,违章02,105.37,1033,18,1074,88,impostor_outside,off,0
违章02/违章02_t20.7_573_off.jpg,违章02,20.74,247,53,273,78,impostor_outside,off,0
违章02/违章02_t94.8_574_off.jpg,违章02,94.76,1229,0,1277,54,impostor_outside,off,0
违章02/违章02_t5.7_575_off.jpg,违章02,5.66,0,156,21,175,impostor_outside,off,0
违章02/违章02_t90.0_576_off.jpg,违章02,90.05,1235,0,1276,41,impostor_outside,off,0
违章02/违章02_t4.0_577_off.jpg,违章02,4.01,0,146,31,175,impostor_outside,off,0
违章02/违章02_t110.3_578_off.jpg,违章02,110.32,302,152,313,177,impostor_outside,off,0
违章02/违章02_t13.4_579_off.jpg,违章02,13.44,253,77,280,103,impostor_outside,off,0
违章02/违章02_t14.4_580_off.jpg,违章02,14.38,239,74,248,91,impostor_outside,off,0
违章02/违章02_t98.8_581_off.jpg,违章02,98.77,1231,0,1280,65,impostor_outside,off,0
违章02/违章02_t17.0_582_off.jpg,违章02,16.97,194,80,209,94,impostor_outside,off,0
违章02/违章02_t17.9_583_off.jpg,违章02,17.92,254,68,272,92,impostor_outside,off,0
违章02/违章02_t90.8_584_off.jpg,违章02,90.75,1235,0,1277,40,impostor_outside,off,0
违章02/违章02_t18.4_585_off.jpg,违章02,18.39,205,68,222,85,impostor_outside,off,0
违章02/违章02_t16.0_586_off.jpg,违章02,16.03,268,74,292,100,impostor_outside,off,0
违章02/违章02_t85.8_587_off.jpg,违章02,85.8,1246,0,1280,36,impostor_outside,off,0
违章02/违章02_t20.5_588_off.jpg,违章02,20.51,180,65,190,78,impostor_outside,off,0
违章02/违章02_t16.0_589_off.jpg,违章02,16.03,227,78,257,97,impostor_outside,off,0
违章02/违章02_t105.4_590_off.jpg,违章02,105.37,305,29,320,49,impostor_outside,off,0
违章02/违章02_t93.6_591_off.jpg,违章02,93.58,1226,0,1270,49,impostor_outside,off,0
违章02/违章02_t109.4_592_off.jpg,违章02,109.38,639,110,672,158,impostor_outside,off,0
违章02/违章02_t89.3_593_off.jpg,违章02,89.34,1233,0,1275,38,impostor_outside,off,0
违章02/违章02_t20.5_594_off.jpg,违章02,20.51,208,54,236,75,impostor_outside,off,0
违章02/违章02_t7.1_595_off.jpg,违章02,7.07,27,137,56,166,impostor_outside,off,0
违章02/违章02_t11.6_596_off.jpg,违章02,11.55,95,83,115,103,impostor_outside,off,0
违章02/违章02_t11.1_597_off.jpg,违章02,11.08,17,83,32,105,impostor_outside,off,0
违章02/违章02_t15.8_598_off.jpg,违章02,15.79,230,77,257,95,impostor_outside,off,0
违章02/违章02_t94.5_599_off.jpg,违章02,94.53,1230,0,1274,54,impostor_outside,off,0
违章02/违章02_t5.2_600_off.jpg,违章02,5.19,34,150,63,172,impostor_outside,off,0
违章02/违章02_t15.6_601_off.jpg,违章02,15.56,271,73,297,95,impostor_outside,off,0
违章02/违章02_t107.2_602_off.jpg,违章02,107.25,278,32,314,96,impostor_outside,off,0
违章02/违章02_t14.6_603_off.jpg,违章02,14.61,272,68,299,91,impostor_outside,off,0
违章02/违章02_t15.8_604_off.jpg,违章02,15.79,272,72,294,99,impostor_outside,off,0
违章02/违章02_t92.9_605_off.jpg,违章02,92.88,1228,0,1273,46,impostor_outside,off,0
违章02/违章02_t86.3_606_off.jpg,违章02,86.28,1243,0,1280,36,impostor_outside,off,0
违章02/违章02_t87.5_607_off.jpg,违章02,87.45,1242,0,1280,33,impostor_outside,off,0
违章02/违章02_t13.9_608_off.jpg,违章02,13.91,274,74,295,97,impostor_outside,off,0
违章02/违章02_t18.9_609_off.jpg,违章02,18.86,181,68,195,77,impostor_outside,off,0
违章02/违章02_t13.4_610_off.jpg,违章02,13.44,195,82,207,96,impostor_outside,off,0
违章02/违章02_t6.8_611_off.jpg,违章02,6.84,32,140,60,167,impostor_outside,off,0
违章02/违章02_t13.2_612_off.jpg,违章02,13.2,245,78,274,100,impostor_outside,off,0
违章02/违章02_t3.5_613_off.jpg,违章02,3.54,0,145,20,170,impostor_outside,off,0
违章02/违章02_t17.0_614_off.jpg,违章02,16.97,218,78,247,97,impostor_outside,off,0
违章02/违章02_t2.1_615_off.jpg,违章02,2.12,3,143,31,166,impostor_outside,off,0
违章02/违章02_t86.8_616_off.jpg,违章02,86.75,1243,0,1280,36,impostor_outside,off,0
违章02/违章02_t93.8_617_off.jpg,违章02,93.82,136,171,183,212,impostor_outside,off,0
违章02/违章02_t11.6_618_off.jpg,违章02,11.55,39,297,96,325,impostor_outside,off,0
违章02/违章02_t94.0_619_off.jpg,违章02,94.05,470,19,483,32,impostor_outside,off,0
违章02/违章02_t14.4_620_off.jpg,违章02,14.38,276,68,297,91,impostor_outside,off,0
违章02/违章02_t93.8_621_off.jpg,违章02,93.82,1225,0,1269,50,impostor_outside,off,0
违章02/违章02_t94.3_622_off.jpg,违章02,94.29,1229,0,1271,53,impostor_outside,off,0
违章02/违章02_t100.4_623_off.jpg,违章02,100.42,1227,0,1272,61,impostor_outside,off,0
违章02/违章02_t20.3_624_off.jpg,违章02,20.27,257,80,267,89,impostor_outside,off,0
违章02/违章02_t104.2_625_off.jpg,违章02,104.19,429,26,438,37,impostor_outside,off,0
违章02/违章02_t110.1_626_off.jpg,违章02,110.08,1156,216,1171,228,impostor_outside,off,0
违章02/违章02_t16.5_627_off.jpg,违章02,16.5,221,78,251,98,impostor_outside,off,0
违章02/违章02_t106.3_628_off.jpg,违章02,106.31,1073,208,1102,241,impostor_outside,off,0
违章02/违章02_t18.1_629_off.jpg,违章02,18.15,207,70,226,88,impostor_outside,off,0
违章02/违章02_t100.2_630_off.jpg,违章02,100.18,1226,0,1274,63,impostor_outside,off,0
违章02/违章02_t12.7_631_off.jpg,违章02,12.73,181,81,211,101,impostor_outside,off,0
违章02/违章02_t93.6_632_off.jpg,违章02,93.58,470,18,478,31,impostor_outside,off,0
违章02/违章02_t104.9_633_off.jpg,违章02,104.9,1148,0,1194,68,impostor_outside,off,0
违章02/违章02_t98.8_634_off.jpg,违章02,98.77,144,180,190,221,impostor_outside,off,0
违章02/违章02_t16.7_635_off.jpg,违章02,16.74,221,79,249,97,impostor_outside,off,0
违章02/违章02_t17.4_636_off.jpg,违章02,17.44,214,79,242,96,impostor_outside,off,0
违章02/违章02_t4.2_637_off.jpg,违章02,4.24,17,149,43,178,impostor_outside,off,0
违章02/违章02_t6.1_638_off.jpg,违章02,6.13,0,154,18,173,impostor_outside,off,0
违章02/违章02_t87.9_639_off.jpg,违章02,87.93,1238,0,1278,34,impostor_outside,off,0
违章02/违章02_t13.9_640_off.jpg,违章02,13.91,236,80,247,98,impostor_outside,off,0
违章02/违章02_t5.4_641_off.jpg,违章02,5.42,36,151,64,172,impostor_outside,off,0
违章02/违章02_t95.7_642_off.jpg,违章02,95.7,1236,0,1280,58,impostor_outside,off,0
违章02/违章02_t8.0_643_off.jpg,违章02,8.01,17,122,39,144,impostor_outside,off,0
违章02/违章02_t19.8_644_off.jpg,违章02,19.8,252,80,267,89,impostor_outside,off,0
违章02/违章02_t16.7_645_off.jpg,违章02,16.74,262,76,283,100,impostor_outside,off,0
违章02/违章02_t4.5_646_off.jpg,违章02,4.48,0,160,10,172,impostor_outside,off,0
违章02/违章02_t106.3_647_off.jpg,违章02,106.31,617,37,650,101,impostor_outside,off,0
违章02/违章02_t102.3_648_off.jpg,违章02,102.3,1214,0,1261,57,impostor_outside,off,0
违章02/违章02_t20.3_649_off.jpg,违章02,20.27,183,57,199,77,impostor_outside,off,0
违章02/违章02_t88.2_650_off.jpg,违章02,88.16,1237,0,1278,36,impostor_outside,off,0
违章02/违章02_t90.3_651_off.jpg,违章02,90.28,1235,0,1276,41,impostor_outside,off,0
违章02/违章02_t14.8_652_off.jpg,违章02,14.85,273,71,299,93,impostor_outside,off,0
违章02/违章02_t10.6_653_off.jpg,违章02,10.61,19,68,48,96,impostor_outside,off,0
违章02/违章02_t10.8_654_off.jpg,违章02,10.84,54,73,82,98,impostor_outside,off,0
违章02/违章02_t92.4_655_off.jpg,违章02,92.4,1233,0,1274,45,impostor_outside,off,0
违章02/违章02_t97.1_656_off.jpg,违章02,97.12,1234,0,1280,62,impostor_outside,off,0
违章02/违章02_t11.1_657_off.jpg,违章02,11.08,43,80,65,100,impostor_outside,off,0
违章02/违章02_t20.0_658_off.jpg,违章02,20.04,249,49,272,75,impostor_outside,off,0
违章02/违章02_t86.0_659_off.jpg,违章02,86.04,155,179,201,220,impostor_outside,off,0
违章02/违章02_t99.2_660_off.jpg,违章02,99.24,1229,0,1280,66,impostor_outside,off,0
违章02/违章02_t96.4_661_off.jpg,违章02,96.41,1236,0,1280,60,impostor_outside,off,0
违章02/违章02_t96.9_662_off.jpg,违章02,96.88,1233,0,1280,61,impostor_outside,off,0
违章02/违章02_t19.1_663_off.jpg,违章02,19.09,248,59,270,82,impostor_outside,off,0
违章02/违章02_t89.6_664_off.jpg,违章02,89.58,1233,0,1275,39,impostor_outside,off,0
违章02/违章02_t11.6_665_off.jpg,违章02,11.55,141,76,166,103,impostor_outside,off,0
违章02/违章02_t85.3_666_off.jpg,违章02,85.33,1252,0,1280,36,impostor_outside,off,0
违章02/违章02_t88.9_667_off.jpg,违章02,88.87,1233,0,1276,37,impostor_outside,off,0
违章02/违章02_t6.4_668_off.jpg,违章02,6.36,0,154,11,172,impostor_outside,off,0
违章02/违章02_t98.1_669_off.jpg,违章02,98.06,1233,0,1280,66,impostor_outside,off,0
违章02/违章02_t104.7_670_off.jpg,违章02,104.66,1159,0,1205,66,impostor_outside,off,0
违章02/违章02_t11.3_671_off.jpg,违章02,11.31,41,84,55,104,impostor_outside,off,0
违章02/违章02_t12.5_672_off.jpg,违章02,12.49,209,80,231,106,impostor_outside,off,0
违章02/违章02_t107.0_673_off.jpg,违章02,107.02,342,29,368,93,impostor_outside,off,0
违章02/违章02_t12.3_674_off.jpg,违章02,12.26,113,310,156,376,impostor_outside,off,0
违章02/违章02_t87.2_675_off.jpg,违章02,87.22,1242,0,1280,34,impostor_outside,off,0
违章02/违章02_t91.2_676_off.jpg,违章02,91.23,1235,0,1277,40,impostor_outside,off,0
违章02/违章02_t85.6_677_off.jpg,违章02,85.57,1249,0,1280,36,impostor_outside,off,0
违章02/违章02_t104.4_678_off.jpg,违章02,104.43,1165,0,1211,66,impostor_outside,off,0
违章02/违章02_t101.4_679_off.jpg,违章02,101.36,1227,0,1272,58,impostor_outside,off,0
违章02/违章02_t98.8_680_off.jpg,违章02,98.77,478,30,490,42,impostor_outside,off,0
违章02/违章02_t110.1_681_off.jpg,违章02,110.08,580,185,607,219,impostor_outside,off,0
违章02/违章02_t96.2_682_off.jpg,违章02,96.18,1237,0,1280,59,impostor_outside,off,0
违章02/违章02_t11.3_683_off.jpg,违章02,11.31,74,199,97,207,impostor_outside,off,0
违章02/违章02_t107.7_684_off.jpg,违章02,107.73,271,56,306,114,impostor_outside,off,0
违章02/违章02_t101.1_685_off.jpg,违章02,101.13,1226,0,1273,59,impostor_outside,off,0
违章02/违章02_t104.0_686_off.jpg,违章02,103.95,1183,0,1228,62,impostor_outside,off,0
违章02/违章02_t101.6_687_off.jpg,违章02,101.6,137,171,184,213,impostor_outside,off,0
违章03/违章03_t0.0_0_stand.jpg,违章03,0.0,688,280,848,440,prior_roi,stand,0
违章03/违章03_t0.2_1_stand.jpg,违章03,0.24,688,280,848,440,prior_roi,stand,0
违章03/违章03_t0.2_2_off.jpg,违章03,0.24,688,280,848,440,impostor,off,0
违章03/违章03_t0.5_3_stand.jpg,违章03,0.47,688,280,848,440,prior_roi,stand,0
违章03/违章03_t0.5_4_off.jpg,违章03,0.47,688,280,848,440,impostor,off,0
违章03/违章03_t0.7_5_stand.jpg,违章03,0.71,688,280,848,440,prior_roi,stand,0
违章03/违章03_t0.7_6_off.jpg,违章03,0.71,688,280,848,440,impostor,off,0
违章03/违章03_t0.9_7_stand.jpg,违章03,0.94,688,280,848,440,prior_roi,stand,0
违章03/违章03_t0.9_8_off.jpg,违章03,0.94,688,280,848,440,impostor,off,0
违章03/违章03_t1.2_9_stand.jpg,违章03,1.18,688,280,848,440,prior_roi,stand,0
违章03/违章03_t1.2_10_off.jpg,违章03,1.18,688,280,848,440,impostor,off,0
违章03/违章03_t1.4_11_stand.jpg,违章03,1.41,688,280,848,440,prior_roi,stand,0
违章03/违章03_t1.4_12_off.jpg,违章03,1.41,688,280,848,440,impostor,off,0
违章03/违章03_t1.6_13_stand.jpg,违章03,1.65,688,280,848,440,prior_roi,stand,0
违章03/违章03_t1.6_14_off.jpg,违章03,1.65,688,280,848,440,impostor,off,0
违章03/违章03_t1.9_15_stand.jpg,违章03,1.89,688,280,848,440,prior_roi,stand,0
违章03/违章03_t1.9_16_off.jpg,违章03,1.89,688,280,848,440,impostor,off,0
违章03/违章03_t2.1_17_stand.jpg,违章03,2.12,688,280,848,440,prior_roi,stand,0
违章03/违章03_t2.4_18_stand.jpg,违章03,2.36,688,280,848,440,prior_roi,stand,0
违章03/违章03_t2.4_19_off.jpg,违章03,2.36,688,280,848,440,impostor,off,0
违章03/违章03_t2.4_20_off.jpg,违章03,2.36,911,0,1071,154,prior_off,off,0
违章03/违章03_t2.6_21_stand.jpg,违章03,2.59,688,280,848,440,prior_roi,stand,0
违章03/违章03_t2.8_22_stand.jpg,违章03,2.83,688,280,848,440,prior_roi,stand,0
违章03/违章03_t3.1_23_stand.jpg,违章03,3.06,688,280,848,440,prior_roi,stand,0
违章03/违章03_t3.3_24_stand.jpg,违章03,3.3,688,280,848,440,prior_roi,stand,0
违章03/违章03_t3.5_25_stand.jpg,违章03,3.54,688,280,848,440,prior_roi,stand,0
违章03/违章03_t3.8_26_stand.jpg,违章03,3.77,688,280,848,440,prior_roi,stand,0
违章03/违章03_t3.8_27_off.jpg,违章03,3.77,688,280,848,440,impostor,off,0
违章03/违章03_t4.0_28_stand.jpg,违章03,4.01,688,280,848,440,prior_roi,stand,0
违章03/违章03_t4.0_29_off.jpg,违章03,4.01,688,280,848,440,impostor,off,0
违章03/违章03_t4.2_30_stand.jpg,违章03,4.24,688,280,848,440,prior_roi,stand,0
违章03/违章03_t4.2_31_off.jpg,违章03,4.24,688,280,848,440,impostor,off,0
违章03/违章03_t4.5_32_stand.jpg,违章03,4.48,688,280,848,440,prior_roi,stand,0
违章03/违章03_t4.5_33_off.jpg,违章03,4.48,688,280,848,440,impostor,off,0
违章03/违章03_t4.7_34_stand.jpg,违章03,4.71,688,280,848,440,prior_roi,stand,0
违章03/违章03_t4.7_35_off.jpg,违章03,4.71,688,280,848,440,impostor,off,0
违章03/违章03_t5.0_36_stand.jpg,违章03,4.95,688,280,848,440,prior_roi,stand,0
违章03/违章03_t5.0_37_off.jpg,违章03,4.95,688,280,848,440,impostor,off,0
违章03/违章03_t5.2_38_stand.jpg,违章03,5.19,688,280,848,440,prior_roi,stand,0
违章03/违章03_t5.2_39_off.jpg,违章03,5.19,688,280,848,440,impostor,off,0
违章03/违章03_t5.4_40_stand.jpg,违章03,5.42,688,280,848,440,prior_roi,stand,0
违章03/违章03_t5.4_41_off.jpg,违章03,5.42,688,280,848,440,impostor,off,0
违章03/违章03_t5.7_42_stand.jpg,违章03,5.66,688,280,848,440,prior_roi,stand,0
违章03/违章03_t5.7_43_off.jpg,违章03,5.66,688,280,848,440,impostor,off,0
违章03/违章03_t5.7_44_off.jpg,违章03,5.66,746,423,906,583,prior_off,off,0
违章03/违章03_t5.9_45_stand.jpg,违章03,5.89,688,280,848,440,prior_roi,stand,0
违章03/违章03_t5.9_46_off.jpg,违章03,5.89,688,280,848,440,impostor,off,0
违章03/违章03_t6.1_47_stand.jpg,违章03,6.13,688,280,848,440,prior_roi,stand,0
违章03/违章03_t6.1_48_off.jpg,违章03,6.13,688,280,848,440,impostor,off,0
违章03/违章03_t6.4_49_stand.jpg,违章03,6.36,688,280,848,440,prior_roi,stand,0
违章03/违章03_t6.4_50_off.jpg,违章03,6.36,688,280,848,440,impostor,off,0
违章03/违章03_t6.6_51_stand.jpg,违章03,6.6,688,280,848,440,prior_roi,stand,0
违章03/违章03_t6.8_52_stand.jpg,违章03,6.84,688,280,848,440,prior_roi,stand,0
违章03/违章03_t7.1_53_stand.jpg,违章03,7.07,688,280,848,440,prior_roi,stand,0
违章03/违章03_t7.3_54_stand.jpg,违章03,7.31,688,280,848,440,prior_roi,stand,0
违章03/违章03_t7.5_55_stand.jpg,违章03,7.54,688,280,848,440,prior_roi,stand,0
违章03/违章03_t7.8_56_stand.jpg,违章03,7.78,688,280,848,440,prior_roi,stand,0
违章03/违章03_t8.0_57_stand.jpg,违章03,8.01,688,280,848,440,prior_roi,stand,0
违章03/违章03_t8.0_58_off.jpg,违章03,8.01,688,280,848,440,impostor,off,0
违章03/违章03_t8.2_59_stand.jpg,违章03,8.25,688,280,848,440,prior_roi,stand,0
违章03/违章03_t8.2_60_off.jpg,违章03,8.25,688,280,848,440,impostor,off,0
违章03/违章03_t8.5_61_stand.jpg,违章03,8.49,688,280,848,440,prior_roi,stand,0
违章03/违章03_t8.5_62_off.jpg,违章03,8.49,688,280,848,440,impostor,off,0
违章03/违章03_t8.7_63_stand.jpg,违章03,8.72,688,280,848,440,prior_roi,stand,0
违章03/违章03_t8.7_64_off.jpg,违章03,8.72,688,280,848,440,impostor,off,0
违章03/违章03_t9.0_65_stand.jpg,违章03,8.96,688,280,848,440,prior_roi,stand,0
违章03/违章03_t9.0_66_off.jpg,违章03,8.96,688,280,848,440,impostor,off,0
违章03/违章03_t9.2_67_stand.jpg,违章03,9.19,688,280,848,440,prior_roi,stand,0
违章03/违章03_t9.2_68_off.jpg,违章03,9.19,688,280,848,440,impostor,off,0
违章03/违章03_t9.4_69_stand.jpg,违章03,9.43,688,280,848,440,prior_roi,stand,0
违章03/违章03_t9.4_70_off.jpg,违章03,9.43,688,280,848,440,impostor,off,0
违章03/违章03_t9.7_71_stand.jpg,违章03,9.66,688,280,848,440,prior_roi,stand,0
违章03/违章03_t9.7_72_off.jpg,违章03,9.66,688,280,848,440,impostor,off,0
违章03/违章03_t9.9_73_stand.jpg,违章03,9.9,688,280,848,440,prior_roi,stand,0
违章03/违章03_t9.9_74_off.jpg,违章03,9.9,688,280,848,440,impostor,off,0
违章03/违章03_t10.1_75_stand.jpg,违章03,10.14,688,280,848,440,prior_roi,stand,0
违章03/违章03_t10.1_76_off.jpg,违章03,10.14,688,280,848,440,impostor,off,0
违章03/违章03_t10.4_77_stand.jpg,违章03,10.37,688,280,848,440,prior_roi,stand,0
违章03/违章03_t10.6_78_stand.jpg,违章03,10.61,688,280,848,440,prior_roi,stand,0
违章03/违章03_t10.8_79_stand.jpg,违章03,10.84,688,280,848,440,prior_roi,stand,0
违章03/违章03_t10.8_80_off.jpg,违章03,10.84,0,210,107,370,prior_off,off,0
违章03/违章03_t11.1_81_stand.jpg,违章03,11.08,688,280,848,440,prior_roi,stand,0
违章03/违章03_t11.3_82_stand.jpg,违章03,11.31,688,280,848,440,prior_roi,stand,0
违章03/违章03_t11.3_83_off.jpg,违章03,11.31,688,280,848,440,impostor,off,0
违章03/违章03_t11.6_84_stand.jpg,违章03,11.55,688,280,848,440,prior_roi,stand,0
违章03/违章03_t11.6_85_off.jpg,违章03,11.55,688,280,848,440,impostor,off,0
违章03/违章03_t11.8_86_stand.jpg,违章03,11.79,688,280,848,440,prior_roi,stand,0
违章03/违章03_t11.8_87_off.jpg,违章03,11.79,688,280,848,440,impostor,off,0
违章03/违章03_t12.0_88_stand.jpg,违章03,12.02,688,280,848,440,prior_roi,stand,0
违章03/违章03_t12.0_89_off.jpg,违章03,12.02,688,280,848,440,impostor,off,0
违章03/违章03_t12.3_90_stand.jpg,违章03,12.26,688,280,848,440,prior_roi,stand,0
违章03/违章03_t12.3_91_off.jpg,违章03,12.26,688,280,848,440,impostor,off,0
违章03/违章03_t12.5_92_stand.jpg,违章03,12.49,688,280,848,440,prior_roi,stand,0
违章03/违章03_t12.5_93_off.jpg,违章03,12.49,688,280,848,440,impostor,off,0
违章03/违章03_t12.7_94_stand.jpg,违章03,12.73,688,280,848,440,prior_roi,stand,0
违章03/违章03_t13.0_95_stand.jpg,违章03,12.96,688,280,848,440,prior_roi,stand,0
违章03/违章03_t13.2_96_stand.jpg,违章03,13.2,688,280,848,440,prior_roi,stand,0
违章03/违章03_t13.4_97_stand.jpg,违章03,13.44,688,280,848,440,prior_roi,stand,0
违章03/违章03_t13.7_98_stand.jpg,违章03,13.67,688,280,848,440,prior_roi,stand,0
违章03/违章03_t13.9_99_stand.jpg,违章03,13.91,688,280,848,440,prior_roi,stand,0
违章03/违章03_t13.9_100_off.jpg,违章03,13.91,580,522,740,682,prior_off,off,0
违章03/违章03_t14.1_101_stand.jpg,违章03,14.14,688,280,848,440,prior_roi,stand,0
违章03/违章03_t14.4_102_stand.jpg,违章03,14.38,688,280,848,440,prior_roi,stand,0
违章03/违章03_t14.4_103_off.jpg,违章03,14.38,688,280,848,440,impostor,off,0
违章03/违章03_t14.6_104_stand.jpg,违章03,14.61,688,280,848,440,prior_roi,stand,0
违章03/违章03_t14.8_105_stand.jpg,违章03,14.85,688,280,848,440,prior_roi,stand,0
违章03/违章03_t15.1_106_stand.jpg,违章03,15.09,688,280,848,440,prior_roi,stand,0
违章03/违章03_t15.1_107_off.jpg,违章03,15.09,688,280,848,440,impostor,off,0
违章03/违章03_t15.3_108_stand.jpg,违章03,15.32,688,280,848,440,prior_roi,stand,0
违章03/违章03_t15.3_109_off.jpg,违章03,15.32,688,280,848,440,impostor,off,0
违章03/违章03_t15.6_110_stand.jpg,违章03,15.56,688,280,848,440,prior_roi,stand,0
违章03/违章03_t15.6_111_off.jpg,违章03,15.56,688,280,848,440,impostor,off,0
违章03/违章03_t15.8_112_stand.jpg,违章03,15.79,688,280,848,440,prior_roi,stand,0
违章03/违章03_t15.8_113_off.jpg,违章03,15.79,688,280,848,440,impostor,off,0
违章03/违章03_t16.0_114_stand.jpg,违章03,16.03,688,280,848,440,prior_roi,stand,0
违章03/违章03_t16.0_115_off.jpg,违章03,16.03,688,280,848,440,impostor,off,0
违章03/违章03_t16.0_116_off.jpg,违章03,16.03,352,599,512,720,prior_off,off,0
违章03/违章03_t16.3_117_stand.jpg,违章03,16.26,688,280,848,440,prior_roi,stand,0
违章03/违章03_t16.3_118_off.jpg,违章03,16.26,688,280,848,440,impostor,off,0
违章03/违章03_t16.5_119_stand.jpg,违章03,16.5,688,280,848,440,prior_roi,stand,0
违章03/违章03_t16.7_120_stand.jpg,违章03,16.74,688,280,848,440,prior_roi,stand,0
违章03/违章03_t17.0_121_stand.jpg,违章03,16.97,688,280,848,440,prior_roi,stand,0
违章03/违章03_t17.2_122_stand.jpg,违章03,17.21,688,280,848,440,prior_roi,stand,0
违章03/违章03_t17.4_123_stand.jpg,违章03,17.44,688,280,848,440,prior_roi,stand,0
违章03/违章03_t17.7_124_stand.jpg,违章03,17.68,688,280,848,440,prior_roi,stand,0
违章03/违章03_t17.9_125_stand.jpg,违章03,17.92,688,280,848,440,prior_roi,stand,0
违章03/违章03_t18.1_126_stand.jpg,违章03,18.15,688,280,848,440,prior_roi,stand,0
违章03/违章03_t18.1_127_off.jpg,违章03,18.15,1146,370,1280,530,prior_off,off,0
违章03/违章03_t18.4_128_stand.jpg,违章03,18.39,688,280,848,440,prior_roi,stand,0
违章03/违章03_t18.6_129_stand.jpg,违章03,18.62,688,280,848,440,prior_roi,stand,0
违章03/违章03_t18.9_130_stand.jpg,违章03,18.86,688,280,848,440,prior_roi,stand,0
违章03/违章03_t19.1_131_stand.jpg,违章03,19.09,688,280,848,440,prior_roi,stand,0
违章03/违章03_t19.3_132_stand.jpg,违章03,19.33,688,280,848,440,prior_roi,stand,0
违章03/违章03_t19.6_133_stand.jpg,违章03,19.57,688,280,848,440,prior_roi,stand,0
违章03/违章03_t19.8_134_stand.jpg,违章03,19.8,688,280,848,440,prior_roi,stand,0
违章03/违章03_t20.0_135_stand.jpg,违章03,20.04,688,280,848,440,prior_roi,stand,0
违章03/违章03_t20.3_136_stand.jpg,违章03,20.27,688,280,848,440,prior_roi,stand,0
违章03/违章03_t20.5_137_stand.jpg,违章03,20.51,688,280,848,440,prior_roi,stand,0
违章03/违章03_t20.7_138_stand.jpg,违章03,20.74,688,280,848,440,prior_roi,stand,0
违章03/违章03_t21.0_139_stand.jpg,违章03,20.98,688,280,848,440,prior_roi,stand,0
违章03/违章03_t21.0_140_off.jpg,违章03,20.98,688,280,848,440,impostor,off,0
违章03/违章03_t21.2_141_stand.jpg,违章03,21.22,688,280,848,440,prior_roi,stand,0
违章03/违章03_t21.2_142_off.jpg,违章03,21.22,688,280,848,440,impostor,off,0
违章03/违章03_t21.4_143_stand.jpg,违章03,21.45,688,280,848,440,prior_roi,stand,0
违章03/违章03_t21.4_144_off.jpg,违章03,21.45,688,280,848,440,impostor,off,0
违章03/违章03_t21.7_145_stand.jpg,违章03,21.69,688,280,848,440,prior_roi,stand,0
违章03/违章03_t21.7_146_off.jpg,违章03,21.69,688,280,848,440,impostor,off,0
违章03/违章03_t21.9_147_stand.jpg,违章03,21.92,688,280,848,440,prior_roi,stand,0
违章03/违章03_t22.2_148_stand.jpg,违章03,22.16,688,280,848,440,prior_roi,stand,0
违章03/违章03_t22.4_149_stand.jpg,违章03,22.39,688,280,848,440,prior_roi,stand,0
违章03/违章03_t22.6_150_stand.jpg,违章03,22.63,688,280,848,440,prior_roi,stand,0
违章03/违章03_t22.6_151_off.jpg,违章03,22.63,333,0,493,82,prior_off,off,0
违章03/违章03_t22.9_152_stand.jpg,违章03,22.87,688,280,848,440,prior_roi,stand,0
违章03/违章03_t22.9_153_off.jpg,违章03,22.87,1104,332,1264,492,prior_off,off,0
违章03/违章03_t23.1_154_stand.jpg,违章03,23.1,688,280,848,440,prior_roi,stand,0
违章03/违章03_t23.3_155_stand.jpg,违章03,23.34,688,280,848,440,prior_roi,stand,0
违章03/违章03_t23.6_156_stand.jpg,违章03,23.57,688,280,848,440,prior_roi,stand,0
违章03/违章03_t23.8_157_stand.jpg,违章03,23.81,688,280,848,440,prior_roi,stand,0
违章03/违章03_t24.0_158_stand.jpg,违章03,24.04,688,280,848,440,prior_roi,stand,0
违章03/违章03_t24.3_159_stand.jpg,违章03,24.28,688,280,848,440,prior_roi,stand,0
违章03/违章03_t24.5_160_stand.jpg,违章03,24.52,688,280,848,440,prior_roi,stand,0
违章03/违章03_t24.8_161_stand.jpg,违章03,24.75,688,280,848,440,prior_roi,stand,0
违章03/违章03_t25.0_162_stand.jpg,违章03,24.99,688,280,848,440,prior_roi,stand,0
违章03/违章03_t25.2_163_stand.jpg,违章03,25.22,688,280,848,440,prior_roi,stand,0
违章03/违章03_t25.5_164_stand.jpg,违章03,25.46,688,280,848,440,prior_roi,stand,0
违章03/违章03_t25.7_165_stand.jpg,违章03,25.69,688,280,848,440,prior_roi,stand,0
违章03/违章03_t25.9_166_stand.jpg,违章03,25.93,688,280,848,440,prior_roi,stand,0
违章03/违章03_t26.2_167_stand.jpg,违章03,26.17,688,280,848,440,prior_roi,stand,0
违章03/违章03_t26.4_168_stand.jpg,违章03,26.4,688,280,848,440,prior_roi,stand,0
违章03/违章03_t26.6_169_stand.jpg,违章03,26.64,688,280,848,440,prior_roi,stand,0
违章03/违章03_t26.9_170_stand.jpg,违章03,26.87,688,280,848,440,prior_roi,stand,0
违章03/违章03_t27.1_171_stand.jpg,违章03,27.11,688,280,848,440,prior_roi,stand,0
违章03/违章03_t27.3_172_stand.jpg,违章03,27.34,688,280,848,440,prior_roi,stand,0
违章03/违章03_t27.6_173_stand.jpg,违章03,27.58,688,280,848,440,prior_roi,stand,0
违章03/违章03_t27.8_174_stand.jpg,违章03,27.82,688,280,848,440,prior_roi,stand,0
违章03/违章03_t28.1_175_stand.jpg,违章03,28.05,688,280,848,440,prior_roi,stand,0
违章03/违章03_t28.1_176_off.jpg,违章03,28.05,688,280,848,440,impostor,off,0
违章03/违章03_t28.3_177_stand.jpg,违章03,28.29,688,280,848,440,prior_roi,stand,0
违章03/违章03_t28.5_178_stand.jpg,违章03,28.52,688,280,848,440,prior_roi,stand,0
违章03/违章03_t28.8_179_stand.jpg,违章03,28.76,688,280,848,440,prior_roi,stand,0
违章03/违章03_t29.0_180_stand.jpg,违章03,28.99,688,280,848,440,prior_roi,stand,0
违章03/违章03_t29.2_181_stand.jpg,违章03,29.23,688,280,848,440,prior_roi,stand,0
违章03/违章03_t29.5_182_stand.jpg,违章03,29.47,688,280,848,440,prior_roi,stand,0
违章03/违章03_t29.7_183_stand.jpg,违章03,29.7,688,280,848,440,prior_roi,stand,0
违章03/违章03_t29.9_184_stand.jpg,违章03,29.94,688,280,848,440,prior_roi,stand,0
违章03/违章03_t30.2_185_stand.jpg,违章03,30.17,688,280,848,440,prior_roi,stand,0
违章03/违章03_t30.4_186_stand.jpg,违章03,30.41,688,280,848,440,prior_roi,stand,0
违章03/违章03_t30.6_187_stand.jpg,违章03,30.64,688,280,848,440,prior_roi,stand,0
违章03/违章03_t30.9_188_stand.jpg,违章03,30.88,688,280,848,440,prior_roi,stand,0
违章03/违章03_t31.1_189_stand.jpg,违章03,31.12,688,280,848,440,prior_roi,stand,0
违章03/违章03_t31.4_190_stand.jpg,违章03,31.35,688,280,848,440,prior_roi,stand,0
违章03/违章03_t31.6_191_stand.jpg,违章03,31.59,688,280,848,440,prior_roi,stand,0
违章03/违章03_t31.8_192_stand.jpg,违章03,31.82,688,280,848,440,prior_roi,stand,0
违章03/违章03_t32.1_193_stand.jpg,违章03,32.06,688,280,848,440,prior_roi,stand,0
违章03/违章03_t32.3_194_stand.jpg,违章03,32.29,688,280,848,440,prior_roi,stand,0
违章03/违章03_t32.5_195_stand.jpg,违章03,32.53,688,280,848,440,prior_roi,stand,0
违章03/违章03_t32.8_196_stand.jpg,违章03,32.77,688,280,848,440,prior_roi,stand,0
违章03/违章03_t33.0_197_stand.jpg,违章03,33.0,688,280,848,440,prior_roi,stand,0
违章03/违章03_t33.2_198_stand.jpg,违章03,33.24,688,280,848,440,prior_roi,stand,0
违章03/违章03_t33.5_199_stand.jpg,违章03,33.47,688,280,848,440,prior_roi,stand,0
违章03/违章03_t33.7_200_stand.jpg,违章03,33.71,688,280,848,440,prior_roi,stand,0
违章03/违章03_t33.9_201_stand.jpg,违章03,33.94,688,280,848,440,prior_roi,stand,0
违章03/违章03_t34.2_202_stand.jpg,违章03,34.18,688,280,848,440,prior_roi,stand,0
违章03/违章03_t34.4_203_stand.jpg,违章03,34.42,688,280,848,440,prior_roi,stand,0
违章03/违章03_t34.6_204_stand.jpg,违章03,34.65,688,280,848,440,prior_roi,stand,0
违章03/违章03_t34.9_205_stand.jpg,违章03,34.89,688,280,848,440,prior_roi,stand,0
违章03/违章03_t35.1_206_stand.jpg,违章03,35.12,688,280,848,440,prior_roi,stand,0
违章03/违章03_t35.4_207_stand.jpg,违章03,35.36,688,280,848,440,prior_roi,stand,0
违章03/违章03_t35.6_208_stand.jpg,违章03,35.59,688,280,848,440,prior_roi,stand,0
违章03/违章03_t35.8_209_stand.jpg,违章03,35.83,688,280,848,440,prior_roi,stand,0
违章03/违章03_t36.1_210_stand.jpg,违章03,36.07,688,280,848,440,prior_roi,stand,0
违章03/违章03_t36.3_211_stand.jpg,违章03,36.3,688,280,848,440,prior_roi,stand,0
违章03/违章03_t36.5_212_stand.jpg,违章03,36.54,688,280,848,440,prior_roi,stand,0
违章03/违章03_t36.5_213_off.jpg,违章03,36.54,688,280,848,440,impostor,off,0
违章03/违章03_t36.8_214_stand.jpg,违章03,36.77,688,280,848,440,prior_roi,stand,0
违章03/违章03_t36.8_215_off.jpg,违章03,36.77,688,280,848,440,impostor,off,0
违章03/违章03_t37.0_216_stand.jpg,违章03,37.01,688,280,848,440,prior_roi,stand,0
违章03/违章03_t37.0_217_off.jpg,违章03,37.01,688,280,848,440,impostor,off,0
违章03/违章03_t37.2_218_stand.jpg,违章03,37.24,688,280,848,440,prior_roi,stand,0
违章03/违章03_t37.5_219_stand.jpg,违章03,37.48,688,280,848,440,prior_roi,stand,0
违章03/违章03_t37.7_220_stand.jpg,违章03,37.72,688,280,848,440,prior_roi,stand,0
违章03/违章03_t38.0_221_stand.jpg,违章03,37.95,688,280,848,440,prior_roi,stand,0
违章03/违章03_t38.2_222_stand.jpg,违章03,38.19,688,280,848,440,prior_roi,stand,0
违章03/违章03_t38.4_223_stand.jpg,违章03,38.42,688,280,848,440,prior_roi,stand,0
违章03/违章03_t38.4_224_off.jpg,违章03,38.42,625,0,785,105,prior_off,off,0
违章03/违章03_t38.7_225_stand.jpg,违章03,38.66,688,280,848,440,prior_roi,stand,0
违章03/违章03_t38.9_226_stand.jpg,违章03,38.89,688,280,848,440,prior_roi,stand,0
违章03/违章03_t39.1_227_stand.jpg,违章03,39.13,688,280,848,440,prior_roi,stand,0
违章03/违章03_t39.4_228_stand.jpg,违章03,39.37,688,280,848,440,prior_roi,stand,0
违章03/违章03_t39.6_229_stand.jpg,违章03,39.6,688,280,848,440,prior_roi,stand,0
违章03/违章03_t39.8_230_stand.jpg,违章03,39.84,688,280,848,440,prior_roi,stand,0
违章03/违章03_t40.1_231_stand.jpg,违章03,40.07,688,280,848,440,prior_roi,stand,0
违章03/违章03_t40.3_232_stand.jpg,违章03,40.31,688,280,848,440,prior_roi,stand,0
违章03/违章03_t40.5_233_stand.jpg,违章03,40.54,688,280,848,440,prior_roi,stand,0
违章03/违章03_t40.8_234_stand.jpg,违章03,40.78,688,280,848,440,prior_roi,stand,0
违章03/违章03_t41.0_235_stand.jpg,违章03,41.02,688,280,848,440,prior_roi,stand,0
违章03/违章03_t41.2_236_stand.jpg,违章03,41.25,688,280,848,440,prior_roi,stand,0
违章03/违章03_t41.5_237_stand.jpg,违章03,41.49,688,280,848,440,prior_roi,stand,0
违章03/违章03_t41.7_238_stand.jpg,违章03,41.72,688,280,848,440,prior_roi,stand,0
违章03/违章03_t42.0_239_stand.jpg,违章03,41.96,688,280,848,440,prior_roi,stand,0
违章03/违章03_t42.2_240_stand.jpg,违章03,42.19,688,280,848,440,prior_roi,stand,0
违章03/违章03_t42.2_241_off.jpg,违章03,42.19,93,274,253,434,prior_off,off,0
违章03/违章03_t42.4_242_stand.jpg,违章03,42.43,688,280,848,440,prior_roi,stand,0
违章03/违章03_t42.7_243_stand.jpg,违章03,42.67,688,280,848,440,prior_roi,stand,0
违章03/违章03_t42.9_244_stand.jpg,违章03,42.9,688,280,848,440,prior_roi,stand,0
违章03/违章03_t43.1_245_stand.jpg,违章03,43.14,688,280,848,440,prior_roi,stand,0
违章03/违章03_t43.1_246_off.jpg,违章03,43.14,688,280,848,440,impostor,off,0
违章03/违章03_t43.4_247_stand.jpg,违章03,43.37,688,280,848,440,prior_roi,stand,0
违章03/违章03_t43.6_248_stand.jpg,违章03,43.61,688,280,848,440,prior_roi,stand,0
违章03/违章03_t43.8_249_stand.jpg,违章03,43.84,688,280,848,440,prior_roi,stand,0
违章03/违章03_t44.1_250_stand.jpg,违章03,44.08,688,280,848,440,prior_roi,stand,0
违章03/违章03_t44.3_251_stand.jpg,违章03,44.32,688,280,848,440,prior_roi,stand,0
违章03/违章03_t44.5_252_stand.jpg,违章03,44.55,688,280,848,440,prior_roi,stand,0
违章03/违章03_t44.8_253_stand.jpg,违章03,44.79,688,280,848,440,prior_roi,stand,0
违章03/违章03_t45.0_254_stand.jpg,违章03,45.02,688,280,848,440,prior_roi,stand,0
违章03/违章03_t45.3_255_stand.jpg,违章03,45.26,688,280,848,440,prior_roi,stand,0
违章03/违章03_t45.5_256_stand.jpg,违章03,45.49,688,280,848,440,prior_roi,stand,0
违章03/违章03_t45.7_257_stand.jpg,违章03,45.73,688,280,848,440,prior_roi,stand,0
违章03/违章03_t46.0_258_stand.jpg,违章03,45.97,688,280,848,440,prior_roi,stand,0
违章03/违章03_t46.2_259_stand.jpg,违章03,46.2,688,280,848,440,prior_roi,stand,0
违章03/违章03_t46.4_260_stand.jpg,违章03,46.44,688,280,848,440,prior_roi,stand,0
违章03/违章03_t46.7_261_stand.jpg,违章03,46.67,688,280,848,440,prior_roi,stand,0
违章03/违章03_t46.9_262_stand.jpg,违章03,46.91,688,280,848,440,prior_roi,stand,0
违章03/违章03_t47.1_263_stand.jpg,违章03,47.14,688,280,848,440,prior_roi,stand,0
违章03/违章03_t47.4_264_stand.jpg,违章03,47.38,688,280,848,440,prior_roi,stand,0
违章03/违章03_t47.6_265_stand.jpg,违章03,47.62,688,280,848,440,prior_roi,stand,0
违章03/违章03_t47.9_266_stand.jpg,违章03,47.85,688,280,848,440,prior_roi,stand,0
违章03/违章03_t48.1_267_stand.jpg,违章03,48.09,688,280,848,440,prior_roi,stand,0
违章03/违章03_t48.3_268_stand.jpg,违章03,48.32,688,280,848,440,prior_roi,stand,0
违章03/违章03_t48.6_269_stand.jpg,违章03,48.56,688,280,848,440,prior_roi,stand,0
违章03/违章03_t48.8_270_stand.jpg,违章03,48.79,688,280,848,440,prior_roi,stand,0
违章03/违章03_t49.0_271_stand.jpg,违章03,49.03,688,280,848,440,prior_roi,stand,0
违章03/违章03_t49.3_272_stand.jpg,违章03,49.27,688,280,848,440,prior_roi,stand,0
违章03/违章03_t49.5_273_stand.jpg,违章03,49.5,688,280,848,440,prior_roi,stand,0
违章03/违章03_t49.7_274_stand.jpg,违章03,49.74,688,280,848,440,prior_roi,stand,0
违章03/违章03_t50.0_275_stand.jpg,违章03,49.97,688,280,848,440,prior_roi,stand,0
违章03/违章03_t50.2_276_stand.jpg,违章03,50.21,688,280,848,440,prior_roi,stand,0
违章03/违章03_t50.4_277_stand.jpg,违章03,50.44,688,280,848,440,prior_roi,stand,0
违章03/违章03_t50.7_278_stand.jpg,违章03,50.68,688,280,848,440,prior_roi,stand,0
违章03/违章03_t50.9_279_stand.jpg,违章03,50.92,688,280,848,440,prior_roi,stand,0
违章03/违章03_t51.1_280_stand.jpg,违章03,51.15,688,280,848,440,prior_roi,stand,0
违章03/违章03_t51.4_281_stand.jpg,违章03,51.39,688,280,848,440,prior_roi,stand,0
违章03/违章03_t51.6_282_stand.jpg,违章03,51.62,688,280,848,440,prior_roi,stand,0
违章03/违章03_t51.9_283_stand.jpg,违章03,51.86,688,280,848,440,prior_roi,stand,0
违章03/违章03_t52.1_284_stand.jpg,违章03,52.09,688,280,848,440,prior_roi,stand,0
违章03/违章03_t52.3_285_stand.jpg,违章03,52.33,688,280,848,440,prior_roi,stand,0
违章03/违章03_t52.6_286_stand.jpg,违章03,52.57,688,280,848,440,prior_roi,stand,0
违章03/违章03_t52.6_287_off.jpg,违章03,52.57,67,180,227,340,prior_off,off,0
违章03/违章03_t52.8_288_stand.jpg,违章03,52.8,688,280,848,440,prior_roi,stand,0
违章03/违章03_t53.0_289_stand.jpg,违章03,53.04,688,280,848,440,prior_roi,stand,0
违章03/违章03_t53.3_290_stand.jpg,违章03,53.27,688,280,848,440,prior_roi,stand,0
违章03/违章03_t53.5_291_stand.jpg,违章03,53.51,688,280,848,440,prior_roi,stand,0
违章03/违章03_t53.8_292_stand.jpg,违章03,53.75,688,280,848,440,prior_roi,stand,0
违章03/违章03_t54.0_293_stand.jpg,违章03,53.98,688,280,848,440,prior_roi,stand,0
违章03/违章03_t54.2_294_stand.jpg,违章03,54.22,688,280,848,440,prior_roi,stand,0
违章03/违章03_t54.5_295_stand.jpg,违章03,54.45,688,280,848,440,prior_roi,stand,0
违章03/违章03_t54.7_296_stand.jpg,违章03,54.69,688,280,848,440,prior_roi,stand,0
违章03/违章03_t54.9_297_stand.jpg,违章03,54.92,688,280,848,440,prior_roi,stand,0
违章03/违章03_t55.2_298_stand.jpg,违章03,55.16,688,280,848,440,prior_roi,stand,0
违章03/违章03_t55.4_299_stand.jpg,违章03,55.4,688,280,848,440,prior_roi,stand,0
违章03/违章03_t55.6_300_stand.jpg,违章03,55.63,688,280,848,440,prior_roi,stand,0
违章03/违章03_t55.9_301_stand.jpg,违章03,55.87,688,280,848,440,prior_roi,stand,0
违章03/违章03_t56.1_302_stand.jpg,违章03,56.1,688,280,848,440,prior_roi,stand,0
违章03/违章03_t56.1_303_off.jpg,违章03,56.1,743,40,903,200,prior_off,off,0
违章03/违章03_t56.3_304_stand.jpg,违章03,56.34,688,280,848,440,prior_roi,stand,0
违章03/违章03_t56.6_305_stand.jpg,违章03,56.57,688,280,848,440,prior_roi,stand,0
违章03/违章03_t56.8_306_stand.jpg,违章03,56.81,688,280,848,440,prior_roi,stand,0
违章03/违章03_t57.0_307_stand.jpg,违章03,57.05,688,280,848,440,prior_roi,stand,0
违章03/违章03_t57.3_308_stand.jpg,违章03,57.28,688,280,848,440,prior_roi,stand,0
违章03/违章03_t57.5_309_stand.jpg,违章03,57.52,688,280,848,440,prior_roi,stand,0
违章03/违章03_t57.8_310_stand.jpg,违章03,57.75,688,280,848,440,prior_roi,stand,0
违章03/违章03_t58.0_311_stand.jpg,违章03,57.99,688,280,848,440,prior_roi,stand,0
违章03/违章03_t58.2_312_stand.jpg,违章03,58.22,688,280,848,440,prior_roi,stand,0
违章03/违章03_t58.5_313_stand.jpg,违章03,58.46,688,280,848,440,prior_roi,stand,0
违章03/违章03_t58.7_314_stand.jpg,违章03,58.7,688,280,848,440,prior_roi,stand,0
违章03/违章03_t58.9_315_stand.jpg,违章03,58.93,688,280,848,440,prior_roi,stand,0
违章03/违章03_t59.2_316_stand.jpg,违章03,59.17,688,280,848,440,prior_roi,stand,0
违章03/违章03_t59.4_317_stand.jpg,违章03,59.4,688,280,848,440,prior_roi,stand,0
违章03/违章03_t59.6_318_stand.jpg,违章03,59.64,688,280,848,440,prior_roi,stand,0
违章03/违章03_t59.9_319_stand.jpg,违章03,59.87,688,280,848,440,prior_roi,stand,0
违章03/违章03_t60.1_320_stand.jpg,违章03,60.11,688,280,848,440,prior_roi,stand,0
违章03/违章03_t60.4_321_stand.jpg,违章03,60.35,688,280,848,440,prior_roi,stand,0
违章03/违章03_t60.4_322_off.jpg,违章03,60.35,713,113,873,273,prior_off,off,0
违章03/违章03_t60.6_323_stand.jpg,违章03,60.58,688,280,848,440,prior_roi,stand,0
违章03/违章03_t60.6_324_off.jpg,违章03,60.58,688,280,848,440,impostor,off,0
违章03/违章03_t60.8_325_stand.jpg,违章03,60.82,688,280,848,440,prior_roi,stand,0
违章03/违章03_t61.0_326_stand.jpg,违章03,61.05,688,280,848,440,prior_roi,stand,0
违章03/违章03_t61.3_327_stand.jpg,违章03,61.29,688,280,848,440,prior_roi,stand,0
违章03/违章03_t61.5_328_stand.jpg,违章03,61.52,688,280,848,440,prior_roi,stand,0
违章03/违章03_t61.8_329_stand.jpg,违章03,61.76,688,280,848,440,prior_roi,stand,0
违章03/违章03_t62.0_330_stand.jpg,违章03,62.0,688,280,848,440,prior_roi,stand,0
违章03/违章03_t62.2_331_stand.jpg,违章03,62.23,688,280,848,440,prior_roi,stand,0
违章03/违章03_t62.5_332_stand.jpg,违章03,62.47,688,280,848,440,prior_roi,stand,0
违章03/违章03_t62.7_333_stand.jpg,违章03,62.7,688,280,848,440,prior_roi,stand,0
违章03/违章03_t62.9_334_stand.jpg,违章03,62.94,688,280,848,440,prior_roi,stand,0
违章03/违章03_t63.2_335_stand.jpg,违章03,63.17,688,280,848,440,prior_roi,stand,0
违章03/违章03_t63.4_336_stand.jpg,违章03,63.41,688,280,848,440,prior_roi,stand,0
违章03/违章03_t63.6_337_stand.jpg,违章03,63.65,688,280,848,440,prior_roi,stand,0
违章03/违章03_t63.9_338_stand.jpg,违章03,63.88,688,280,848,440,prior_roi,stand,0
违章03/违章03_t64.1_339_stand.jpg,违章03,64.12,688,280,848,440,prior_roi,stand,0
违章03/违章03_t64.3_340_stand.jpg,违章03,64.35,688,280,848,440,prior_roi,stand,0
违章03/违章03_t64.6_341_stand.jpg,违章03,64.59,688,280,848,440,prior_roi,stand,0
违章03/违章03_t64.8_342_stand.jpg,违章03,64.82,688,280,848,440,prior_roi,stand,0
违章03/违章03_t65.1_343_stand.jpg,违章03,65.06,688,280,848,440,prior_roi,stand,0
违章03/违章03_t65.3_344_stand.jpg,违章03,65.3,688,280,848,440,prior_roi,stand,0
违章03/违章03_t65.5_345_stand.jpg,违章03,65.53,688,280,848,440,prior_roi,stand,0
违章03/违章03_t65.8_346_stand.jpg,违章03,65.77,688,280,848,440,prior_roi,stand,0
违章03/违章03_t66.0_347_stand.jpg,违章03,66.0,688,280,848,440,prior_roi,stand,0
违章03/违章03_t66.2_348_stand.jpg,违章03,66.24,688,280,848,440,prior_roi,stand,0
违章03/违章03_t66.5_349_stand.jpg,违章03,66.47,688,280,848,440,prior_roi,stand,0
违章03/违章03_t66.5_350_off.jpg,违章03,66.47,437,423,597,583,prior_off,off,0
违章03/违章03_t66.7_351_stand.jpg,违章03,66.71,688,280,848,440,prior_roi,stand,0
违章03/违章03_t67.0_352_stand.jpg,违章03,66.95,688,280,848,440,prior_roi,stand,0
违章03/违章03_t67.2_353_stand.jpg,违章03,67.18,688,280,848,440,prior_roi,stand,0
违章03/违章03_t67.4_354_stand.jpg,违章03,67.42,688,280,848,440,prior_roi,stand,0
违章03/违章03_t67.7_355_stand.jpg,违章03,67.65,688,280,848,440,prior_roi,stand,0
违章03/违章03_t67.9_356_stand.jpg,违章03,67.89,688,280,848,440,prior_roi,stand,0
违章03/违章03_t68.1_357_stand.jpg,违章03,68.12,688,280,848,440,prior_roi,stand,0
违章03/违章03_t68.4_358_stand.jpg,违章03,68.36,688,280,848,440,prior_roi,stand,0
违章03/违章03_t68.6_359_stand.jpg,违章03,68.6,688,280,848,440,prior_roi,stand,0
违章03/违章03_t68.8_360_stand.jpg,违章03,68.83,688,280,848,440,prior_roi,stand,0
违章03/违章03_t69.1_361_stand.jpg,违章03,69.07,688,280,848,440,prior_roi,stand,0
违章03/违章03_t69.3_362_stand.jpg,违章03,69.3,688,280,848,440,prior_roi,stand,0
违章03/违章03_t69.5_363_stand.jpg,违章03,69.54,688,280,848,440,prior_roi,stand,0
违章03/违章03_t69.5_364_off.jpg,违章03,69.54,374,607,534,720,prior_off,off,0
违章03/违章03_t69.8_365_stand.jpg,违章03,69.77,688,280,848,440,prior_roi,stand,0
违章03/违章03_t70.0_366_stand.jpg,违章03,70.01,688,280,848,440,prior_roi,stand,0
违章03/违章03_t70.2_367_stand.jpg,违章03,70.25,688,280,848,440,prior_roi,stand,0
违章03/违章03_t70.5_368_stand.jpg,违章03,70.48,688,280,848,440,prior_roi,stand,0
违章03/违章03_t70.7_369_stand.jpg,违章03,70.72,688,280,848,440,prior_roi,stand,0
违章03/违章03_t71.0_370_stand.jpg,违章03,70.95,688,280,848,440,prior_roi,stand,0
违章03/违章03_t71.2_371_stand.jpg,违章03,71.19,688,280,848,440,prior_roi,stand,0
违章03/违章03_t71.4_372_stand.jpg,违章03,71.42,688,280,848,440,prior_roi,stand,0
违章03/违章03_t71.7_373_stand.jpg,违章03,71.66,688,280,848,440,prior_roi,stand,0
违章03/违章03_t71.9_374_stand.jpg,违章03,71.9,688,280,848,440,prior_roi,stand,0
违章03/违章03_t72.1_375_stand.jpg,违章03,72.13,688,280,848,440,prior_roi,stand,0
违章03/违章03_t72.4_376_stand.jpg,违章03,72.37,688,280,848,440,prior_roi,stand,0
违章03/违章03_t72.6_377_stand.jpg,违章03,72.6,688,280,848,440,prior_roi,stand,0
违章03/违章03_t72.8_378_stand.jpg,违章03,72.84,688,280,848,440,prior_roi,stand,0
违章03/违章03_t74.0_379_walk.jpg,违章03,74.02,688,280,848,440,prior_roi,walk,0
违章03/违章03_t74.2_380_walk.jpg,违章03,74.25,688,280,848,440,prior_roi,walk,0
违章03/违章03_t74.5_381_walk.jpg,违章03,74.49,688,280,848,440,prior_roi,walk,0
违章03/违章03_t74.7_382_walk.jpg,违章03,74.72,688,280,848,440,prior_roi,walk,0
违章03/违章03_t75.0_383_walk.jpg,违章03,74.96,688,280,848,440,prior_roi,walk,0
违章03/违章03_t75.2_384_walk.jpg,违章03,75.2,688,280,848,440,prior_roi,walk,0
违章03/违章03_t75.4_385_walk.jpg,违章03,75.43,688,280,848,440,prior_roi,walk,0
违章03/违章03_t75.7_386_walk.jpg,违章03,75.67,688,280,848,440,prior_roi,walk,0
违章03/违章03_t75.9_387_walk.jpg,违章03,75.9,688,280,848,440,prior_roi,walk,0
违章03/违章03_t76.1_388_walk.jpg,违章03,76.14,688,280,848,440,prior_roi,walk,0
违章03/违章03_t76.4_389_walk.jpg,违章03,76.37,688,280,848,440,prior_roi,walk,0
违章03/违章03_t76.6_390_walk.jpg,违章03,76.61,688,280,848,440,prior_roi,walk,0
违章03/违章03_t76.8_391_walk.jpg,违章03,76.85,688,280,848,440,prior_roi,walk,0
违章03/违章03_t77.1_392_walk.jpg,违章03,77.08,688,280,848,440,prior_roi,walk,0
违章03/违章03_t77.3_393_walk.jpg,违章03,77.32,688,280,848,440,prior_roi,walk,0
违章03/违章03_t77.5_394_walk.jpg,违章03,77.55,688,280,848,440,prior_roi,walk,0
违章03/违章03_t77.8_395_walk.jpg,违章03,77.79,688,280,848,440,prior_roi,walk,0
违章03/违章03_t78.0_396_walk.jpg,违章03,78.02,688,280,848,440,prior_roi,walk,0
违章03/违章03_t78.3_397_walk.jpg,违章03,78.26,688,280,848,440,prior_roi,walk,0
违章03/违章03_t78.5_398_walk.jpg,违章03,78.5,688,280,848,440,prior_roi,walk,0
违章03/违章03_t78.7_399_walk.jpg,违章03,78.73,688,280,848,440,prior_roi,walk,0
违章03/违章03_t79.0_400_walk.jpg,违章03,78.97,688,280,848,440,prior_roi,walk,0
违章03/违章03_t79.2_401_walk.jpg,违章03,79.2,688,280,848,440,prior_roi,walk,0
违章03/违章03_t79.4_402_walk.jpg,违章03,79.44,688,280,848,440,prior_roi,walk,0
违章03/违章03_t79.7_403_walk.jpg,违章03,79.67,688,280,848,440,prior_roi,walk,0
违章03/违章03_t79.9_404_walk.jpg,违章03,79.91,688,280,848,440,prior_roi,walk,0
违章03/违章03_t80.2_405_walk.jpg,违章03,80.15,688,280,848,440,prior_roi,walk,0
违章03/违章03_t80.4_406_walk.jpg,违章03,80.38,688,280,848,440,prior_roi,walk,0
违章03/违章03_t80.6_407_walk.jpg,违章03,80.62,688,280,848,440,prior_roi,walk,0
违章03/违章03_t80.8_408_walk.jpg,违章03,80.85,688,280,848,440,prior_roi,walk,0
违章03/违章03_t81.1_409_walk.jpg,违章03,81.09,688,280,848,440,prior_roi,walk,0
违章03/违章03_t81.3_410_walk.jpg,违章03,81.32,688,280,848,440,prior_roi,walk,0
违章03/违章03_t81.3_411_off.jpg,违章03,81.32,523,203,683,363,prior_off,off,0
违章03/违章03_t81.6_412_walk.jpg,违章03,81.56,688,280,848,440,prior_roi,walk,0
违章03/违章03_t81.8_413_walk.jpg,违章03,81.8,688,280,848,440,prior_roi,walk,0
违章03/违章03_t82.0_414_walk.jpg,违章03,82.03,688,280,848,440,prior_roi,walk,0
违章03/违章03_t82.3_415_walk.jpg,违章03,82.27,688,280,848,440,prior_roi,walk,0
违章03/违章03_t82.3_416_off.jpg,违章03,82.27,907,212,1067,372,prior_off,off,0
违章03/违章03_t82.5_417_walk.jpg,违章03,82.5,688,280,848,440,prior_roi,walk,0
违章03/违章03_t82.7_418_walk.jpg,违章03,82.74,688,280,848,440,prior_roi,walk,0
违章03/违章03_t83.0_419_walk.jpg,违章03,82.97,688,280,848,440,prior_roi,walk,0
违章03/违章03_t83.2_420_walk.jpg,违章03,83.21,688,280,848,440,prior_roi,walk,0
违章03/违章03_t83.5_421_walk.jpg,违章03,83.45,688,280,848,440,prior_roi,walk,0
违章03/违章03_t83.7_422_walk.jpg,违章03,83.68,688,280,848,440,prior_roi,walk,0
违章03/违章03_t83.7_423_off.jpg,违章03,83.68,1139,0,1280,85,prior_off,off,0
违章03/违章03_t83.9_424_walk.jpg,违章03,83.92,688,280,848,440,prior_roi,walk,0
违章03/违章03_t84.2_425_walk.jpg,违章03,84.15,688,280,848,440,prior_roi,walk,0
违章03/违章03_t84.4_426_walk.jpg,违章03,84.39,688,280,848,440,prior_roi,walk,0
违章03/违章03_t84.6_427_walk.jpg,违章03,84.62,688,280,848,440,prior_roi,walk,0
违章03/违章03_t84.9_428_walk.jpg,违章03,84.86,688,280,848,440,prior_roi,walk,0
违章03/违章03_t85.1_429_walk.jpg,违章03,85.1,688,280,848,440,prior_roi,walk,0
违章03/违章03_t85.3_430_walk.jpg,违章03,85.33,688,280,848,440,prior_roi,walk,0
违章03/违章03_t85.6_431_walk.jpg,违章03,85.57,688,280,848,440,prior_roi,walk,0
违章03/违章03_t85.8_432_walk.jpg,违章03,85.8,688,280,848,440,prior_roi,walk,0
违章03/违章03_t86.0_433_walk.jpg,违章03,86.04,688,280,848,440,prior_roi,walk,0
违章03/违章03_t86.3_434_walk.jpg,违章03,86.27,688,280,848,440,prior_roi,walk,0
违章03/违章03_t86.5_435_walk.jpg,违章03,86.51,688,280,848,440,prior_roi,walk,0
违章03/违章03_t86.8_436_walk.jpg,违章03,86.75,688,280,848,440,prior_roi,walk,0
违章03/违章03_t87.0_437_walk.jpg,违章03,86.98,688,280,848,440,prior_roi,walk,0
违章03/违章03_t87.2_438_walk.jpg,违章03,87.22,688,280,848,440,prior_roi,walk,0
违章03/违章03_t87.5_439_walk.jpg,违章03,87.45,688,280,848,440,prior_roi,walk,0
违章03/违章03_t87.7_440_walk.jpg,违章03,87.69,688,280,848,440,prior_roi,walk,0
违章03/违章03_t87.7_441_off.jpg,违章03,87.69,188,622,348,720,prior_off,off,0
违章03/违章03_t87.9_442_walk.jpg,违章03,87.92,688,280,848,440,prior_roi,walk,0
违章03/违章03_t87.9_443_off.jpg,违章03,87.92,1141,0,1280,100,prior_off,off,0
违章03/违章03_t88.2_444_walk.jpg,违章03,88.16,688,280,848,440,prior_roi,walk,0
违章03/违章03_t88.4_445_walk.jpg,违章03,88.4,688,280,848,440,prior_roi,walk,0
违章03/违章03_t88.6_446_walk.jpg,违章03,88.63,688,280,848,440,prior_roi,walk,0
违章03/违章03_t88.9_447_walk.jpg,违章03,88.87,688,280,848,440,prior_roi,walk,0
违章03/违章03_t89.1_448_walk.jpg,违章03,89.1,688,280,848,440,prior_roi,walk,0
违章03/违章03_t89.3_449_walk.jpg,违章03,89.34,688,280,848,440,prior_roi,walk,0
违章03/违章03_t89.6_450_walk.jpg,违章03,89.58,688,280,848,440,prior_roi,walk,0
违章03/违章03_t89.8_451_walk.jpg,违章03,89.81,688,280,848,440,prior_roi,walk,0
违章03/违章03_t90.0_452_walk.jpg,违章03,90.05,688,280,848,440,prior_roi,walk,0
违章03/违章03_t90.3_453_walk.jpg,违章03,90.28,688,280,848,440,prior_roi,walk,0
违章03/违章03_t90.3_454_off.jpg,违章03,90.28,101,475,261,635,prior_off,off,0
违章03/违章03_t90.5_455_walk.jpg,违章03,90.52,688,280,848,440,prior_roi,walk,0
违章03/违章03_t90.8_456_walk.jpg,违章03,90.75,688,280,848,440,prior_roi,walk,0
违章03/违章03_t91.0_457_walk.jpg,违章03,90.99,688,280,848,440,prior_roi,walk,0
违章03/违章03_t91.2_458_walk.jpg,违章03,91.23,688,280,848,440,prior_roi,walk,0
违章03/违章03_t91.5_459_walk.jpg,违章03,91.46,688,280,848,440,prior_roi,walk,0
违章03/违章03_t91.7_460_walk.jpg,违章03,91.7,688,280,848,440,prior_roi,walk,0
违章03/违章03_t91.9_461_walk.jpg,违章03,91.93,688,280,848,440,prior_roi,walk,0
违章03/违章03_t92.2_462_walk.jpg,违章03,92.17,688,280,848,440,prior_roi,walk,0
违章03/违章03_t92.4_463_walk.jpg,违章03,92.4,688,280,848,440,prior_roi,walk,0
违章03/违章03_t92.6_464_walk.jpg,违章03,92.64,688,280,848,440,prior_roi,walk,0
违章03/违章03_t92.9_465_walk.jpg,违章03,92.88,688,280,848,440,prior_roi,walk,0
违章03/违章03_t93.1_466_walk.jpg,违章03,93.11,688,280,848,440,prior_roi,walk,0
违章03/违章03_t93.3_467_walk.jpg,违章03,93.35,688,280,848,440,prior_roi,walk,0
违章03/违章03_t93.6_468_walk.jpg,违章03,93.58,688,280,848,440,prior_roi,walk,0
违章03/违章03_t93.8_469_walk.jpg,违章03,93.82,688,280,848,440,prior_roi,walk,0
违章03/违章03_t94.0_470_walk.jpg,违章03,94.05,688,280,848,440,prior_roi,walk,0
违章03/违章03_t94.3_471_walk.jpg,违章03,94.29,688,280,848,440,prior_roi,walk,0
违章03/违章03_t94.5_472_walk.jpg,违章03,94.53,688,280,848,440,prior_roi,walk,0
违章03/违章03_t94.8_473_walk.jpg,违章03,94.76,688,280,848,440,prior_roi,walk,0
违章03/违章03_t95.0_474_walk.jpg,违章03,95.0,688,280,848,440,prior_roi,walk,0
违章03/违章03_t95.2_475_walk.jpg,违章03,95.23,688,280,848,440,prior_roi,walk,0
违章03/违章03_t95.5_476_walk.jpg,违章03,95.47,688,280,848,440,prior_roi,walk,0
违章03/违章03_t95.7_477_walk.jpg,违章03,95.7,688,280,848,440,prior_roi,walk,0
违章03/违章03_t95.9_478_walk.jpg,违章03,95.94,688,280,848,440,prior_roi,walk,0
违章03/违章03_t96.2_479_walk.jpg,违章03,96.18,688,280,848,440,prior_roi,walk,0
违章03/违章03_t96.4_480_walk.jpg,违章03,96.41,688,280,848,440,prior_roi,walk,0
违章03/违章03_t96.7_481_walk.jpg,违章03,96.65,688,280,848,440,prior_roi,walk,0
违章03/违章03_t96.9_482_walk.jpg,违章03,96.88,688,280,848,440,prior_roi,walk,0
违章03/违章03_t97.1_483_walk.jpg,违章03,97.12,688,280,848,440,prior_roi,walk,0
违章03/违章03_t97.3_484_walk.jpg,违章03,97.35,688,280,848,440,prior_roi,walk,0
违章03/违章03_t97.6_485_walk.jpg,违章03,97.59,688,280,848,440,prior_roi,walk,0
违章03/违章03_t97.8_486_walk.jpg,违章03,97.83,688,280,848,440,prior_roi,walk,0
违章03/违章03_t98.1_487_walk.jpg,违章03,98.06,688,280,848,440,prior_roi,walk,0
违章03/违章03_t98.3_488_walk.jpg,违章03,98.3,688,280,848,440,prior_roi,walk,0
违章03/违章03_t98.5_489_walk.jpg,违章03,98.53,688,280,848,440,prior_roi,walk,0
违章03/违章03_t98.8_490_walk.jpg,违章03,98.77,688,280,848,440,prior_roi,walk,0
违章03/违章03_t99.0_491_walk.jpg,违章03,99.0,688,280,848,440,prior_roi,walk,0
违章03/违章03_t99.2_492_walk.jpg,违章03,99.24,688,280,848,440,prior_roi,walk,0
违章03/违章03_t99.5_493_walk.jpg,违章03,99.48,688,280,848,440,prior_roi,walk,0
违章03/违章03_t99.7_494_walk.jpg,违章03,99.71,688,280,848,440,prior_roi,walk,0
违章03/违章03_t100.0_495_walk.jpg,违章03,99.95,688,280,848,440,prior_roi,walk,0
违章03/违章03_t100.2_496_walk.jpg,违章03,100.18,688,280,848,440,prior_roi,walk,0
违章03/违章03_t100.4_497_walk.jpg,违章03,100.42,688,280,848,440,prior_roi,walk,0
违章03/违章03_t100.7_498_walk.jpg,违章03,100.65,688,280,848,440,prior_roi,walk,0
违章03/违章03_t100.9_499_walk.jpg,违章03,100.89,688,280,848,440,prior_roi,walk,0
违章03/违章03_t101.1_500_walk.jpg,违章03,101.13,688,280,848,440,prior_roi,walk,0
违章03/违章03_t101.4_501_walk.jpg,违章03,101.36,688,280,848,440,prior_roi,walk,0
违章03/违章03_t101.6_502_walk.jpg,违章03,101.6,688,280,848,440,prior_roi,walk,0
违章03/违章03_t101.8_503_walk.jpg,违章03,101.83,688,280,848,440,prior_roi,walk,0
违章03/违章03_t102.1_504_walk.jpg,违章03,102.07,688,280,848,440,prior_roi,walk,0
违章03/违章03_t102.3_505_walk.jpg,违章03,102.3,688,280,848,440,prior_roi,walk,0
违章03/违章03_t102.5_506_walk.jpg,违章03,102.54,688,280,848,440,prior_roi,walk,0
违章03/违章03_t102.8_507_walk.jpg,违章03,102.78,688,280,848,440,prior_roi,walk,0
违章03/违章03_t103.0_508_walk.jpg,违章03,103.01,688,280,848,440,prior_roi,walk,0
违章03/违章03_t103.0_509_off.jpg,违章03,103.01,1133,475,1280,635,prior_off,off,0
违章03/违章03_t103.2_510_walk.jpg,违章03,103.25,688,280,848,440,prior_roi,walk,0
违章03/违章03_t103.5_511_walk.jpg,违章03,103.48,688,280,848,440,prior_roi,walk,0
违章03/违章03_t103.7_512_walk.jpg,违章03,103.72,688,280,848,440,prior_roi,walk,0
违章03/违章03_t104.0_513_walk.jpg,违章03,103.95,688,280,848,440,prior_roi,walk,0
违章03/违章03_t104.2_514_walk.jpg,违章03,104.19,688,280,848,440,prior_roi,walk,0
违章03/违章03_t104.4_515_walk.jpg,违章03,104.43,688,280,848,440,prior_roi,walk,0
违章03/违章03_t104.7_516_walk.jpg,违章03,104.66,688,280,848,440,prior_roi,walk,0
违章03/违章03_t104.9_517_walk.jpg,违章03,104.9,688,280,848,440,prior_roi,walk,0
违章03/违章03_t105.1_518_walk.jpg,违章03,105.13,688,280,848,440,prior_roi,walk,0
违章03/违章03_t105.4_519_walk.jpg,违章03,105.37,688,280,848,440,prior_roi,walk,0
违章03/违章03_t105.6_520_walk.jpg,违章03,105.6,688,280,848,440,prior_roi,walk,0
违章03/违章03_t105.8_521_walk.jpg,违章03,105.84,688,280,848,440,prior_roi,walk,0
违章03/违章03_t106.1_522_walk.jpg,违章03,106.08,688,280,848,440,prior_roi,walk,0
违章03/违章03_t106.3_523_walk.jpg,违章03,106.31,688,280,848,440,prior_roi,walk,0
违章03/违章03_t106.5_524_walk.jpg,违章03,106.55,688,280,848,440,prior_roi,walk,0
违章03/违章03_t106.8_525_walk.jpg,违章03,106.78,688,280,848,440,prior_roi,walk,0
违章03/违章03_t106.8_526_off.jpg,违章03,106.78,544,354,704,514,prior_off,off,0
违章03/违章03_t107.0_527_walk.jpg,违章03,107.02,688,280,848,440,prior_roi,walk,0
违章03/违章03_t107.2_528_walk.jpg,违章03,107.25,688,280,848,440,prior_roi,walk,0
违章03/违章03_t107.5_529_walk.jpg,违章03,107.49,688,280,848,440,prior_roi,walk,0
违章03/违章03_t107.5_530_off.jpg,违章03,107.49,0,94,159,254,prior_off,off,0
违章03/违章03_t107.7_531_walk.jpg,违章03,107.73,688,280,848,440,prior_roi,walk,0
违章03/违章03_t108.0_532_walk.jpg,违章03,107.96,688,280,848,440,prior_roi,walk,0
违章03/违章03_t108.2_533_walk.jpg,违章03,108.2,688,280,848,440,prior_roi,walk,0
违章03/违章03_t108.4_534_walk.jpg,违章03,108.43,688,280,848,440,prior_roi,walk,0
违章03/违章03_t108.7_535_walk.jpg,违章03,108.67,688,280,848,440,prior_roi,walk,0
违章03/违章03_t108.9_536_walk.jpg,违章03,108.9,688,280,848,440,prior_roi,walk,0
违章03/违章03_t109.1_537_walk.jpg,违章03,109.14,688,280,848,440,prior_roi,walk,0
违章03/违章03_t109.4_538_walk.jpg,违章03,109.38,688,280,848,440,prior_roi,walk,0
违章03/违章03_t109.6_539_walk.jpg,违章03,109.61,688,280,848,440,prior_roi,walk,0
违章03/违章03_t109.8_540_walk.jpg,违章03,109.85,688,280,848,440,prior_roi,walk,0
违章03/违章03_t110.1_541_walk.jpg,违章03,110.08,688,280,848,440,prior_roi,walk,0
违章03/违章03_t110.3_542_walk.jpg,违章03,110.32,688,280,848,440,prior_roi,walk,0
违章03/违章03_t110.5_543_walk.jpg,违章03,110.55,688,280,848,440,prior_roi,walk,0
违章03/违章03_t110.8_544_walk.jpg,违章03,110.79,688,280,848,440,prior_roi,walk,0
违章03/违章03_t111.0_545_walk.jpg,违章03,111.03,688,280,848,440,prior_roi,walk,0
违章03/违章03_t111.3_546_walk.jpg,违章03,111.26,688,280,848,440,prior_roi,walk,0
违章03/违章03_t111.5_547_walk.jpg,违章03,111.5,688,280,848,440,prior_roi,walk,0
违章03/违章03_t111.7_548_walk.jpg,违章03,111.73,688,280,848,440,prior_roi,walk,0
违章03/违章03_t112.0_549_walk.jpg,违章03,111.97,688,280,848,440,prior_roi,walk,0
违章03/违章03_t112.2_550_walk.jpg,违章03,112.2,688,280,848,440,prior_roi,walk,0
违章03/违章03_t112.4_551_walk.jpg,违章03,112.44,688,280,848,440,prior_roi,walk,0
违章03/违章03_t112.7_552_walk.jpg,违章03,112.68,688,280,848,440,prior_roi,walk,0
违章03/违章03_t112.9_553_walk.jpg,违章03,112.91,688,280,848,440,prior_roi,walk,0
违章03/违章03_t113.2_554_walk.jpg,违章03,113.15,688,280,848,440,prior_roi,walk,0
违章03/违章03_t113.4_555_walk.jpg,违章03,113.38,688,280,848,440,prior_roi,walk,0
违章03/违章03_t113.6_556_walk.jpg,违章03,113.62,688,280,848,440,prior_roi,walk,0
违章03/违章03_t113.8_557_walk.jpg,违章03,113.85,688,280,848,440,prior_roi,walk,0
违章03/违章03_t114.1_558_walk.jpg,违章03,114.09,688,280,848,440,prior_roi,walk,0
违章03/违章03_t114.3_559_walk.jpg,违章03,114.33,688,280,848,440,prior_roi,walk,0
违章03/违章03_t114.3_560_off.jpg,违章03,114.33,439,0,599,143,prior_off,off,0
违章03/违章03_t114.6_561_walk.jpg,违章03,114.56,688,280,848,440,prior_roi,walk,0
违章03/违章03_t114.8_562_walk.jpg,违章03,114.8,688,280,848,440,prior_roi,walk,0
违章03/违章03_t115.0_563_walk.jpg,违章03,115.03,688,280,848,440,prior_roi,walk,0
违章03/违章03_t115.3_564_walk.jpg,违章03,115.27,688,280,848,440,prior_roi,walk,0
违章03/违章03_t115.5_565_walk.jpg,违章03,115.5,688,280,848,440,prior_roi,walk,0
违章03/违章03_t115.7_566_walk.jpg,违章03,115.74,688,280,848,440,prior_roi,walk,0
违章03/违章03_t116.0_567_walk.jpg,违章03,115.98,688,280,848,440,prior_roi,walk,0
违章03/违章03_t116.2_568_walk.jpg,违章03,116.21,688,280,848,440,prior_roi,walk,0
违章03/违章03_t116.5_569_walk.jpg,违章03,116.45,688,280,848,440,prior_roi,walk,0
违章03/违章03_t116.7_570_walk.jpg,违章03,116.68,688,280,848,440,prior_roi,walk,0
违章03/违章03_t116.9_571_walk.jpg,违章03,116.92,688,280,848,440,prior_roi,walk,0
违章03/违章03_t117.2_572_walk.jpg,违章03,117.15,688,280,848,440,prior_roi,walk,0
违章03/违章03_t117.4_573_walk.jpg,违章03,117.39,688,280,848,440,prior_roi,walk,0
违章03/违章03_t117.6_574_walk.jpg,违章03,117.63,688,280,848,440,prior_roi,walk,0
违章03/违章03_t117.9_575_walk.jpg,违章03,117.86,688,280,848,440,prior_roi,walk,0
违章03/违章03_t118.1_576_walk.jpg,违章03,118.1,688,280,848,440,prior_roi,walk,0
违章03/违章03_t118.3_577_walk.jpg,违章03,118.33,688,280,848,440,prior_roi,walk,0
违章03/违章03_t118.6_578_walk.jpg,违章03,118.57,688,280,848,440,prior_roi,walk,0
违章03/违章03_t118.8_579_walk.jpg,违章03,118.8,688,280,848,440,prior_roi,walk,0
违章03/违章03_t119.0_580_walk.jpg,违章03,119.04,688,280,848,440,prior_roi,walk,0
违章03/违章03_t119.0_581_off.jpg,违章03,119.04,954,361,1114,521,prior_off,off,0
违章03/违章03_t119.3_582_walk.jpg,违章03,119.28,688,280,848,440,prior_roi,walk,0
违章03/违章03_t119.5_583_walk.jpg,违章03,119.51,688,280,848,440,prior_roi,walk,0
违章03/违章03_t119.8_584_walk.jpg,违章03,119.75,688,280,848,440,prior_roi,walk,0
违章03/违章03_t120.0_585_walk.jpg,违章03,119.98,688,280,848,440,prior_roi,walk,0
违章03/违章03_t120.2_586_walk.jpg,违章03,120.22,688,280,848,440,prior_roi,walk,0
违章03/违章03_t120.5_587_walk.jpg,违章03,120.45,688,280,848,440,prior_roi,walk,0
违章03/违章03_t120.7_588_walk.jpg,违章03,120.69,688,280,848,440,prior_roi,walk,0
违章03/违章03_t120.9_589_walk.jpg,违章03,120.93,688,280,848,440,prior_roi,walk,0
违章03/违章03_t121.2_590_walk.jpg,违章03,121.16,688,280,848,440,prior_roi,walk,0
违章03/违章03_t121.4_591_walk.jpg,违章03,121.4,688,280,848,440,prior_roi,walk,0
违章03/违章03_t121.6_592_walk.jpg,违章03,121.63,688,280,848,440,prior_roi,walk,0
违章03/违章03_t121.9_593_walk.jpg,违章03,121.87,688,280,848,440,prior_roi,walk,0
违章03/违章03_t122.1_594_walk.jpg,违章03,122.1,688,280,848,440,prior_roi,walk,0
违章03/违章03_t122.3_595_walk.jpg,违章03,122.34,688,280,848,440,prior_roi,walk,0
违章03/违章03_t122.6_596_walk.jpg,违章03,122.58,688,280,848,440,prior_roi,walk,0
违章03/违章03_t122.8_597_walk.jpg,违章03,122.81,688,280,848,440,prior_roi,walk,0
违章03/违章03_t122.8_598_off.jpg,违章03,122.81,323,340,483,500,prior_off,off,0
违章03/违章03_t123.0_599_walk.jpg,违章03,123.05,688,280,848,440,prior_roi,walk,0
违章03/违章03_t123.3_600_walk.jpg,违章03,123.28,688,280,848,440,prior_roi,walk,0
违章03/违章03_t123.5_601_walk.jpg,违章03,123.52,688,280,848,440,prior_roi,walk,0
违章03/违章03_t123.8_602_walk.jpg,违章03,123.76,688,280,848,440,prior_roi,walk,0
违章03/违章03_t124.0_603_walk.jpg,违章03,123.99,688,280,848,440,prior_roi,walk,0
违章03/违章03_t124.2_604_walk.jpg,违章03,124.23,688,280,848,440,prior_roi,walk,0
违章03/违章03_t124.5_605_walk.jpg,违章03,124.46,688,280,848,440,prior_roi,walk,0
违章03/违章03_t124.7_606_walk.jpg,违章03,124.7,688,280,848,440,prior_roi,walk,0
违章03/违章03_t124.9_607_walk.jpg,违章03,124.93,688,280,848,440,prior_roi,walk,0
违章03/违章03_t125.2_608_walk.jpg,违章03,125.17,688,280,848,440,prior_roi,walk,0
违章03/违章03_t125.4_609_walk.jpg,违章03,125.41,688,280,848,440,prior_roi,walk,0
违章03/违章03_t125.6_610_walk.jpg,违章03,125.64,688,280,848,440,prior_roi,walk,0
违章03/违章03_t125.6_611_off.jpg,违章03,125.64,823,98,983,258,prior_off,off,0
违章03/违章03_t125.9_612_walk.jpg,违章03,125.88,688,280,848,440,prior_roi,walk,0
违章03/违章03_t126.1_613_walk.jpg,违章03,126.11,688,280,848,440,prior_roi,walk,0
违章03/违章03_t126.3_614_walk.jpg,违章03,126.35,688,280,848,440,prior_roi,walk,0
违章03/违章03_t126.6_615_walk.jpg,违章03,126.58,688,280,848,440,prior_roi,walk,0
违章03/违章03_t126.8_616_walk.jpg,违章03,126.82,688,280,848,440,prior_roi,walk,0
违章03/违章03_t127.1_617_walk.jpg,违章03,127.06,688,280,848,440,prior_roi,walk,0
违章03/违章03_t127.3_618_walk.jpg,违章03,127.29,688,280,848,440,prior_roi,walk,0
违章03/违章03_t127.5_619_walk.jpg,违章03,127.53,688,280,848,440,prior_roi,walk,0
违章03/违章03_t127.8_620_walk.jpg,违章03,127.76,688,280,848,440,prior_roi,walk,0
违章03/违章03_t128.0_621_walk.jpg,违章03,128.0,688,280,848,440,prior_roi,walk,0
违章03/违章03_t128.2_622_walk.jpg,违章03,128.23,688,280,848,440,prior_roi,walk,0
违章03/违章03_t128.2_623_off.jpg,违章03,128.23,1082,510,1242,670,prior_off,off,0
违章03/违章03_t128.5_624_walk.jpg,违章03,128.47,688,280,848,440,prior_roi,walk,0
违章03/违章03_t128.7_625_walk.jpg,违章03,128.71,688,280,848,440,prior_roi,walk,0
违章03/违章03_t128.9_626_walk.jpg,违章03,128.94,688,280,848,440,prior_roi,walk,0
违章03/违章03_t129.2_627_walk.jpg,违章03,129.18,688,280,848,440,prior_roi,walk,0
违章03/违章03_t129.4_628_walk.jpg,违章03,129.41,688,280,848,440,prior_roi,walk,0
违章03/违章03_t129.7_629_walk.jpg,违章03,129.65,688,280,848,440,prior_roi,walk,0
违章03/违章03_t129.9_630_walk.jpg,违章03,129.88,688,280,848,440,prior_roi,walk,0
违章03/违章03_t130.1_631_walk.jpg,违章03,130.12,688,280,848,440,prior_roi,walk,0
违章03/违章03_t130.4_632_walk.jpg,违章03,130.36,688,280,848,440,prior_roi,walk,0
违章03/违章03_t130.6_633_walk.jpg,违章03,130.59,688,280,848,440,prior_roi,walk,0
违章03/违章03_t130.8_634_walk.jpg,违章03,130.83,688,280,848,440,prior_roi,walk,0
违章03/违章03_t131.1_635_walk.jpg,违章03,131.06,688,280,848,440,prior_roi,walk,0
违章03/违章03_t131.3_636_walk.jpg,违章03,131.3,688,280,848,440,prior_roi,walk,0
违章03/违章03_t131.5_637_walk.jpg,违章03,131.53,688,280,848,440,prior_roi,walk,0
违章03/违章03_t131.5_638_off.jpg,违章03,131.53,996,80,1156,240,prior_off,off,0
违章03/违章03_t131.8_639_walk.jpg,违章03,131.77,688,280,848,440,prior_roi,walk,0
违章03/违章03_t132.0_640_walk.jpg,违章03,132.01,688,280,848,440,prior_roi,walk,0
违章03/违章03_t132.2_641_walk.jpg,违章03,132.24,688,280,848,440,prior_roi,walk,0
违章03/违章03_t132.5_642_walk.jpg,违章03,132.48,688,280,848,440,prior_roi,walk,0
违章03/违章03_t132.7_643_walk.jpg,违章03,132.71,688,280,848,440,prior_roi,walk,0
违章03/违章03_t132.9_644_walk.jpg,违章03,132.95,688,280,848,440,prior_roi,walk,0
违章03/违章03_t133.2_645_walk.jpg,违章03,133.18,688,280,848,440,prior_roi,walk,0
违章03/违章03_t133.4_646_walk.jpg,违章03,133.42,688,280,848,440,prior_roi,walk,0
违章03/违章03_t133.7_647_walk.jpg,违章03,133.66,688,280,848,440,prior_roi,walk,0
违章03/违章03_t133.9_648_walk.jpg,违章03,133.89,688,280,848,440,prior_roi,walk,0
违章03/违章03_t134.1_649_off.jpg,违章03,134.13,688,280,848,440,impostor,off,0
违章03/违章03_t135.1_650_stand.jpg,违章03,135.07,688,280,848,440,prior_roi,stand,0
违章03/违章03_t135.3_651_stand.jpg,违章03,135.31,688,280,848,440,prior_roi,stand,0
违章03/违章03_t135.5_652_stand.jpg,违章03,135.54,688,280,848,440,prior_roi,stand,0
违章03/违章03_t135.8_653_stand.jpg,违章03,135.78,688,280,848,440,prior_roi,stand,0
违章03/违章03_t136.0_654_stand.jpg,违章03,136.01,688,280,848,440,prior_roi,stand,0
违章03/违章03_t136.2_655_stand.jpg,违章03,136.25,688,280,848,440,prior_roi,stand,0
违章03/违章03_t136.5_656_stand.jpg,违章03,136.48,688,280,848,440,prior_roi,stand,0
违章03/违章03_t136.5_657_off.jpg,违章03,136.48,765,156,925,316,prior_off,off,0
违章03/违章03_t136.7_658_stand.jpg,违章03,136.72,688,280,848,440,prior_roi,stand,0
违章03/违章03_t137.0_659_stand.jpg,违章03,136.96,688,280,848,440,prior_roi,stand,0
违章03/违章03_t137.2_660_stand.jpg,违章03,137.19,688,280,848,440,prior_roi,stand,0
违章03/违章03_t137.4_661_stand.jpg,违章03,137.43,688,280,848,440,prior_roi,stand,0
违章03/违章03_t137.7_662_stand.jpg,违章03,137.66,688,280,848,440,prior_roi,stand,0
违章03/违章03_t137.7_663_off.jpg,违章03,137.66,948,39,1108,199,prior_off,off,0
违章03/违章03_t137.9_664_stand.jpg,违章03,137.9,688,280,848,440,prior_roi,stand,0
违章03/违章03_t138.1_665_stand.jpg,违章03,138.13,688,280,848,440,prior_roi,stand,0
违章03/违章03_t138.4_666_stand.jpg,违章03,138.37,688,280,848,440,prior_roi,stand,0
违章03/违章03_t138.6_667_stand.jpg,违章03,138.61,688,280,848,440,prior_roi,stand,0
违章03/违章03_t138.8_668_stand.jpg,违章03,138.84,688,280,848,440,prior_roi,stand,0
违章03/违章03_t139.1_669_stand.jpg,违章03,139.08,688,280,848,440,prior_roi,stand,0
违章03/违章03_t139.3_670_stand.jpg,违章03,139.31,688,280,848,440,prior_roi,stand,0
违章03/违章03_t139.6_671_stand.jpg,违章03,139.55,688,280,848,440,prior_roi,stand,0
违章03/违章03_t139.8_672_stand.jpg,违章03,139.78,688,280,848,440,prior_roi,stand,0
违章03/违章03_t140.0_673_stand.jpg,违章03,140.02,688,280,848,440,prior_roi,stand,0
违章03/违章03_t140.3_674_stand.jpg,违章03,140.26,688,280,848,440,prior_roi,stand,0
违章03/违章03_t140.5_675_stand.jpg,违章03,140.49,688,280,848,440,prior_roi,stand,0
违章03/违章03_t140.7_676_stand.jpg,违章03,140.73,688,280,848,440,prior_roi,stand,0
违章03/违章03_t141.0_677_stand.jpg,违章03,140.96,688,280,848,440,prior_roi,stand,0
违章03/违章03_t141.2_678_stand.jpg,违章03,141.2,688,280,848,440,prior_roi,stand,0
违章03/违章03_t141.4_679_stand.jpg,违章03,141.43,688,280,848,440,prior_roi,stand,0
违章03/违章03_t141.4_680_off.jpg,违章03,141.43,0,528,90,688,prior_off,off,0
违章03/违章03_t141.7_681_stand.jpg,违章03,141.67,688,280,848,440,prior_roi,stand,0
违章03/违章03_t141.9_682_stand.jpg,违章03,141.91,688,280,848,440,prior_roi,stand,0
违章03/违章03_t142.1_683_stand.jpg,违章03,142.14,688,280,848,440,prior_roi,stand,0
违章03/违章03_t142.4_684_stand.jpg,违章03,142.38,688,280,848,440,prior_roi,stand,0
违章03/违章03_t142.6_685_stand.jpg,违章03,142.61,688,280,848,440,prior_roi,stand,0
违章03/违章03_t142.8_686_stand.jpg,违章03,142.85,688,280,848,440,prior_roi,stand,0
违章03/违章03_t143.1_687_stand.jpg,违章03,143.08,688,280,848,440,prior_roi,stand,0
违章03/违章03_t143.3_688_stand.jpg,违章03,143.32,688,280,848,440,prior_roi,stand,0
违章03/违章03_t143.6_689_stand.jpg,违章03,143.56,688,280,848,440,prior_roi,stand,0
违章03/违章03_t143.8_690_stand.jpg,违章03,143.79,688,280,848,440,prior_roi,stand,0
违章03/违章03_t144.0_691_stand.jpg,违章03,144.03,688,280,848,440,prior_roi,stand,0
违章03/违章03_t144.3_692_stand.jpg,违章03,144.26,688,280,848,440,prior_roi,stand,0
违章03/违章03_t144.5_693_stand.jpg,违章03,144.5,688,280,848,440,prior_roi,stand,0
违章03/违章03_t144.7_694_stand.jpg,违章03,144.73,688,280,848,440,prior_roi,stand,0
违章03/违章03_t145.0_695_stand.jpg,违章03,144.97,688,280,848,440,prior_roi,stand,0
违章03/违章03_t145.2_696_stand.jpg,违章03,145.21,688,280,848,440,prior_roi,stand,0
违章03/违章03_t145.4_697_stand.jpg,违章03,145.44,688,280,848,440,prior_roi,stand,0
违章03/违章03_t145.7_698_stand.jpg,违章03,145.68,688,280,848,440,prior_roi,stand,0
违章03/违章03_t145.9_699_stand.jpg,违章03,145.91,688,280,848,440,prior_roi,stand,0
违章03/违章03_t146.2_700_stand.jpg,违章03,146.15,688,280,848,440,prior_roi,stand,0
违章03/违章03_t146.4_701_stand.jpg,违章03,146.38,688,280,848,440,prior_roi,stand,0
违章03/违章03_t146.6_702_stand.jpg,违章03,146.62,688,280,848,440,prior_roi,stand,0
违章03/违章03_t146.9_703_stand.jpg,违章03,146.86,688,280,848,440,prior_roi,stand,0
违章03/违章03_t147.1_704_stand.jpg,违章03,147.09,688,280,848,440,prior_roi,stand,0
违章03/违章03_t147.3_705_stand.jpg,违章03,147.33,688,280,848,440,prior_roi,stand,0
违章03/违章03_t147.6_706_stand.jpg,违章03,147.56,688,280,848,440,prior_roi,stand,0
违章03/违章03_t147.6_707_off.jpg,违章03,147.56,23,0,183,150,prior_off,off,0
违章03/违章03_t147.8_708_stand.jpg,违章03,147.8,688,280,848,440,prior_roi,stand,0
违章03/违章03_t148.0_709_stand.jpg,违章03,148.03,688,280,848,440,prior_roi,stand,0
违章03/违章03_t148.3_710_stand.jpg,违章03,148.27,688,280,848,440,prior_roi,stand,0
违章03/违章03_t148.5_711_stand.jpg,违章03,148.51,688,280,848,440,prior_roi,stand,0
违章03/违章03_t148.7_712_stand.jpg,违章03,148.74,688,280,848,440,prior_roi,stand,0
违章03/违章03_t149.0_713_stand.jpg,违章03,148.98,688,280,848,440,prior_roi,stand,0
违章03/违章03_t149.2_714_stand.jpg,违章03,149.21,688,280,848,440,prior_roi,stand,0
违章03/违章03_t149.4_715_stand.jpg,违章03,149.45,688,280,848,440,prior_roi,stand,0
违章03/违章03_t149.7_716_stand.jpg,违章03,149.68,688,280,848,440,prior_roi,stand,0
违章03/违章03_t149.9_717_stand.jpg,违章03,149.92,688,280,848,440,prior_roi,stand,0
违章03/违章03_t150.2_718_stand.jpg,违章03,150.16,688,280,848,440,prior_roi,stand,0
违章03/违章03_t150.4_719_stand.jpg,违章03,150.39,688,280,848,440,prior_roi,stand,0
违章03/违章03_t150.6_720_stand.jpg,违章03,150.63,688,280,848,440,prior_roi,stand,0
违章03/违章03_t150.9_721_stand.jpg,违章03,150.86,688,280,848,440,prior_roi,stand,0
违章03/违章03_t151.1_722_stand.jpg,违章03,151.1,688,280,848,440,prior_roi,stand,0
违章03/违章03_t151.3_723_stand.jpg,违章03,151.33,688,280,848,440,prior_roi,stand,0
违章03/违章03_t151.6_724_stand.jpg,违章03,151.57,688,280,848,440,prior_roi,stand,0
违章03/违章03_t151.8_725_stand.jpg,违章03,151.81,688,280,848,440,prior_roi,stand,0
违章03/违章03_t152.0_726_stand.jpg,违章03,152.04,688,280,848,440,prior_roi,stand,0
违章03/违章03_t152.3_727_stand.jpg,违章03,152.28,688,280,848,440,prior_roi,stand,0
违章03/违章03_t152.5_728_stand.jpg,违章03,152.51,688,280,848,440,prior_roi,stand,0
违章03/违章03_t152.8_729_stand.jpg,违章03,152.75,688,280,848,440,prior_roi,stand,0
违章03/违章03_t153.0_730_stand.jpg,违章03,152.98,688,280,848,440,prior_roi,stand,0
违章03/违章03_t153.2_731_stand.jpg,违章03,153.22,688,280,848,440,prior_roi,stand,0
违章03/违章03_t153.5_732_stand.jpg,违章03,153.46,688,280,848,440,prior_roi,stand,0
违章03/违章03_t153.7_733_stand.jpg,违章03,153.69,688,280,848,440,prior_roi,stand,0
违章03/违章03_t153.9_734_stand.jpg,违章03,153.93,688,280,848,440,prior_roi,stand,0
违章03/违章03_t154.2_735_stand.jpg,违章03,154.16,688,280,848,440,prior_roi,stand,0
违章03/违章03_t154.4_736_stand.jpg,违章03,154.4,688,280,848,440,prior_roi,stand,0
违章03/违章03_t154.6_737_stand.jpg,违章03,154.63,688,280,848,440,prior_roi,stand,0
违章03/违章03_t154.9_738_stand.jpg,违章03,154.87,688,280,848,440,prior_roi,stand,0
违章03/违章03_t155.1_739_stand.jpg,违章03,155.11,688,280,848,440,prior_roi,stand,0
违章03/违章03_t155.3_740_stand.jpg,违章03,155.34,688,280,848,440,prior_roi,stand,0
违章03/违章03_t155.6_741_stand.jpg,违章03,155.58,688,280,848,440,prior_roi,stand,0
违章03/违章03_t155.8_742_stand.jpg,违章03,155.81,688,280,848,440,prior_roi,stand,0
违章03/违章03_t156.1_743_stand.jpg,违章03,156.05,688,280,848,440,prior_roi,stand,0
违章03/违章03_t156.3_744_stand.jpg,违章03,156.28,688,280,848,440,prior_roi,stand,0
违章03/违章03_t156.5_745_stand.jpg,违章03,156.52,688,280,848,440,prior_roi,stand,0
违章03/违章03_t156.8_746_stand.jpg,违章03,156.76,688,280,848,440,prior_roi,stand,0
违章03/违章03_t156.8_747_off.jpg,违章03,156.76,509,571,669,720,prior_off,off,0
违章03/违章03_t157.0_748_stand.jpg,违章03,156.99,688,280,848,440,prior_roi,stand,0
违章03/违章03_t157.2_749_stand.jpg,违章03,157.23,688,280,848,440,prior_roi,stand,0
违章03/违章03_t157.5_750_stand.jpg,违章03,157.46,688,280,848,440,prior_roi,stand,0
违章03/违章03_t157.7_751_stand.jpg,违章03,157.7,688,280,848,440,prior_roi,stand,0
违章03/违章03_t157.9_752_stand.jpg,违章03,157.93,688,280,848,440,prior_roi,stand,0
违章03/违章03_t158.2_753_stand.jpg,违章03,158.17,688,280,848,440,prior_roi,stand,0
违章03/违章03_t158.4_754_stand.jpg,违章03,158.41,688,280,848,440,prior_roi,stand,0
违章03/违章03_t158.6_755_stand.jpg,违章03,158.64,688,280,848,440,prior_roi,stand,0
违章03/违章03_t158.9_756_stand.jpg,违章03,158.88,688,280,848,440,prior_roi,stand,0
违章03/违章03_t156.1_757_off.jpg,违章03,156.05,935,483,945,494,impostor_outside,off,0
违章03/违章03_t0.2_758_off.jpg,违章03,0.24,481,203,494,212,impostor_outside,off,0
违章03/违章03_t142.8_759_off.jpg,违章03,142.85,652,641,693,666,impostor_outside,off,0
违章03/违章03_t9.7_760_off.jpg,违章03,9.66,544,143,657,212,impostor_outside,off,0
违章03/违章03_t142.4_761_off.jpg,违章03,142.38,483,605,517,628,impostor_outside,off,0
违章03/违章03_t24.3_762_off.jpg,违章03,24.28,1070,128,1082,151,impostor_outside,off,0
违章03/违章03_t28.1_763_off.jpg,违章03,28.05,977,460,987,476,impostor_outside,off,0
违章03/违章03_t44.3_764_off.jpg,违章03,44.32,338,167,392,211,impostor_outside,off,0
违章03/违章03_t14.6_765_off.jpg,违章03,14.61,523,138,638,191,impostor_outside,off,0
违章03/违章03_t26.2_766_off.jpg,违章03,26.17,407,199,490,226,impostor_outside,off,0
违章03/违章03_t16.3_767_off.jpg,违章03,16.26,777,116,855,184,impostor_outside,off,0
违章03/违章03_t10.8_768_off.jpg,违章03,10.84,543,143,597,161,impostor_outside,off,0
违章03/违章03_t134.6_769_off.jpg,违章03,134.6,1196,177,1209,185,impostor_outside,off,0
违章03/违章03_t3.5_770_off.jpg,违章03,3.54,524,82,661,199,impostor_outside,off,0
违章03/违章03_t147.3_771_off.jpg,违章03,147.33,494,340,512,348,impostor_outside,off,0
违章03/违章03_t5.7_772_off.jpg,违章03,5.66,1182,69,1193,81,impostor_outside,off,0
违章03/违章03_t142.1_773_off.jpg,违章03,142.14,396,589,460,620,impostor_outside,off,0
违章03/违章03_t8.0_774_off.jpg,违章03,8.01,742,132,777,149,impostor_outside,off,0
违章03/违章03_t1.6_775_off.jpg,违章03,1.65,492,94,616,135,impostor_outside,off,0
违章03/违章03_t147.1_776_off.jpg,违章03,147.09,495,342,512,352,impostor_outside,off,0
违章03/违章03_t1.9_777_off.jpg,违章03,1.89,607,138,625,154,impostor_outside,off,0
违章03/违章03_t2.6_778_off.jpg,违章03,2.59,1271,105,1280,118,impostor_outside,off,0
违章03/违章03_t27.8_779_off.jpg,违章03,27.82,962,58,982,112,impostor_outside,off,0
违章03/违章03_t10.1_780_off.jpg,违章03,10.14,1110,136,1184,184,impostor_outside,off,0
违章03/违章03_t156.5_781_off.jpg,违章03,156.52,1084,101,1095,113,impostor_outside,off,0
违章03/违章03_t151.6_782_off.jpg,违章03,151.57,486,320,503,328,impostor_outside,off,0
违章03/违章03_t153.5_783_off.jpg,违章03,153.46,486,319,507,327,impostor_outside,off,0
违章03/违章03_t155.8_784_off.jpg,违章03,155.81,845,466,860,482,impostor_outside,off,0
违章03/违章03_t5.0_785_off.jpg,违章03,4.95,572,130,643,169,impostor_outside,off,0
违章03/违章03_t35.6_786_off.jpg,违章03,35.59,614,188,722,225,impostor_outside,off,0
违章03/违章03_t37.2_787_off.jpg,违章03,37.24,721,150,798,277,impostor_outside,off,0
违章03/违章03_t30.9_788_off.jpg,违章03,30.88,1231,124,1250,152,impostor_outside,off,0
违章03/违章03_t15.1_789_off.jpg,违章03,15.09,678,153,688,165,impostor_outside,off,0
违章03/违章03_t0.5_790_off.jpg,违章03,0.47,1113,32,1121,48,impostor_outside,off,0
违章03/违章03_t5.4_791_off.jpg,违章03,5.42,780,83,862,166,impostor_outside,off,0
违章03/违章03_t43.1_792_off.jpg,违章03,43.14,391,50,481,193,impostor_outside,off,0
违章03/违章03_t17.2_793_off.jpg,违章03,17.21,1122,137,1191,166,impostor_outside,off,0
违章03/违章03_t15.3_794_off.jpg,违章03,15.32,615,143,642,154,impostor_outside,off,0
违章03/违章03_t46.4_795_off.jpg,违章03,46.44,350,85,365,93,impostor_outside,off,0
违章03/违章03_t10.4_796_off.jpg,违章03,10.37,1225,112,1234,121,impostor_outside,off,0
违章03/违章03_t150.6_797_off.jpg,违章03,150.63,381,398,404,407,impostor_outside,off,0
违章03/违章03_t0.7_798_off.jpg,违章03,0.71,145,135,210,164,impostor_outside,off,0
违章03/违章03_t30.2_799_off.jpg,违章03,30.17,497,191,570,226,impostor_outside,off,0
违章03/违章03_t36.1_800_off.jpg,违章03,36.07,691,145,740,175,impostor_outside,off,0
违章03/违章03_t24.5_801_off.jpg,违章03,24.52,992,171,1092,220,impostor_outside,off,0
违章03/违章03_t16.0_802_off.jpg,违章03,16.03,545,416,561,428,impostor_outside,off,0
违章03/违章03_t15.3_803_off.jpg,违章03,15.32,699,161,712,181,impostor_outside,off,0
违章03/违章03_t27.6_804_off.jpg,违章03,27.58,1040,141,1049,153,impostor_outside,off,0
违章03/违章03_t5.2_805_off.jpg,违章03,5.19,803,79,862,161,impostor_outside,off,0
违章03/违章03_t29.9_806_off.jpg,违章03,29.94,1054,165,1108,186,impostor_outside,off,0
违章03/违章03_t15.3_807_off.jpg,违章03,15.32,731,141,766,159,impostor_outside,off,0
违章03/违章03_t15.8_808_off.jpg,违章03,15.79,359,403,373,413,impostor_outside,off,0
违章03/违章03_t16.3_809_off.jpg,违章03,16.26,716,452,733,465,impostor_outside,off,0
违章03/违章03_t35.6_810_off.jpg,违章03,35.59,590,217,631,241,impostor_outside,off,0
违章03/违章03_t23.1_811_off.jpg,违章03,23.1,366,200,447,230,impostor_outside,off,0
违章03/违章03_t155.8_812_off.jpg,违章03,155.81,866,463,879,472,impostor_outside,off,0
违章03/违章03_t48.1_813_off.jpg,违章03,48.09,315,50,518,264,impostor_outside,off,0
违章03/违章03_t144.0_814_off.jpg,违章03,144.03,600,609,611,617,impostor_outside,off,0
违章03/违章03_t156.3_815_off.jpg,违章03,156.28,1050,497,1061,512,impostor_outside,off,0
违章03/违章03_t9.4_816_off.jpg,违章03,9.43,1136,128,1280,178,impostor_outside,off,0
违章03/违章03_t6.4_817_off.jpg,违章03,6.36,592,112,601,129,impostor_outside,off,0
违章03/违章03_t11.6_818_off.jpg,违章03,11.55,700,111,714,129,impostor_outside,off,0
违章03/违章03_t30.9_819_off.jpg,违章03,30.88,532,192,573,217,impostor_outside,off,0
违章03/违章03_t5.7_820_off.jpg,违章03,5.66,285,383,299,393,impostor_outside,off,0
违章03/违章03_t134.1_821_off.jpg,违章03,134.13,1198,157,1211,166,impostor_outside,off,0
违章03/违章03_t35.4_822_off.jpg,违章03,35.36,585,226,722,293,impostor_outside,off,0
违章03/违章03_t30.9_823_off.jpg,违章03,30.88,1122,192,1178,216,impostor_outside,off,0
违章03/违章03_t31.6_824_off.jpg,违章03,31.59,143,86,156,94,impostor_outside,off,0
违章03/违章03_t134.1_825_off.jpg,违章03,134.13,1002,89,1016,106,impostor_outside,off,0
违章03/违章03_t16.0_826_off.jpg,违章03,16.03,522,428,535,437,impostor_outside,off,0
违章03/违章03_t155.8_827_off.jpg,违章03,155.81,881,453,893,466,impostor_outside,off,0
违章03/违章03_t134.4_828_off.jpg,违章03,134.36,1194,176,1208,185,impostor_outside,off,0
违章03/违章03_t28.5_829_off.jpg,违章03,28.52,1231,125,1247,147,impostor_outside,off,0
违章03/违章03_t31.4_830_off.jpg,违章03,31.35,1160,129,1168,145,impostor_outside,off,0
违章03/违章03_t1.9_831_off.jpg,违章03,1.89,601,122,622,148,impostor_outside,off,0
违章03/违章03_t6.6_832_off.jpg,违章03,6.6,712,109,721,125,impostor_outside,off,0
违章03/违章03_t28.8_833_off.jpg,违章03,28.76,71,194,106,236,impostor_outside,off,0
违章03/违章03_t2.6_834_off.jpg,违章03,2.59,1269,118,1280,130,impostor_outside,off,0
违章03/违章03_t0.7_835_off.jpg,违章03,0.71,1177,26,1195,48,impostor_outside,off,0
违章03/违章03_t7.8_836_off.jpg,违章03,7.78,566,142,621,180,impostor_outside,off,0
违章03/违章03_t43.1_837_off.jpg,违章03,43.14,376,161,384,174,impostor_outside,off,0
违章03/违章03_t4.2_838_off.jpg,违章03,4.24,683,127,694,140,impostor_outside,off,0
违章03/违章03_t157.5_839_off.jpg,违章03,157.46,403,259,427,273,impostor_outside,off,0
违章03/违章03_t0.0_840_off.jpg,违章03,0.0,1232,63,1280,81,impostor_outside,off,0
违章03/违章03_t6.1_841_off.jpg,违章03,6.13,587,399,637,430,impostor_outside,off,0
违章03/违章03_t36.8_842_off.jpg,违章03,36.77,495,162,556,268,impostor_outside,off,0
违章03/违章03_t5.9_843_off.jpg,违章03,5.89,1095,101,1280,160,impostor_outside,off,0
违章03/违章03_t17.9_844_off.jpg,违章03,17.92,701,176,792,203,impostor_outside,off,0
违章03/违章03_t36.1_845_off.jpg,违章03,36.07,452,223,600,296,impostor_outside,off,0
违章03/违章03_t0.2_846_off.jpg,违章03,0.24,0,175,44,200,impostor_outside,off,0
违章03/违章03_t0.5_847_off.jpg,违章03,0.47,32,145,91,172,impostor_outside,off,0
违章03/违章03_t0.7_848_off.jpg,违章03,0.71,0,131,113,167,impostor_outside,off,0
违章03/违章03_t46.7_849_off.jpg,违章03,46.67,372,84,387,92,impostor_outside,off,0
违章03/违章03_t15.6_850_off.jpg,违章03,15.56,545,144,594,160,impostor_outside,off,0
违章03/违章03_t30.6_851_off.jpg,违章03,30.64,1093,131,1114,154,impostor_outside,off,0
违章03/违章03_t18.1_852_off.jpg,违章03,18.15,1243,103,1258,114,impostor_outside,off,0
违章03/违章03_t16.5_853_off.jpg,违章03,16.5,958,170,1011,196,impostor_outside,off,0
违章03/违章03_t3.8_854_off.jpg,违章03,3.77,527,115,636,157,impostor_outside,off,0
违章03/违章03_t4.7_855_off.jpg,违章03,4.71,738,116,770,134,impostor_outside,off,0
违章03/违章03_t0.7_856_off.jpg,违章03,0.71,137,162,158,170,impostor_outside,off,0
违章03/违章03_t36.8_857_off.jpg,违章03,36.77,964,223,1163,325,impostor_outside,off,0
违章03/违章03_t0.5_858_off.jpg,违章03,0.47,1230,57,1280,77,impostor_outside,off,0
违章03/违章03_t42.9_859_off.jpg,违章03,42.9,389,162,402,175,impostor_outside,off,0
违章03/违章03_t14.4_860_off.jpg,违章03,14.38,1214,130,1280,184,impostor_outside,off,0
违章03/违章03_t16.5_861_off.jpg,违章03,16.5,805,117,856,162,impostor_outside,off,0
违章03/违章03_t8.0_862_off.jpg,违章03,8.01,710,102,723,127,impostor_outside,off,0
违章03/违章03_t23.3_863_off.jpg,违章03,23.34,381,200,461,230,impostor_outside,off,0
违章03/违章03_t6.6_864_off.jpg,违章03,6.6,594,112,603,126,impostor_outside,off,0
违章03/违章03_t15.8_865_off.jpg,违章03,15.79,698,110,713,135,impostor_outside,off,0
违章03/违章03_t37.0_866_off.jpg,违章03,37.01,604,157,676,273,impostor_outside,off,0
违章03/违章03_t6.1_867_off.jpg,违章03,6.13,1185,71,1194,86,impostor_outside,off,0
违章03/违章03_t5.4_868_off.jpg,违章03,5.42,707,147,722,160,impostor_outside,off,0
违章03/违章03_t30.6_869_off.jpg,违章03,30.64,520,192,573,221,impostor_outside,off,0
违章03/违章03_t25.9_870_off.jpg,违章03,25.93,1052,141,1062,150,impostor_outside,off,0
违章03/违章03_t9.0_871_off.jpg,违章03,8.96,387,354,403,364,impostor_outside,off,0
违章03/违章03_t0.2_872_off.jpg,违章03,0.24,1231,61,1280,79,impostor_outside,off,0
违章03/违章03_t153.2_873_off.jpg,违章03,153.22,391,395,400,404,impostor_outside,off,0
违章03/违章03_t27.3_874_off.jpg,违章03,27.34,383,390,401,400,impostor_outside,off,0
违章03/违章03_t0.9_875_off.jpg,违章03,0.94,240,127,348,172,impostor_outside,off,0
违章03/违章03_t5.0_876_off.jpg,违章03,4.95,685,131,697,147,impostor_outside,off,0
违章03/违章03_t30.6_877_off.jpg,违章03,30.64,1105,179,1178,216,impostor_outside,off,0
违章03/违章03_t3.8_878_off.jpg,违章03,3.77,619,109,648,124,impostor_outside,off,0
违章03/违章03_t26.4_879_off.jpg,违章03,26.4,400,194,494,226,impostor_outside,off,0
违章03/违章03_t58.7_880_off.jpg,违章03,58.7,299,106,348,163,impostor_outside,off,0
违章03/违章03_t71.2_881_off.jpg,违章03,71.19,297,163,306,172,impostor_outside,off,0
违章03/违章03_t46.0_882_off.jpg,违章03,45.97,306,212,373,249,impostor_outside,off,0
违章03/违章03_t2.4_883_off.jpg,违章03,2.36,682,101,899,169,impostor_outside,off,0
违章03/违章03_t134.8_884_off.jpg,违章03,134.83,367,436,386,445,impostor_outside,off,0
违章03/违章03_t5.0_885_off.jpg,违章03,4.95,707,140,721,162,impostor_outside,off,0
违章03/违章03_t15.6_886_off.jpg,违章03,15.56,617,171,631,182,impostor_outside,off,0
违章03/违章03_t14.4_887_off.jpg,违章03,14.38,480,158,503,176,impostor_outside,off,0
违章03/违章03_t30.4_888_off.jpg,违章03,30.41,1091,133,1114,155,impostor_outside,off,0
违章03/违章03_t33.9_889_off.jpg,违章03,33.94,1230,125,1249,151,impostor_outside,off,0
违章03/违章03_t14.1_890_off.jpg,违章03,14.14,1150,129,1280,182,impostor_outside,off,0
违章03/违章03_t155.3_891_off.jpg,违章03,155.34,701,450,724,463,impostor_outside,off,0
违章03/违章03_t39.1_892_off.jpg,违章03,39.13,1155,559,1280,662,impostor_outside,off,0
违章03/违章03_t5.7_893_off.jpg,违章03,5.66,785,97,862,156,impostor_outside,off,0
违章03/违章03_t4.5_894_off.jpg,违章03,4.48,747,112,770,126,impostor_outside,off,0
违章03/违章03_t41.5_895_off.jpg,违章03,41.49,388,161,405,177,impostor_outside,off,0
违章03/违章03_t25.9_896_off.jpg,违章03,25.93,1109,132,1128,148,impostor_outside,off,0
违章03/违章03_t28.1_897_off.jpg,违章03,28.05,1072,168,1093,179,impostor_outside,off,0
违章03/违章03_t153.7_898_off.jpg,违章03,153.69,498,319,508,328,impostor_outside,off,0
违章03/违章03_t16.0_899_off.jpg,违章03,16.03,770,114,854,184,impostor_outside,off,0
违章03/违章03_t3.5_900_off.jpg,违章03,3.54,1222,84,1280,113,impostor_outside,off,0
违章03/违章03_t32.1_901_off.jpg,违章03,32.06,1185,161,1207,171,impostor_outside,off,0
违章03/违章03_t32.8_902_off.jpg,违章03,32.77,1229,122,1252,146,impostor_outside,off,0
违章03/违章03_t2.6_903_off.jpg,违章03,2.59,512,86,632,123,impostor_outside,off,0
违章03/违章03_t16.3_904_off.jpg,违章03,16.26,719,44,740,90,impostor_outside,off,0
违章03/违章03_t15.8_905_off.jpg,违章03,15.79,385,395,397,403,impostor_outside,off,0
违章03/违章03_t23.6_906_off.jpg,违章03,23.57,392,200,482,230,impostor_outside,off,0
违章03/违章03_t155.1_907_off.jpg,违章03,155.11,643,441,655,450,impostor_outside,off,0
违章03/违章03_t15.1_908_off.jpg,违章03,15.09,699,161,712,182,impostor_outside,off,0
违章03/违章03_t23.6_909_off.jpg,违章03,23.57,898,146,939,183,impostor_outside,off,0
违章03/违章03_t42.0_910_off.jpg,违章03,41.96,364,162,377,176,impostor_outside,off,0
违章03/违章03_t31.6_911_off.jpg,违章03,31.59,1229,124,1250,146,impostor_outside,off,0
违章03/违章03_t4.0_912_off.jpg,违章03,4.01,529,120,639,160,impostor_outside,off,0
违章03/违章03_t22.6_913_off.jpg,违章03,22.63,332,200,405,229,impostor_outside,off,0
违章03/违章03_t9.7_914_off.jpg,违章03,9.66,1232,129,1254,142,impostor_outside,off,0
违章03/违章03_t74.0_915_walk.jpg,违章03,74.02,685,289,845,449,prior_roi,walk,0
违章03/违章03_t74.2_916_walk.jpg,违章03,74.25,699,271,859,431,prior_roi,walk,0
违章03/违章03_t74.5_917_walk.jpg,违章03,74.49,697,292,857,452,prior_roi,walk,0
违章03/违章03_t74.7_918_walk.jpg,违章03,74.72,689,276,849,436,prior_roi,walk,0
违章03/违章03_t75.0_919_walk.jpg,违章03,74.96,684,271,844,431,prior_roi,walk,0
违章03/违章03_t75.2_920_walk.jpg,违章03,75.2,696,279,856,439,prior_roi,walk,0
违章03/违章03_t75.4_921_walk.jpg,违章03,75.43,692,285,852,445,prior_roi,walk,0
违章03/违章03_t75.7_922_walk.jpg,违章03,75.67,678,268,838,428,prior_roi,walk,0
违章03/违章03_t75.9_923_walk.jpg,违章03,75.9,677,287,837,447,prior_roi,walk,0
违章03/违章03_t76.1_924_walk.jpg,违章03,76.14,676,292,836,452,prior_roi,walk,0
违章03/违章03_t76.4_925_walk.jpg,违章03,76.37,680,271,840,431,prior_roi,walk,0
违章03/违章03_t76.6_926_walk.jpg,违章03,76.61,689,280,849,440,prior_roi,walk,0
违章03/违章03_t76.8_927_walk.jpg,违章03,76.85,691,268,851,428,prior_roi,walk,0
违章03/违章03_t77.1_928_walk.jpg,违章03,77.08,686,288,846,448,prior_roi,walk,0
违章03/违章03_t77.3_929_walk.jpg,违章03,77.32,680,270,840,430,prior_roi,walk,0
违章03/违章03_t77.5_930_walk.jpg,违章03,77.55,698,280,858,440,prior_roi,walk,0
违章03/违章03_t77.8_931_walk.jpg,违章03,77.79,696,286,856,446,prior_roi,walk,0
违章03/违章03_t78.0_932_walk.jpg,违章03,78.02,699,275,859,435,prior_roi,walk,0
违章03/违章03_t78.3_933_walk.jpg,违章03,78.26,677,274,837,434,prior_roi,walk,0
违章03/违章03_t78.5_934_walk.jpg,违章03,78.5,689,268,849,428,prior_roi,walk,0
违章03/违章03_t78.7_935_walk.jpg,违章03,78.73,677,287,837,447,prior_roi,walk,0
违章03/违章03_t79.0_936_walk.jpg,违章03,78.97,688,272,848,432,prior_roi,walk,0
违章03/违章03_t79.2_937_walk.jpg,违章03,79.2,693,291,853,451,prior_roi,walk,0
违章03/违章03_t79.4_938_walk.jpg,违章03,79.44,698,277,858,437,prior_roi,walk,0
违章03/违章03_t79.7_939_walk.jpg,违章03,79.67,689,280,849,440,prior_roi,walk,0
违章03/违章03_t79.9_940_walk.jpg,违章03,79.91,693,269,853,429,prior_roi,walk,0
违章03/违章03_t80.2_941_walk.jpg,违章03,80.15,699,282,859,442,prior_roi,walk,0
违章03/违章03_t80.4_942_walk.jpg,违章03,80.38,693,272,853,432,prior_roi,walk,0
违章03/违章03_t80.6_943_walk.jpg,违章03,80.62,693,272,853,432,prior_roi,walk,0
违章03/违章03_t80.8_944_walk.jpg,违章03,80.85,696,274,856,434,prior_roi,walk,0
违章03/违章03_t81.1_945_walk.jpg,违章03,81.09,694,273,854,433,prior_roi,walk,0
违章03/违章03_t81.3_946_walk.jpg,违章03,81.32,678,286,838,446,prior_roi,walk,0
违章03/违章03_t81.6_947_walk.jpg,违章03,81.56,691,277,851,437,prior_roi,walk,0
违章03/违章03_t81.8_948_walk.jpg,违章03,81.8,684,276,844,436,prior_roi,walk,0
违章03/违章03_t82.0_949_walk.jpg,违章03,82.03,682,280,842,440,prior_roi,walk,0
违章03/违章03_t82.3_950_walk.jpg,违章03,82.27,697,268,857,428,prior_roi,walk,0
违章03/违章03_t82.5_951_walk.jpg,违章03,82.5,696,269,856,429,prior_roi,walk,0
违章03/违章03_t82.7_952_walk.jpg,违章03,82.74,692,292,852,452,prior_roi,walk,0
违章03/违章03_t83.0_953_walk.jpg,违章03,82.97,700,270,860,430,prior_roi,walk,0
违章03/违章03_t83.2_954_walk.jpg,违章03,83.21,676,288,836,448,prior_roi,walk,0
违章03/违章03_t83.5_955_walk.jpg,违章03,83.45,685,272,845,432,prior_roi,walk,0
违章03/违章03_t83.7_956_walk.jpg,违章03,83.68,700,272,860,432,prior_roi,walk,0
违章03/违章03_t83.9_957_walk.jpg,违章03,83.92,700,284,860,444,prior_roi,walk,0
违章03/违章03_t84.2_958_walk.jpg,违章03,84.15,680,271,840,431,prior_roi,walk,0
违章03/违章03_t84.4_959_walk.jpg,违章03,84.39,686,268,846,428,prior_roi,walk,0
违章03/违章03_t84.6_960_walk.jpg,违章03,84.62,699,278,859,438,prior_roi,walk,0
违章03/违章03_t84.9_961_walk.jpg,违章03,84.86,680,278,840,438,prior_roi,walk,0
违章03/违章03_t85.1_962_walk.jpg,违章03,85.1,694,292,854,452,prior_roi,walk,0
违章03/违章03_t85.3_963_walk.jpg,违章03,85.33,678,270,838,430,prior_roi,walk,0
违章03/违章03_t85.6_964_walk.jpg,违章03,85.57,687,274,847,434,prior_roi,walk,0
违章03/违章03_t85.8_965_walk.jpg,违章03,85.8,684,282,844,442,prior_roi,walk,0
违章03/违章03_t86.0_966_walk.jpg,违章03,86.04,686,289,846,449,prior_roi,walk,0
违章03/违章03_t86.3_967_walk.jpg,违章03,86.27,691,283,851,443,prior_roi,walk,0
违章03/违章03_t86.5_968_walk.jpg,违章03,86.51,693,284,853,444,prior_roi,walk,0
违章03/违章03_t86.8_969_walk.jpg,违章03,86.75,678,270,838,430,prior_roi,walk,0
违章03/违章03_t87.0_970_walk.jpg,违章03,86.98,686,282,846,442,prior_roi,walk,0
违章03/违章03_t87.2_971_walk.jpg,违章03,87.22,688,292,848,452,prior_roi,walk,0
违章03/违章03_t87.5_972_walk.jpg,违章03,87.45,688,285,848,445,prior_roi,walk,0
违章03/违章03_t87.7_973_walk.jpg,违章03,87.69,691,285,851,445,prior_roi,walk,0
违章03/违章03_t87.9_974_walk.jpg,违章03,87.92,689,284,849,444,prior_roi,walk,0
违章03/违章03_t88.2_975_walk.jpg,违章03,88.16,678,275,838,435,prior_roi,walk,0
违章03/违章03_t88.4_976_walk.jpg,违章03,88.4,680,288,840,448,prior_roi,walk,0
违章03/违章03_t88.6_977_walk.jpg,违章03,88.63,688,284,848,444,prior_roi,walk,0
违章03/违章03_t88.9_978_walk.jpg,违章03,88.87,686,272,846,432,prior_roi,walk,0
违章03/违章03_t89.1_979_walk.jpg,违章03,89.1,678,272,838,432,prior_roi,walk,0
违章03/违章03_t89.3_980_walk.jpg,违章03,89.34,680,269,840,429,prior_roi,walk,0
违章03/违章03_t89.6_981_walk.jpg,违章03,89.58,688,288,848,448,prior_roi,walk,0
违章03/违章03_t89.8_982_walk.jpg,违章03,89.81,694,271,854,431,prior_roi,walk,0
违章03/违章03_t90.0_983_walk.jpg,违章03,90.05,697,270,857,430,prior_roi,walk,0
违章03/违章03_t90.3_984_walk.jpg,违章03,90.28,692,276,852,436,prior_roi,walk,0
违章03/违章03_t90.5_985_walk.jpg,违章03,90.52,694,277,854,437,prior_roi,walk,0
违章03/违章03_t90.8_986_walk.jpg,违章03,90.75,687,289,847,449,prior_roi,walk,0
违章03/违章03_t91.0_987_walk.jpg,违章03,90.99,699,283,859,443,prior_roi,walk,0
违章03/违章03_t91.2_988_walk.jpg,违章03,91.23,688,286,848,446,prior_roi,walk,0
违章03/违章03_t91.5_989_walk.jpg,违章03,91.46,686,291,846,451,prior_roi,walk,0
违章03/违章03_t91.7_990_walk.jpg,违章03,91.7,697,287,857,447,prior_roi,walk,0
违章03/违章03_t91.9_991_walk.jpg,违章03,91.93,690,284,850,444,prior_roi,walk,0
违章03/违章03_t92.2_992_walk.jpg,违章03,92.17,687,275,847,435,prior_roi,walk,0
违章03/违章03_t92.4_993_walk.jpg,违章03,92.4,700,284,860,444,prior_roi,walk,0
违章03/违章03_t92.6_994_walk.jpg,违章03,92.64,677,291,837,451,prior_roi,walk,0
违章03/违章03_t92.9_995_walk.jpg,违章03,92.88,688,279,848,439,prior_roi,walk,0
违章03/违章03_t93.1_996_walk.jpg,违章03,93.11,686,284,846,444,prior_roi,walk,0
违章03/违章03_t93.3_997_walk.jpg,违章03,93.35,676,275,836,435,prior_roi,walk,0
违章03/违章03_t93.6_998_walk.jpg,违章03,93.58,694,270,854,430,prior_roi,walk,0
违章03/违章03_t93.8_999_walk.jpg,违章03,93.82,691,271,851,431,prior_roi,walk,0
违章03/违章03_t94.0_1000_walk.jpg,违章03,94.05,687,281,847,441,prior_roi,walk,0
违章03/违章03_t94.3_1001_walk.jpg,违章03,94.29,700,287,860,447,prior_roi,walk,0
违章03/违章03_t94.5_1002_walk.jpg,违章03,94.53,683,285,843,445,prior_roi,walk,0
违章03/违章03_t94.8_1003_walk.jpg,违章03,94.76,676,284,836,444,prior_roi,walk,0
违章03/违章03_t95.0_1004_walk.jpg,违章03,95.0,692,271,852,431,prior_roi,walk,0
违章03/违章03_t95.2_1005_walk.jpg,违章03,95.23,677,286,837,446,prior_roi,walk,0
违章03/违章03_t95.5_1006_walk.jpg,违章03,95.47,687,269,847,429,prior_roi,walk,0
违章03/违章03_t95.7_1007_walk.jpg,违章03,95.7,687,273,847,433,prior_roi,walk,0
违章03/违章03_t95.9_1008_walk.jpg,违章03,95.94,686,276,846,436,prior_roi,walk,0
违章03/违章03_t96.2_1009_walk.jpg,违章03,96.18,691,283,851,443,prior_roi,walk,0
违章03/违章03_t96.4_1010_walk.jpg,违章03,96.41,700,281,860,441,prior_roi,walk,0
违章03/违章03_t96.7_1011_walk.jpg,违章03,96.65,676,288,836,448,prior_roi,walk,0
违章03/违章03_t96.9_1012_walk.jpg,违章03,96.88,700,275,860,435,prior_roi,walk,0
违章03/违章03_t97.1_1013_walk.jpg,违章03,97.12,696,288,856,448,prior_roi,walk,0
违章03/违章03_t97.3_1014_walk.jpg,违章03,97.35,691,291,851,451,prior_roi,walk,0
违章03/违章03_t97.6_1015_walk.jpg,违章03,97.59,699,279,859,439,prior_roi,walk,0
违章03/违章03_t97.8_1016_walk.jpg,违章03,97.83,697,291,857,451,prior_roi,walk,0
违章03/违章03_t98.1_1017_walk.jpg,违章03,98.06,681,269,841,429,prior_roi,walk,0
违章03/违章03_t98.3_1018_walk.jpg,违章03,98.3,700,291,860,451,prior_roi,walk,0
违章03/违章03_t98.5_1019_walk.jpg,违章03,98.53,691,284,851,444,prior_roi,walk,0
违章03/违章03_t98.8_1020_walk.jpg,违章03,98.77,697,273,857,433,prior_roi,walk,0
违章03/违章03_t99.0_1021_walk.jpg,违章03,99.0,688,290,848,450,prior_roi,walk,0
违章03/违章03_t99.2_1022_walk.jpg,违章03,99.24,685,289,845,449,prior_roi,walk,0
违章03/违章03_t99.5_1023_walk.jpg,违章03,99.48,694,283,854,443,prior_roi,walk,0
违章03/违章03_t99.7_1024_walk.jpg,违章03,99.71,682,268,842,428,prior_roi,walk,0
违章03/违章03_t100.0_1025_walk.jpg,违章03,99.95,698,282,858,442,prior_roi,walk,0
违章03/违章03_t100.2_1026_walk.jpg,违章03,100.18,695,287,855,447,prior_roi,walk,0
违章03/违章03_t100.4_1027_walk.jpg,违章03,100.42,697,273,857,433,prior_roi,walk,0
违章03/违章03_t100.7_1028_walk.jpg,违章03,100.65,695,282,855,442,prior_roi,walk,0
违章03/违章03_t100.9_1029_walk.jpg,违章03,100.89,686,286,846,446,prior_roi,walk,0
违章03/违章03_t101.1_1030_walk.jpg,违章03,101.13,686,281,846,441,prior_roi,walk,0
违章03/违章03_t101.4_1031_walk.jpg,违章03,101.36,694,292,854,452,prior_roi,walk,0
违章03/违章03_t101.6_1032_walk.jpg,违章03,101.6,696,272,856,432,prior_roi,walk,0
违章03/违章03_t101.8_1033_walk.jpg,违章03,101.83,692,281,852,441,prior_roi,walk,0
违章03/违章03_t102.1_1034_walk.jpg,违章03,102.07,688,275,848,435,prior_roi,walk,0
违章03/违章03_t102.3_1035_walk.jpg,违章03,102.3,687,280,847,440,prior_roi,walk,0
违章03/违章03_t102.5_1036_walk.jpg,违章03,102.54,685,275,845,435,prior_roi,walk,0
违章03/违章03_t102.8_1037_walk.jpg,违章03,102.78,682,276,842,436,prior_roi,walk,0
违章03/违章03_t103.0_1038_walk.jpg,违章03,103.01,683,285,843,445,prior_roi,walk,0
违章03/违章03_t103.2_1039_walk.jpg,违章03,103.25,694,279,854,439,prior_roi,walk,0
违章03/违章03_t103.5_1040_walk.jpg,违章03,103.48,690,275,850,435,prior_roi,walk,0
违章03/违章03_t103.7_1041_walk.jpg,违章03,103.72,695,278,855,438,prior_roi,walk,0
违章03/违章03_t104.0_1042_walk.jpg,违章03,103.95,695,288,855,448,prior_roi,walk,0
违章03/违章03_t104.2_1043_walk.jpg,违章03,104.19,680,278,840,438,prior_roi,walk,0
违章03/违章03_t104.4_1044_walk.jpg,违章03,104.43,683,272,843,432,prior_roi,walk,0
违章03/违章03_t104.7_1045_walk.jpg,违章03,104.66,700,276,860,436,prior_roi,walk,0
违章03/违章03_t104.9_1046_walk.jpg,违章03,104.9,693,273,853,433,prior_roi,walk,0
违章03/违章03_t105.1_1047_walk.jpg,违章03,105.13,693,290,853,450,prior_roi,walk,0
违章03/违章03_t105.4_1048_walk.jpg,违章03,105.37,698,287,858,447,prior_roi,walk,0
违章03/违章03_t105.6_1049_walk.jpg,违章03,105.6,679,282,839,442,prior_roi,walk,0
违章03/违章03_t105.8_1050_walk.jpg,违章03,105.84,691,274,851,434,prior_roi,walk,0
违章03/违章03_t106.1_1051_walk.jpg,违章03,106.08,698,273,858,433,prior_roi,walk,0
违章03/违章03_t106.3_1052_walk.jpg,违章03,106.31,695,279,855,439,prior_roi,walk,0
违章03/违章03_t106.5_1053_walk.jpg,违章03,106.55,695,275,855,435,prior_roi,walk,0
违章03/违章03_t106.8_1054_walk.jpg,违章03,106.78,698,270,858,430,prior_roi,walk,0
违章03/违章03_t107.0_1055_walk.jpg,违章03,107.02,693,283,853,443,prior_roi,walk,0
违章03/违章03_t107.2_1056_walk.jpg,违章03,107.25,682,277,842,437,prior_roi,walk,0
违章03/违章03_t107.5_1057_walk.jpg,违章03,107.49,688,276,848,436,prior_roi,walk,0
违章03/违章03_t107.7_1058_walk.jpg,违章03,107.73,692,274,852,434,prior_roi,walk,0
违章03/违章03_t108.0_1059_walk.jpg,违章03,107.96,687,281,847,441,prior_roi,walk,0
违章03/违章03_t108.2_1060_walk.jpg,违章03,108.2,686,291,846,451,prior_roi,walk,0
违章03/违章03_t108.4_1061_walk.jpg,违章03,108.43,676,269,836,429,prior_roi,walk,0
违章03/违章03_t108.7_1062_walk.jpg,违章03,108.67,682,274,842,434,prior_roi,walk,0
违章03/违章03_t108.9_1063_walk.jpg,违章03,108.9,695,273,855,433,prior_roi,walk,0
违章03/违章03_t109.1_1064_walk.jpg,违章03,109.14,693,282,853,442,prior_roi,walk,0
违章03/违章03_t109.4_1065_walk.jpg,违章03,109.38,678,276,838,436,prior_roi,walk,0
违章03/违章03_t109.6_1066_walk.jpg,违章03,109.61,692,277,852,437,prior_roi,walk,0
违章03/违章03_t109.8_1067_walk.jpg,违章03,109.85,698,283,858,443,prior_roi,walk,0
违章03/违章03_t110.1_1068_walk.jpg,违章03,110.08,689,278,849,438,prior_roi,walk,0
违章03/违章03_t110.3_1069_walk.jpg,违章03,110.32,697,291,857,451,prior_roi,walk,0
违章03/违章03_t110.5_1070_walk.jpg,违章03,110.55,698,290,858,450,prior_roi,walk,0
违章03/违章03_t110.8_1071_walk.jpg,违章03,110.79,688,269,848,429,prior_roi,walk,0
违章04/违章04_t0.0_0_stand.jpg,违章04,0.0,1003,52,1223,272,prior_roi,stand,0
违章04/违章04_t0.2_1_stand.jpg,违章04,0.24,1003,52,1223,272,prior_roi,stand,0
违章04/违章04_t0.5_2_stand.jpg,违章04,0.47,1003,52,1223,272,prior_roi,stand,0
违章04/违章04_t0.7_3_stand.jpg,违章04,0.71,1003,52,1223,272,prior_roi,stand,0
违章04/违章04_t0.9_4_stand.jpg,违章04,0.94,1003,52,1223,272,prior_roi,stand,0
违章04/违章04_t1.2_5_stand.jpg,违章04,1.18,1003,52,1223,272,prior_roi,stand,0
违章04/违章04_t1.4_6_stand.jpg,违章04,1.41,1003,52,1223,272,prior_roi,stand,0
违章04/违章04_t1.6_7_stand.jpg,违章04,1.65,1003,52,1223,272,prior_roi,stand,0
违章04/违章04_t1.9_8_stand.jpg,违章04,1.89,1003,52,1223,272,prior_roi,stand,0
违章04/违章04_t2.1_9_stand.jpg,违章04,2.12,1003,52,1223,272,prior_roi,stand,0
违章04/违章04_t2.4_10_stand.jpg,违章04,2.36,1003,52,1223,272,prior_roi,stand,0
违章04/违章04_t2.6_11_stand.jpg,违章04,2.59,1003,52,1223,272,prior_roi,stand,0
违章04/违章04_t2.8_12_stand.jpg,违章04,2.83,1003,52,1223,272,prior_roi,stand,0
违章04/违章04_t3.1_13_stand.jpg,违章04,3.06,1003,52,1223,272,prior_roi,stand,0
违章04/违章04_t3.3_14_stand.jpg,违章04,3.3,1003,52,1223,272,prior_roi,stand,0
违章04/违章04_t3.5_15_stand.jpg,违章04,3.54,1003,52,1223,272,prior_roi,stand,0
违章04/违章04_t3.8_16_stand.jpg,违章04,3.77,1003,52,1223,272,prior_roi,stand,0
违章04/违章04_t3.8_17_off.jpg,违章04,3.77,1003,52,1223,272,impostor,off,0
违章04/违章04_t4.0_18_stand.jpg,违章04,4.01,1003,52,1223,272,prior_roi,stand,0
违章04/违章04_t4.0_19_off.jpg,违章04,4.01,1003,52,1223,272,impostor,off,0
违章04/违章04_t4.2_20_stand.jpg,违章04,4.24,1003,52,1223,272,prior_roi,stand,0
违章04/违章04_t4.2_21_off.jpg,违章04,4.24,1003,52,1223,272,impostor,off,0
违章04/违章04_t4.5_22_stand.jpg,违章04,4.48,1003,52,1223,272,prior_roi,stand,0
违章04/违章04_t4.7_23_stand.jpg,违章04,4.71,1003,52,1223,272,prior_roi,stand,0
违章04/违章04_t5.0_24_stand.jpg,违章04,4.95,1003,52,1223,272,prior_roi,stand,0
违章04/违章04_t5.2_25_stand.jpg,违章04,5.19,1003,52,1223,272,prior_roi,stand,0
违章04/违章04_t5.4_26_stand.jpg,违章04,5.42,1003,52,1223,272,prior_roi,stand,0
违章04/违章04_t5.7_27_stand.jpg,违章04,5.66,1003,52,1223,272,prior_roi,stand,0
违章04/违章04_t5.9_28_stand.jpg,违章04,5.89,1003,52,1223,272,prior_roi,stand,0
违章04/违章04_t5.9_29_off.jpg,违章04,5.89,1404,779,1624,999,prior_off,off,0
违章04/违章04_t6.1_30_stand.jpg,违章04,6.13,1003,52,1223,272,prior_roi,stand,0
违章04/违章04_t6.4_31_stand.jpg,违章04,6.36,1003,52,1223,272,prior_roi,stand,0
违章04/违章04_t6.6_32_stand.jpg,违章04,6.6,1003,52,1223,272,prior_roi,stand,0
违章04/违章04_t6.8_33_stand.jpg,违章04,6.84,1003,52,1223,272,prior_roi,stand,0
违章04/违章04_t7.1_34_stand.jpg,违章04,7.07,1003,52,1223,272,prior_roi,stand,0
违章04/违章04_t7.3_35_stand.jpg,违章04,7.31,1003,52,1223,272,prior_roi,stand,0
违章04/违章04_t7.5_36_stand.jpg,违章04,7.54,1003,52,1223,272,prior_roi,stand,0
违章04/违章04_t7.8_37_stand.jpg,违章04,7.78,1003,52,1223,272,prior_roi,stand,0
违章04/违章04_t8.0_38_stand.jpg,违章04,8.01,1003,52,1223,272,prior_roi,stand,0
违章04/违章04_t8.2_39_stand.jpg,违章04,8.25,1003,52,1223,272,prior_roi,stand,0
违章04/违章04_t8.5_40_stand.jpg,违章04,8.49,1003,52,1223,272,prior_roi,stand,0
违章04/违章04_t8.7_41_stand.jpg,违章04,8.72,1003,52,1223,272,prior_roi,stand,0
违章04/违章04_t9.0_42_stand.jpg,违章04,8.96,1003,52,1223,272,prior_roi,stand,0
违章04/违章04_t9.2_43_stand.jpg,违章04,9.19,1003,52,1223,272,prior_roi,stand,0
违章04/违章04_t9.4_44_stand.jpg,违章04,9.43,1003,52,1223,272,prior_roi,stand,0
违章04/违章04_t9.7_45_stand.jpg,违章04,9.66,1003,52,1223,272,prior_roi,stand,0
违章04/违章04_t9.9_46_stand.jpg,违章04,9.9,1003,52,1223,272,prior_roi,stand,0
违章04/违章04_t10.1_47_stand.jpg,违章04,10.14,1003,52,1223,272,prior_roi,stand,0
违章04/违章04_t10.4_48_stand.jpg,违章04,10.37,1003,52,1223,272,prior_roi,stand,0
违章04/违章04_t10.6_49_stand.jpg,违章04,10.61,1003,52,1223,272,prior_roi,stand,0
违章04/违章04_t10.8_50_stand.jpg,违章04,10.84,1003,52,1223,272,prior_roi,stand,0
违章04/违章04_t11.1_51_stand.jpg,违章04,11.08,1003,52,1223,272,prior_roi,stand,0
违章04/违章04_t11.3_52_stand.jpg,违章04,11.31,1003,52,1223,272,prior_roi,stand,0
违章04/违章04_t11.6_53_stand.jpg,违章04,11.55,1003,52,1223,272,prior_roi,stand,0
违章04/违章04_t11.8_54_stand.jpg,违章04,11.79,1003,52,1223,272,prior_roi,stand,0
违章04/违章04_t12.0_55_stand.jpg,违章04,12.02,1003,52,1223,272,prior_roi,stand,0
违章04/违章04_t12.3_56_stand.jpg,违章04,12.26,1003,52,1223,272,prior_roi,stand,0
违章04/违章04_t12.5_57_stand.jpg,违章04,12.49,1003,52,1223,272,prior_roi,stand,0
违章04/违章04_t12.5_58_off.jpg,违章04,12.49,922,408,1142,628,prior_off,off,0
违章04/违章04_t12.7_59_stand.jpg,违章04,12.73,1003,52,1223,272,prior_roi,stand,0
违章04/违章04_t13.0_60_stand.jpg,违章04,12.96,1003,52,1223,272,prior_roi,stand,0
违章04/违章04_t13.2_61_stand.jpg,违章04,13.2,1003,52,1223,272,prior_roi,stand,0
违章04/违章04_t13.4_62_stand.jpg,违章04,13.44,1003,52,1223,272,prior_roi,stand,0
违章04/违章04_t13.7_63_stand.jpg,违章04,13.67,1003,52,1223,272,prior_roi,stand,0
违章04/违章04_t13.9_64_stand.jpg,违章04,13.91,1003,52,1223,272,prior_roi,stand,0
违章04/违章04_t14.1_65_stand.jpg,违章04,14.14,1003,52,1223,272,prior_roi,stand,0
违章04/违章04_t14.4_66_stand.jpg,违章04,14.38,1003,52,1223,272,prior_roi,stand,0
违章04/违章04_t14.6_67_stand.jpg,违章04,14.61,1003,52,1223,272,prior_roi,stand,0
违章04/违章04_t14.8_68_stand.jpg,违章04,14.85,1003,52,1223,272,prior_roi,stand,0
违章04/违章04_t14.8_69_off.jpg,违章04,14.85,165,113,385,333,prior_off,off,0
违章04/违章04_t15.1_70_stand.jpg,违章04,15.09,1003,52,1223,272,prior_roi,stand,0
违章04/违章04_t15.3_71_stand.jpg,违章04,15.32,1003,52,1223,272,prior_roi,stand,0
违章04/违章04_t15.3_72_off.jpg,违章04,15.32,134,413,354,633,prior_off,off,0
违章04/违章04_t15.6_73_stand.jpg,违章04,15.56,1003,52,1223,272,prior_roi,stand,0
违章04/违章04_t15.6_74_off.jpg,违章04,15.56,501,127,721,347,prior_off,off,0
违章04/违章04_t15.8_75_stand.jpg,违章04,15.79,1003,52,1223,272,prior_roi,stand,0
违章04/违章04_t16.0_76_stand.jpg,违章04,16.03,1003,52,1223,272,prior_roi,stand,0
违章04/违章04_t16.3_77_stand.jpg,违章04,16.26,1003,52,1223,272,prior_roi,stand,0
违章04/违章04_t16.5_78_stand.jpg,违章04,16.5,1003,52,1223,272,prior_roi,stand,0
违章04/违章04_t16.7_79_stand.jpg,违章04,16.74,1003,52,1223,272,prior_roi,stand,0
违章04/违章04_t17.0_80_stand.jpg,违章04,16.97,1003,52,1223,272,prior_roi,stand,0
违章04/违章04_t17.2_81_stand.jpg,违章04,17.21,1003,52,1223,272,prior_roi,stand,0
违章04/违章04_t17.4_82_stand.jpg,违章04,17.44,1003,52,1223,272,prior_roi,stand,0
违章04/违章04_t17.7_83_stand.jpg,违章04,17.68,1003,52,1223,272,prior_roi,stand,0
违章04/违章04_t17.9_84_stand.jpg,违章04,17.91,1003,52,1223,272,prior_roi,stand,0
违章04/违章04_t18.1_85_stand.jpg,违章04,18.15,1003,52,1223,272,prior_roi,stand,0
违章04/违章04_t18.4_86_stand.jpg,违章04,18.39,1003,52,1223,272,prior_roi,stand,0
违章04/违章04_t18.6_87_stand.jpg,违章04,18.62,1003,52,1223,272,prior_roi,stand,0
违章04/违章04_t18.9_88_stand.jpg,违章04,18.86,1003,52,1223,272,prior_roi,stand,0
违章04/违章04_t19.1_89_stand.jpg,违章04,19.09,1003,52,1223,272,prior_roi,stand,0
违章04/违章04_t19.3_90_stand.jpg,违章04,19.33,1003,52,1223,272,prior_roi,stand,0
违章04/违章04_t19.6_91_stand.jpg,违章04,19.56,1003,52,1223,272,prior_roi,stand,0
违章04/违章04_t19.8_92_stand.jpg,违章04,19.8,1003,52,1223,272,prior_roi,stand,0
违章04/违章04_t20.0_93_stand.jpg,违章04,20.04,1003,52,1223,272,prior_roi,stand,0
违章04/违章04_t20.3_94_stand.jpg,违章04,20.27,1003,52,1223,272,prior_roi,stand,0
违章04/违章04_t20.5_95_stand.jpg,违章04,20.51,1003,52,1223,272,prior_roi,stand,0
违章04/违章04_t20.7_96_stand.jpg,违章04,20.74,1003,52,1223,272,prior_roi,stand,0
违章04/违章04_t21.0_97_stand.jpg,违章04,20.98,1003,52,1223,272,prior_roi,stand,0
违章04/违章04_t21.2_98_stand.jpg,违章04,21.21,1003,52,1223,272,prior_roi,stand,0
违章04/违章04_t21.4_99_stand.jpg,违章04,21.45,1003,52,1223,272,prior_roi,stand,0
违章04/违章04_t21.7_100_stand.jpg,违章04,21.69,1003,52,1223,272,prior_roi,stand,0
违章04/违章04_t21.9_101_stand.jpg,违章04,21.92,1003,52,1223,272,prior_roi,stand,0
违章04/违章04_t22.2_102_stand.jpg,违章04,22.16,1003,52,1223,272,prior_roi,stand,0
违章04/违章04_t22.4_103_stand.jpg,违章04,22.39,1003,52,1223,272,prior_roi,stand,0
违章04/违章04_t22.6_104_stand.jpg,违章04,22.63,1003,52,1223,272,prior_roi,stand,0
违章04/违章04_t22.9_105_stand.jpg,违章04,22.86,1003,52,1223,272,prior_roi,stand,0
违章04/违章04_t23.1_106_stand.jpg,违章04,23.1,1003,52,1223,272,prior_roi,stand,0
违章04/违章04_t23.3_107_stand.jpg,违章04,23.34,1003,52,1223,272,prior_roi,stand,0
违章04/违章04_t23.6_108_stand.jpg,违章04,23.57,1003,52,1223,272,prior_roi,stand,0
违章04/违章04_t23.8_109_stand.jpg,违章04,23.81,1003,52,1223,272,prior_roi,stand,0
违章04/违章04_t24.0_110_stand.jpg,违章04,24.04,1003,52,1223,272,prior_roi,stand,0
违章04/违章04_t24.3_111_stand.jpg,违章04,24.28,1003,52,1223,272,prior_roi,stand,0
违章04/违章04_t24.5_112_stand.jpg,违章04,24.51,1003,52,1223,272,prior_roi,stand,0
违章04/违章04_t24.8_113_stand.jpg,违章04,24.75,1003,52,1223,272,prior_roi,stand,0
违章04/违章04_t25.0_114_stand.jpg,违章04,24.99,1003,52,1223,272,prior_roi,stand,0
违章04/违章04_t25.2_115_stand.jpg,违章04,25.22,1003,52,1223,272,prior_roi,stand,0
违章04/违章04_t25.2_116_off.jpg,违章04,25.22,1074,447,1294,667,prior_off,off,0
违章04/违章04_t25.5_117_stand.jpg,违章04,25.46,1003,52,1223,272,prior_roi,stand,0
违章04/违章04_t25.7_118_stand.jpg,违章04,25.69,1003,52,1223,272,prior_roi,stand,0
违章04/违章04_t25.9_119_stand.jpg,违章04,25.93,1003,52,1223,272,prior_roi,stand,0
违章04/违章04_t26.2_120_stand.jpg,违章04,26.17,1003,52,1223,272,prior_roi,stand,0
违章04/违章04_t26.4_121_stand.jpg,违章04,26.4,1003,52,1223,272,prior_roi,stand,0
违章04/违章04_t26.6_122_stand.jpg,违章04,26.64,1003,52,1223,272,prior_roi,stand,0
违章04/违章04_t26.9_123_stand.jpg,违章04,26.87,1003,52,1223,272,prior_roi,stand,0
违章04/违章04_t27.1_124_stand.jpg,违章04,27.11,1003,52,1223,272,prior_roi,stand,0
违章04/违章04_t27.3_125_stand.jpg,违章04,27.34,1003,52,1223,272,prior_roi,stand,0
违章04/违章04_t27.6_126_stand.jpg,违章04,27.58,1003,52,1223,272,prior_roi,stand,0
违章04/违章04_t27.8_127_stand.jpg,违章04,27.82,1003,52,1223,272,prior_roi,stand,0
违章04/违章04_t28.1_128_stand.jpg,违章04,28.05,1003,52,1223,272,prior_roi,stand,0
违章04/违章04_t28.3_129_stand.jpg,违章04,28.29,1003,52,1223,272,prior_roi,stand,0
违章04/违章04_t28.5_130_stand.jpg,违章04,28.52,1003,52,1223,272,prior_roi,stand,0
违章04/违章04_t28.8_131_stand.jpg,违章04,28.76,1003,52,1223,272,prior_roi,stand,0
违章04/违章04_t29.0_132_stand.jpg,违章04,28.99,1003,52,1223,272,prior_roi,stand,0
违章04/违章04_t29.2_133_stand.jpg,违章04,29.23,1003,52,1223,272,prior_roi,stand,0
违章04/违章04_t29.5_134_stand.jpg,违章04,29.47,1003,52,1223,272,prior_roi,stand,0
违章04/违章04_t29.7_135_stand.jpg,违章04,29.7,1003,52,1223,272,prior_roi,stand,0
违章04/违章04_t29.9_136_stand.jpg,违章04,29.94,1003,52,1223,272,prior_roi,stand,0
违章04/违章04_t30.2_137_stand.jpg,违章04,30.17,1003,52,1223,272,prior_roi,stand,0
违章04/违章04_t30.4_138_stand.jpg,违章04,30.41,1003,52,1223,272,prior_roi,stand,0
违章04/违章04_t30.6_139_stand.jpg,违章04,30.64,1003,52,1223,272,prior_roi,stand,0
违章04/违章04_t30.9_140_stand.jpg,违章04,30.88,1003,52,1223,272,prior_roi,stand,0
违章04/违章04_t31.1_141_stand.jpg,违章04,31.12,1003,52,1223,272,prior_roi,stand,0
违章04/违章04_t31.4_142_stand.jpg,违章04,31.35,1003,52,1223,272,prior_roi,stand,0
违章04/违章04_t31.6_143_stand.jpg,违章04,31.59,1003,52,1223,272,prior_roi,stand,0
违章04/违章04_t31.8_144_stand.jpg,违章04,31.82,1003,52,1223,272,prior_roi,stand,0
违章04/违章04_t32.1_145_stand.jpg,违章04,32.06,1003,52,1223,272,prior_roi,stand,0
违章04/违章04_t32.3_146_stand.jpg,违章04,32.29,1003,52,1223,272,prior_roi,stand,0
违章04/违章04_t32.5_147_stand.jpg,违章04,32.53,1003,52,1223,272,prior_roi,stand,0
违章04/违章04_t32.8_148_stand.jpg,违章04,32.77,1003,52,1223,272,prior_roi,stand,0
违章04/违章04_t33.0_149_stand.jpg,违章04,33.0,1003,52,1223,272,prior_roi,stand,0
违章04/违章04_t33.0_150_off.jpg,违章04,33.0,553,720,773,940,prior_off,off,0
违章04/违章04_t33.2_151_stand.jpg,违章04,33.24,1003,52,1223,272,prior_roi,stand,0
违章04/违章04_t33.5_152_stand.jpg,违章04,33.47,1003,52,1223,272,prior_roi,stand,0
违章04/违章04_t33.7_153_stand.jpg,违章04,33.71,1003,52,1223,272,prior_roi,stand,0
违章04/违章04_t33.9_154_stand.jpg,违章04,33.94,1003,52,1223,272,prior_roi,stand,0
违章04/违章04_t34.2_155_stand.jpg,违章04,34.18,1003,52,1223,272,prior_roi,stand,0
违章04/违章04_t34.2_156_off.jpg,违章04,34.18,1003,52,1223,272,impostor,off,0
违章04/违章04_t34.4_157_stand.jpg,违章04,34.42,1003,52,1223,272,prior_roi,stand,0
违章04/违章04_t34.6_158_stand.jpg,违章04,34.65,1003,52,1223,272,prior_roi,stand,0
违章04/违章04_t34.6_159_off.jpg,违章04,34.65,1003,52,1223,272,impostor,off,0
违章04/违章04_t34.6_160_off.jpg,违章04,34.65,344,399,564,619,prior_off,off,0
违章04/违章04_t34.9_161_stand.jpg,违章04,34.89,1003,52,1223,272,prior_roi,stand,0
违章04/违章04_t35.1_162_stand.jpg,违章04,35.12,1003,52,1223,272,prior_roi,stand,0
违章04/违章04_t35.4_163_stand.jpg,违章04,35.36,1003,52,1223,272,prior_roi,stand,0
违章04/违章04_t35.6_164_stand.jpg,违章04,35.59,1003,52,1223,272,prior_roi,stand,0
违章04/违章04_t35.8_165_stand.jpg,违章04,35.83,1003,52,1223,272,prior_roi,stand,0
违章04/违章04_t36.1_166_stand.jpg,违章04,36.07,1003,52,1223,272,prior_roi,stand,0
违章04/违章04_t36.3_167_stand.jpg,违章04,36.3,1003,52,1223,272,prior_roi,stand,0
违章04/违章04_t36.5_168_stand.jpg,违章04,36.54,1003,52,1223,272,prior_roi,stand,0
违章04/违章04_t36.8_169_stand.jpg,违章04,36.77,1003,52,1223,272,prior_roi,stand,0
违章04/违章04_t37.0_170_stand.jpg,违章04,37.01,1003,52,1223,272,prior_roi,stand,0
违章04/违章04_t37.2_171_stand.jpg,违章04,37.24,1003,52,1223,272,prior_roi,stand,0
违章04/违章04_t37.5_172_stand.jpg,违章04,37.48,1003,52,1223,272,prior_roi,stand,0
违章04/违章04_t37.7_173_stand.jpg,违章04,37.72,1003,52,1223,272,prior_roi,stand,0
违章04/违章04_t38.0_174_stand.jpg,违章04,37.95,1003,52,1223,272,prior_roi,stand,0
违章04/违章04_t38.2_175_stand.jpg,违章04,38.19,1003,52,1223,272,prior_roi,stand,0
违章04/违章04_t38.4_176_stand.jpg,违章04,38.42,1003,52,1223,272,prior_roi,stand,0
违章04/违章04_t38.7_177_stand.jpg,违章04,38.66,1003,52,1223,272,prior_roi,stand,0
违章04/违章04_t38.9_178_stand.jpg,违章04,38.89,1003,52,1223,272,prior_roi,stand,0
违章04/违章04_t38.9_179_off.jpg,违章04,38.89,433,448,653,668,prior_off,off,0
违章04/违章04_t39.1_180_stand.jpg,违章04,39.13,1003,52,1223,272,prior_roi,stand,0
违章04/违章04_t39.4_181_stand.jpg,违章04,39.37,1003,52,1223,272,prior_roi,stand,0
违章04/违章04_t39.6_182_stand.jpg,违章04,39.6,1003,52,1223,272,prior_roi,stand,0
违章04/违章04_t39.8_183_stand.jpg,违章04,39.84,1003,52,1223,272,prior_roi,stand,0
违章04/违章04_t40.1_184_stand.jpg,违章04,40.07,1003,52,1223,272,prior_roi,stand,0
违章04/违章04_t40.3_185_stand.jpg,违章04,40.31,1003,52,1223,272,prior_roi,stand,0
违章04/违章04_t40.5_186_stand.jpg,违章04,40.54,1003,52,1223,272,prior_roi,stand,0
违章04/违章04_t40.8_187_stand.jpg,违章04,40.78,1003,52,1223,272,prior_roi,stand,0
违章04/违章04_t40.8_188_off.jpg,违章04,40.78,1003,52,1223,272,impostor,off,0
违章04/违章04_t41.0_189_stand.jpg,违章04,41.02,1003,52,1223,272,prior_roi,stand,0
违章04/违章04_t41.2_190_stand.jpg,违章04,41.25,1003,52,1223,272,prior_roi,stand,0
违章04/违章04_t41.5_191_stand.jpg,违章04,41.49,1003,52,1223,272,prior_roi,stand,0
违章04/违章04_t42.2_192_off.jpg,违章04,42.19,1003,52,1223,272,impostor,off,0
违章04/违章04_t42.4_193_walk.jpg,违章04,42.43,1003,52,1223,272,prior_roi,walk,0
违章04/违章04_t42.4_194_off.jpg,违章04,42.43,736,200,956,420,prior_off,off,0
违章04/违章04_t42.7_195_walk.jpg,违章04,42.67,1003,52,1223,272,prior_roi,walk,0
违章04/违章04_t42.9_196_walk.jpg,违章04,42.9,1003,52,1223,272,prior_roi,walk,0
违章04/违章04_t43.1_197_walk.jpg,违章04,43.14,1003,52,1223,272,prior_roi,walk,0
违章04/违章04_t29.2_198_off.jpg,违章04,29.23,339,278,367,297,impostor_outside,off,0
违章04/违章04_t16.0_199_off.jpg,违章04,16.03,166,272,181,280,impostor_outside,off,0
违章04/违章04_t15.6_200_off.jpg,违章04,15.56,883,657,950,708,impostor_outside,off,0
违章04/违章04_t24.5_201_off.jpg,违章04,24.51,1323,262,1358,329,impostor_outside,off,0
违章04/违章04_t20.5_202_off.jpg,违章04,20.51,1316,257,1352,324,impostor_outside,off,0
违章04/违章04_t13.7_203_off.jpg,违章04,13.67,18,623,32,631,impostor_outside,off,0
违章04/违章04_t16.3_204_off.jpg,违章04,16.26,342,250,352,266,impostor_outside,off,0
违章04/违章04_t33.5_205_off.jpg,违章04,33.47,434,266,499,293,impostor_outside,off,0
违章04/违章04_t32.5_206_off.jpg,违章04,32.53,68,321,76,337,impostor_outside,off,0
违章04/违章04_t18.4_207_off.jpg,违章04,18.39,4,309,12,325,impostor_outside,off,0
违章04/违章04_t5.0_208_off.jpg,违章04,4.95,851,375,897,470,impostor_outside,off,0
违章04/违章04_t34.9_209_off.jpg,违章04,34.89,423,227,512,261,impostor_outside,off,0
违章04/违章04_t41.5_210_off.jpg,违章04,41.49,1399,267,1439,314,impostor_outside,off,0
违章04/违章04_t10.8_211_off.jpg,违章04,10.84,245,414,385,506,impostor_outside,off,0
违章04/违章04_t29.7_212_off.jpg,违章04,29.7,456,458,474,471,impostor_outside,off,0
违章04/违章04_t12.3_213_off.jpg,违章04,12.26,318,233,344,251,impostor_outside,off,0
违章04/违章04_t12.5_214_off.jpg,违章04,12.49,1478,153,1628,265,impostor_outside,off,0
违章04/违章04_t36.3_215_off.jpg,违章04,36.3,363,183,456,215,impostor_outside,off,0
违章04/违章04_t23.1_216_off.jpg,违章04,23.1,74,370,132,394,impostor_outside,off,0
违章04/违章04_t5.9_217_off.jpg,违章04,5.89,0,455,24,469,impostor_outside,off,0
违章04/违章04_t2.8_218_off.jpg,违章04,2.83,692,383,729,471,impostor_outside,off,0
违章04/违章04_t42.2_219_off.jpg,违章04,42.19,41,437,154,505,impostor_outside,off,0
违章04/违章04_t11.1_220_off.jpg,违章04,11.08,0,232,189,328,impostor_outside,off,0
违章04/违章04_t24.0_221_off.jpg,违章04,24.04,74,373,100,387,impostor_outside,off,0
违章04/违章04_t42.2_222_off.jpg,违章04,42.19,1407,301,1424,328,impostor_outside,off,0
违章04/违章04_t23.8_223_off.jpg,违章04,23.81,73,371,131,390,impostor_outside,off,0
违章04/违章04_t41.0_224_off.jpg,违章04,41.02,253,202,348,238,impostor_outside,off,0
违章04/违章04_t30.2_225_off.jpg,违章04,30.17,54,369,107,392,impostor_outside,off,0
违章04/违章04_t16.5_226_off.jpg,违章04,16.5,35,342,53,365,impostor_outside,off,0
违章04/违章04_t22.6_227_off.jpg,违章04,22.63,36,327,44,345,impostor_outside,off,0
违章04/违章04_t13.9_228_off.jpg,违章04,13.91,151,613,169,623,impostor_outside,off,0
违章04/违章04_t42.0_229_off.jpg,违章04,41.96,728,255,753,280,impostor_outside,off,0
违章04/违章04_t38.7_230_off.jpg,违章04,38.66,1538,182,1600,201,impostor_outside,off,0
违章04/违章04_t16.3_231_off.jpg,违章04,16.26,1180,701,1354,818,impostor_outside,off,0
违章04/违章04_t22.9_232_off.jpg,违章04,22.86,844,408,879,421,impostor_outside,off,0
违章04/违章04_t0.7_233_off.jpg,违章04,0.71,1251,381,1284,420,impostor_outside,off,0
违章04/违章04_t16.0_234_off.jpg,违章04,16.03,330,249,351,274,impostor_outside,off,0
违章04/违章04_t18.1_235_off.jpg,违章04,18.15,792,394,815,404,impostor_outside,off,0
违章04/违章04_t11.8_236_off.jpg,违章04,11.79,144,266,171,275,impostor_outside,off,0
违章04/违章04_t24.8_237_off.jpg,违章04,24.75,75,375,133,398,impostor_outside,off,0
违章04/违章04_t34.6_238_off.jpg,违章04,34.65,73,787,204,885,impostor_outside,off,0
违章04/违章04_t41.7_239_off.jpg,违章04,41.72,759,245,825,275,impostor_outside,off,0
违章04/违章04_t24.0_240_off.jpg,违章04,24.04,1323,258,1359,327,impostor_outside,off,0
违章04/违章04_t5.9_241_off.jpg,违章04,5.89,970,343,984,356,impostor_outside,off,0
违章04/违章04_t10.1_242_off.jpg,违章04,10.14,248,409,384,499,impostor_outside,off,0
违章04/违章04_t33.9_243_off.jpg,违章04,33.94,431,258,511,290,impostor_outside,off,0
违章04/违章04_t9.0_244_off.jpg,违章04,8.96,0,240,69,311,impostor_outside,off,0
违章04/违章04_t29.0_245_off.jpg,违章04,28.99,168,757,266,832,impostor_outside,off,0
违章04/违章04_t28.5_246_off.jpg,违章04,28.52,797,419,814,433,impostor_outside,off,0
违章04/违章04_t23.6_247_off.jpg,违章04,23.57,813,412,832,422,impostor_outside,off,0
违章04/违章04_t30.6_248_off.jpg,违章04,30.64,642,1046,677,1080,impostor_outside,off,0
违章04/违章04_t1.6_249_off.jpg,违章04,1.65,205,409,354,488,impostor_outside,off,0
违章04/违章04_t22.9_250_off.jpg,违章04,22.86,75,370,133,394,impostor_outside,off,0
违章04/违章04_t20.5_251_off.jpg,违章04,20.51,0,263,240,359,impostor_outside,off,0
违章04/违章04_t11.3_252_off.jpg,违章04,11.31,0,233,194,328,impostor_outside,off,0
违章04/违章04_t15.3_253_off.jpg,违章04,15.32,825,381,849,394,impostor_outside,off,0
违章04/违章04_t23.3_254_off.jpg,违章04,23.34,0,274,245,371,impostor_outside,off,0
违章04/违章04_t38.9_255_off.jpg,违章04,38.89,296,186,306,201,impostor_outside,off,0
违章04/违章04_t20.5_256_off.jpg,违章04,20.51,27,315,35,331,impostor_outside,off,0
违章04/违章04_t33.9_257_off.jpg,违章04,33.94,48,339,68,357,impostor_outside,off,0
违章04/违章04_t28.1_258_off.jpg,违章04,28.05,359,288,368,303,impostor_outside,off,0
违章04/违章04_t23.3_259_off.jpg,违章04,23.34,372,445,499,496,impostor_outside,off,0
违章04/违章04_t32.3_260_off.jpg,违章04,32.29,786,422,802,465,impostor_outside,off,0
违章04/违章04_t38.7_261_off.jpg,违章04,38.66,1562,254,1609,287,impostor_outside,off,0
违章04/违章04_t39.8_262_off.jpg,违章04,39.84,1560,262,1577,284,impostor_outside,off,0
违章04/违章04_t14.4_263_off.jpg,违章04,14.38,316,632,417,672,impostor_outside,off,0
违章04/违章04_t41.2_264_off.jpg,违章04,41.25,332,530,427,611,impostor_outside,off,0
违章04/违章04_t39.4_265_off.jpg,违章04,39.37,275,187,358,217,impostor_outside,off,0
违章04/违章04_t30.6_266_off.jpg,违章04,30.64,180,741,278,817,impostor_outside,off,0
违章04/违章04_t19.6_267_off.jpg,违章04,19.56,867,667,962,730,impostor_outside,off,0
违章04/违章04_t27.1_268_off.jpg,违章04,27.11,191,312,210,321,impostor_outside,off,0
违章04/违章04_t11.8_269_off.jpg,违章04,11.79,334,241,343,258,impostor_outside,off,0
违章04/违章04_t22.6_270_off.jpg,违章04,22.63,359,271,443,303,impostor_outside,off,0
违章04/违章04_t24.3_271_off.jpg,违章04,24.28,1321,260,1358,328,impostor_outside,off,0
违章04/违章04_t27.3_272_off.jpg,违章04,27.34,170,829,195,840,impostor_outside,off,0
违章04/违章04_t10.8_273_off.jpg,违章04,10.84,7,328,68,352,impostor_outside,off,0
违章04/违章04_t29.7_274_off.jpg,违章04,29.7,301,790,310,799,impostor_outside,off,0
违章04/违章04_t15.3_275_off.jpg,违章04,15.32,746,650,823,699,impostor_outside,off,0
违章04/违章04_t33.7_276_off.jpg,违章04,33.71,164,820,276,896,impostor_outside,off,0
违章04/违章04_t2.4_277_off.jpg,违章04,2.36,486,388,616,475,impostor_outside,off,0
违章04/违章04_t30.6_278_off.jpg,违章04,30.64,0,269,229,365,impostor_outside,off,0
违章04/违章04_t33.7_279_off.jpg,违章04,33.71,42,340,61,359,impostor_outside,off,0
违章04/违章04_t8.0_280_off.jpg,违章04,8.01,1607,338,1758,467,impostor_outside,off,0
违章04/违章04_t26.2_281_off.jpg,违章04,26.17,78,380,135,404,impostor_outside,off,0
违章04/违章04_t38.2_282_off.jpg,违章04,38.19,1745,179,1754,187,impostor_outside,off,0
违章04/违章04_t32.5_283_off.jpg,违章04,32.53,0,345,16,362,impostor_outside,off,0
违章04/违章04_t41.2_284_off.jpg,违章04,41.25,0,419,251,551,impostor_outside,off,0
违章04/违章04_t38.7_285_off.jpg,违章04,38.66,1587,175,1689,228,impostor_outside,off,0
违章04/违章04_t19.3_286_off.jpg,违章04,19.33,0,262,228,359,impostor_outside,off,0
违章04/违章04_t16.5_287_off.jpg,违章04,16.5,324,242,346,261,impostor_outside,off,0
违章04/违章04_t24.5_288_off.jpg,违章04,24.51,74,373,132,398,impostor_outside,off,0
违章04/违章04_t13.0_289_off.jpg,违章04,12.96,0,235,201,332,impostor_outside,off,0
违章04/违章04_t30.4_290_off.jpg,违章04,30.41,638,1052,667,1080,impostor_outside,off,0
违章04/违章04_t19.6_291_off.jpg,违章04,19.56,351,285,369,293,impostor_outside,off,0
违章04/违章04_t35.6_292_off.jpg,违章04,35.59,117,291,174,316,impostor_outside,off,0
违章04/违章04_t34.9_293_off.jpg,违章04,34.89,148,323,208,348,impostor_outside,off,0
违章04/违章04_t38.4_294_off.jpg,违章04,38.42,1713,270,1733,279,impostor_outside,off,0
违章04/违章04_t31.4_295_off.jpg,违章04,31.35,777,398,853,445,impostor_outside,off,0
违章04/违章04_t36.5_296_off.jpg,违章04,36.54,40,263,99,288,impostor_outside,off,0
违章04/违章04_t24.8_297_off.jpg,违章04,24.75,0,277,247,374,impostor_outside,off,0
违章04/违章04_t17.7_298_off.jpg,违章04,17.68,37,346,95,370,impostor_outside,off,0
违章04/违章04_t0.9_299_off.jpg,违章04,0.94,1199,360,1330,434,impostor_outside,off,0
违章04/违章04_t20.3_300_off.jpg,违章04,20.27,1317,256,1351,324,impostor_outside,off,0
违章04/违章04_t28.8_301_off.jpg,违章04,28.76,704,429,716,440,impostor_outside,off,0
违章04/违章04_t24.0_302_off.jpg,违章04,24.04,706,422,738,432,impostor_outside,off,0
违章04/违章04_t13.2_303_off.jpg,违章04,13.2,0,236,204,332,impostor_outside,off,0
违章04/违章04_t3.1_304_off.jpg,违章04,3.06,1360,127,1377,144,impostor_outside,off,0
违章04/违章04_t33.2_305_off.jpg,违章04,33.24,1359,183,1376,204,impostor_outside,off,0
违章04/违章04_t27.6_306_off.jpg,违章04,27.58,830,420,866,433,impostor_outside,off,0
违章04/违章04_t28.1_307_off.jpg,违章04,28.05,208,789,218,797,impostor_outside,off,0
违章04/违章04_t28.5_308_off.jpg,违章04,28.52,356,286,366,303,impostor_outside,off,0
违章04/违章04_t14.4_309_off.jpg,违章04,14.38,163,266,180,274,impostor_outside,off,0
违章04/违章04_t14.1_310_off.jpg,违章04,14.14,745,240,910,413,impostor_outside,off,0
违章04/违章04_t23.3_311_off.jpg,违章04,23.34,850,409,880,422,impostor_outside,off,0
违章04/违章04_t29.5_312_off.jpg,违章04,29.47,344,285,422,309,impostor_outside,off,0
违章04/违章04_t29.2_313_off.jpg,违章04,29.23,203,789,214,797,impostor_outside,off,0
违章04/违章04_t32.8_314_off.jpg,违章04,32.77,396,265,480,297,impostor_outside,off,0
违章04/违章04_t31.6_315_off.jpg,违章04,31.59,782,402,826,447,impostor_outside,off,0
违章04/违章04_t11.1_316_off.jpg,违章04,11.08,1246,289,1269,309,impostor_outside,off,0
违章04/违章04_t14.6_317_off.jpg,违章04,14.61,659,261,738,341,impostor_outside,off,0
违章04/违章04_t11.8_318_off.jpg,违章04,11.79,23,333,82,354,impostor_outside,off,0
违章04/违章04_t35.4_319_off.jpg,违章04,35.36,32,820,40,829,impostor_outside,off,0
违章04/违章04_t30.9_320_off.jpg,违章04,30.88,660,422,686,431,impostor_outside,off,0
违章04/违章04_t11.8_321_off.jpg,违章04,11.79,669,384,685,400,impostor_outside,off,0
违章04/违章04_t32.3_322_off.jpg,违章04,32.29,432,503,441,512,impostor_outside,off,0
违章04/违章04_t8.7_323_off.jpg,违章04,8.72,169,249,200,272,impostor_outside,off,0
违章04/违章04_t26.9_324_off.jpg,违章04,26.87,133,808,244,880,impostor_outside,off,0
违章04/违章04_t17.4_325_off.jpg,违章04,17.44,64,644,74,657,impostor_outside,off,0
违章04/违章04_t27.1_326_off.jpg,违章04,27.11,181,852,203,862,impostor_outside,off,0
违章04/违章04_t25.5_327_off.jpg,违章04,25.46,79,378,136,401,impostor_outside,off,0
违章04/违章04_t39.1_328_off.jpg,违章04,39.13,1843,88,1920,241,impostor_outside,off,0
违章04/违章04_t0.0_329_off.jpg,违章04,0.0,351,193,447,233,impostor_outside,off,0
违章04/违章04_t0.0_330_off.jpg,违章04,0.0,800,398,883,480,impostor_outside,off,0
违章04/违章04_t11.6_331_off.jpg,违章04,11.55,22,331,81,356,impostor_outside,off,0
违章04/违章04_t19.6_332_off.jpg,违章04,19.56,18,315,26,333,impostor_outside,off,0
违章04/违章04_t22.9_333_off.jpg,违章04,22.86,814,409,846,420,impostor_outside,off,0
违章04/违章04_t29.9_334_off.jpg,违章04,29.94,638,1057,664,1080,impostor_outside,off,0
违章04/违章04_t41.5_335_off.jpg,违章04,41.49,833,236,854,262,impostor_outside,off,0
违章04/违章04_t34.2_336_off.jpg,违章04,34.18,857,396,879,407,impostor_outside,off,0
违章04/违章04_t39.8_337_off.jpg,违章04,39.84,1432,117,1602,248,impostor_outside,off,0
违章04/违章04_t17.7_338_off.jpg,违章04,17.68,329,248,339,264,impostor_outside,off,0
违章04/违章04_t31.1_339_off.jpg,违章04,31.12,0,874,15,918,impostor_outside,off,0
违章04/违章04_t0.9_340_off.jpg,违章04,0.94,1380,330,1497,410,impostor_outside,off,0
违章04/违章04_t12.5_341_off.jpg,违章04,12.49,0,254,76,331,impostor_outside,off,0
违章04/违章04_t0.2_342_off.jpg,违章04,0.24,833,307,844,315,impostor_outside,off,0
违章04/违章04_t28.5_343_off.jpg,违章04,28.52,0,280,224,375,impostor_outside,off,0
违章04/违章04_t27.6_344_off.jpg,违章04,27.58,0,862,41,936,impostor_outside,off,0
违章04/违章04_t39.6_345_off.jpg,违章04,39.6,0,844,188,966,impostor_outside,off,0
违章04/违章04_t13.7_346_off.jpg,违章04,13.67,338,242,346,258,impostor_outside,off,0
违章04/违章04_t37.2_347_off.jpg,违章04,37.24,0,165,185,258,impostor_outside,off,0
违章04/违章04_t27.1_348_off.jpg,违章04,27.11,143,845,161,854,impostor_outside,off,0
违章04/违章04_t11.6_349_off.jpg,违章04,11.55,332,241,341,256,impostor_outside,off,0
违章04/违章04_t12.5_350_off.jpg,违章04,12.49,320,239,352,268,impostor_outside,off,0
违章04/违章04_t26.4_351_off.jpg,违章04,26.4,75,380,132,403,impostor_outside,off,0
违章04/违章04_t9.2_352_off.jpg,违章04,9.19,0,239,91,319,impostor_outside,off,0
违章04/违章04_t16.7_353_off.jpg,违章04,16.74,331,244,411,277,impostor_outside,off,0
违章04/违章04_t33.5_354_off.jpg,违章04,33.47,148,363,196,377,impostor_outside,off,0
违章04/违章04_t16.7_355_off.jpg,违章04,16.74,1636,735,1785,858,impostor_outside,off,0
违章04/违章04_t34.6_356_off.jpg,违章04,34.65,137,285,145,312,impostor_outside,off,0
违章04/违章04_t17.2_357_off.jpg,违章04,17.21,332,254,411,278,impostor_outside,off,0
违章04/违章04_t33.2_358_off.jpg,违章04,33.24,203,817,216,825,impostor_outside,off,0
违章04/违章04_t42.4_359_walk.jpg,违章04,42.43,1013,58,1233,278,prior_roi,walk,0
违章04/违章04_t42.7_360_walk.jpg,违章04,42.67,991,57,1211,277,prior_roi,walk,0
违章04/违章04_t42.9_361_walk.jpg,违章04,42.9,1003,40,1223,260,prior_roi,walk,0
违章04/违章04_t43.1_362_walk.jpg,违章04,43.14,994,43,1214,263,prior_roi,walk,0
违章04/违章04_t42.4_363_walk.jpg,违章04,42.43,1000,42,1220,262,prior_roi,walk,0
违章04/违章04_t42.7_364_walk.jpg,违章04,42.67,1011,64,1231,284,prior_roi,walk,0
违章04/违章04_t42.9_365_walk.jpg,违章04,42.9,1003,46,1223,266,prior_roi,walk,0
违章04/违章04_t43.1_366_walk.jpg,违章04,43.14,999,63,1219,283,prior_roi,walk,0
违章04/违章04_t42.4_367_walk.jpg,违章04,42.43,1003,47,1223,267,prior_roi,walk,0
违章04/违章04_t42.7_368_walk.jpg,违章04,42.67,1005,60,1225,280,prior_roi,walk,0
违章04/违章04_t42.9_369_walk.jpg,违章04,42.9,1010,56,1230,276,prior_roi,walk,0
违章04/违章04_t43.1_370_walk.jpg,违章04,43.14,1008,51,1228,271,prior_roi,walk,0
违章04/违章04_t42.4_371_walk.jpg,违章04,42.43,996,53,1216,273,prior_roi,walk,0
违章04/违章04_t42.7_372_walk.jpg,违章04,42.67,1011,40,1231,260,prior_roi,walk,0
违章04/违章04_t42.9_373_walk.jpg,违章04,42.9,1009,53,1229,273,prior_roi,walk,0
违章04/违章04_t43.1_374_walk.jpg,违章04,43.14,1010,47,1230,267,prior_roi,walk,0
违章04/违章04_t42.4_375_walk.jpg,违章04,42.43,1000,51,1220,271,prior_roi,walk,0
违章04/违章04_t42.7_376_walk.jpg,违章04,42.67,1007,50,1227,270,prior_roi,walk,0
违章04/违章04_t42.9_377_walk.jpg,违章04,42.9,1006,60,1226,280,prior_roi,walk,0
违章04/违章04_t43.1_378_walk.jpg,违章04,43.14,1015,63,1235,283,prior_roi,walk,0
违章04/违章04_t42.4_379_walk.jpg,违章04,42.43,1005,63,1225,283,prior_roi,walk,0
违章04/违章04_t42.7_380_walk.jpg,违章04,42.67,1013,48,1233,268,prior_roi,walk,0
违章04/违章04_t42.9_381_walk.jpg,违章04,42.9,1002,48,1222,268,prior_roi,walk,0
违章04/违章04_t43.1_382_walk.jpg,违章04,43.14,1015,45,1235,265,prior_roi,walk,0
违章04/违章04_t42.4_383_walk.jpg,违章04,42.43,996,47,1216,267,prior_roi,walk,0
违章04/违章04_t42.7_384_walk.jpg,违章04,42.67,1005,50,1225,270,prior_roi,walk,0
违章04/违章04_t42.9_385_walk.jpg,违章04,42.9,1011,40,1231,260,prior_roi,walk,0
违章04/违章04_t43.1_386_walk.jpg,违章04,43.14,1002,55,1222,275,prior_roi,walk,0
违章05/违章05_t0.0_0_walk.jpg,违章05,0.0,1264,82,1424,242,prior_roi,walk,0
违章05/违章05_t0.2_1_walk.jpg,违章05,0.24,1264,82,1424,242,prior_roi,walk,0
违章05/违章05_t0.5_2_walk.jpg,违章05,0.47,1264,82,1424,242,prior_roi,walk,0
违章05/违章05_t0.7_3_walk.jpg,违章05,0.71,1264,82,1424,242,prior_roi,walk,0
违章05/违章05_t0.9_4_walk.jpg,违章05,0.94,1264,82,1424,242,prior_roi,walk,0
违章05/违章05_t1.2_5_walk.jpg,违章05,1.18,1264,82,1424,242,prior_roi,walk,0
违章05/违章05_t1.4_6_walk.jpg,违章05,1.41,1264,82,1424,242,prior_roi,walk,0
违章05/违章05_t1.6_7_walk.jpg,违章05,1.65,1264,82,1424,242,prior_roi,walk,0
违章05/违章05_t1.9_8_walk.jpg,违章05,1.89,1264,82,1424,242,prior_roi,walk,0
违章05/违章05_t2.1_9_walk.jpg,违章05,2.12,1264,82,1424,242,prior_roi,walk,0
违章05/违章05_t2.4_10_walk.jpg,违章05,2.36,1264,82,1424,242,prior_roi,walk,0
违章05/违章05_t2.6_11_walk.jpg,违章05,2.59,1264,82,1424,242,prior_roi,walk,0
违章05/违章05_t2.8_12_walk.jpg,违章05,2.83,1264,82,1424,242,prior_roi,walk,0
违章05/违章05_t3.1_13_walk.jpg,违章05,3.06,1264,82,1424,242,prior_roi,walk,0
违章05/违章05_t3.3_14_walk.jpg,违章05,3.3,1264,82,1424,242,prior_roi,walk,0
违章05/违章05_t3.5_15_walk.jpg,违章05,3.54,1264,82,1424,242,prior_roi,walk,0
违章05/违章05_t3.8_16_walk.jpg,违章05,3.77,1264,82,1424,242,prior_roi,walk,0
违章05/违章05_t4.0_17_walk.jpg,违章05,4.01,1264,82,1424,242,prior_roi,walk,0
违章05/违章05_t4.2_18_walk.jpg,违章05,4.24,1264,82,1424,242,prior_roi,walk,0
违章05/违章05_t4.5_19_walk.jpg,违章05,4.48,1264,82,1424,242,prior_roi,walk,0
违章05/违章05_t4.7_20_walk.jpg,违章05,4.71,1264,82,1424,242,prior_roi,walk,0
违章05/违章05_t5.0_21_walk.jpg,违章05,4.95,1264,82,1424,242,prior_roi,walk,0
违章05/违章05_t5.2_22_walk.jpg,违章05,5.19,1264,82,1424,242,prior_roi,walk,0
违章05/违章05_t5.4_23_walk.jpg,违章05,5.42,1264,82,1424,242,prior_roi,walk,0
违章05/违章05_t5.7_24_walk.jpg,违章05,5.66,1264,82,1424,242,prior_roi,walk,0
违章05/违章05_t5.9_25_walk.jpg,违章05,5.89,1264,82,1424,242,prior_roi,walk,0
违章05/违章05_t6.1_26_walk.jpg,违章05,6.13,1264,82,1424,242,prior_roi,walk,0
违章05/违章05_t6.4_27_walk.jpg,违章05,6.36,1264,82,1424,242,prior_roi,walk,0
违章05/违章05_t6.6_28_walk.jpg,违章05,6.6,1264,82,1424,242,prior_roi,walk,0
违章05/违章05_t6.8_29_walk.jpg,违章05,6.84,1264,82,1424,242,prior_roi,walk,0
违章05/违章05_t7.1_30_walk.jpg,违章05,7.07,1264,82,1424,242,prior_roi,walk,0
违章05/违章05_t7.3_31_walk.jpg,违章05,7.31,1264,82,1424,242,prior_roi,walk,0
违章05/违章05_t7.5_32_walk.jpg,违章05,7.54,1264,82,1424,242,prior_roi,walk,0
违章05/违章05_t7.8_33_walk.jpg,违章05,7.78,1264,82,1424,242,prior_roi,walk,0
违章05/违章05_t8.0_34_walk.jpg,违章05,8.01,1264,82,1424,242,prior_roi,walk,0
违章05/违章05_t8.2_35_walk.jpg,违章05,8.25,1264,82,1424,242,prior_roi,walk,0
违章05/违章05_t8.5_36_walk.jpg,违章05,8.49,1264,82,1424,242,prior_roi,walk,0
违章05/违章05_t8.7_37_walk.jpg,违章05,8.72,1264,82,1424,242,prior_roi,walk,0
违章05/违章05_t9.0_38_walk.jpg,违章05,8.96,1264,82,1424,242,prior_roi,walk,0
违章05/违章05_t9.2_39_walk.jpg,违章05,9.19,1264,82,1424,242,prior_roi,walk,0
违章05/违章05_t9.4_40_walk.jpg,违章05,9.43,1264,82,1424,242,prior_roi,walk,0
违章05/违章05_t9.7_41_walk.jpg,违章05,9.66,1264,82,1424,242,prior_roi,walk,0
违章05/违章05_t9.9_42_walk.jpg,违章05,9.9,1264,82,1424,242,prior_roi,walk,0
违章05/违章05_t10.1_43_walk.jpg,违章05,10.14,1264,82,1424,242,prior_roi,walk,0
违章05/违章05_t10.4_44_walk.jpg,违章05,10.37,1264,82,1424,242,prior_roi,walk,0
违章05/违章05_t10.6_45_walk.jpg,违章05,10.61,1264,82,1424,242,prior_roi,walk,0
违章05/违章05_t10.8_46_walk.jpg,违章05,10.84,1264,82,1424,242,prior_roi,walk,0
违章05/违章05_t11.1_47_walk.jpg,违章05,11.08,1264,82,1424,242,prior_roi,walk,0
违章05/违章05_t11.3_48_walk.jpg,违章05,11.31,1264,82,1424,242,prior_roi,walk,0
违章05/违章05_t11.6_49_walk.jpg,违章05,11.55,1264,82,1424,242,prior_roi,walk,0
违章05/违章05_t11.8_50_walk.jpg,违章05,11.79,1264,82,1424,242,prior_roi,walk,0
违章05/违章05_t12.0_51_walk.jpg,违章05,12.02,1264,82,1424,242,prior_roi,walk,0
违章05/违章05_t12.0_52_off.jpg,违章05,12.02,755,231,915,391,prior_off,off,0
违章05/违章05_t12.3_53_walk.jpg,违章05,12.26,1264,82,1424,242,prior_roi,walk,0
违章05/违章05_t12.5_54_walk.jpg,违章05,12.49,1264,82,1424,242,prior_roi,walk,0
违章05/违章05_t12.7_55_walk.jpg,违章05,12.73,1264,82,1424,242,prior_roi,walk,0
违章05/违章05_t13.0_56_walk.jpg,违章05,12.96,1264,82,1424,242,prior_roi,walk,0
违章05/违章05_t13.2_57_walk.jpg,违章05,13.2,1264,82,1424,242,prior_roi,walk,0
违章05/违章05_t13.4_58_walk.jpg,违章05,13.43,1264,82,1424,242,prior_roi,walk,0
违章05/违章05_t13.7_59_walk.jpg,违章05,13.67,1264,82,1424,242,prior_roi,walk,0
违章05/违章05_t13.9_60_walk.jpg,违章05,13.91,1264,82,1424,242,prior_roi,walk,0
违章05/违章05_t14.1_61_walk.jpg,违章05,14.14,1264,82,1424,242,prior_roi,walk,0
违章05/违章05_t14.4_62_walk.jpg,违章05,14.38,1264,82,1424,242,prior_roi,walk,0
违章05/违章05_t14.6_63_walk.jpg,违章05,14.61,1264,82,1424,242,prior_roi,walk,0
违章05/违章05_t14.8_64_walk.jpg,违章05,14.85,1264,82,1424,242,prior_roi,walk,0
违章05/违章05_t15.1_65_walk.jpg,违章05,15.08,1264,82,1424,242,prior_roi,walk,0
违章05/违章05_t15.3_66_walk.jpg,违章05,15.32,1264,82,1424,242,prior_roi,walk,0
违章05/违章05_t15.6_67_walk.jpg,违章05,15.56,1264,82,1424,242,prior_roi,walk,0
违章05/违章05_t15.8_68_walk.jpg,违章05,15.79,1264,82,1424,242,prior_roi,walk,0
违章05/违章05_t16.0_69_walk.jpg,违章05,16.03,1264,82,1424,242,prior_roi,walk,0
违章05/违章05_t16.3_70_walk.jpg,违章05,16.26,1264,82,1424,242,prior_roi,walk,0
违章05/违章05_t16.5_71_walk.jpg,违章05,16.5,1264,82,1424,242,prior_roi,walk,0
违章05/违章05_t16.7_72_walk.jpg,违章05,16.73,1264,82,1424,242,prior_roi,walk,0
违章05/违章05_t17.0_73_walk.jpg,违章05,16.97,1264,82,1424,242,prior_roi,walk,0
违章05/违章05_t17.2_74_walk.jpg,违章05,17.21,1264,82,1424,242,prior_roi,walk,0
违章05/违章05_t17.4_75_walk.jpg,违章05,17.44,1264,82,1424,242,prior_roi,walk,0
违章05/违章05_t17.7_76_walk.jpg,违章05,17.68,1264,82,1424,242,prior_roi,walk,0
违章05/违章05_t17.7_77_off.jpg,违章05,17.68,570,117,730,277,prior_off,off,0
违章05/违章05_t17.9_78_walk.jpg,违章05,17.91,1264,82,1424,242,prior_roi,walk,0
违章05/违章05_t18.1_79_walk.jpg,违章05,18.15,1264,82,1424,242,prior_roi,walk,0
违章05/违章05_t18.4_80_walk.jpg,违章05,18.38,1264,82,1424,242,prior_roi,walk,0
违章05/违章05_t18.6_81_walk.jpg,违章05,18.62,1264,82,1424,242,prior_roi,walk,0
违章05/违章05_t18.9_82_walk.jpg,违章05,18.86,1264,82,1424,242,prior_roi,walk,0
违章05/违章05_t19.1_83_walk.jpg,违章05,19.09,1264,82,1424,242,prior_roi,walk,0
违章05/违章05_t19.3_84_walk.jpg,违章05,19.33,1264,82,1424,242,prior_roi,walk,0
违章05/违章05_t19.6_85_walk.jpg,违章05,19.56,1264,82,1424,242,prior_roi,walk,0
违章05/违章05_t19.6_86_off.jpg,违章05,19.56,918,904,1078,1064,prior_off,off,0
违章05/违章05_t19.8_87_walk.jpg,违章05,19.8,1264,82,1424,242,prior_roi,walk,0
违章05/违章05_t20.0_88_walk.jpg,违章05,20.03,1264,82,1424,242,prior_roi,walk,0
违章05/违章05_t20.3_89_walk.jpg,违章05,20.27,1264,82,1424,242,prior_roi,walk,0
违章05/违章05_t20.5_90_walk.jpg,违章05,20.51,1264,82,1424,242,prior_roi,walk,0
违章05/违章05_t20.7_91_walk.jpg,违章05,20.74,1264,82,1424,242,prior_roi,walk,0
违章05/违章05_t21.0_92_walk.jpg,违章05,20.98,1264,82,1424,242,prior_roi,walk,0
违章05/违章05_t21.2_93_walk.jpg,违章05,21.21,1264,82,1424,242,prior_roi,walk,0
违章05/违章05_t21.4_94_walk.jpg,违章05,21.45,1264,82,1424,242,prior_roi,walk,0
违章05/违章05_t21.7_95_walk.jpg,违章05,21.68,1264,82,1424,242,prior_roi,walk,0
违章05/违章05_t21.9_96_walk.jpg,违章05,21.92,1264,82,1424,242,prior_roi,walk,0
违章05/违章05_t22.2_97_walk.jpg,违章05,22.16,1264,82,1424,242,prior_roi,walk,0
违章05/违章05_t22.4_98_walk.jpg,违章05,22.39,1264,82,1424,242,prior_roi,walk,0
违章05/违章05_t22.6_99_walk.jpg,违章05,22.63,1264,82,1424,242,prior_roi,walk,0
违章05/违章05_t22.9_100_walk.jpg,违章05,22.86,1264,82,1424,242,prior_roi,walk,0
违章05/违章05_t23.1_101_walk.jpg,违章05,23.1,1264,82,1424,242,prior_roi,walk,0
违章05/违章05_t23.3_102_walk.jpg,违章05,23.33,1264,82,1424,242,prior_roi,walk,0
违章05/违章05_t23.6_103_walk.jpg,违章05,23.57,1264,82,1424,242,prior_roi,walk,0
违章05/违章05_t23.8_104_walk.jpg,违章05,23.81,1264,82,1424,242,prior_roi,walk,0
违章05/违章05_t24.0_105_walk.jpg,违章05,24.04,1264,82,1424,242,prior_roi,walk,0
违章05/违章05_t24.3_106_walk.jpg,违章05,24.28,1264,82,1424,242,prior_roi,walk,0
违章05/违章05_t24.5_107_walk.jpg,违章05,24.51,1264,82,1424,242,prior_roi,walk,0
违章05/违章05_t24.8_108_walk.jpg,违章05,24.75,1264,82,1424,242,prior_roi,walk,0
违章05/违章05_t25.0_109_walk.jpg,违章05,24.98,1264,82,1424,242,prior_roi,walk,0
违章05/违章05_t25.2_110_walk.jpg,违章05,25.22,1264,82,1424,242,prior_roi,walk,0
违章05/违章05_t25.5_111_walk.jpg,违章05,25.46,1264,82,1424,242,prior_roi,walk,0
违章05/违章05_t25.7_112_walk.jpg,违章05,25.69,1264,82,1424,242,prior_roi,walk,0
违章05/违章05_t25.9_113_walk.jpg,违章05,25.93,1264,82,1424,242,prior_roi,walk,0
违章05/违章05_t26.2_114_walk.jpg,违章05,26.16,1264,82,1424,242,prior_roi,walk,0
违章05/违章05_t26.4_115_walk.jpg,违章05,26.4,1264,82,1424,242,prior_roi,walk,0
违章05/违章05_t26.6_116_walk.jpg,违章05,26.63,1264,82,1424,242,prior_roi,walk,0
违章05/违章05_t26.6_117_off.jpg,违章05,26.63,512,0,672,81,prior_off,off,0
违章05/违章05_t26.9_118_walk.jpg,违章05,26.87,1264,82,1424,242,prior_roi,walk,0
违章05/违章05_t27.1_119_walk.jpg,违章05,27.11,1264,82,1424,242,prior_roi,walk,0
违章05/违章05_t27.3_120_walk.jpg,违章05,27.34,1264,82,1424,242,prior_roi,walk,0
违章05/违章05_t27.6_121_walk.jpg,违章05,27.58,1264,82,1424,242,prior_roi,walk,0
违章05/违章05_t27.8_122_walk.jpg,违章05,27.81,1264,82,1424,242,prior_roi,walk,0
违章05/违章05_t28.1_123_walk.jpg,违章05,28.05,1264,82,1424,242,prior_roi,walk,0
违章05/违章05_t28.3_124_walk.jpg,违章05,28.28,1264,82,1424,242,prior_roi,walk,0
违章05/违章05_t28.5_125_walk.jpg,违章05,28.52,1264,82,1424,242,prior_roi,walk,0
违章05/违章05_t28.8_126_walk.jpg,违章05,28.76,1264,82,1424,242,prior_roi,walk,0
违章05/违章05_t29.0_127_walk.jpg,违章05,28.99,1264,82,1424,242,prior_roi,walk,0
违章05/违章05_t29.2_128_walk.jpg,违章05,29.23,1264,82,1424,242,prior_roi,walk,0
违章05/违章05_t29.5_129_walk.jpg,违章05,29.46,1264,82,1424,242,prior_roi,walk,0
违章05/违章05_t29.7_130_walk.jpg,违章05,29.7,1264,82,1424,242,prior_roi,walk,0
违章05/违章05_t29.9_131_walk.jpg,违章05,29.93,1264,82,1424,242,prior_roi,walk,0
违章05/违章05_t30.2_132_off.jpg,违章05,30.17,1264,82,1424,242,impostor,off,0
违章05/违章05_t30.4_133_off.jpg,违章05,30.41,1264,82,1424,242,impostor,off,0
违章05/违章05_t30.6_134_off.jpg,违章05,30.64,1264,82,1424,242,impostor,off,0
违章05/违章05_t30.9_135_off.jpg,违章05,30.88,1264,82,1424,242,impostor,off,0
违章05/违章05_t31.1_136_off.jpg,违章05,31.11,1264,82,1424,242,impostor,off,0
违章05/违章05_t31.4_137_off.jpg,违章05,31.35,1264,82,1424,242,impostor,off,0
违章05/违章05_t31.6_138_off.jpg,违章05,31.58,1264,82,1424,242,impostor,off,0
违章05/违章05_t31.8_139_off.jpg,违章05,31.82,1264,82,1424,242,impostor,off,0
违章05/违章05_t32.1_140_off.jpg,违章05,32.06,1264,82,1424,242,impostor,off,0
违章05/违章05_t32.3_141_off.jpg,违章05,32.29,1264,82,1424,242,impostor,off,0
违章05/违章05_t32.5_142_off.jpg,违章05,32.53,1264,82,1424,242,impostor,off,0
违章05/违章05_t32.8_143_off.jpg,违章05,32.76,1264,82,1424,242,impostor,off,0
违章05/违章05_t33.0_144_off.jpg,违章05,33.0,1264,82,1424,242,impostor,off,0
违章05/违章05_t33.2_145_off.jpg,违章05,33.23,1264,82,1424,242,impostor,off,0
违章05/违章05_t33.5_146_off.jpg,违章05,33.47,1264,82,1424,242,impostor,off,0
违章05/违章05_t33.7_147_off.jpg,违章05,33.71,1264,82,1424,242,impostor,off,0
违章05/违章05_t33.9_148_off.jpg,违章05,33.94,1264,82,1424,242,impostor,off,0
违章05/违章05_t34.2_149_off.jpg,违章05,34.18,1264,82,1424,242,impostor,off,0
违章05/违章05_t34.4_150_off.jpg,违章05,34.41,1264,82,1424,242,impostor,off,0
违章05/违章05_t34.6_151_off.jpg,违章05,34.65,1264,82,1424,242,impostor,off,0
违章05/违章05_t34.9_152_off.jpg,违章05,34.88,1264,82,1424,242,impostor,off,0
违章05/违章05_t35.1_153_off.jpg,违章05,35.12,1264,82,1424,242,impostor,off,0
违章05/违章05_t35.4_154_off.jpg,违章05,35.36,1264,82,1424,242,impostor,off,0
违章05/违章05_t35.6_155_off.jpg,违章05,35.59,1264,82,1424,242,impostor,off,0
违章05/违章05_t35.8_156_off.jpg,违章05,35.83,1264,82,1424,242,impostor,off,0
违章05/违章05_t36.1_157_off.jpg,违章05,36.06,1264,82,1424,242,impostor,off,0
违章05/违章05_t36.3_158_off.jpg,违章05,36.3,1264,82,1424,242,impostor,off,0
违章05/违章05_t36.5_159_off.jpg,违章05,36.53,1264,82,1424,242,impostor,off,0
违章05/违章05_t36.8_160_off.jpg,违章05,36.77,1264,82,1424,242,impostor,off,0
违章05/违章05_t37.0_161_off.jpg,违章05,37.01,1264,82,1424,242,impostor,off,0
违章05/违章05_t37.2_162_off.jpg,违章05,37.24,1264,82,1424,242,impostor,off,0
违章05/违章05_t37.5_163_off.jpg,违章05,37.48,1264,82,1424,242,impostor,off,0
违章05/违章05_t37.7_164_off.jpg,违章05,37.71,1264,82,1424,242,impostor,off,0
违章05/违章05_t37.7_165_off.jpg,违章05,37.71,0,198,82,358,prior_off,off,0
违章05/违章05_t38.0_166_off.jpg,违章05,37.95,1264,82,1424,242,impostor,off,0
违章05/违章05_t38.2_167_off.jpg,违章05,38.18,1264,82,1424,242,impostor,off,0
违章05/违章05_t38.4_168_off.jpg,违章05,38.42,1264,82,1424,242,impostor,off,0
违章05/违章05_t38.6_169_off.jpg,违章05,38.65,1264,82,1424,242,impostor,off,0
违章05/违章05_t38.9_170_off.jpg,违章05,38.89,1264,82,1424,242,impostor,off,0
违章05/违章05_t39.1_171_off.jpg,违章05,39.13,1264,82,1424,242,impostor,off,0
违章05/违章05_t39.4_172_off.jpg,违章05,39.36,1264,82,1424,242,impostor,off,0
违章05/违章05_t39.6_173_off.jpg,违章05,39.6,1264,82,1424,242,impostor,off,0
违章05/违章05_t39.8_174_off.jpg,违章05,39.83,1264,82,1424,242,impostor,off,0
违章05/违章05_t40.1_175_off.jpg,违章05,40.07,1264,82,1424,242,impostor,off,0
违章05/违章05_t40.3_176_off.jpg,违章05,40.3,1264,82,1424,242,impostor,off,0
违章05/违章05_t40.3_177_off.jpg,违章05,40.3,1681,299,1841,459,prior_off,off,0
违章05/违章05_t40.5_178_off.jpg,违章05,40.54,1264,82,1424,242,impostor,off,0
违章05/违章05_t40.8_179_off.jpg,违章05,40.78,1264,82,1424,242,impostor,off,0
违章05/违章05_t41.0_180_off.jpg,违章05,41.01,1264,82,1424,242,impostor,off,0
违章05/违章05_t41.2_181_off.jpg,违章05,41.25,1264,82,1424,242,impostor,off,0
违章05/违章05_t41.5_182_off.jpg,违章05,41.48,1264,82,1424,242,impostor,off,0
违章05/违章05_t41.7_183_off.jpg,违章05,41.72,1264,82,1424,242,impostor,off,0
违章05/违章05_t42.0_184_off.jpg,违章05,41.95,1264,82,1424,242,impostor,off,0
违章05/违章05_t42.2_185_off.jpg,违章05,42.19,1264,82,1424,242,impostor,off,0
违章05/违章05_t42.4_186_off.jpg,违章05,42.43,1264,82,1424,242,impostor,off,0
违章05/违章05_t42.7_187_off.jpg,违章05,42.66,1264,82,1424,242,impostor,off,0
违章05/违章05_t42.9_188_off.jpg,违章05,42.9,1264,82,1424,242,impostor,off,0
违章05/违章05_t43.1_189_off.jpg,违章05,43.13,1264,82,1424,242,impostor,off,0
违章05/违章05_t43.4_190_off.jpg,违章05,43.37,1264,82,1424,242,impostor,off,0
违章05/违章05_t43.6_191_off.jpg,违章05,43.6,1264,82,1424,242,impostor,off,0
违章05/违章05_t43.8_192_off.jpg,违章05,43.84,1264,82,1424,242,impostor,off,0
违章05/违章05_t44.1_193_off.jpg,违章05,44.08,1264,82,1424,242,impostor,off,0
违章05/违章05_t44.3_194_off.jpg,违章05,44.31,1264,82,1424,242,impostor,off,0
违章05/违章05_t44.5_195_off.jpg,违章05,44.55,1264,82,1424,242,impostor,off,0
违章05/违章05_t44.8_196_off.jpg,违章05,44.78,1264,82,1424,242,impostor,off,0
违章05/违章05_t45.0_197_off.jpg,违章05,45.02,1264,82,1424,242,impostor,off,0
违章05/违章05_t45.0_198_off.jpg,违章05,45.02,1373,500,1533,660,prior_off,off,0
违章05/违章05_t45.2_199_off.jpg,违章05,45.25,1264,82,1424,242,impostor,off,0
违章05/违章05_t45.5_200_off.jpg,违章05,45.49,1264,82,1424,242,impostor,off,0
违章05/违章05_t45.7_201_off.jpg,违章05,45.73,1264,82,1424,242,impostor,off,0
违章05/违章05_t46.0_202_off.jpg,违章05,45.96,1264,82,1424,242,impostor,off,0
违章05/违章05_t46.2_203_off.jpg,违章05,46.2,1264,82,1424,242,impostor,off,0
违章05/违章05_t46.4_204_off.jpg,违章05,46.43,1264,82,1424,242,impostor,off,0
违章05/违章05_t46.7_205_off.jpg,违章05,46.67,1264,82,1424,242,impostor,off,0
违章05/违章05_t46.9_206_off.jpg,违章05,46.9,1264,82,1424,242,impostor,off,0
违章05/违章05_t47.1_207_off.jpg,违章05,47.14,1264,82,1424,242,impostor,off,0
违章05/违章05_t47.4_208_off.jpg,违章05,47.38,1264,82,1424,242,impostor,off,0
违章05/违章05_t47.6_209_off.jpg,违章05,47.61,1264,82,1424,242,impostor,off,0
违章05/违章05_t47.9_210_off.jpg,违章05,47.85,1264,82,1424,242,impostor,off,0
违章05/违章05_t48.1_211_off.jpg,违章05,48.08,1264,82,1424,242,impostor,off,0
违章05/违章05_t48.3_212_off.jpg,违章05,48.32,1264,82,1424,242,impostor,off,0
违章05/违章05_t48.5_213_off.jpg,违章05,48.55,1264,82,1424,242,impostor,off,0
违章05/违章05_t48.8_214_off.jpg,违章05,48.79,1264,82,1424,242,impostor,off,0
违章05/违章05_t49.0_215_off.jpg,违章05,49.03,1264,82,1424,242,impostor,off,0
违章05/违章05_t49.3_216_off.jpg,违章05,49.26,1264,82,1424,242,impostor,off,0
违章05/违章05_t49.5_217_off.jpg,违章05,49.5,1264,82,1424,242,impostor,off,0
违章05/违章05_t49.7_218_off.jpg,违章05,49.73,1264,82,1424,242,impostor,off,0
违章05/违章05_t50.0_219_off.jpg,违章05,49.97,1264,82,1424,242,impostor,off,0
违章05/违章05_t50.2_220_off.jpg,违章05,50.2,1264,82,1424,242,impostor,off,0
违章05/违章05_t50.4_221_off.jpg,违章05,50.44,1264,82,1424,242,impostor,off,0
违章05/违章05_t50.7_222_off.jpg,违章05,50.68,1264,82,1424,242,impostor,off,0
违章05/违章05_t50.9_223_off.jpg,违章05,50.91,1264,82,1424,242,impostor,off,0
违章05/违章05_t51.1_224_off.jpg,违章05,51.15,1264,82,1424,242,impostor,off,0
违章05/违章05_t51.1_225_off.jpg,违章05,51.15,0,782,89,942,prior_off,off,0
违章05/违章05_t51.4_226_off.jpg,违章05,51.38,1264,82,1424,242,impostor,off,0
违章05/违章05_t51.6_227_off.jpg,违章05,51.62,1264,82,1424,242,impostor,off,0
违章05/违章05_t51.9_228_off.jpg,违章05,51.85,1264,82,1424,242,impostor,off,0
违章05/违章05_t52.1_229_off.jpg,违章05,52.09,1264,82,1424,242,impostor,off,0
违章05/违章05_t52.3_230_off.jpg,违章05,52.33,1264,82,1424,242,impostor,off,0
违章05/违章05_t52.6_231_off.jpg,违章05,52.56,1264,82,1424,242,impostor,off,0
违章05/违章05_t52.8_232_off.jpg,违章05,52.8,1264,82,1424,242,impostor,off,0
违章05/违章05_t52.8_233_off.jpg,违章05,52.8,962,846,1122,1006,prior_off,off,0
违章05/违章05_t53.0_234_off.jpg,违章05,53.03,1264,82,1424,242,impostor,off,0
违章05/违章05_t53.3_235_off.jpg,违章05,53.27,1264,82,1424,242,impostor,off,0
违章05/违章05_t53.5_236_off.jpg,违章05,53.5,1264,82,1424,242,impostor,off,0
违章05/违章05_t53.7_237_off.jpg,违章05,53.74,1264,82,1424,242,impostor,off,0
违章05/违章05_t54.0_238_off.jpg,违章05,53.98,1264,82,1424,242,impostor,off,0
违章05/违章05_t54.2_239_off.jpg,违章05,54.21,1264,82,1424,242,impostor,off,0
违章05/违章05_t54.5_240_off.jpg,违章05,54.45,1264,82,1424,242,impostor,off,0
违章05/违章05_t54.7_241_off.jpg,违章05,54.68,1264,82,1424,242,impostor,off,0
违章05/违章05_t54.9_242_off.jpg,违章05,54.92,1264,82,1424,242,impostor,off,0
违章05/违章05_t55.1_243_off.jpg,违章05,55.15,1264,82,1424,242,impostor,off,0
违章05/违章05_t55.4_244_off.jpg,违章05,55.39,1264,82,1424,242,impostor,off,0
违章05/违章05_t55.6_245_off.jpg,违章05,55.63,1264,82,1424,242,impostor,off,0
违章05/违章05_t55.9_246_off.jpg,违章05,55.86,1264,82,1424,242,impostor,off,0
违章05/违章05_t56.1_247_off.jpg,违章05,56.1,1264,82,1424,242,impostor,off,0
违章05/违章05_t56.3_248_off.jpg,违章05,56.33,1264,82,1424,242,impostor,off,0
违章05/违章05_t56.6_249_off.jpg,违章05,56.57,1264,82,1424,242,impostor,off,0
违章05/违章05_t56.8_250_off.jpg,违章05,56.8,1264,82,1424,242,impostor,off,0
违章05/违章05_t57.0_251_off.jpg,违章05,57.04,1264,82,1424,242,impostor,off,0
违章05/违章05_t57.3_252_off.jpg,违章05,57.28,1264,82,1424,242,impostor,off,0
违章05/违章05_t57.5_253_off.jpg,违章05,57.51,1264,82,1424,242,impostor,off,0
违章05/违章05_t57.8_254_off.jpg,违章05,57.75,1264,82,1424,242,impostor,off,0
违章05/违章05_t58.0_255_off.jpg,违章05,57.98,1264,82,1424,242,impostor,off,0
违章05/违章05_t58.2_256_off.jpg,违章05,58.22,1264,82,1424,242,impostor,off,0
违章05/违章05_t58.5_257_off.jpg,违章05,58.45,1264,82,1424,242,impostor,off,0
违章05/违章05_t58.7_258_off.jpg,违章05,58.69,1264,82,1424,242,impostor,off,0
违章05/违章05_t58.9_259_off.jpg,违章05,58.93,1264,82,1424,242,impostor,off,0
违章05/违章05_t59.2_260_off.jpg,违章05,59.16,1264,82,1424,242,impostor,off,0
违章05/违章05_t59.4_261_off.jpg,违章05,59.4,1264,82,1424,242,impostor,off,0
违章05/违章05_t59.6_262_off.jpg,违章05,59.63,1264,82,1424,242,impostor,off,0
违章05/违章05_t59.9_263_off.jpg,违章05,59.87,1264,82,1424,242,impostor,off,0
违章05/违章05_t60.1_264_off.jpg,违章05,60.1,1264,82,1424,242,impostor,off,0
违章05/违章05_t60.3_265_off.jpg,违章05,60.34,1264,82,1424,242,impostor,off,0
违章05/违章05_t60.6_266_off.jpg,违章05,60.58,1264,82,1424,242,impostor,off,0
违章05/违章05_t60.8_267_off.jpg,违章05,60.81,1264,82,1424,242,impostor,off,0
违章05/违章05_t61.0_268_off.jpg,违章05,61.05,1264,82,1424,242,impostor,off,0
违章05/违章05_t61.3_269_off.jpg,违章05,61.28,1264,82,1424,242,impostor,off,0
违章05/违章05_t61.5_270_off.jpg,违章05,61.52,1264,82,1424,242,impostor,off,0
违章05/违章05_t61.8_271_off.jpg,违章05,61.75,1264,82,1424,242,impostor,off,0
违章05/违章05_t62.0_272_off.jpg,违章05,61.99,1264,82,1424,242,impostor,off,0
违章05/违章05_t62.2_273_off.jpg,违章05,62.23,1264,82,1424,242,impostor,off,0
违章05/违章05_t62.5_274_off.jpg,违章05,62.46,1264,82,1424,242,impostor,off,0
违章05/违章05_t62.7_275_off.jpg,违章05,62.7,1264,82,1424,242,impostor,off,0
违章05/违章05_t62.9_276_off.jpg,违章05,62.93,1264,82,1424,242,impostor,off,0
违章05/违章05_t63.2_277_off.jpg,违章05,63.17,1264,82,1424,242,impostor,off,0
违章05/违章05_t63.4_278_off.jpg,违章05,63.4,1264,82,1424,242,impostor,off,0
违章05/违章05_t63.6_279_off.jpg,违章05,63.64,1264,82,1424,242,impostor,off,0
违章05/违章05_t63.9_280_off.jpg,违章05,63.87,1264,82,1424,242,impostor,off,0
违章05/违章05_t64.1_281_off.jpg,违章05,64.11,1264,82,1424,242,impostor,off,0
违章05/违章05_t64.3_282_off.jpg,违章05,64.35,1264,82,1424,242,impostor,off,0
违章05/违章05_t64.6_283_off.jpg,违章05,64.58,1264,82,1424,242,impostor,off,0
违章05/违章05_t64.8_284_off.jpg,违章05,64.82,1264,82,1424,242,impostor,off,0
违章05/违章05_t65.0_285_off.jpg,违章05,65.05,1264,82,1424,242,impostor,off,0
违章05/违章05_t65.3_286_off.jpg,违章05,65.29,1264,82,1424,242,impostor,off,0
违章05/违章05_t65.5_287_off.jpg,违章05,65.52,1264,82,1424,242,impostor,off,0
违章05/违章05_t48.5_288_off.jpg,违章05,48.55,886,311,905,330,impostor_outside,off,0
违章05/违章05_t53.3_289_off.jpg,违章05,53.27,306,224,343,251,impostor_outside,off,0
违章05/违章05_t49.0_290_off.jpg,违章05,49.03,1189,415,1204,430,impostor_outside,off,0
违章05/违章05_t48.5_291_off.jpg,违章05,48.55,968,564,1017,619,impostor_outside,off,0
违章05/违章05_t37.5_292_off.jpg,违章05,37.48,1514,330,1636,385,impostor_outside,off,0
违章05/违章05_t45.5_293_off.jpg,违章05,45.49,568,253,584,272,impostor_outside,off,0
违章05/违章05_t40.1_294_off.jpg,违章05,40.07,900,230,910,249,impostor_outside,off,0
违章05/违章05_t56.1_295_off.jpg,违章05,56.1,646,559,727,638,impostor_outside,off,0
违章05/违章05_t53.5_296_off.jpg,违章05,53.5,975,429,1016,465,impostor_outside,off,0
违章05/违章05_t57.0_297_off.jpg,违章05,57.04,502,276,513,285,impostor_outside,off,0
违章05/违章05_t45.0_298_off.jpg,违章05,45.02,1066,156,1082,164,impostor_outside,off,0
违章05/违章05_t55.9_299_off.jpg,违章05,55.86,15,438,76,469,impostor_outside,off,0
违章05/违章05_t31.6_300_off.jpg,违章05,31.58,781,170,804,201,impostor_outside,off,0
违章05/违章05_t30.9_301_off.jpg,违章05,30.88,1570,363,1670,406,impostor_outside,off,0
违章05/违章05_t50.4_302_off.jpg,违章05,50.44,832,449,858,474,impostor_outside,off,0
违章05/违章05_t33.5_303_off.jpg,违章05,33.47,169,0,243,35,impostor_outside,off,0
违章05/违章05_t58.5_304_off.jpg,违章05,58.45,203,96,366,220,impostor_outside,off,0
违章05/违章05_t40.3_305_off.jpg,违章05,40.3,991,145,1001,160,impostor_outside,off,0
违章05/违章05_t59.2_306_off.jpg,违章05,59.16,0,947,100,1023,impostor_outside,off,0
违章05/违章05_t31.1_307_off.jpg,违章05,31.11,209,164,290,232,impostor_outside,off,0
违章05/违章05_t31.1_308_off.jpg,违章05,31.11,992,486,1008,501,impostor_outside,off,0
违章05/违章05_t48.3_309_off.jpg,违章05,48.32,331,225,353,252,impostor_outside,off,0
违章05/违章05_t54.2_310_off.jpg,违章05,54.21,1723,496,1790,524,impostor_outside,off,0
违章05/违章05_t59.2_311_off.jpg,违章05,59.16,1428,395,1462,425,impostor_outside,off,0
违章05/违章05_t44.3_312_off.jpg,违章05,44.31,316,287,325,295,impostor_outside,off,0
违章05/违章05_t49.7_313_off.jpg,违章05,49.73,804,346,939,614,impostor_outside,off,0
违章05/违章05_t42.9_314_off.jpg,违章05,42.9,1209,356,1249,378,impostor_outside,off,0
违章05/违章05_t47.4_315_off.jpg,违章05,47.38,994,505,1109,550,impostor_outside,off,0
违章05/违章05_t0.0_316_walk.jpg,违章05,0.0,1264,84,1424,244,prior_roi,walk,0
违章05/违章05_t0.2_317_walk.jpg,违章05,0.24,1267,91,1427,251,prior_roi,walk,0
违章05/违章05_t0.5_318_walk.jpg,违章05,0.47,1256,92,1416,252,prior_roi,walk,0
违章05/违章05_t0.7_319_walk.jpg,违章05,0.71,1256,71,1416,231,prior_roi,walk,0
违章05/违章05_t0.9_320_walk.jpg,违章05,0.94,1255,74,1415,234,prior_roi,walk,0
违章05/违章05_t1.2_321_walk.jpg,违章05,1.18,1272,73,1432,233,prior_roi,walk,0
违章05/违章05_t1.4_322_walk.jpg,违章05,1.41,1264,89,1424,249,prior_roi,walk,0
违章05/违章05_t1.6_323_walk.jpg,违章05,1.65,1255,79,1415,239,prior_roi,walk,0
违章05/违章05_t1.9_324_walk.jpg,违章05,1.89,1254,88,1414,248,prior_roi,walk,0
违章05/违章05_t2.1_325_walk.jpg,违章05,2.12,1270,73,1430,233,prior_roi,walk,0
违章05/违章05_t2.4_326_walk.jpg,违章05,2.36,1258,93,1418,253,prior_roi,walk,0
违章05/违章05_t2.6_327_walk.jpg,违章05,2.59,1261,82,1421,242,prior_roi,walk,0
违章05/违章05_t2.8_328_walk.jpg,违章05,2.83,1257,86,1417,246,prior_roi,walk,0
违章05/违章05_t3.1_329_walk.jpg,违章05,3.06,1266,92,1426,252,prior_roi,walk,0
违章05/违章05_t3.3_330_walk.jpg,违章05,3.3,1260,94,1420,254,prior_roi,walk,0
违章05/违章05_t3.5_331_walk.jpg,违章05,3.54,1262,90,1422,250,prior_roi,walk,0
违章05/违章05_t3.8_332_walk.jpg,违章05,3.77,1257,90,1417,250,prior_roi,walk,0
违章05/违章05_t4.0_333_walk.jpg,违章05,4.01,1264,78,1424,238,prior_roi,walk,0
违章05/违章05_t4.2_334_walk.jpg,违章05,4.24,1257,75,1417,235,prior_roi,walk,0
违章05/违章05_t4.5_335_walk.jpg,违章05,4.48,1275,72,1435,232,prior_roi,walk,0
违章05/违章05_t4.7_336_walk.jpg,违章05,4.71,1258,90,1418,250,prior_roi,walk,0
违章05/违章05_t5.0_337_walk.jpg,违章05,4.95,1268,94,1428,254,prior_roi,walk,0
违章05/违章05_t5.2_338_walk.jpg,违章05,5.19,1263,91,1423,251,prior_roi,walk,0
违章05/违章05_t5.4_339_walk.jpg,违章05,5.42,1275,84,1435,244,prior_roi,walk,0
违章05/违章05_t5.7_340_walk.jpg,违章05,5.66,1273,72,1433,232,prior_roi,walk,0
违章05/违章05_t5.9_341_walk.jpg,违章05,5.89,1262,86,1422,246,prior_roi,walk,0
违章05/违章05_t6.1_342_walk.jpg,违章05,6.13,1265,79,1425,239,prior_roi,walk,0
违章05/违章05_t6.4_343_walk.jpg,违章05,6.36,1266,71,1426,231,prior_roi,walk,0
违章05/违章05_t6.6_344_walk.jpg,违章05,6.6,1256,81,1416,241,prior_roi,walk,0
违章05/违章05_t6.8_345_walk.jpg,违章05,6.84,1257,85,1417,245,prior_roi,walk,0
违章05/违章05_t7.1_346_walk.jpg,违章05,7.07,1259,77,1419,237,prior_roi,walk,0
违章05/违章05_t7.3_347_walk.jpg,违章05,7.31,1254,74,1414,234,prior_roi,walk,0
违章05/违章05_t7.5_348_walk.jpg,违章05,7.54,1276,84,1436,244,prior_roi,walk,0
违章05/违章05_t7.8_349_walk.jpg,违章05,7.78,1265,73,1425,233,prior_roi,walk,0
违章05/违章05_t8.0_350_walk.jpg,违章05,8.01,1263,94,1423,254,prior_roi,walk,0
违章05/违章05_t8.2_351_walk.jpg,违章05,8.25,1259,73,1419,233,prior_roi,walk,0
违章05/违章05_t8.5_352_walk.jpg,违章05,8.49,1262,74,1422,234,prior_roi,walk,0
违章05/违章05_t8.7_353_walk.jpg,违章05,8.72,1258,77,1418,237,prior_roi,walk,0
违章05/违章05_t9.0_354_walk.jpg,违章05,8.96,1271,87,1431,247,prior_roi,walk,0
违章05/违章05_t9.2_355_walk.jpg,违章05,9.19,1262,91,1422,251,prior_roi,walk,0
违章05/违章05_t9.4_356_walk.jpg,违章05,9.43,1267,80,1427,240,prior_roi,walk,0
违章05/违章05_t9.7_357_walk.jpg,违章05,9.66,1270,90,1430,250,prior_roi,walk,0
违章05/违章05_t9.9_358_walk.jpg,违章05,9.9,1267,86,1427,246,prior_roi,walk,0
违章05/违章05_t10.1_359_walk.jpg,违章05,10.14,1273,78,1433,238,prior_roi,walk,0
违章05/违章05_t10.4_360_walk.jpg,违章05,10.37,1276,79,1436,239,prior_roi,walk,0
违章05/违章05_t10.6_361_walk.jpg,违章05,10.61,1252,89,1412,249,prior_roi,walk,0
违章05/违章05_t10.8_362_walk.jpg,违章05,10.84,1273,89,1433,249,prior_roi,walk,0
违章05/违章05_t11.1_363_walk.jpg,违章05,11.08,1257,78,1417,238,prior_roi,walk,0
违章05/违章05_t11.3_364_walk.jpg,违章05,11.31,1258,86,1418,246,prior_roi,walk,0
违章05/违章05_t11.6_365_walk.jpg,违章05,11.55,1269,92,1429,252,prior_roi,walk,0
违章05/违章05_t11.8_366_walk.jpg,违章05,11.79,1255,79,1415,239,prior_roi,walk,0
违章05/违章05_t12.0_367_walk.jpg,违章05,12.02,1266,75,1426,235,prior_roi,walk,0
违章05/违章05_t12.3_368_walk.jpg,违章05,12.26,1255,71,1415,231,prior_roi,walk,0
违章05/违章05_t12.5_369_walk.jpg,违章05,12.49,1266,86,1426,246,prior_roi,walk,0
违章05/违章05_t12.7_370_walk.jpg,违章05,12.73,1268,87,1428,247,prior_roi,walk,0
违章05/违章05_t13.0_371_walk.jpg,违章05,12.96,1271,88,1431,248,prior_roi,walk,0
违章05/违章05_t13.2_372_walk.jpg,违章05,13.2,1269,93,1429,253,prior_roi,walk,0
违章05/违章05_t13.4_373_walk.jpg,违章05,13.43,1273,82,1433,242,prior_roi,walk,0
违章05/违章05_t13.7_374_walk.jpg,违章05,13.67,1265,80,1425,240,prior_roi,walk,0
违章05/违章05_t13.9_375_walk.jpg,违章05,13.91,1271,80,1431,240,prior_roi,walk,0
违章05/违章05_t14.1_376_walk.jpg,违章05,14.14,1259,80,1419,240,prior_roi,walk,0
违章05/违章05_t14.4_377_walk.jpg,违章05,14.38,1267,74,1427,234,prior_roi,walk,0
违章05/违章05_t14.6_378_walk.jpg,违章05,14.61,1268,93,1428,253,prior_roi,walk,0
违章05/违章05_t14.8_379_walk.jpg,违章05,14.85,1275,70,1435,230,prior_roi,walk,0
违章06/违章06_t0.0_0_walk.jpg,违章06,0.0,1168,406,1328,566,prior_roi,walk,0
违章06/违章06_t0.2_1_walk.jpg,违章06,0.24,1168,406,1328,566,prior_roi,walk,0
违章06/违章06_t0.5_2_walk.jpg,违章06,0.47,1168,406,1328,566,prior_roi,walk,0
违章06/违章06_t0.7_3_walk.jpg,违章06,0.71,1168,406,1328,566,prior_roi,walk,0
违章06/违章06_t0.9_4_walk.jpg,违章06,0.95,1168,406,1328,566,prior_roi,walk,0
违章06/违章06_t1.2_5_walk.jpg,违章06,1.18,1168,406,1328,566,prior_roi,walk,0
违章06/违章06_t1.4_6_walk.jpg,违章06,1.42,1168,406,1328,566,prior_roi,walk,0
违章06/违章06_t1.7_7_walk.jpg,违章06,1.66,1168,406,1328,566,prior_roi,walk,0
违章06/违章06_t1.9_8_walk.jpg,违章06,1.89,1168,406,1328,566,prior_roi,walk,0
违章06/违章06_t2.1_9_walk.jpg,违章06,2.13,1168,406,1328,566,prior_roi,walk,0
违章06/违章06_t2.4_10_walk.jpg,违章06,2.37,1168,406,1328,566,prior_roi,walk,0
违章06/违章06_t2.6_11_walk.jpg,违章06,2.6,1168,406,1328,566,prior_roi,walk,0
违章06/违章06_t2.8_12_walk.jpg,违章06,2.84,1168,406,1328,566,prior_roi,walk,0
违章06/违章06_t2.8_13_off.jpg,违章06,2.84,361,111,521,271,prior_off,off,0
违章06/违章06_t3.1_14_walk.jpg,违章06,3.07,1168,406,1328,566,prior_roi,walk,0
违章06/违章06_t3.3_15_walk.jpg,违章06,3.31,1168,406,1328,566,prior_roi,walk,0
违章06/违章06_t3.5_16_walk.jpg,违章06,3.55,1168,406,1328,566,prior_roi,walk,0
违章06/违章06_t3.8_17_walk.jpg,违章06,3.78,1168,406,1328,566,prior_roi,walk,0
违章06/违章06_t4.0_18_walk.jpg,违章06,4.02,1168,406,1328,566,prior_roi,walk,0
违章06/违章06_t4.3_19_walk.jpg,违章06,4.26,1168,406,1328,566,prior_roi,walk,0
违章06/违章06_t4.5_20_walk.jpg,违章06,4.49,1168,406,1328,566,prior_roi,walk,0
违章06/违章06_t4.7_21_walk.jpg,违章06,4.73,1168,406,1328,566,prior_roi,walk,0
违章06/违章06_t5.0_22_walk.jpg,违章06,4.97,1168,406,1328,566,prior_roi,walk,0
违章06/违章06_t5.2_23_walk.jpg,违章06,5.2,1168,406,1328,566,prior_roi,walk,0
违章06/违章06_t5.4_24_walk.jpg,违章06,5.44,1168,406,1328,566,prior_roi,walk,0
违章06/违章06_t5.7_25_walk.jpg,违章06,5.68,1168,406,1328,566,prior_roi,walk,0
违章06/违章06_t5.7_26_off.jpg,违章06,5.68,776,0,936,91,prior_off,off,0
违章06/违章06_t5.9_27_walk.jpg,违章06,5.91,1168,406,1328,566,prior_roi,walk,0
违章06/违章06_t6.2_28_walk.jpg,违章06,6.15,1168,406,1328,566,prior_roi,walk,0
违章06/违章06_t6.4_29_walk.jpg,违章06,6.39,1168,406,1328,566,prior_roi,walk,0
违章06/违章06_t6.6_30_walk.jpg,违章06,6.62,1168,406,1328,566,prior_roi,walk,0
违章06/违章06_t6.9_31_walk.jpg,违章06,6.86,1168,406,1328,566,prior_roi,walk,0
违章06/违章06_t7.1_32_walk.jpg,违章06,7.1,1168,406,1328,566,prior_roi,walk,0
违章06/违章06_t7.3_33_walk.jpg,违章06,7.33,1168,406,1328,566,prior_roi,walk,0
违章06/违章06_t7.6_34_walk.jpg,违章06,7.57,1168,406,1328,566,prior_roi,walk,0
违章06/违章06_t7.8_35_walk.jpg,违章06,7.81,1168,406,1328,566,prior_roi,walk,0
违章06/违章06_t8.0_36_walk.jpg,违章06,8.04,1168,406,1328,566,prior_roi,walk,0
违章06/违章06_t8.3_37_walk.jpg,违章06,8.28,1168,406,1328,566,prior_roi,walk,0
违章06/违章06_t8.5_38_walk.jpg,违章06,8.51,1168,406,1328,566,prior_roi,walk,0
违章06/违章06_t8.8_39_walk.jpg,违章06,8.75,1168,406,1328,566,prior_roi,walk,0
违章06/违章06_t9.0_40_walk.jpg,违章06,8.99,1168,406,1328,566,prior_roi,walk,0
违章06/违章06_t9.2_41_walk.jpg,违章06,9.22,1168,406,1328,566,prior_roi,walk,0
违章06/违章06_t9.5_42_walk.jpg,违章06,9.46,1168,406,1328,566,prior_roi,walk,0
违章06/违章06_t9.7_43_walk.jpg,违章06,9.7,1168,406,1328,566,prior_roi,walk,0
违章06/违章06_t9.9_44_walk.jpg,违章06,9.93,1168,406,1328,566,prior_roi,walk,0
违章06/违章06_t10.2_45_walk.jpg,违章06,10.17,1168,406,1328,566,prior_roi,walk,0
违章06/违章06_t10.4_46_walk.jpg,违章06,10.41,1168,406,1328,566,prior_roi,walk,0
违章06/违章06_t10.6_47_walk.jpg,违章06,10.64,1168,406,1328,566,prior_roi,walk,0
违章06/违章06_t10.9_48_walk.jpg,违章06,10.88,1168,406,1328,566,prior_roi,walk,0
违章06/违章06_t11.1_49_walk.jpg,违章06,11.12,1168,406,1328,566,prior_roi,walk,0
违章06/违章06_t11.1_50_off.jpg,违章06,11.12,1534,690,1694,850,prior_off,off,0
违章06/违章06_t11.3_51_walk.jpg,违章06,11.35,1168,406,1328,566,prior_roi,walk,0
违章06/违章06_t11.6_52_walk.jpg,违章06,11.59,1168,406,1328,566,prior_roi,walk,0
违章06/违章06_t11.8_53_walk.jpg,违章06,11.83,1168,406,1328,566,prior_roi,walk,0
违章06/违章06_t12.1_54_walk.jpg,违章06,12.06,1168,406,1328,566,prior_roi,walk,0
违章06/违章06_t12.3_55_walk.jpg,违章06,12.3,1168,406,1328,566,prior_roi,walk,0
违章06/违章06_t12.5_56_walk.jpg,违章06,12.54,1168,406,1328,566,prior_roi,walk,0
违章06/违章06_t12.8_57_walk.jpg,违章06,12.77,1168,406,1328,566,prior_roi,walk,0
违章06/违章06_t13.0_58_walk.jpg,违章06,13.01,1168,406,1328,566,prior_roi,walk,0
违章06/违章06_t13.2_59_walk.jpg,违章06,13.24,1168,406,1328,566,prior_roi,walk,0
违章06/违章06_t13.5_60_walk.jpg,违章06,13.48,1168,406,1328,566,prior_roi,walk,0
违章06/违章06_t13.7_61_walk.jpg,违章06,13.72,1168,406,1328,566,prior_roi,walk,0
违章06/违章06_t13.9_62_walk.jpg,违章06,13.95,1168,406,1328,566,prior_roi,walk,0
违章06/违章06_t14.2_63_walk.jpg,违章06,14.19,1168,406,1328,566,prior_roi,walk,0
违章06/违章06_t14.4_64_walk.jpg,违章06,14.43,1168,406,1328,566,prior_roi,walk,0
违章06/违章06_t14.7_65_walk.jpg,违章06,14.66,1168,406,1328,566,prior_roi,walk,0
违章06/违章06_t14.9_66_walk.jpg,违章06,14.9,1168,406,1328,566,prior_roi,walk,0
违章06/违章06_t15.1_67_walk.jpg,违章06,15.14,1168,406,1328,566,prior_roi,walk,0
违章06/违章06_t15.4_68_walk.jpg,违章06,15.37,1168,406,1328,566,prior_roi,walk,0
违章06/违章06_t15.6_69_walk.jpg,违章06,15.61,1168,406,1328,566,prior_roi,walk,0
违章06/违章06_t15.8_70_walk.jpg,违章06,15.85,1168,406,1328,566,prior_roi,walk,0
违章06/违章06_t16.1_71_walk.jpg,违章06,16.08,1168,406,1328,566,prior_roi,walk,0
违章06/违章06_t16.3_72_walk.jpg,违章06,16.32,1168,406,1328,566,prior_roi,walk,0
违章06/违章06_t16.6_73_walk.jpg,违章06,16.56,1168,406,1328,566,prior_roi,walk,0
违章06/违章06_t16.8_74_walk.jpg,违章06,16.79,1168,406,1328,566,prior_roi,walk,0
违章06/违章06_t17.0_75_walk.jpg,违章06,17.03,1168,406,1328,566,prior_roi,walk,0
违章06/违章06_t17.3_76_walk.jpg,违章06,17.27,1168,406,1328,566,prior_roi,walk,0
违章06/违章06_t17.5_77_walk.jpg,违章06,17.5,1168,406,1328,566,prior_roi,walk,0
违章06/违章06_t17.7_78_walk.jpg,违章06,17.74,1168,406,1328,566,prior_roi,walk,0
违章06/违章06_t18.0_79_walk.jpg,违章06,17.98,1168,406,1328,566,prior_roi,walk,0
违章06/违章06_t18.2_80_walk.jpg,违章06,18.21,1168,406,1328,566,prior_roi,walk,0
违章06/违章06_t18.4_81_walk.jpg,违章06,18.45,1168,406,1328,566,prior_roi,walk,0
违章06/违章06_t18.7_82_walk.jpg,违章06,18.68,1168,406,1328,566,prior_roi,walk,0
违章06/违章06_t18.9_83_walk.jpg,违章06,18.92,1168,406,1328,566,prior_roi,walk,0
违章06/违章06_t19.2_84_walk.jpg,违章06,19.16,1168,406,1328,566,prior_roi,walk,0
违章06/违章06_t19.4_85_walk.jpg,违章06,19.39,1168,406,1328,566,prior_roi,walk,0
违章06/违章06_t19.6_86_walk.jpg,违章06,19.63,1168,406,1328,566,prior_roi,walk,0
违章06/违章06_t19.9_87_walk.jpg,违章06,19.87,1168,406,1328,566,prior_roi,walk,0
违章06/违章06_t20.1_88_walk.jpg,违章06,20.1,1168,406,1328,566,prior_roi,walk,0
违章06/违章06_t20.3_89_walk.jpg,违章06,20.34,1168,406,1328,566,prior_roi,walk,0
违章06/违章06_t20.6_90_walk.jpg,违章06,20.58,1168,406,1328,566,prior_roi,walk,0
违章06/违章06_t20.8_91_walk.jpg,违章06,20.81,1168,406,1328,566,prior_roi,walk,0
违章06/违章06_t21.1_92_walk.jpg,违章06,21.05,1168,406,1328,566,prior_roi,walk,0
违章06/违章06_t21.3_93_walk.jpg,违章06,21.29,1168,406,1328,566,prior_roi,walk,0
违章06/违章06_t21.5_94_walk.jpg,违章06,21.52,1168,406,1328,566,prior_roi,walk,0
违章06/违章06_t21.8_95_walk.jpg,违章06,21.76,1168,406,1328,566,prior_roi,walk,0
违章06/违章06_t22.0_96_walk.jpg,违章06,22.0,1168,406,1328,566,prior_roi,walk,0
违章06/违章06_t22.2_97_walk.jpg,违章06,22.23,1168,406,1328,566,prior_roi,walk,0
违章06/违章06_t22.5_98_walk.jpg,违章06,22.47,1168,406,1328,566,prior_roi,walk,0
违章06/违章06_t22.7_99_walk.jpg,违章06,22.71,1168,406,1328,566,prior_roi,walk,0
违章06/违章06_t22.9_100_walk.jpg,违章06,22.94,1168,406,1328,566,prior_roi,walk,0
违章06/违章06_t23.2_101_walk.jpg,违章06,23.18,1168,406,1328,566,prior_roi,walk,0
违章06/违章06_t23.4_102_walk.jpg,违章06,23.42,1168,406,1328,566,prior_roi,walk,0
违章06/违章06_t23.6_103_walk.jpg,违章06,23.65,1168,406,1328,566,prior_roi,walk,0
违章06/违章06_t23.9_104_walk.jpg,违章06,23.89,1168,406,1328,566,prior_roi,walk,0
违章06/违章06_t24.1_105_walk.jpg,违章06,24.12,1168,406,1328,566,prior_roi,walk,0
违章06/违章06_t24.4_106_walk.jpg,违章06,24.36,1168,406,1328,566,prior_roi,walk,0
违章06/违章06_t24.6_107_walk.jpg,违章06,24.6,1168,406,1328,566,prior_roi,walk,0
违章06/违章06_t24.8_108_walk.jpg,违章06,24.83,1168,406,1328,566,prior_roi,walk,0
违章06/违章06_t25.1_109_walk.jpg,违章06,25.07,1168,406,1328,566,prior_roi,walk,0
违章06/违章06_t25.1_110_off.jpg,违章06,25.07,282,390,442,550,prior_off,off,0
违章06/违章06_t25.3_111_walk.jpg,违章06,25.31,1168,406,1328,566,prior_roi,walk,0
违章06/违章06_t25.5_112_walk.jpg,违章06,25.54,1168,406,1328,566,prior_roi,walk,0
违章06/违章06_t25.8_113_walk.jpg,违章06,25.78,1168,406,1328,566,prior_roi,walk,0
违章06/违章06_t26.0_114_walk.jpg,违章06,26.02,1168,406,1328,566,prior_roi,walk,0
违章06/违章06_t26.2_115_walk.jpg,违章06,26.25,1168,406,1328,566,prior_roi,walk,0
违章06/违章06_t26.5_116_walk.jpg,违章06,26.49,1168,406,1328,566,prior_roi,walk,0
违章06/违章06_t26.7_117_walk.jpg,违章06,26.73,1168,406,1328,566,prior_roi,walk,0
违章06/违章06_t27.0_118_walk.jpg,违章06,26.96,1168,406,1328,566,prior_roi,walk,0
违章06/违章06_t27.2_119_walk.jpg,违章06,27.2,1168,406,1328,566,prior_roi,walk,0
违章06/违章06_t27.4_120_walk.jpg,违章06,27.44,1168,406,1328,566,prior_roi,walk,0
违章06/违章06_t27.7_121_walk.jpg,违章06,27.67,1168,406,1328,566,prior_roi,walk,0
违章06/违章06_t27.9_122_walk.jpg,违章06,27.91,1168,406,1328,566,prior_roi,walk,0
违章06/违章06_t28.1_123_walk.jpg,违章06,28.15,1168,406,1328,566,prior_roi,walk,0
违章06/违章06_t28.4_124_walk.jpg,违章06,28.38,1168,406,1328,566,prior_roi,walk,0
违章06/违章06_t28.6_125_walk.jpg,违章06,28.62,1168,406,1328,566,prior_roi,walk,0
违章06/违章06_t28.9_126_walk.jpg,违章06,28.86,1168,406,1328,566,prior_roi,walk,0
违章06/违章06_t29.1_127_stand.jpg,违章06,29.09,1168,406,1328,566,prior_roi,stand,0
违章06/违章06_t29.1_128_off.jpg,违章06,29.09,1168,406,1328,566,impostor,off,0
违章06/违章06_t29.3_129_stand.jpg,违章06,29.33,1168,406,1328,566,prior_roi,stand,0
违章06/违章06_t29.3_130_off.jpg,违章06,29.33,1168,406,1328,566,impostor,off,0
违章06/违章06_t29.6_131_stand.jpg,违章06,29.56,1168,406,1328,566,prior_roi,stand,0
违章06/违章06_t29.6_132_off.jpg,违章06,29.56,1168,406,1328,566,impostor,off,0
违章06/违章06_t29.8_133_stand.jpg,违章06,29.8,1168,406,1328,566,prior_roi,stand,0
违章06/违章06_t29.8_134_off.jpg,违章06,29.8,1168,406,1328,566,impostor,off,0
违章06/违章06_t30.0_135_stand.jpg,违章06,30.04,1168,406,1328,566,prior_roi,stand,0
违章06/违章06_t30.0_136_off.jpg,违章06,30.04,1168,406,1328,566,impostor,off,0
违章06/违章06_t30.3_137_stand.jpg,违章06,30.27,1168,406,1328,566,prior_roi,stand,0
违章06/违章06_t30.3_138_off.jpg,违章06,30.27,1168,406,1328,566,impostor,off,0
违章06/违章06_t30.5_139_stand.jpg,违章06,30.51,1168,406,1328,566,prior_roi,stand,0
违章06/违章06_t30.5_140_off.jpg,违章06,30.51,1168,406,1328,566,impostor,off,0
违章06/违章06_t30.8_141_stand.jpg,违章06,30.75,1168,406,1328,566,prior_roi,stand,0
违章06/违章06_t30.8_142_off.jpg,违章06,30.75,1168,406,1328,566,impostor,off,0
违章06/违章06_t31.0_143_stand.jpg,违章06,30.98,1168,406,1328,566,prior_roi,stand,0
违章06/违章06_t31.0_144_off.jpg,违章06,30.98,1168,406,1328,566,impostor,off,0
违章06/违章06_t31.2_145_stand.jpg,违章06,31.22,1168,406,1328,566,prior_roi,stand,0
违章06/违章06_t31.2_146_off.jpg,违章06,31.22,1168,406,1328,566,impostor,off,0
违章06/违章06_t31.5_147_stand.jpg,违章06,31.46,1168,406,1328,566,prior_roi,stand,0
违章06/违章06_t31.5_148_off.jpg,违章06,31.46,1168,406,1328,566,impostor,off,0
违章06/违章06_t31.7_149_stand.jpg,违章06,31.69,1168,406,1328,566,prior_roi,stand,0
违章06/违章06_t31.7_150_off.jpg,违章06,31.69,1168,406,1328,566,impostor,off,0
违章06/违章06_t31.7_151_off.jpg,违章06,31.69,1568,793,1728,953,prior_off,off,0
违章06/违章06_t31.9_152_stand.jpg,违章06,31.93,1168,406,1328,566,prior_roi,stand,0
违章06/违章06_t31.9_153_off.jpg,违章06,31.93,1168,406,1328,566,impostor,off,0
违章06/违章06_t32.2_154_stand.jpg,违章06,32.17,1168,406,1328,566,prior_roi,stand,0
违章06/违章06_t32.2_155_off.jpg,违章06,32.17,1168,406,1328,566,impostor,off,0
违章06/违章06_t32.4_156_stand.jpg,违章06,32.4,1168,406,1328,566,prior_roi,stand,0
违章06/违章06_t32.4_157_off.jpg,违章06,32.4,1168,406,1328,566,impostor,off,0
违章06/违章06_t32.6_158_stand.jpg,违章06,32.64,1168,406,1328,566,prior_roi,stand,0
违章06/违章06_t32.6_159_off.jpg,违章06,32.64,1168,406,1328,566,impostor,off,0
违章06/违章06_t32.9_160_stand.jpg,违章06,32.88,1168,406,1328,566,prior_roi,stand,0
违章06/违章06_t32.9_161_off.jpg,违章06,32.88,1168,406,1328,566,impostor,off,0
违章06/违章06_t33.1_162_stand.jpg,违章06,33.11,1168,406,1328,566,prior_roi,stand,0
违章06/违章06_t33.1_163_off.jpg,违章06,33.11,1168,406,1328,566,impostor,off,0
违章06/违章06_t33.4_164_stand.jpg,违章06,33.35,1168,406,1328,566,prior_roi,stand,0
违章06/违章06_t33.4_165_off.jpg,违章06,33.35,1168,406,1328,566,impostor,off,0
违章06/违章06_t33.6_166_stand.jpg,违章06,33.59,1168,406,1328,566,prior_roi,stand,0
违章06/违章06_t33.6_167_off.jpg,违章06,33.59,1168,406,1328,566,impostor,off,0
违章06/违章06_t33.6_168_off.jpg,违章06,33.59,543,87,703,247,prior_off,off,0
违章06/违章06_t33.8_169_stand.jpg,违章06,33.82,1168,406,1328,566,prior_roi,stand,0
违章06/违章06_t33.8_170_off.jpg,违章06,33.82,1168,406,1328,566,impostor,off,0
违章06/违章06_t34.1_171_stand.jpg,违章06,34.06,1168,406,1328,566,prior_roi,stand,0
违章06/违章06_t34.1_172_off.jpg,违章06,34.06,1168,406,1328,566,impostor,off,0
违章06/违章06_t34.3_173_stand.jpg,违章06,34.29,1168,406,1328,566,prior_roi,stand,0
违章06/违章06_t34.3_174_off.jpg,违章06,34.29,1168,406,1328,566,impostor,off,0
违章06/违章06_t34.5_175_stand.jpg,违章06,34.53,1168,406,1328,566,prior_roi,stand,0
违章06/违章06_t34.5_176_off.jpg,违章06,34.53,1168,406,1328,566,impostor,off,0
违章06/违章06_t34.8_177_stand.jpg,违章06,34.77,1168,406,1328,566,prior_roi,stand,0
违章06/违章06_t34.8_178_off.jpg,违章06,34.77,1168,406,1328,566,impostor,off,0
违章06/违章06_t35.0_179_stand.jpg,违章06,35.0,1168,406,1328,566,prior_roi,stand,0
违章06/违章06_t35.0_180_off.jpg,违章06,35.0,1168,406,1328,566,impostor,off,0
违章06/违章06_t35.2_181_stand.jpg,违章06,35.24,1168,406,1328,566,prior_roi,stand,0
违章06/违章06_t35.2_182_off.jpg,违章06,35.24,1168,406,1328,566,impostor,off,0
违章06/违章06_t35.5_183_stand.jpg,违章06,35.48,1168,406,1328,566,prior_roi,stand,0
违章06/违章06_t35.5_184_off.jpg,违章06,35.48,1168,406,1328,566,impostor,off,0
违章06/违章06_t35.7_185_stand.jpg,违章06,35.71,1168,406,1328,566,prior_roi,stand,0
违章06/违章06_t35.7_186_off.jpg,违章06,35.71,1168,406,1328,566,impostor,off,0
违章06/违章06_t36.0_187_stand.jpg,违章06,35.95,1168,406,1328,566,prior_roi,stand,0
违章06/违章06_t36.0_188_off.jpg,违章06,35.95,1168,406,1328,566,impostor,off,0
违章06/违章06_t36.2_189_stand.jpg,违章06,36.19,1168,406,1328,566,prior_roi,stand,0
违章06/违章06_t36.2_190_off.jpg,违章06,36.19,1168,406,1328,566,impostor,off,0
违章06/违章06_t36.4_191_stand.jpg,违章06,36.42,1168,406,1328,566,prior_roi,stand,0
违章06/违章06_t36.4_192_off.jpg,违章06,36.42,1168,406,1328,566,impostor,off,0
违章06/违章06_t36.7_193_stand.jpg,违章06,36.66,1168,406,1328,566,prior_roi,stand,0
违章06/违章06_t36.7_194_off.jpg,违章06,36.66,1168,406,1328,566,impostor,off,0
违章06/违章06_t36.9_195_stand.jpg,违章06,36.9,1168,406,1328,566,prior_roi,stand,0
违章06/违章06_t36.9_196_off.jpg,违章06,36.9,1168,406,1328,566,impostor,off,0
违章06/违章06_t37.1_197_stand.jpg,违章06,37.13,1168,406,1328,566,prior_roi,stand,0
违章06/违章06_t37.1_198_off.jpg,违章06,37.13,1168,406,1328,566,impostor,off,0
违章06/违章06_t37.4_199_stand.jpg,违章06,37.37,1168,406,1328,566,prior_roi,stand,0
违章06/违章06_t37.4_200_off.jpg,违章06,37.37,1168,406,1328,566,impostor,off,0
违章06/违章06_t37.6_201_stand.jpg,违章06,37.61,1168,406,1328,566,prior_roi,stand,0
违章06/违章06_t37.6_202_off.jpg,违章06,37.61,1168,406,1328,566,impostor,off,0
违章06/违章06_t37.8_203_stand.jpg,违章06,37.84,1168,406,1328,566,prior_roi,stand,0
违章06/违章06_t37.8_204_off.jpg,违章06,37.84,1168,406,1328,566,impostor,off,0
违章06/违章06_t38.1_205_stand.jpg,违章06,38.08,1168,406,1328,566,prior_roi,stand,0
违章06/违章06_t38.1_206_off.jpg,违章06,38.08,1168,406,1328,566,impostor,off,0
违章06/违章06_t38.3_207_stand.jpg,违章06,38.32,1168,406,1328,566,prior_roi,stand,0
违章06/违章06_t38.3_208_off.jpg,违章06,38.32,1168,406,1328,566,impostor,off,0
违章06/违章06_t38.5_209_stand.jpg,违章06,38.55,1168,406,1328,566,prior_roi,stand,0
违章06/违章06_t38.5_210_off.jpg,违章06,38.55,1168,406,1328,566,impostor,off,0
违章06/违章06_t38.8_211_stand.jpg,违章06,38.79,1168,406,1328,566,prior_roi,stand,0
违章06/违章06_t38.8_212_off.jpg,违章06,38.79,1168,406,1328,566,impostor,off,0
违章06/违章06_t39.0_213_stand.jpg,违章06,39.03,1168,406,1328,566,prior_roi,stand,0
违章06/违章06_t39.0_214_off.jpg,违章06,39.03,1168,406,1328,566,impostor,off,0
违章06/违章06_t39.3_215_stand.jpg,违章06,39.26,1168,406,1328,566,prior_roi,stand,0
违章06/违章06_t39.3_216_off.jpg,违章06,39.26,1168,406,1328,566,impostor,off,0
违章06/违章06_t39.5_217_stand.jpg,违章06,39.5,1168,406,1328,566,prior_roi,stand,0
违章06/违章06_t39.5_218_off.jpg,违章06,39.5,1168,406,1328,566,impostor,off,0
违章06/违章06_t39.7_219_stand.jpg,违章06,39.73,1168,406,1328,566,prior_roi,stand,0
违章06/违章06_t39.7_220_off.jpg,违章06,39.73,1168,406,1328,566,impostor,off,0
违章06/违章06_t40.0_221_stand.jpg,违章06,39.97,1168,406,1328,566,prior_roi,stand,0
违章06/违章06_t40.0_222_off.jpg,违章06,39.97,1168,406,1328,566,impostor,off,0
违章06/违章06_t40.0_223_off.jpg,违章06,39.97,1565,276,1725,436,prior_off,off,0
违章06/违章06_t40.2_224_stand.jpg,违章06,40.21,1168,406,1328,566,prior_roi,stand,0
违章06/违章06_t40.2_225_off.jpg,违章06,40.21,1168,406,1328,566,impostor,off,0
违章06/违章06_t40.4_226_stand.jpg,违章06,40.44,1168,406,1328,566,prior_roi,stand,0
违章06/违章06_t40.4_227_off.jpg,违章06,40.44,1168,406,1328,566,impostor,off,0
违章06/违章06_t40.7_228_stand.jpg,违章06,40.68,1168,406,1328,566,prior_roi,stand,0
违章06/违章06_t40.7_229_off.jpg,违章06,40.68,1168,406,1328,566,impostor,off,0
违章06/违章06_t40.9_230_stand.jpg,违章06,40.92,1168,406,1328,566,prior_roi,stand,0
违章06/违章06_t41.1_231_stand.jpg,违章06,41.15,1168,406,1328,566,prior_roi,stand,0
违章06/违章06_t41.1_232_off.jpg,违章06,41.15,1168,406,1328,566,impostor,off,0
违章06/违章06_t41.4_233_stand.jpg,违章06,41.39,1168,406,1328,566,prior_roi,stand,0
违章06/违章06_t41.6_234_stand.jpg,违章06,41.63,1168,406,1328,566,prior_roi,stand,0
违章06/违章06_t41.9_235_stand.jpg,违章06,41.86,1168,406,1328,566,prior_roi,stand,0
违章06/违章06_t42.1_236_stand.jpg,违章06,42.1,1168,406,1328,566,prior_roi,stand,0
违章06/违章06_t42.3_237_stand.jpg,违章06,42.34,1168,406,1328,566,prior_roi,stand,0
违章06/违章06_t42.6_238_stand.jpg,违章06,42.57,1168,406,1328,566,prior_roi,stand,0
违章06/违章06_t42.8_239_stand.jpg,违章06,42.81,1168,406,1328,566,prior_roi,stand,0
违章06/违章06_t42.8_240_off.jpg,违章06,42.81,1168,406,1328,566,impostor,off,0
违章06/违章06_t42.8_241_off.jpg,违章06,42.81,1493,708,1653,868,prior_off,off,0
违章06/违章06_t43.0_242_stand.jpg,违章06,43.05,1168,406,1328,566,prior_roi,stand,0
违章06/违章06_t43.3_243_stand.jpg,违章06,43.28,1168,406,1328,566,prior_roi,stand,0
违章06/违章06_t43.5_244_stand.jpg,违章06,43.52,1168,406,1328,566,prior_roi,stand,0
违章06/违章06_t43.8_245_stand.jpg,违章06,43.76,1168,406,1328,566,prior_roi,stand,0
违章06/违章06_t44.0_246_stand.jpg,违章06,43.99,1168,406,1328,566,prior_roi,stand,0
违章06/违章06_t44.2_247_stand.jpg,违章06,44.23,1168,406,1328,566,prior_roi,stand,0
违章06/违章06_t44.2_248_off.jpg,违章06,44.23,1168,406,1328,566,impostor,off,0
违章06/违章06_t44.5_249_stand.jpg,违章06,44.47,1168,406,1328,566,prior_roi,stand,0
违章06/违章06_t44.7_250_stand.jpg,违章06,44.7,1168,406,1328,566,prior_roi,stand,0
违章06/违章06_t44.9_251_stand.jpg,违章06,44.94,1168,406,1328,566,prior_roi,stand,0
违章06/违章06_t45.2_252_stand.jpg,违章06,45.17,1168,406,1328,566,prior_roi,stand,0
违章06/违章06_t45.4_253_stand.jpg,违章06,45.41,1168,406,1328,566,prior_roi,stand,0
违章06/违章06_t45.6_254_stand.jpg,违章06,45.65,1168,406,1328,566,prior_roi,stand,0
违章06/违章06_t45.9_255_stand.jpg,违章06,45.88,1168,406,1328,566,prior_roi,stand,0
违章06/违章06_t46.1_256_stand.jpg,违章06,46.12,1168,406,1328,566,prior_roi,stand,0
违章06/违章06_t46.1_257_off.jpg,违章06,46.12,1168,406,1328,566,impostor,off,0
违章06/违章06_t46.4_258_stand.jpg,违章06,46.36,1168,406,1328,566,prior_roi,stand,0
违章06/违章06_t46.4_259_off.jpg,违章06,46.36,1168,406,1328,566,impostor,off,0
违章06/违章06_t46.6_260_stand.jpg,违章06,46.59,1168,406,1328,566,prior_roi,stand,0
违章06/违章06_t46.6_261_off.jpg,违章06,46.59,1168,406,1328,566,impostor,off,0
违章06/违章06_t46.8_262_stand.jpg,违章06,46.83,1168,406,1328,566,prior_roi,stand,0
违章06/违章06_t46.8_263_off.jpg,违章06,46.83,1168,406,1328,566,impostor,off,0
违章06/违章06_t47.1_264_stand.jpg,违章06,47.07,1168,406,1328,566,prior_roi,stand,0
违章06/违章06_t47.1_265_off.jpg,违章06,47.07,1168,406,1328,566,impostor,off,0
违章06/违章06_t47.3_266_stand.jpg,违章06,47.3,1168,406,1328,566,prior_roi,stand,0
违章06/违章06_t47.5_267_stand.jpg,违章06,47.54,1168,406,1328,566,prior_roi,stand,0
违章06/违章06_t47.8_268_stand.jpg,违章06,47.78,1168,406,1328,566,prior_roi,stand,0
违章06/违章06_t48.0_269_stand.jpg,违章06,48.01,1168,406,1328,566,prior_roi,stand,0
违章06/违章06_t35.2_270_off.jpg,违章06,35.24,1800,17,1854,51,impostor_outside,off,0
违章06/违章06_t41.4_271_off.jpg,违章06,41.39,1827,362,1845,381,impostor_outside,off,0
违章06/违章06_t42.1_272_off.jpg,违章06,42.1,424,423,449,436,impostor_outside,off,0
违章06/违章06_t31.5_273_off.jpg,违章06,31.46,870,391,891,407,impostor_outside,off,0
违章06/违章06_t37.1_274_off.jpg,违章06,37.13,1156,88,1168,98,impostor_outside,off,0
违章06/违章06_t36.2_275_off.jpg,违章06,36.19,1484,0,1509,18,impostor_outside,off,0
违章06/违章06_t39.5_276_off.jpg,违章06,39.5,677,17,696,34,impostor_outside,off,0
违章06/违章06_t32.2_277_off.jpg,违章06,32.17,183,93,198,119,impostor_outside,off,0
违章06/违章06_t34.5_278_off.jpg,违章06,34.53,1634,205,1647,228,impostor_outside,off,0
违章06/违章06_t34.3_279_off.jpg,违章06,34.29,832,69,841,78,impostor_outside,off,0
违章06/违章06_t30.5_280_off.jpg,违章06,30.51,296,103,306,111,impostor_outside,off,0
违章06/违章06_t43.5_281_off.jpg,违章06,43.52,1028,57,1039,70,impostor_outside,off,0
违章06/违章06_t37.6_282_off.jpg,违章06,37.61,488,0,512,13,impostor_outside,off,0
违章06/违章06_t36.0_283_off.jpg,违章06,35.95,0,162,20,174,impostor_outside,off,0
违章06/违章06_t31.0_284_off.jpg,违章06,30.98,1685,80,1697,101,impostor_outside,off,0
违章06/违章06_t46.6_285_off.jpg,违章06,46.59,1254,70,1269,84,impostor_outside,off,0
违章06/违章06_t31.5_286_off.jpg,违章06,31.46,365,27,375,40,impostor_outside,off,0
违章06/违章06_t30.5_287_off.jpg,违章06,30.51,991,112,1010,122,impostor_outside,off,0
违章06/违章06_t35.2_288_off.jpg,违章06,35.24,1561,62,1571,74,impostor_outside,off,0
违章06/违章06_t34.8_289_off.jpg,违章06,34.77,1244,0,1276,27,impostor_outside,off,0
违章06/违章06_t46.6_290_off.jpg,违章06,46.59,1792,0,1805,8,impostor_outside,off,0
违章06/违章06_t38.3_291_off.jpg,违章06,38.32,1574,95,1588,109,impostor_outside,off,0
违章06/违章06_t29.1_292_off.jpg,违章06,29.09,1563,8,1586,27,impostor_outside,off,0
违章06/违章06_t39.7_293_off.jpg,违章06,39.73,1809,85,1851,116,impostor_outside,off,0
违章06/违章06_t39.0_294_off.jpg,违章06,39.03,941,33,954,50,impostor_outside,off,0
违章06/违章06_t36.4_295_off.jpg,违章06,36.42,1112,43,1120,51,impostor_outside,off,0
违章06/违章06_t38.8_296_off.jpg,违章06,38.79,966,61,978,74,impostor_outside,off,0
违章06/违章06_t29.3_297_off.jpg,违章06,29.33,1512,103,1521,113,impostor_outside,off,0
违章06/违章06_t42.3_298_off.jpg,违章06,42.34,1767,21,1775,29,impostor_outside,off,0
违章06/违章06_t40.4_299_off.jpg,违章06,40.44,567,80,587,102,impostor_outside,off,0
违章06/违章06_t31.2_300_off.jpg,违章06,31.22,1718,247,1732,264,impostor_outside,off,0
违章06/违章06_t39.5_301_off.jpg,违章06,39.5,280,214,289,222,impostor_outside,off,0
违章06/违章06_t32.2_302_off.jpg,违章06,32.17,1656,248,1664,258,impostor_outside,off,0
违章06/违章06_t38.8_303_off.jpg,违章06,38.79,1375,0,1388,13,impostor_outside,off,0
违章06/违章06_t40.4_304_off.jpg,违章06,40.44,407,36,416,45,impostor_outside,off,0
违章06/违章06_t30.3_305_off.jpg,违章06,30.27,1269,43,1317,66,impostor_outside,off,0
违章06/违章06_t29.3_306_off.jpg,违章06,29.33,1740,272,1754,288,impostor_outside,off,0
违章06/违章06_t41.9_307_off.jpg,违章06,41.86,1485,133,1493,141,impostor_outside,off,0
违章06/违章06_t29.3_308_off.jpg,违章06,29.33,1884,15,1920,62,impostor_outside,off,0
违章06/违章06_t43.0_309_off.jpg,违章06,43.05,792,415,806,429,impostor_outside,off,0
违章06/违章06_t36.7_310_off.jpg,违章06,36.66,1129,50,1141,68,impostor_outside,off,0
违章06/违章06_t43.0_311_off.jpg,违章06,43.05,343,157,424,228,impostor_outside,off,0
违章06/违章06_t44.9_312_off.jpg,违章06,44.94,1180,37,1281,113,impostor_outside,off,0
违章06/违章06_t38.5_313_off.jpg,违章06,38.55,1450,8,1462,16,impostor_outside,off,0
违章06/违章06_t29.1_314_off.jpg,违章06,29.09,716,96,725,108,impostor_outside,off,0
违章06/违章06_t34.8_315_off.jpg,违章06,34.77,1705,91,1719,104,impostor_outside,off,0
违章06/违章06_t44.2_316_off.jpg,违章06,44.23,850,297,864,306,impostor_outside,off,0
违章06/违章06_t31.2_317_off.jpg,违章06,31.22,1195,68,1249,129,impostor_outside,off,0
违章06/违章06_t29.3_318_off.jpg,违章06,29.33,1674,224,1688,239,impostor_outside,off,0
违章06/违章06_t31.9_319_off.jpg,违章06,31.93,148,119,156,128,impostor_outside,off,0
违章06/违章06_t33.1_320_off.jpg,违章06,33.11,921,408,939,421,impostor_outside,off,0
违章06/违章06_t41.6_321_off.jpg,违章06,41.63,1604,118,1656,151,impostor_outside,off,0
违章06/违章06_t41.1_322_off.jpg,违章06,41.15,0,522,82,552,impostor_outside,off,0
违章06/违章06_t34.8_323_off.jpg,违章06,34.77,288,82,298,92,impostor_outside,off,0
违章06/违章06_t36.2_324_off.jpg,违章06,36.19,831,72,845,82,impostor_outside,off,0
违章06/违章06_t32.4_325_off.jpg,违章06,32.4,1310,280,1345,291,impostor_outside,off,0
违章06/违章06_t30.0_326_off.jpg,违章06,30.04,1572,11,1591,26,impostor_outside,off,0
违章06/违章06_t30.3_327_off.jpg,违章06,30.27,1199,102,1218,117,impostor_outside,off,0
违章06/违章06_t42.1_328_off.jpg,违章06,42.1,1743,50,1754,60,impostor_outside,off,0
违章06/违章06_t38.1_329_off.jpg,违章06,38.08,1496,87,1509,98,impostor_outside,off,0
违章06/违章06_t41.1_330_off.jpg,违章06,41.15,1090,106,1101,123,impostor_outside,off,0
违章06/违章06_t39.3_331_off.jpg,违章06,39.26,631,48,641,65,impostor_outside,off,0
违章06/违章06_t42.8_332_off.jpg,违章06,42.81,1535,47,1552,72,impostor_outside,off,0
违章06/违章06_t35.7_333_off.jpg,违章06,35.71,1880,34,1889,43,impostor_outside,off,0
违章06/违章06_t30.0_334_off.jpg,违章06,30.04,1079,74,1091,87,impostor_outside,off,0
违章06/违章06_t42.3_335_off.jpg,违章06,42.34,702,124,712,140,impostor_outside,off,0
违章06/违章06_t46.4_336_off.jpg,违章06,46.36,497,963,510,971,impostor_outside,off,0
违章06/违章06_t30.5_337_off.jpg,违章06,30.51,866,84,874,95,impostor_outside,off,0
违章06/违章06_t35.7_338_off.jpg,违章06,35.71,1321,9,1338,23,impostor_outside,off,0
违章06/违章06_t40.0_339_off.jpg,违章06,39.97,1081,8,1089,17,impostor_outside,off,0
违章06/违章06_t36.0_340_off.jpg,违章06,35.95,238,97,256,111,impostor_outside,off,0
违章06/违章06_t30.0_341_off.jpg,违章06,30.04,1078,327,1112,356,impostor_outside,off,0
违章06/违章06_t35.7_342_off.jpg,违章06,35.71,434,11,447,23,impostor_outside,off,0
违章06/违章06_t32.9_343_off.jpg,违章06,32.88,1833,127,1842,141,impostor_outside,off,0
违章06/违章06_t38.5_344_off.jpg,违章06,38.55,443,6,455,15,impostor_outside,off,0
违章06/违章06_t39.5_345_off.jpg,违章06,39.5,208,9,237,44,impostor_outside,off,0
违章06/违章06_t39.5_346_off.jpg,违章06,39.5,420,440,505,472,impostor_outside,off,0
违章06/违章06_t38.8_347_off.jpg,违章06,38.79,520,93,530,103,impostor_outside,off,0
违章06/违章06_t33.8_348_off.jpg,违章06,33.82,856,59,867,70,impostor_outside,off,0
违章06/违章06_t35.0_349_off.jpg,违章06,35.0,1264,40,1277,50,impostor_outside,off,0
违章06/违章06_t42.3_350_off.jpg,违章06,42.34,721,117,732,125,impostor_outside,off,0
违章06/违章06_t37.8_351_off.jpg,违章06,37.84,108,104,119,113,impostor_outside,off,0
违章06/违章06_t30.8_352_off.jpg,违章06,30.75,157,105,179,115,impostor_outside,off,0
违章06/违章06_t41.1_353_off.jpg,违章06,41.15,1286,199,1302,223,impostor_outside,off,0
违章06/违章06_t32.6_354_off.jpg,违章06,32.64,1242,65,1273,114,impostor_outside,off,0
违章06/违章06_t47.1_355_off.jpg,违章06,47.07,1303,0,1386,43,impostor_outside,off,0
违章06/违章06_t41.1_356_off.jpg,违章06,41.15,1230,101,1250,129,impostor_outside,off,0
违章06/违章06_t36.2_357_off.jpg,违章06,36.19,1627,167,1689,253,impostor_outside,off,0
违章06/违章06_t42.1_358_off.jpg,违章06,42.1,991,168,1031,197,impostor_outside,off,0
违章06/违章06_t41.4_359_off.jpg,违章06,41.39,1025,140,1042,153,impostor_outside,off,0
违章06/违章06_t40.7_360_off.jpg,违章06,40.68,845,72,855,81,impostor_outside,off,0
违章06/违章06_t30.5_361_off.jpg,违章06,30.51,1131,44,1170,70,impostor_outside,off,0
违章06/违章06_t36.4_362_off.jpg,违章06,36.42,977,77,1001,99,impostor_outside,off,0
违章06/违章06_t36.2_363_off.jpg,违章06,36.19,1159,0,1189,17,impostor_outside,off,0
违章06/违章06_t46.1_364_off.jpg,违章06,46.12,831,0,991,59,impostor_outside,off,0
违章06/违章06_t36.4_365_off.jpg,违章06,36.42,1841,0,1858,11,impostor_outside,off,0
违章06/违章06_t32.6_366_off.jpg,违章06,32.64,1224,76,1238,93,impostor_outside,off,0
违章06/违章06_t34.5_367_off.jpg,违章06,34.53,1322,32,1343,46,impostor_outside,off,0
违章06/违章06_t38.8_368_off.jpg,违章06,38.79,865,52,878,63,impostor_outside,off,0
违章06/违章06_t29.8_369_off.jpg,违章06,29.8,1707,254,1735,278,impostor_outside,off,0
违章06/违章06_t39.3_370_off.jpg,违章06,39.26,1469,52,1497,74,impostor_outside,off,0
违章06/违章06_t32.6_371_off.jpg,违章06,32.64,1418,319,1495,399,impostor_outside,off,0
违章06/违章06_t35.0_372_off.jpg,违章06,35.0,462,18,476,30,impostor_outside,off,0
违章06/违章06_t42.3_373_off.jpg,违章06,42.34,1386,152,1408,167,impostor_outside,off,0
违章06/违章06_t37.4_374_off.jpg,违章06,37.37,0,81,39,102,impostor_outside,off,0
违章06/违章06_t29.3_375_off.jpg,违章06,29.33,1024,124,1036,132,impostor_outside,off,0
违章06/违章06_t40.7_376_off.jpg,违章06,40.68,1380,319,1390,327,impostor_outside,off,0
违章06/违章06_t33.6_377_off.jpg,违章06,33.59,873,88,884,97,impostor_outside,off,0
违章06/违章06_t30.5_378_off.jpg,违章06,30.51,1417,8,1432,28,impostor_outside,off,0
违章06/违章06_t36.2_379_off.jpg,违章06,36.19,1817,0,1860,33,impostor_outside,off,0
违章06/违章06_t37.6_380_off.jpg,违章06,37.61,1364,305,1376,315,impostor_outside,off,0
违章06/违章06_t42.3_381_off.jpg,违章06,42.34,369,533,414,546,impostor_outside,off,0
违章06/违章06_t31.0_382_off.jpg,违章06,30.98,1634,48,1653,62,impostor_outside,off,0
违章06/违章06_t37.1_383_off.jpg,违章06,37.13,949,78,971,99,impostor_outside,off,0
违章06/违章06_t35.5_384_off.jpg,违章06,35.48,416,15,446,37,impostor_outside,off,0
违章06/违章06_t40.0_385_off.jpg,违章06,39.97,996,0,1015,17,impostor_outside,off,0
违章06/违章06_t32.4_386_off.jpg,违章06,32.4,1160,82,1174,92,impostor_outside,off,0
违章06/违章06_t37.6_387_off.jpg,违章06,37.61,1619,158,1634,186,impostor_outside,off,0
违章06/违章06_t40.9_388_off.jpg,违章06,40.92,865,91,889,102,impostor_outside,off,0
违章06/违章06_t31.0_389_off.jpg,违章06,30.98,1384,11,1418,31,impostor_outside,off,0
违章06/违章06_t37.6_390_off.jpg,违章06,37.61,1625,81,1664,128,impostor_outside,off,0
违章06/违章06_t32.4_391_off.jpg,违章06,32.4,1083,331,1103,360,impostor_outside,off,0
违章06/违章06_t38.1_392_off.jpg,违章06,38.08,984,108,995,116,impostor_outside,off,0
违章06/违章06_t35.5_393_off.jpg,违章06,35.48,1181,48,1192,61,impostor_outside,off,0
违章06/违章06_t40.0_394_off.jpg,违章06,39.97,1605,58,1626,71,impostor_outside,off,0
违章06/违章06_t36.7_395_off.jpg,违章06,36.66,1450,29,1487,48,impostor_outside,off,0
违章06/违章06_t36.9_396_off.jpg,违章06,36.9,254,49,277,68,impostor_outside,off,0
违章06/违章06_t41.1_397_off.jpg,违章06,41.15,1792,53,1833,79,impostor_outside,off,0
违章06/违章06_t33.1_398_off.jpg,违章06,33.11,1556,12,1574,32,impostor_outside,off,0
违章06/违章06_t37.1_399_off.jpg,违章06,37.13,1672,190,1680,203,impostor_outside,off,0
违章06/违章06_t34.5_400_off.jpg,违章06,34.53,178,126,188,138,impostor_outside,off,0
违章06/违章06_t40.2_401_off.jpg,违章06,40.21,429,25,438,37,impostor_outside,off,0
违章06/违章06_t41.4_402_off.jpg,违章06,41.39,1778,429,1872,508,impostor_outside,off,0
违章06/违章06_t29.8_403_off.jpg,违章06,29.8,1253,118,1272,130,impostor_outside,off,0
违章06/违章06_t43.3_404_off.jpg,违章06,43.28,895,48,905,57,impostor_outside,off,0
违章06/违章06_t37.4_405_off.jpg,违章06,37.37,596,17,605,28,impostor_outside,off,0
违章06/违章06_t48.0_406_off.jpg,违章06,48.01,1244,240,1252,249,impostor_outside,off,0
违章06/违章06_t38.8_407_off.jpg,违章06,38.79,229,3,244,14,impostor_outside,off,0
违章06/违章06_t31.7_408_off.jpg,违章06,31.69,523,458,570,499,impostor_outside,off,0
违章06/违章06_t32.4_409_off.jpg,违章06,32.4,1203,77,1237,103,impostor_outside,off,0
违章06/违章06_t47.1_410_off.jpg,违章06,47.07,1380,146,1388,157,impostor_outside,off,0
违章06/违章06_t42.8_411_off.jpg,违章06,42.81,1072,120,1092,136,impostor_outside,off,0
违章06/违章06_t40.4_412_off.jpg,违章06,40.44,1442,47,1464,78,impostor_outside,off,0
违章06/违章06_t35.0_413_off.jpg,违章06,35.0,1249,12,1257,25,impostor_outside,off,0
违章06/违章06_t33.8_414_off.jpg,违章06,33.82,1627,210,1638,225,impostor_outside,off,0
违章06/违章06_t33.1_415_off.jpg,违章06,33.11,1393,20,1412,34,impostor_outside,off,0
违章06/违章06_t38.1_416_off.jpg,违章06,38.08,702,353,717,369,impostor_outside,off,0
违章06/违章06_t38.5_417_off.jpg,违章06,38.55,1007,27,1031,45,impostor_outside,off,0
违章06/违章06_t34.8_418_off.jpg,违章06,34.77,857,55,868,67,impostor_outside,off,0
违章06/违章06_t45.9_419_off.jpg,违章06,45.88,218,474,281,506,impostor_outside,off,0
违章06/违章06_t36.9_420_off.jpg,违章06,36.9,1899,36,1911,44,impostor_outside,off,0
违章06/违章06_t45.4_421_off.jpg,违章06,45.41,1839,669,1854,682,impostor_outside,off,0
违章06/违章06_t35.5_422_off.jpg,违章06,35.48,1479,5,1512,26,impostor_outside,off,0
违章06/违章06_t43.0_423_off.jpg,违章06,43.05,1574,0,1631,37,impostor_outside,off,0
违章06/违章06_t37.6_424_off.jpg,违章06,37.61,603,189,624,198,impostor_outside,off,0
违章06/违章06_t32.4_425_off.jpg,违章06,32.4,359,49,373,60,impostor_outside,off,0
违章06/违章06_t33.6_426_off.jpg,违章06,33.59,723,318,733,328,impostor_outside,off,0
违章06/违章06_t44.7_427_off.jpg,违章06,44.7,867,435,895,453,impostor_outside,off,0
违章06/违章06_t40.4_428_off.jpg,违章06,40.44,502,23,515,31,impostor_outside,off,0
违章06/违章06_t47.5_429_off.jpg,违章06,47.54,1259,327,1267,337,impostor_outside,off,0
违章06/违章06_t33.4_430_off.jpg,违章06,33.35,1891,53,1901,61,impostor_outside,off,0
违章06/违章06_t0.0_431_walk.jpg,违章06,0.0,1158,418,1318,578,prior_roi,walk,0
违章06/违章06_t0.2_432_walk.jpg,违章06,0.24,1170,406,1330,566,prior_roi,walk,0
违章06/违章06_t0.5_433_walk.jpg,违章06,0.47,1180,409,1340,569,prior_roi,walk,0
违章06/违章06_t0.7_434_walk.jpg,违章06,0.71,1166,413,1326,573,prior_roi,walk,0
违章06/违章06_t0.9_435_walk.jpg,违章06,0.95,1165,409,1325,569,prior_roi,walk,0
违章06/违章06_t1.2_436_walk.jpg,违章06,1.18,1160,403,1320,563,prior_roi,walk,0
违章06/违章06_t1.4_437_walk.jpg,违章06,1.42,1157,407,1317,567,prior_roi,walk,0
违章06/违章06_t1.7_438_walk.jpg,违章06,1.66,1178,396,1338,556,prior_roi,walk,0
违章06/违章06_t1.9_439_walk.jpg,违章06,1.89,1170,412,1330,572,prior_roi,walk,0
违章06/违章06_t2.1_440_walk.jpg,违章06,2.13,1161,396,1321,556,prior_roi,walk,0
违章06/违章06_t2.4_441_walk.jpg,违章06,2.37,1180,397,1340,557,prior_roi,walk,0
违章06/违章06_t2.6_442_walk.jpg,违章06,2.6,1168,401,1328,561,prior_roi,walk,0
违章06/违章06_t2.8_443_walk.jpg,违章06,2.84,1165,414,1325,574,prior_roi,walk,0
违章06/违章06_t3.1_444_walk.jpg,违章06,3.07,1159,407,1319,567,prior_roi,walk,0
违章06/违章06_t3.3_445_walk.jpg,违章06,3.31,1176,412,1336,572,prior_roi,walk,0
违章06/违章06_t3.5_446_walk.jpg,违章06,3.55,1165,411,1325,571,prior_roi,walk,0
违章06/违章06_t3.8_447_walk.jpg,违章06,3.78,1156,412,1316,572,prior_roi,walk,0
违章06/违章06_t4.0_448_walk.jpg,违章06,4.02,1157,406,1317,566,prior_roi,walk,0
违章06/违章06_t4.3_449_walk.jpg,违章06,4.26,1179,407,1339,567,prior_roi,walk,0
违章06/违章06_t4.5_450_walk.jpg,违章06,4.49,1172,405,1332,565,prior_roi,walk,0
违章06/违章06_t4.7_451_walk.jpg,违章06,4.73,1163,418,1323,578,prior_roi,walk,0
违章06/违章06_t5.0_452_walk.jpg,违章06,4.97,1163,399,1323,559,prior_roi,walk,0
违章06/违章06_t5.2_453_walk.jpg,违章06,5.2,1176,414,1336,574,prior_roi,walk,0
违章06/违章06_t5.4_454_walk.jpg,违章06,5.44,1159,397,1319,557,prior_roi,walk,0
违章06/违章06_t5.7_455_walk.jpg,违章06,5.68,1173,413,1333,573,prior_roi,walk,0
违章06/违章06_t5.9_456_walk.jpg,违章06,5.91,1160,403,1320,563,prior_roi,walk,0
违章06/违章06_t6.2_457_walk.jpg,违章06,6.15,1167,409,1327,569,prior_roi,walk,0
违章06/违章06_t6.4_458_walk.jpg,违章06,6.39,1172,401,1332,561,prior_roi,walk,0
违章06/违章06_t6.6_459_walk.jpg,违章06,6.62,1169,418,1329,578,prior_roi,walk,0
违章06/违章06_t6.9_460_walk.jpg,违章06,6.86,1160,413,1320,573,prior_roi,walk,0
违章06/违章06_t7.1_461_walk.jpg,违章06,7.1,1175,399,1335,559,prior_roi,walk,0
违章06/违章06_t7.3_462_walk.jpg,违章06,7.33,1166,399,1326,559,prior_roi,walk,0
违章06/违章06_t7.6_463_walk.jpg,违章06,7.57,1180,415,1340,575,prior_roi,walk,0
违章06/违章06_t7.8_464_walk.jpg,违章06,7.81,1156,404,1316,564,prior_roi,walk,0
违章06/违章06_t8.0_465_walk.jpg,违章06,8.04,1160,397,1320,557,prior_roi,walk,0
违章06/违章06_t8.3_466_walk.jpg,违章06,8.28,1172,404,1332,564,prior_roi,walk,0
违章06/违章06_t8.5_467_walk.jpg,违章06,8.51,1175,401,1335,561,prior_roi,walk,0
违章06/违章06_t8.8_468_walk.jpg,违章06,8.75,1159,417,1319,577,prior_roi,walk,0
违章06/违章06_t9.0_469_walk.jpg,违章06,8.99,1179,411,1339,571,prior_roi,walk,0
违章06/违章06_t9.2_470_walk.jpg,违章06,9.22,1159,417,1319,577,prior_roi,walk,0
违章06/违章06_t9.5_471_walk.jpg,违章06,9.46,1177,409,1337,569,prior_roi,walk,0
违章06/违章06_t9.7_472_walk.jpg,违章06,9.7,1172,413,1332,573,prior_roi,walk,0
违章06/违章06_t9.9_473_walk.jpg,违章06,9.93,1178,409,1338,569,prior_roi,walk,0
违章06/违章06_t10.2_474_walk.jpg,违章06,10.17,1165,404,1325,564,prior_roi,walk,0
违章06/违章06_t10.4_475_walk.jpg,违章06,10.41,1175,396,1335,556,prior_roi,walk,0
违章06/违章06_t10.6_476_walk.jpg,违章06,10.64,1162,395,1322,555,prior_roi,walk,0
违章06/违章06_t10.9_477_walk.jpg,违章06,10.88,1176,406,1336,566,prior_roi,walk,0
违章06/违章06_t11.1_478_walk.jpg,违章06,11.12,1164,410,1324,570,prior_roi,walk,0
违章06/违章06_t11.3_479_walk.jpg,违章06,11.35,1178,404,1338,564,prior_roi,walk,0
违章06/违章06_t11.6_480_walk.jpg,违章06,11.59,1163,412,1323,572,prior_roi,walk,0
违章06/违章06_t11.8_481_walk.jpg,违章06,11.83,1166,402,1326,562,prior_roi,walk,0
违章06/违章06_t12.1_482_walk.jpg,违章06,12.06,1179,417,1339,577,prior_roi,walk,0
违章06/违章06_t12.3_483_walk.jpg,违章06,12.3,1178,396,1338,556,prior_roi,walk,0
违章06/违章06_t12.5_484_walk.jpg,违章06,12.54,1170,398,1330,558,prior_roi,walk,0
违章06/违章06_t12.8_485_walk.jpg,违章06,12.77,1157,415,1317,575,prior_roi,walk,0
违章06/违章06_t13.0_486_walk.jpg,违章06,13.01,1159,408,1319,568,prior_roi,walk,0
违章06/违章06_t13.2_487_walk.jpg,违章06,13.24,1178,402,1338,562,prior_roi,walk,0
违章06/违章06_t13.5_488_walk.jpg,违章06,13.48,1180,404,1340,564,prior_roi,walk,0
违章06/违章06_t13.7_489_walk.jpg,违章06,13.72,1164,408,1324,568,prior_roi,walk,0
违章06/违章06_t13.9_490_walk.jpg,违章06,13.95,1156,404,1316,564,prior_roi,walk,0
违章06/违章06_t14.2_491_walk.jpg,违章06,14.19,1179,404,1339,564,prior_roi,walk,0
违章06/违章06_t14.4_492_walk.jpg,违章06,14.43,1176,401,1336,561,prior_roi,walk,0
违章06/违章06_t14.7_493_walk.jpg,违章06,14.66,1167,417,1327,577,prior_roi,walk,0
违章06/违章06_t14.9_494_walk.jpg,违章06,14.9,1167,405,1327,565,prior_roi,walk,0
违章06/违章06_t15.1_495_walk.jpg,违章06,15.14,1178,406,1338,566,prior_roi,walk,0
违章06/违章06_t15.4_496_walk.jpg,违章06,15.37,1162,394,1322,554,prior_roi,walk,0
违章06/违章06_t15.6_497_walk.jpg,违章06,15.61,1168,414,1328,574,prior_roi,walk,0
违章06/违章06_t15.8_498_walk.jpg,违章06,15.85,1174,411,1334,571,prior_roi,walk,0
违章06/违章06_t16.1_499_walk.jpg,违章06,16.08,1165,406,1325,566,prior_roi,walk,0
违章06/违章06_t16.3_500_walk.jpg,违章06,16.32,1175,394,1335,554,prior_roi,walk,0
违章06/违章06_t16.6_501_walk.jpg,违章06,16.56,1173,397,1333,557,prior_roi,walk,0
违章06/违章06_t16.8_502_walk.jpg,违章06,16.79,1166,394,1326,554,prior_roi,walk,0
违章06/违章06_t17.0_503_walk.jpg,违章06,17.03,1169,398,1329,558,prior_roi,walk,0
违章06/违章06_t17.3_504_walk.jpg,违章06,17.27,1158,398,1318,558,prior_roi,walk,0
违章06/违章06_t17.5_505_walk.jpg,违章06,17.5,1157,415,1317,575,prior_roi,walk,0
违章06/违章06_t17.7_506_walk.jpg,违章06,17.74,1173,403,1333,563,prior_roi,walk,0
违章06/违章06_t18.0_507_walk.jpg,违章06,17.98,1162,418,1322,578,prior_roi,walk,0
违章06/违章06_t18.2_508_walk.jpg,违章06,18.21,1176,405,1336,565,prior_roi,walk,0
违章06/违章06_t18.4_509_walk.jpg,违章06,18.45,1163,412,1323,572,prior_roi,walk,0
违章06/违章06_t18.7_510_walk.jpg,违章06,18.68,1158,418,1318,578,prior_roi,walk,0
违章06/违章06_t18.9_511_walk.jpg,违章06,18.92,1163,415,1323,575,prior_roi,walk,0
违章06/违章06_t19.2_512_walk.jpg,违章06,19.16,1169,404,1329,564,prior_roi,walk,0
违章06/违章06_t19.4_513_walk.jpg,违章06,19.39,1176,414,1336,574,prior_roi,walk,0
违章06/违章06_t19.6_514_walk.jpg,违章06,19.63,1178,414,1338,574,prior_roi,walk,0
违章06/违章06_t19.9_515_walk.jpg,违章06,19.87,1165,394,1325,554,prior_roi,walk,0
违章06/违章06_t20.1_516_walk.jpg,违章06,20.1,1158,408,1318,568,prior_roi,walk,0
违章06/违章06_t20.3_517_walk.jpg,违章06,20.34,1164,414,1324,574,prior_roi,walk,0
违章06/违章06_t20.6_518_walk.jpg,违章06,20.58,1168,400,1328,560,prior_roi,walk,0
违章06/违章06_t20.8_519_walk.jpg,违章06,20.81,1161,417,1321,577,prior_roi,walk,0
违章06/违章06_t21.1_520_walk.jpg,违章06,21.05,1170,394,1330,554,prior_roi,walk,0
违章06/违章06_t21.3_521_walk.jpg,违章06,21.29,1161,394,1321,554,prior_roi,walk,0
违章06/违章06_t21.5_522_walk.jpg,违章06,21.52,1161,412,1321,572,prior_roi,walk,0
违章06/违章06_t21.8_523_walk.jpg,违章06,21.76,1177,395,1337,555,prior_roi,walk,0
违章06/违章06_t22.0_524_walk.jpg,违章06,22.0,1158,405,1318,565,prior_roi,walk,0
违章06/违章06_t22.2_525_walk.jpg,违章06,22.23,1180,395,1340,555,prior_roi,walk,0
违章06/违章06_t22.5_526_walk.jpg,违章06,22.47,1177,401,1337,561,prior_roi,walk,0
违章06/违章06_t22.7_527_walk.jpg,违章06,22.71,1163,409,1323,569,prior_roi,walk,0
违章06/违章06_t22.9_528_walk.jpg,违章06,22.94,1164,403,1324,563,prior_roi,walk,0
违章06/违章06_t23.2_529_walk.jpg,违章06,23.18,1174,405,1334,565,prior_roi,walk,0
违章06/违章06_t23.4_530_walk.jpg,违章06,23.42,1179,414,1339,574,prior_roi,walk,0
违章06/违章06_t23.6_531_walk.jpg,违章06,23.65,1173,404,1333,564,prior_roi,walk,0
违章06/违章06_t23.9_532_walk.jpg,违章06,23.89,1176,418,1336,578,prior_roi,walk,0
违章06/违章06_t24.1_533_walk.jpg,违章06,24.12,1178,409,1338,569,prior_roi,walk,0
违章06/违章06_t24.4_534_walk.jpg,违章06,24.36,1175,410,1335,570,prior_roi,walk,0
违章06/违章06_t24.6_535_walk.jpg,违章06,24.6,1180,395,1340,555,prior_roi,walk,0
违章06/违章06_t24.8_536_walk.jpg,违章06,24.83,1163,398,1323,558,prior_roi,walk,0
违章06/违章06_t25.1_537_walk.jpg,违章06,25.07,1179,400,1339,560,prior_roi,walk,0
违章06/违章06_t25.3_538_walk.jpg,违章06,25.31,1163,397,1323,557,prior_roi,walk,0
违章06/违章06_t25.5_539_walk.jpg,违章06,25.54,1160,397,1320,557,prior_roi,walk,0
违章06/违章06_t25.8_540_walk.jpg,违章06,25.78,1157,413,1317,573,prior_roi,walk,0
违章06/违章06_t26.0_541_walk.jpg,违章06,26.02,1173,396,1333,556,prior_roi,walk,0
违章06/违章06_t26.2_542_walk.jpg,违章06,26.25,1174,417,1334,577,prior_roi,walk,0
违章06/违章06_t26.5_543_walk.jpg,违章06,26.49,1175,407,1335,567,prior_roi,walk,0
违章06/违章06_t26.7_544_walk.jpg,违章06,26.73,1170,414,1330,574,prior_roi,walk,0
违章06/违章06_t27.0_545_walk.jpg,违章06,26.96,1170,406,1330,566,prior_roi,walk,0
违章06/违章06_t27.2_546_walk.jpg,违章06,27.2,1156,417,1316,577,prior_roi,walk,0
违章06/违章06_t27.4_547_walk.jpg,违章06,27.44,1175,418,1335,578,prior_roi,walk,0
违章06/违章06_t27.7_548_walk.jpg,违章06,27.67,1176,410,1336,570,prior_roi,walk,0
违章06/违章06_t27.9_549_walk.jpg,违章06,27.91,1176,404,1336,564,prior_roi,walk,0
违章06/违章06_t28.1_550_walk.jpg,违章06,28.15,1178,410,1338,570,prior_roi,walk,0
违章06/违章06_t28.4_551_walk.jpg,违章06,28.38,1162,398,1322,558,prior_roi,walk,0
违章06/违章06_t28.6_552_walk.jpg,违章06,28.62,1175,403,1335,563,prior_roi,walk,0
违章06/违章06_t28.9_553_walk.jpg,违章06,28.86,1173,403,1333,563,prior_roi,walk,0
违章06/违章06_t0.0_554_walk.jpg,违章06,0.0,1177,406,1337,566,prior_roi,walk,0
违章06/违章06_t0.2_555_walk.jpg,违章06,0.24,1175,410,1335,570,prior_roi,walk,0
违章06/违章06_t0.5_556_walk.jpg,违章06,0.47,1180,395,1340,555,prior_roi,walk,0
违章06/违章06_t0.7_557_walk.jpg,违章06,0.71,1170,412,1330,572,prior_roi,walk,0
违章06/违章06_t0.9_558_walk.jpg,违章06,0.95,1174,401,1334,561,prior_roi,walk,0
违章06/违章06_t1.2_559_walk.jpg,违章06,1.18,1168,402,1328,562,prior_roi,walk,0
违章06/违章06_t1.4_560_walk.jpg,违章06,1.42,1173,415,1333,575,prior_roi,walk,0
违章06/违章06_t1.7_561_walk.jpg,违章06,1.66,1165,417,1325,577,prior_roi,walk,0
违章06/违章06_t1.9_562_walk.jpg,违章06,1.89,1159,404,1319,564,prior_roi,walk,0
违章06/违章06_t2.1_563_walk.jpg,违章06,2.13,1174,416,1334,576,prior_roi,walk,0
违章06/违章06_t2.4_564_walk.jpg,违章06,2.37,1164,416,1324,576,prior_roi,walk,0
违章06/违章06_t2.6_565_walk.jpg,违章06,2.6,1172,402,1332,562,prior_roi,walk,0
违章06/违章06_t2.8_566_walk.jpg,违章06,2.84,1170,408,1330,568,prior_roi,walk,0
违章06/违章06_t3.1_567_walk.jpg,违章06,3.07,1159,412,1319,572,prior_roi,walk,0
违章06/违章06_t3.3_568_walk.jpg,违章06,3.31,1165,404,1325,564,prior_roi,walk,0
违章06/违章06_t3.5_569_walk.jpg,违章06,3.55,1178,396,1338,556,prior_roi,walk,0
违章06/违章06_t3.8_570_walk.jpg,违章06,3.78,1178,407,1338,567,prior_roi,walk,0
违章06/违章06_t4.0_571_walk.jpg,违章06,4.02,1166,417,1326,577,prior_roi,walk,0
违章06/违章06_t4.3_572_walk.jpg,违章06,4.26,1156,397,1316,557,prior_roi,walk,0
违章06/违章06_t4.5_573_walk.jpg,违章06,4.49,1178,404,1338,564,prior_roi,walk,0
违章07/违章07_t0.0_0_walk.jpg,违章07,0.0,784,406,944,566,prior_roi,walk,0
违章07/违章07_t0.2_1_walk.jpg,违章07,0.24,784,406,944,566,prior_roi,walk,0
违章07/违章07_t0.5_2_walk.jpg,违章07,0.47,784,406,944,566,prior_roi,walk,0
违章07/违章07_t0.7_3_walk.jpg,违章07,0.71,784,406,944,566,prior_roi,walk,0
违章07/违章07_t0.9_4_walk.jpg,违章07,0.94,784,406,944,566,prior_roi,walk,0
违章07/违章07_t0.9_5_off.jpg,违章07,0.94,1706,0,1866,99,prior_off,off,0
违章07/违章07_t1.2_6_walk.jpg,违章07,1.18,784,406,944,566,prior_roi,walk,0
违章07/违章07_t1.4_7_walk.jpg,违章07,1.41,784,406,944,566,prior_roi,walk,0
违章07/违章07_t1.6_8_walk.jpg,违章07,1.65,784,406,944,566,prior_roi,walk,0
违章07/违章07_t1.9_9_walk.jpg,违章07,1.89,784,406,944,566,prior_roi,walk,0
违章07/违章07_t1.9_10_off.jpg,违章07,1.89,1342,216,1502,376,prior_off,off,0
违章07/违章07_t2.1_11_walk.jpg,违章07,2.12,784,406,944,566,prior_roi,walk,0
违章07/违章07_t2.4_12_walk.jpg,违章07,2.36,784,406,944,566,prior_roi,walk,0
违章07/违章07_t2.6_13_walk.jpg,违章07,2.59,784,406,944,566,prior_roi,walk,0
违章07/违章07_t2.8_14_walk.jpg,违章07,2.83,784,406,944,566,prior_roi,walk,0
违章07/违章07_t3.1_15_walk.jpg,违章07,3.06,784,406,944,566,prior_roi,walk,0
违章07/违章07_t3.3_16_walk.jpg,违章07,3.3,784,406,944,566,prior_roi,walk,0
违章07/违章07_t3.5_17_walk.jpg,违章07,3.54,784,406,944,566,prior_roi,walk,0
违章07/违章07_t3.8_18_walk.jpg,违章07,3.77,784,406,944,566,prior_roi,walk,0
违章07/违章07_t4.0_19_walk.jpg,违章07,4.01,784,406,944,566,prior_roi,walk,0
违章07/违章07_t4.0_20_off.jpg,违章07,4.01,1568,757,1728,917,prior_off,off,0
违章07/违章07_t4.2_21_walk.jpg,违章07,4.24,784,406,944,566,prior_roi,walk,0
违章07/违章07_t4.5_22_walk.jpg,违章07,4.48,784,406,944,566,prior_roi,walk,0
违章07/违章07_t4.7_23_walk.jpg,违章07,4.71,784,406,944,566,prior_roi,walk,0
违章07/违章07_t5.0_24_walk.jpg,违章07,4.95,784,406,944,566,prior_roi,walk,0
违章07/违章07_t5.2_25_walk.jpg,违章07,5.18,784,406,944,566,prior_roi,walk,0
违章07/违章07_t5.4_26_walk.jpg,违章07,5.42,784,406,944,566,prior_roi,walk,0
违章07/违章07_t5.7_27_walk.jpg,违章07,5.66,784,406,944,566,prior_roi,walk,0
违章07/违章07_t5.9_28_walk.jpg,违章07,5.89,784,406,944,566,prior_roi,walk,0
违章07/违章07_t6.1_29_walk.jpg,违章07,6.13,784,406,944,566,prior_roi,walk,0
违章07/违章07_t6.4_30_walk.jpg,违章07,6.36,784,406,944,566,prior_roi,walk,0
违章07/违章07_t6.6_31_walk.jpg,违章07,6.6,784,406,944,566,prior_roi,walk,0
违章07/违章07_t6.8_32_walk.jpg,违章07,6.83,784,406,944,566,prior_roi,walk,0
违章07/违章07_t7.1_33_walk.jpg,违章07,7.07,784,406,944,566,prior_roi,walk,0
违章07/违章07_t7.3_34_walk.jpg,违章07,7.31,784,406,944,566,prior_roi,walk,0
违章07/违章07_t7.5_35_walk.jpg,违章07,7.54,784,406,944,566,prior_roi,walk,0
违章07/违章07_t7.8_36_walk.jpg,违章07,7.78,784,406,944,566,prior_roi,walk,0
违章07/违章07_t8.0_37_walk.jpg,违章07,8.01,784,406,944,566,prior_roi,walk,0
违章07/违章07_t8.2_38_walk.jpg,违章07,8.25,784,406,944,566,prior_roi,walk,0
违章07/违章07_t8.5_39_walk.jpg,违章07,8.48,784,406,944,566,prior_roi,walk,0
违章07/违章07_t8.7_40_walk.jpg,违章07,8.72,784,406,944,566,prior_roi,walk,0
违章07/违章07_t9.0_41_walk.jpg,违章07,8.96,784,406,944,566,prior_roi,walk,0
违章07/违章07_t9.2_42_walk.jpg,违章07,9.19,784,406,944,566,prior_roi,walk,0
违章07/违章07_t9.4_43_walk.jpg,违章07,9.43,784,406,944,566,prior_roi,walk,0
违章07/违章07_t9.7_44_walk.jpg,违章07,9.66,784,406,944,566,prior_roi,walk,0
违章07/违章07_t9.9_45_walk.jpg,违章07,9.9,784,406,944,566,prior_roi,walk,0
违章07/违章07_t10.1_46_walk.jpg,违章07,10.13,784,406,944,566,prior_roi,walk,0
违章07/违章07_t10.4_47_walk.jpg,违章07,10.37,784,406,944,566,prior_roi,walk,0
违章07/违章07_t10.6_48_walk.jpg,违章07,10.61,784,406,944,566,prior_roi,walk,0
违章07/违章07_t10.6_49_off.jpg,违章07,10.61,888,264,1048,424,prior_off,off,0
违章07/违章07_t10.8_50_walk.jpg,违章07,10.84,784,406,944,566,prior_roi,walk,0
违章07/违章07_t11.1_51_walk.jpg,违章07,11.08,784,406,944,566,prior_roi,walk,0
违章07/违章07_t11.3_52_walk.jpg,违章07,11.31,784,406,944,566,prior_roi,walk,0
违章07/违章07_t11.6_53_walk.jpg,违章07,11.55,784,406,944,566,prior_roi,walk,0
违章07/违章07_t11.8_54_walk.jpg,违章07,11.78,784,406,944,566,prior_roi,walk,0
违章07/违章07_t12.0_55_walk.jpg,违章07,12.02,784,406,944,566,prior_roi,walk,0
违章07/违章07_t12.0_56_off.jpg,违章07,12.02,781,592,941,752,prior_off,off,0
违章07/违章07_t12.3_57_walk.jpg,违章07,12.26,784,406,944,566,prior_roi,walk,0
违章07/违章07_t12.5_58_walk.jpg,违章07,12.49,784,406,944,566,prior_roi,walk,0
违章07/违章07_t12.7_59_walk.jpg,违章07,12.73,784,406,944,566,prior_roi,walk,0
违章07/违章07_t13.0_60_walk.jpg,违章07,12.96,784,406,944,566,prior_roi,walk,0
违章07/违章07_t13.2_61_walk.jpg,违章07,13.2,784,406,944,566,prior_roi,walk,0
违章07/违章07_t13.4_62_walk.jpg,违章07,13.43,784,406,944,566,prior_roi,walk,0
违章07/违章07_t13.7_63_walk.jpg,违章07,13.67,784,406,944,566,prior_roi,walk,0
违章07/违章07_t13.9_64_walk.jpg,违章07,13.9,784,406,944,566,prior_roi,walk,0
违章07/违章07_t14.1_65_walk.jpg,违章07,14.14,784,406,944,566,prior_roi,walk,0
违章07/违章07_t14.4_66_walk.jpg,违章07,14.38,784,406,944,566,prior_roi,walk,0
违章07/违章07_t14.6_67_walk.jpg,违章07,14.61,784,406,944,566,prior_roi,walk,0
违章07/违章07_t14.8_68_walk.jpg,违章07,14.85,784,406,944,566,prior_roi,walk,0
违章07/违章07_t15.1_69_walk.jpg,违章07,15.08,784,406,944,566,prior_roi,walk,0
违章07/违章07_t15.3_70_walk.jpg,违章07,15.32,784,406,944,566,prior_roi,walk,0
违章07/违章07_t15.3_71_off.jpg,违章07,15.32,0,0,128,93,prior_off,off,0
违章07/违章07_t15.6_72_walk.jpg,违章07,15.55,784,406,944,566,prior_roi,walk,0
违章07/违章07_t15.8_73_walk.jpg,违章07,15.79,784,406,944,566,prior_roi,walk,0
违章07/违章07_t16.0_74_walk.jpg,违章07,16.03,784,406,944,566,prior_roi,walk,0
违章07/违章07_t16.3_75_walk.jpg,违章07,16.26,784,406,944,566,prior_roi,walk,0
违章07/违章07_t16.5_76_walk.jpg,违章07,16.5,784,406,944,566,prior_roi,walk,0
违章07/违章07_t16.7_77_walk.jpg,违章07,16.73,784,406,944,566,prior_roi,walk,0
违章07/违章07_t17.0_78_walk.jpg,违章07,16.97,784,406,944,566,prior_roi,walk,0
违章07/违章07_t17.2_79_walk.jpg,违章07,17.2,784,406,944,566,prior_roi,walk,0
违章07/违章07_t17.4_80_walk.jpg,违章07,17.44,784,406,944,566,prior_roi,walk,0
违章07/违章07_t17.7_81_walk.jpg,违章07,17.68,784,406,944,566,prior_roi,walk,0
违章07/违章07_t17.9_82_walk.jpg,违章07,17.91,784,406,944,566,prior_roi,walk,0
违章07/违章07_t18.1_83_walk.jpg,违章07,18.15,784,406,944,566,prior_roi,walk,0
违章07/违章07_t18.4_84_walk.jpg,违章07,18.38,784,406,944,566,prior_roi,walk,0
违章07/违章07_t18.6_85_walk.jpg,违章07,18.62,784,406,944,566,prior_roi,walk,0
违章07/违章07_t18.9_86_walk.jpg,违章07,18.85,784,406,944,566,prior_roi,walk,0
违章07/违章07_t19.1_87_walk.jpg,违章07,19.09,784,406,944,566,prior_roi,walk,0
违章07/违章07_t19.3_88_walk.jpg,违章07,19.33,784,406,944,566,prior_roi,walk,0
违章07/违章07_t19.6_89_walk.jpg,违章07,19.56,784,406,944,566,prior_roi,walk,0
违章07/违章07_t19.8_90_walk.jpg,违章07,19.8,784,406,944,566,prior_roi,walk,0
违章07/违章07_t20.0_91_walk.jpg,违章07,20.03,784,406,944,566,prior_roi,walk,0
违章07/违章07_t20.3_92_walk.jpg,违章07,20.27,784,406,944,566,prior_roi,walk,0
违章07/违章07_t20.5_93_walk.jpg,违章07,20.5,784,406,944,566,prior_roi,walk,0
违章07/违章07_t20.5_94_off.jpg,违章07,20.5,1490,264,1650,424,prior_off,off,0
违章07/违章07_t20.7_95_walk.jpg,违章07,20.74,784,406,944,566,prior_roi,walk,0
违章07/违章07_t21.0_96_walk.jpg,违章07,20.97,784,406,944,566,prior_roi,walk,0
违章07/违章07_t21.2_97_walk.jpg,违章07,21.21,784,406,944,566,prior_roi,walk,0
违章07/违章07_t21.4_98_walk.jpg,违章07,21.45,784,406,944,566,prior_roi,walk,0
违章07/违章07_t21.7_99_walk.jpg,违章07,21.68,784,406,944,566,prior_roi,walk,0
违章07/违章07_t21.9_100_walk.jpg,违章07,21.92,784,406,944,566,prior_roi,walk,0
违章07/违章07_t22.1_101_walk.jpg,违章07,22.15,784,406,944,566,prior_roi,walk,0
违章07/违章07_t22.4_102_walk.jpg,违章07,22.39,784,406,944,566,prior_roi,walk,0
违章07/违章07_t22.6_103_walk.jpg,违章07,22.62,784,406,944,566,prior_roi,walk,0
违章07/违章07_t22.9_104_walk.jpg,违章07,22.86,784,406,944,566,prior_roi,walk,0
违章07/违章07_t23.1_105_walk.jpg,违章07,23.1,784,406,944,566,prior_roi,walk,0
违章07/违章07_t23.3_106_walk.jpg,违章07,23.33,784,406,944,566,prior_roi,walk,0
违章07/违章07_t23.6_107_walk.jpg,违章07,23.57,784,406,944,566,prior_roi,walk,0
违章07/违章07_t23.8_108_walk.jpg,违章07,23.8,784,406,944,566,prior_roi,walk,0
违章07/违章07_t24.0_109_walk.jpg,违章07,24.04,784,406,944,566,prior_roi,walk,0
违章07/违章07_t24.0_110_off.jpg,违章07,24.04,1750,239,1910,399,prior_off,off,0
违章07/违章07_t24.3_111_walk.jpg,违章07,24.27,784,406,944,566,prior_roi,walk,0
违章07/违章07_t24.5_112_walk.jpg,违章07,24.51,784,406,944,566,prior_roi,walk,0
违章07/违章07_t24.8_113_walk.jpg,违章07,24.75,784,406,944,566,prior_roi,walk,0
违章07/违章07_t25.0_114_walk.jpg,违章07,24.98,784,406,944,566,prior_roi,walk,0
违章07/违章07_t25.2_115_walk.jpg,违章07,25.22,784,406,944,566,prior_roi,walk,0
违章07/违章07_t25.4_116_walk.jpg,违章07,25.45,784,406,944,566,prior_roi,walk,0
违章07/违章07_t25.7_117_walk.jpg,违章07,25.69,784,406,944,566,prior_roi,walk,0
违章07/违章07_t25.9_118_walk.jpg,违章07,25.92,784,406,944,566,prior_roi,walk,0
违章07/违章07_t26.2_119_walk.jpg,违章07,26.16,784,406,944,566,prior_roi,walk,0
违章07/违章07_t26.4_120_walk.jpg,违章07,26.4,784,406,944,566,prior_roi,walk,0
违章07/违章07_t26.6_121_walk.jpg,违章07,26.63,784,406,944,566,prior_roi,walk,0
违章07/违章07_t26.9_122_walk.jpg,违章07,26.87,784,406,944,566,prior_roi,walk,0
违章07/违章07_t27.1_123_walk.jpg,违章07,27.1,784,406,944,566,prior_roi,walk,0
违章07/违章07_t27.1_124_off.jpg,违章07,27.1,944,95,1104,255,prior_off,off,0
违章07/违章07_t27.3_125_walk.jpg,违章07,27.34,784,406,944,566,prior_roi,walk,0
违章07/违章07_t27.6_126_walk.jpg,违章07,27.57,784,406,944,566,prior_roi,walk,0
违章07/违章07_t27.8_127_walk.jpg,违章07,27.81,784,406,944,566,prior_roi,walk,0
违章07/违章07_t28.1_128_walk.jpg,违章07,28.05,784,406,944,566,prior_roi,walk,0
违章07/违章07_t28.3_129_walk.jpg,违章07,28.28,784,406,944,566,prior_roi,walk,0
违章07/违章07_t28.5_130_walk.jpg,违章07,28.52,784,406,944,566,prior_roi,walk,0
违章07/违章07_t28.8_131_walk.jpg,违章07,28.75,784,406,944,566,prior_roi,walk,0
违章07/违章07_t29.0_132_walk.jpg,违章07,28.99,784,406,944,566,prior_roi,walk,0
违章07/违章07_t29.2_133_walk.jpg,违章07,29.22,784,406,944,566,prior_roi,walk,0
违章07/违章07_t29.2_134_off.jpg,违章07,29.22,1049,0,1209,90,prior_off,off,0
违章07/违章07_t29.5_135_walk.jpg,违章07,29.46,784,406,944,566,prior_roi,walk,0
违章07/违章07_t29.7_136_walk.jpg,违章07,29.69,784,406,944,566,prior_roi,walk,0
违章07/违章07_t29.9_137_walk.jpg,违章07,29.93,784,406,944,566,prior_roi,walk,0
违章07/违章07_t30.2_138_walk.jpg,违章07,30.17,784,406,944,566,prior_roi,walk,0
违章07/违章07_t30.4_139_walk.jpg,违章07,30.4,784,406,944,566,prior_roi,walk,0
违章07/违章07_t30.6_140_walk.jpg,违章07,30.64,784,406,944,566,prior_roi,walk,0
违章07/违章07_t30.9_141_walk.jpg,违章07,30.87,784,406,944,566,prior_roi,walk,0
违章07/违章07_t31.1_142_walk.jpg,违章07,31.11,784,406,944,566,prior_roi,walk,0
违章07/违章07_t31.3_143_walk.jpg,违章07,31.34,784,406,944,566,prior_roi,walk,0
违章07/违章07_t31.6_144_walk.jpg,违章07,31.58,784,406,944,566,prior_roi,walk,0
违章07/违章07_t31.8_145_walk.jpg,违章07,31.82,784,406,944,566,prior_roi,walk,0
违章07/违章07_t32.0_146_walk.jpg,违章07,32.05,784,406,944,566,prior_roi,walk,0
违章07/违章07_t32.3_147_walk.jpg,违章07,32.29,784,406,944,566,prior_roi,walk,0
违章07/违章07_t32.5_148_walk.jpg,违章07,32.52,784,406,944,566,prior_roi,walk,0
违章07/违章07_t32.8_149_walk.jpg,违章07,32.76,784,406,944,566,prior_roi,walk,0
违章07/违章07_t33.0_150_walk.jpg,违章07,32.99,784,406,944,566,prior_roi,walk,0
违章07/违章07_t33.2_151_walk.jpg,违章07,33.23,784,406,944,566,prior_roi,walk,0
违章07/违章07_t33.5_152_walk.jpg,违章07,33.47,784,406,944,566,prior_roi,walk,0
违章07/违章07_t33.7_153_walk.jpg,违章07,33.7,784,406,944,566,prior_roi,walk,0
违章07/违章07_t33.9_154_walk.jpg,违章07,33.94,784,406,944,566,prior_roi,walk,0
违章07/违章07_t34.2_155_walk.jpg,违章07,34.17,784,406,944,566,prior_roi,walk,0
违章07/违章07_t34.4_156_walk.jpg,违章07,34.41,784,406,944,566,prior_roi,walk,0
违章07/违章07_t34.6_157_walk.jpg,违章07,34.64,784,406,944,566,prior_roi,walk,0
违章07/违章07_t34.9_158_walk.jpg,违章07,34.88,784,406,944,566,prior_roi,walk,0
违章07/违章07_t35.1_159_walk.jpg,违章07,35.12,784,406,944,566,prior_roi,walk,0
违章07/违章07_t35.4_160_walk.jpg,违章07,35.35,784,406,944,566,prior_roi,walk,0
违章07/违章07_t35.6_161_walk.jpg,违章07,35.59,784,406,944,566,prior_roi,walk,0
违章07/违章07_t35.8_162_walk.jpg,违章07,35.82,784,406,944,566,prior_roi,walk,0
违章07/违章07_t36.1_163_walk.jpg,违章07,36.06,784,406,944,566,prior_roi,walk,0
违章07/违章07_t36.3_164_walk.jpg,违章07,36.29,784,406,944,566,prior_roi,walk,0
违章07/违章07_t36.5_165_walk.jpg,违章07,36.53,784,406,944,566,prior_roi,walk,0
违章07/违章07_t36.8_166_walk.jpg,违章07,36.77,784,406,944,566,prior_roi,walk,0
违章07/违章07_t37.0_167_walk.jpg,违章07,37.0,784,406,944,566,prior_roi,walk,0
违章07/违章07_t37.2_168_walk.jpg,违章07,37.24,784,406,944,566,prior_roi,walk,0
违章07/违章07_t37.5_169_walk.jpg,违章07,37.47,784,406,944,566,prior_roi,walk,0
违章07/违章07_t37.7_170_walk.jpg,违章07,37.71,784,406,944,566,prior_roi,walk,0
违章07/违章07_t37.9_171_walk.jpg,违章07,37.94,784,406,944,566,prior_roi,walk,0
违章07/违章07_t38.2_172_walk.jpg,违章07,38.18,784,406,944,566,prior_roi,walk,0
违章07/违章07_t38.4_173_walk.jpg,违章07,38.41,784,406,944,566,prior_roi,walk,0
违章07/违章07_t38.6_174_walk.jpg,违章07,38.65,784,406,944,566,prior_roi,walk,0
违章07/违章07_t38.9_175_walk.jpg,违章07,38.89,784,406,944,566,prior_roi,walk,0
违章07/违章07_t39.1_176_walk.jpg,违章07,39.12,784,406,944,566,prior_roi,walk,0
违章07/违章07_t39.4_177_walk.jpg,违章07,39.36,784,406,944,566,prior_roi,walk,0
违章07/违章07_t39.6_178_walk.jpg,违章07,39.59,784,406,944,566,prior_roi,walk,0
违章07/违章07_t39.8_179_walk.jpg,违章07,39.83,784,406,944,566,prior_roi,walk,0
违章07/违章07_t40.1_180_walk.jpg,违章07,40.06,784,406,944,566,prior_roi,walk,0
违章07/违章07_t40.1_181_off.jpg,违章07,40.06,705,911,865,1071,prior_off,off,0
违章07/违章07_t40.3_182_walk.jpg,违章07,40.3,784,406,944,566,prior_roi,walk,0
违章07/违章07_t40.5_183_walk.jpg,违章07,40.54,784,406,944,566,prior_roi,walk,0
违章07/违章07_t40.8_184_walk.jpg,违章07,40.77,784,406,944,566,prior_roi,walk,0
违章07/违章07_t41.0_185_walk.jpg,违章07,41.01,784,406,944,566,prior_roi,walk,0
违章07/违章07_t41.2_186_walk.jpg,违章07,41.24,784,406,944,566,prior_roi,walk,0
违章07/违章07_t41.5_187_walk.jpg,违章07,41.48,784,406,944,566,prior_roi,walk,0
违章07/违章07_t41.7_188_walk.jpg,违章07,41.71,784,406,944,566,prior_roi,walk,0
违章07/违章07_t41.7_189_off.jpg,违章07,41.71,1284,167,1444,327,prior_off,off,0
违章07/违章07_t42.0_190_walk.jpg,违章07,41.95,784,406,944,566,prior_roi,walk,0
违章07/违章07_t42.2_191_walk.jpg,违章07,42.19,784,406,944,566,prior_roi,walk,0
违章07/违章07_t42.4_192_walk.jpg,违章07,42.42,784,406,944,566,prior_roi,walk,0
违章07/违章07_t42.7_193_walk.jpg,违章07,42.66,784,406,944,566,prior_roi,walk,0
违章07/违章07_t42.9_194_walk.jpg,违章07,42.89,784,406,944,566,prior_roi,walk,0
违章07/违章07_t44.1_195_stand.jpg,违章07,44.07,784,406,944,566,prior_roi,stand,0
违章07/违章07_t44.3_196_stand.jpg,违章07,44.31,784,406,944,566,prior_roi,stand,0
违章07/违章07_t44.5_197_stand.jpg,违章07,44.54,784,406,944,566,prior_roi,stand,0
违章07/违章07_t44.8_198_stand.jpg,违章07,44.78,784,406,944,566,prior_roi,stand,0
违章07/违章07_t45.0_199_stand.jpg,违章07,45.01,784,406,944,566,prior_roi,stand,0
违章07/违章07_t45.2_200_stand.jpg,违章07,45.25,784,406,944,566,prior_roi,stand,0
违章07/违章07_t45.5_201_stand.jpg,违章07,45.49,784,406,944,566,prior_roi,stand,0
违章07/违章07_t45.7_202_stand.jpg,违章07,45.72,784,406,944,566,prior_roi,stand,0
违章07/违章07_t46.0_203_stand.jpg,违章07,45.96,784,406,944,566,prior_roi,stand,0
违章07/违章07_t46.0_204_off.jpg,违章07,45.96,784,406,944,566,impostor,off,0
违章07/违章07_t46.2_205_stand.jpg,违章07,46.19,784,406,944,566,prior_roi,stand,0
违章07/违章07_t46.2_206_off.jpg,违章07,46.19,784,406,944,566,impostor,off,0
违章07/违章07_t46.4_207_stand.jpg,违章07,46.43,784,406,944,566,prior_roi,stand,0
违章07/违章07_t46.4_208_off.jpg,违章07,46.43,784,406,944,566,impostor,off,0
违章07/违章07_t46.7_209_stand.jpg,违章07,46.66,784,406,944,566,prior_roi,stand,0
违章07/违章07_t46.7_210_off.jpg,违章07,46.66,784,406,944,566,impostor,off,0
违章07/违章07_t46.9_211_stand.jpg,违章07,46.9,784,406,944,566,prior_roi,stand,0
违章07/违章07_t47.1_212_stand.jpg,违章07,47.13,784,406,944,566,prior_roi,stand,0
违章07/违章07_t47.4_213_stand.jpg,违章07,47.37,784,406,944,566,prior_roi,stand,0
违章07/违章07_t47.6_214_stand.jpg,违章07,47.61,784,406,944,566,prior_roi,stand,0
违章07/违章07_t47.8_215_stand.jpg,违章07,47.84,784,406,944,566,prior_roi,stand,0
违章07/违章07_t48.1_216_stand.jpg,违章07,48.08,784,406,944,566,prior_roi,stand,0
违章07/违章07_t48.3_217_stand.jpg,违章07,48.31,784,406,944,566,prior_roi,stand,0
违章07/违章07_t48.3_218_off.jpg,违章07,48.31,470,386,630,546,prior_off,off,0
违章07/违章07_t48.5_219_stand.jpg,违章07,48.55,784,406,944,566,prior_roi,stand,0
违章07/违章07_t48.8_220_stand.jpg,违章07,48.78,784,406,944,566,prior_roi,stand,0
违章07/违章07_t49.0_221_stand.jpg,违章07,49.02,784,406,944,566,prior_roi,stand,0
违章07/违章07_t49.3_222_stand.jpg,违章07,49.26,784,406,944,566,prior_roi,stand,0
违章07/违章07_t49.5_223_stand.jpg,违章07,49.49,784,406,944,566,prior_roi,stand,0
违章07/违章07_t49.7_224_stand.jpg,违章07,49.73,784,406,944,566,prior_roi,stand,0
违章07/违章07_t50.0_225_stand.jpg,违章07,49.96,784,406,944,566,prior_roi,stand,0
违章07/违章07_t50.2_226_stand.jpg,违章07,50.2,784,406,944,566,prior_roi,stand,0
违章07/违章07_t50.4_227_stand.jpg,违章07,50.43,784,406,944,566,prior_roi,stand,0
违章07/违章07_t50.7_228_stand.jpg,违章07,50.67,784,406,944,566,prior_roi,stand,0
违章07/违章07_t50.9_229_stand.jpg,违章07,50.91,784,406,944,566,prior_roi,stand,0
违章07/违章07_t51.1_230_stand.jpg,违章07,51.14,784,406,944,566,prior_roi,stand,0
违章07/违章07_t51.4_231_stand.jpg,违章07,51.38,784,406,944,566,prior_roi,stand,0
违章07/违章07_t51.6_232_stand.jpg,违章07,51.61,784,406,944,566,prior_roi,stand,0
违章07/违章07_t51.9_233_stand.jpg,违章07,51.85,784,406,944,566,prior_roi,stand,0
违章07/违章07_t52.1_234_stand.jpg,违章07,52.08,784,406,944,566,prior_roi,stand,0
违章07/违章07_t52.3_235_stand.jpg,违章07,52.32,784,406,944,566,prior_roi,stand,0
违章07/违章07_t52.6_236_stand.jpg,违章07,52.56,784,406,944,566,prior_roi,stand,0
违章07/违章07_t52.8_237_stand.jpg,违章07,52.79,784,406,944,566,prior_roi,stand,0
违章07/违章07_t53.0_238_stand.jpg,违章07,53.03,784,406,944,566,prior_roi,stand,0
违章07/违章07_t53.3_239_stand.jpg,违章07,53.26,784,406,944,566,prior_roi,stand,0
违章07/违章07_t53.5_240_stand.jpg,违章07,53.5,784,406,944,566,prior_roi,stand,0
违章07/违章07_t53.5_241_off.jpg,违章07,53.5,1070,630,1230,790,prior_off,off,0
违章07/违章07_t53.7_242_stand.jpg,违章07,53.73,784,406,944,566,prior_roi,stand,0
违章07/违章07_t54.0_243_stand.jpg,违章07,53.97,784,406,944,566,prior_roi,stand,0
违章07/违章07_t54.2_244_stand.jpg,违章07,54.2,784,406,944,566,prior_roi,stand,0
违章07/违章07_t54.4_245_stand.jpg,违章07,54.44,784,406,944,566,prior_roi,stand,0
违章07/违章07_t54.7_246_stand.jpg,违章07,54.68,784,406,944,566,prior_roi,stand,0
违章07/违章07_t54.9_247_stand.jpg,违章07,54.91,784,406,944,566,prior_roi,stand,0
违章07/违章07_t55.1_248_stand.jpg,违章07,55.15,784,406,944,566,prior_roi,stand,0
违章07/违章07_t55.4_249_stand.jpg,违章07,55.38,784,406,944,566,prior_roi,stand,0
违章07/违章07_t55.6_250_stand.jpg,违章07,55.62,784,406,944,566,prior_roi,stand,0
违章07/违章07_t55.9_251_stand.jpg,违章07,55.85,784,406,944,566,prior_roi,stand,0
违章07/违章07_t56.1_252_stand.jpg,违章07,56.09,784,406,944,566,prior_roi,stand,0
违章07/违章07_t56.3_253_stand.jpg,违章07,56.33,784,406,944,566,prior_roi,stand,0
违章07/违章07_t56.6_254_stand.jpg,违章07,56.56,784,406,944,566,prior_roi,stand,0
违章07/违章07_t56.8_255_stand.jpg,违章07,56.8,784,406,944,566,prior_roi,stand,0
违章07/违章07_t57.0_256_stand.jpg,违章07,57.03,784,406,944,566,prior_roi,stand,0
违章07/违章07_t57.3_257_stand.jpg,违章07,57.27,784,406,944,566,prior_roi,stand,0
违章07/违章07_t57.5_258_stand.jpg,违章07,57.5,784,406,944,566,prior_roi,stand,0
违章07/违章07_t57.7_259_stand.jpg,违章07,57.74,784,406,944,566,prior_roi,stand,0
违章07/违章07_t58.0_260_stand.jpg,违章07,57.98,784,406,944,566,prior_roi,stand,0
违章07/违章07_t58.2_261_stand.jpg,违章07,58.21,784,406,944,566,prior_roi,stand,0
违章07/违章07_t58.5_262_stand.jpg,违章07,58.45,784,406,944,566,prior_roi,stand,0
违章07/违章07_t58.7_263_stand.jpg,违章07,58.68,784,406,944,566,prior_roi,stand,0
违章07/违章07_t58.9_264_stand.jpg,违章07,58.92,784,406,944,566,prior_roi,stand,0
违章07/违章07_t59.1_265_stand.jpg,违章07,59.15,784,406,944,566,prior_roi,stand,0
违章07/违章07_t59.4_266_stand.jpg,违章07,59.39,784,406,944,566,prior_roi,stand,0
违章07/违章07_t59.6_267_stand.jpg,违章07,59.63,784,406,944,566,prior_roi,stand,0
违章07/违章07_t59.9_268_stand.jpg,违章07,59.86,784,406,944,566,prior_roi,stand,0
违章07/违章07_t60.1_269_stand.jpg,违章07,60.1,784,406,944,566,prior_roi,stand,0
违章07/违章07_t60.3_270_stand.jpg,违章07,60.33,784,406,944,566,prior_roi,stand,0
违章07/违章07_t60.6_271_stand.jpg,违章07,60.57,784,406,944,566,prior_roi,stand,0
违章07/违章07_t60.8_272_stand.jpg,违章07,60.8,784,406,944,566,prior_roi,stand,0
违章07/违章07_t61.0_273_stand.jpg,违章07,61.04,784,406,944,566,prior_roi,stand,0
违章07/违章07_t61.3_274_stand.jpg,违章07,61.28,784,406,944,566,prior_roi,stand,0
违章07/违章07_t61.5_275_stand.jpg,违章07,61.51,784,406,944,566,prior_roi,stand,0
违章07/违章07_t61.8_276_stand.jpg,违章07,61.75,784,406,944,566,prior_roi,stand,0
违章07/违章07_t62.0_277_stand.jpg,违章07,61.98,784,406,944,566,prior_roi,stand,0
违章07/违章07_t62.2_278_stand.jpg,违章07,62.22,784,406,944,566,prior_roi,stand,0
违章07/违章07_t62.5_279_stand.jpg,违章07,62.45,784,406,944,566,prior_roi,stand,0
违章07/违章07_t62.7_280_stand.jpg,违章07,62.69,784,406,944,566,prior_roi,stand,0
违章07/违章07_t62.9_281_stand.jpg,违章07,62.92,784,406,944,566,prior_roi,stand,0
违章07/违章07_t63.2_282_stand.jpg,违章07,63.16,784,406,944,566,prior_roi,stand,0
违章07/违章07_t63.4_283_stand.jpg,违章07,63.4,784,406,944,566,prior_roi,stand,0
违章07/违章07_t63.6_284_stand.jpg,违章07,63.63,784,406,944,566,prior_roi,stand,0
违章07/违章07_t63.9_285_stand.jpg,违章07,63.87,784,406,944,566,prior_roi,stand,0
违章07/违章07_t64.1_286_stand.jpg,违章07,64.1,784,406,944,566,prior_roi,stand,0
违章07/违章07_t64.3_287_stand.jpg,违章07,64.34,784,406,944,566,prior_roi,stand,0
违章07/违章07_t64.3_288_off.jpg,违章07,64.34,1318,576,1478,736,prior_off,off,0
违章07/违章07_t64.6_289_stand.jpg,违章07,64.57,784,406,944,566,prior_roi,stand,0
违章07/违章07_t64.8_290_stand.jpg,违章07,64.81,784,406,944,566,prior_roi,stand,0
违章07/违章07_t65.0_291_stand.jpg,违章07,65.05,784,406,944,566,prior_roi,stand,0
违章07/违章07_t65.3_292_stand.jpg,违章07,65.28,784,406,944,566,prior_roi,stand,0
违章07/违章07_t65.5_293_stand.jpg,违章07,65.52,784,406,944,566,prior_roi,stand,0
违章07/违章07_t65.8_294_stand.jpg,违章07,65.75,784,406,944,566,prior_roi,stand,0
违章07/违章07_t66.0_295_stand.jpg,违章07,65.99,784,406,944,566,prior_roi,stand,0
违章07/违章07_t66.2_296_stand.jpg,违章07,66.22,784,406,944,566,prior_roi,stand,0
违章07/违章07_t66.5_297_stand.jpg,违章07,66.46,784,406,944,566,prior_roi,stand,0
违章07/违章07_t66.7_298_stand.jpg,违章07,66.7,784,406,944,566,prior_roi,stand,0
违章07/违章07_t66.9_299_stand.jpg,违章07,66.93,784,406,944,566,prior_roi,stand,0
违章07/违章07_t67.2_300_stand.jpg,违章07,67.17,784,406,944,566,prior_roi,stand,0
违章07/违章07_t67.4_301_stand.jpg,违章07,67.4,784,406,944,566,prior_roi,stand,0
违章07/违章07_t67.6_302_stand.jpg,违章07,67.64,784,406,944,566,prior_roi,stand,0
违章07/违章07_t67.6_303_off.jpg,违章07,67.64,162,809,322,969,prior_off,off,0
违章07/违章07_t67.9_304_stand.jpg,违章07,67.87,784,406,944,566,prior_roi,stand,0
违章07/违章07_t68.1_305_stand.jpg,违章07,68.11,784,406,944,566,prior_roi,stand,0
违章07/违章07_t68.3_306_stand.jpg,违章07,68.35,784,406,944,566,prior_roi,stand,0
违章07/违章07_t68.6_307_stand.jpg,违章07,68.58,784,406,944,566,prior_roi,stand,0
违章07/违章07_t68.8_308_stand.jpg,违章07,68.82,784,406,944,566,prior_roi,stand,0
违章07/违章07_t69.0_309_stand.jpg,违章07,69.05,784,406,944,566,prior_roi,stand,0
违章07/违章07_t69.3_310_stand.jpg,违章07,69.29,784,406,944,566,prior_roi,stand,0
违章07/违章07_t69.5_311_stand.jpg,违章07,69.52,784,406,944,566,prior_roi,stand,0
违章07/违章07_t69.8_312_stand.jpg,违章07,69.76,784,406,944,566,prior_roi,stand,0
违章07/违章07_t70.0_313_stand.jpg,违章07,70.0,784,406,944,566,prior_roi,stand,0
违章07/违章07_t70.2_314_stand.jpg,违章07,70.23,784,406,944,566,prior_roi,stand,0
违章07/违章07_t70.5_315_stand.jpg,违章07,70.47,784,406,944,566,prior_roi,stand,0
违章07/违章07_t70.7_316_stand.jpg,违章07,70.7,784,406,944,566,prior_roi,stand,0
违章07/违章07_t70.9_317_stand.jpg,违章07,70.94,784,406,944,566,prior_roi,stand,0
违章07/违章07_t71.2_318_stand.jpg,违章07,71.17,784,406,944,566,prior_roi,stand,0
违章07/违章07_t71.4_319_stand.jpg,违章07,71.41,784,406,944,566,prior_roi,stand,0
违章07/违章07_t71.6_320_stand.jpg,违章07,71.64,784,406,944,566,prior_roi,stand,0
违章07/违章07_t71.9_321_stand.jpg,违章07,71.88,784,406,944,566,prior_roi,stand,0
违章07/违章07_t71.9_322_off.jpg,违章07,71.88,600,870,760,1030,prior_off,off,0
违章07/违章07_t72.1_323_stand.jpg,违章07,72.12,784,406,944,566,prior_roi,stand,0
违章07/违章07_t72.3_324_stand.jpg,违章07,72.35,784,406,944,566,prior_roi,stand,0
违章07/违章07_t72.6_325_stand.jpg,违章07,72.59,784,406,944,566,prior_roi,stand,0
违章07/违章07_t72.8_326_stand.jpg,违章07,72.82,784,406,944,566,prior_roi,stand,0
违章07/违章07_t73.1_327_stand.jpg,违章07,73.06,784,406,944,566,prior_roi,stand,0
违章07/违章07_t73.3_328_stand.jpg,违章07,73.29,784,406,944,566,prior_roi,stand,0
违章07/违章07_t73.5_329_stand.jpg,违章07,73.53,784,406,944,566,prior_roi,stand,0
违章07/违章07_t73.8_330_stand.jpg,违章07,73.77,784,406,944,566,prior_roi,stand,0
违章07/违章07_t74.0_331_stand.jpg,违章07,74.0,784,406,944,566,prior_roi,stand,0
违章07/违章07_t74.2_332_stand.jpg,违章07,74.24,784,406,944,566,prior_roi,stand,0
违章07/违章07_t74.5_333_stand.jpg,违章07,74.47,784,406,944,566,prior_roi,stand,0
违章07/违章07_t74.7_334_stand.jpg,违章07,74.71,784,406,944,566,prior_roi,stand,0
违章07/违章07_t74.9_335_stand.jpg,违章07,74.94,784,406,944,566,prior_roi,stand,0
违章07/违章07_t75.2_336_stand.jpg,违章07,75.18,784,406,944,566,prior_roi,stand,0
违章07/违章07_t75.4_337_stand.jpg,违章07,75.42,784,406,944,566,prior_roi,stand,0
违章07/违章07_t75.7_338_stand.jpg,违章07,75.65,784,406,944,566,prior_roi,stand,0
违章07/违章07_t75.9_339_stand.jpg,违章07,75.89,784,406,944,566,prior_roi,stand,0
违章07/违章07_t76.1_340_stand.jpg,违章07,76.12,784,406,944,566,prior_roi,stand,0
违章07/违章07_t76.4_341_stand.jpg,违章07,76.36,784,406,944,566,prior_roi,stand,0
违章07/违章07_t76.6_342_stand.jpg,违章07,76.59,784,406,944,566,prior_roi,stand,0
违章07/违章07_t76.8_343_stand.jpg,违章07,76.83,784,406,944,566,prior_roi,stand,0
违章07/违章07_t77.1_344_stand.jpg,违章07,77.07,784,406,944,566,prior_roi,stand,0
违章07/违章07_t77.3_345_stand.jpg,违章07,77.3,784,406,944,566,prior_roi,stand,0
违章07/违章07_t77.5_346_stand.jpg,违章07,77.54,784,406,944,566,prior_roi,stand,0
违章07/违章07_t77.8_347_stand.jpg,违章07,77.77,784,406,944,566,prior_roi,stand,0
违章07/违章07_t78.0_348_stand.jpg,违章07,78.01,784,406,944,566,prior_roi,stand,0
违章07/违章07_t78.2_349_stand.jpg,违章07,78.24,784,406,944,566,prior_roi,stand,0
违章07/违章07_t78.5_350_stand.jpg,违章07,78.48,784,406,944,566,prior_roi,stand,0
违章07/违章07_t78.7_351_stand.jpg,违章07,78.71,784,406,944,566,prior_roi,stand,0
违章07/违章07_t79.0_352_stand.jpg,违章07,78.95,784,406,944,566,prior_roi,stand,0
违章07/违章07_t79.2_353_stand.jpg,违章07,79.19,784,406,944,566,prior_roi,stand,0
违章07/违章07_t79.4_354_stand.jpg,违章07,79.42,784,406,944,566,prior_roi,stand,0
违章07/违章07_t79.7_355_stand.jpg,违章07,79.66,784,406,944,566,prior_roi,stand,0
违章07/违章07_t79.9_356_stand.jpg,违章07,79.89,784,406,944,566,prior_roi,stand,0
违章07/违章07_t80.1_357_stand.jpg,违章07,80.13,784,406,944,566,prior_roi,stand,0
违章07/违章07_t80.4_358_stand.jpg,违章07,80.36,784,406,944,566,prior_roi,stand,0
违章07/违章07_t80.6_359_stand.jpg,违章07,80.6,784,406,944,566,prior_roi,stand,0
违章07/违章07_t80.8_360_stand.jpg,违章07,80.84,784,406,944,566,prior_roi,stand,0
违章07/违章07_t81.1_361_stand.jpg,违章07,81.07,784,406,944,566,prior_roi,stand,0
违章07/违章07_t81.3_362_stand.jpg,违章07,81.31,784,406,944,566,prior_roi,stand,0
违章07/违章07_t81.5_363_stand.jpg,违章07,81.54,784,406,944,566,prior_roi,stand,0
违章07/违章07_t81.5_364_off.jpg,违章07,81.54,784,406,944,566,impostor,off,0
违章07/违章07_t81.8_365_stand.jpg,违章07,81.78,784,406,944,566,prior_roi,stand,0
违章07/违章07_t81.8_366_off.jpg,违章07,81.78,784,406,944,566,impostor,off,0
违章07/违章07_t82.0_367_stand.jpg,违章07,82.01,784,406,944,566,prior_roi,stand,0
违章07/违章07_t82.0_368_off.jpg,违章07,82.01,784,406,944,566,impostor,off,0
违章07/违章07_t82.2_369_stand.jpg,违章07,82.25,784,406,944,566,prior_roi,stand,0
违章07/违章07_t82.2_370_off.jpg,违章07,82.25,784,406,944,566,impostor,off,0
违章07/违章07_t82.5_371_stand.jpg,违章07,82.49,784,406,944,566,prior_roi,stand,0
违章07/违章07_t82.5_372_off.jpg,违章07,82.49,784,406,944,566,impostor,off,0
违章07/违章07_t82.7_373_stand.jpg,违章07,82.72,784,406,944,566,prior_roi,stand,0
违章07/违章07_t82.7_374_off.jpg,违章07,82.72,784,406,944,566,impostor,off,0
违章07/违章07_t83.0_375_stand.jpg,违章07,82.96,784,406,944,566,prior_roi,stand,0
违章07/违章07_t83.0_376_off.jpg,违章07,82.96,784,406,944,566,impostor,off,0
违章07/违章07_t83.2_377_stand.jpg,违章07,83.19,784,406,944,566,prior_roi,stand,0
违章07/违章07_t83.2_378_off.jpg,违章07,83.19,784,406,944,566,impostor,off,0
违章07/违章07_t83.4_379_stand.jpg,违章07,83.43,784,406,944,566,prior_roi,stand,0
违章07/违章07_t83.4_380_off.jpg,违章07,83.43,784,406,944,566,impostor,off,0
违章07/违章07_t83.7_381_stand.jpg,违章07,83.66,784,406,944,566,prior_roi,stand,0
违章07/违章07_t83.9_382_stand.jpg,违章07,83.9,784,406,944,566,prior_roi,stand,0
违章07/违章07_t84.1_383_stand.jpg,违章07,84.14,784,406,944,566,prior_roi,stand,0
违章07/违章07_t84.4_384_stand.jpg,违章07,84.37,784,406,944,566,prior_roi,stand,0
违章07/违章07_t84.6_385_stand.jpg,违章07,84.61,784,406,944,566,prior_roi,stand,0
违章07/违章07_t84.8_386_stand.jpg,违章07,84.84,784,406,944,566,prior_roi,stand,0
违章07/违章07_t85.1_387_stand.jpg,违章07,85.08,784,406,944,566,prior_roi,stand,0
违章07/违章07_t85.3_388_stand.jpg,违章07,85.31,784,406,944,566,prior_roi,stand,0
违章07/违章07_t85.5_389_stand.jpg,违章07,85.55,784,406,944,566,prior_roi,stand,0
违章07/违章07_t85.5_390_off.jpg,违章07,85.55,784,406,944,566,impostor,off,0
违章07/违章07_t85.8_391_stand.jpg,违章07,85.79,784,406,944,566,prior_roi,stand,0
违章07/违章07_t86.0_392_stand.jpg,违章07,86.02,784,406,944,566,prior_roi,stand,0
违章07/违章07_t86.0_393_off.jpg,违章07,86.02,784,406,944,566,impostor,off,0
违章07/违章07_t86.3_394_stand.jpg,违章07,86.26,784,406,944,566,prior_roi,stand,0
违章07/违章07_t86.3_395_off.jpg,违章07,86.26,784,406,944,566,impostor,off,0
违章07/违章07_t86.5_396_stand.jpg,违章07,86.49,784,406,944,566,prior_roi,stand,0
违章07/违章07_t86.5_397_off.jpg,违章07,86.49,784,406,944,566,impostor,off,0
违章07/违章07_t86.7_398_stand.jpg,违章07,86.73,784,406,944,566,prior_roi,stand,0
违章07/违章07_t86.7_399_off.jpg,违章07,86.73,784,406,944,566,impostor,off,0
违章07/违章07_t87.0_400_stand.jpg,违章07,86.96,784,406,944,566,prior_roi,stand,0
违章07/违章07_t87.0_401_off.jpg,违章07,86.96,784,406,944,566,impostor,off,0
违章07/违章07_t78.2_402_off.jpg,违章07,78.24,1503,509,1529,556,impostor_outside,off,0
违章07/违章07_t68.6_403_off.jpg,违章07,68.58,791,267,802,281,impostor_outside,off,0
违章07/违章07_t65.5_404_off.jpg,违章07,65.52,736,261,759,279,impostor_outside,off,0
违章07/违章07_t70.0_405_off.jpg,违章07,70.0,789,273,801,286,impostor_outside,off,0
违章07/违章07_t59.9_406_off.jpg,违章07,59.86,789,277,801,290,impostor_outside,off,0
违章07/违章07_t67.9_407_off.jpg,违章07,67.87,789,263,801,276,impostor_outside,off,0
违章07/违章07_t54.2_408_off.jpg,违章07,54.2,1470,503,1491,542,impostor_outside,off,0
违章07/违章07_t51.9_409_off.jpg,违章07,51.85,752,243,763,252,impostor_outside,off,0
违章07/违章07_t79.9_410_off.jpg,违章07,79.89,1642,497,1690,580,impostor_outside,off,0
违章07/违章07_t76.6_411_off.jpg,违章07,76.59,1244,275,1273,292,impostor_outside,off,0
违章07/违章07_t73.3_412_off.jpg,违章07,73.29,794,285,806,297,impostor_outside,off,0
违章07/违章07_t50.4_413_off.jpg,违章07,50.43,792,259,803,272,impostor_outside,off,0
违章07/违章07_t58.0_414_off.jpg,违章07,57.98,785,293,801,307,impostor_outside,off,0
违章07/违章07_t80.6_415_off.jpg,违章07,80.6,1770,496,1825,580,impostor_outside,off,0
违章07/违章07_t65.3_416_off.jpg,违章07,65.28,735,263,759,280,impostor_outside,off,0
违章07/违章07_t86.5_417_off.jpg,违章07,86.49,864,40,873,52,impostor_outside,off,0
违章07/违章07_t78.0_418_off.jpg,违章07,78.01,1494,511,1517,552,impostor_outside,off,0
违章07/违章07_t61.0_419_off.jpg,违章07,61.04,1033,135,1052,172,impostor_outside,off,0
违章07/违章07_t43.4_420_off.jpg,违章07,43.36,792,263,805,276,impostor_outside,off,0
违章07/违章07_t62.9_421_off.jpg,违章07,62.92,751,244,764,260,impostor_outside,off,0
违章07/违章07_t70.7_422_off.jpg,违章07,70.7,789,299,802,313,impostor_outside,off,0
违章07/违章07_t56.8_423_off.jpg,违章07,56.8,792,272,803,285,impostor_outside,off,0
违章07/违章07_t68.1_424_off.jpg,违章07,68.11,790,265,802,278,impostor_outside,off,0
违章07/违章07_t57.5_425_off.jpg,违章07,57.5,790,271,801,284,impostor_outside,off,0
违章07/违章07_t62.0_426_off.jpg,违章07,61.98,752,246,765,261,impostor_outside,off,0
违章07/违章07_t79.0_427_off.jpg,违章07,78.95,786,293,798,306,impostor_outside,off,0
违章07/违章07_t63.4_428_off.jpg,违章07,63.4,790,268,802,281,impostor_outside,off,0
违章07/违章07_t44.8_429_off.jpg,违章07,44.78,750,236,762,252,impostor_outside,off,0
违章07/违章07_t66.2_430_off.jpg,违章07,66.22,740,232,753,246,impostor_outside,off,0
违章07/违章07_t45.2_431_off.jpg,违章07,45.25,1479,488,1503,530,impostor_outside,off,0
违章07/违章07_t69.8_432_off.jpg,违章07,69.76,1028,127,1047,164,impostor_outside,off,0
违章07/违章07_t86.3_433_off.jpg,违章07,86.26,1312,374,1347,384,impostor_outside,off,0
违章07/违章07_t78.5_434_off.jpg,违章07,78.48,741,297,765,315,impostor_outside,off,0
违章07/违章07_t81.8_435_off.jpg,违章07,81.78,1616,509,1670,557,impostor_outside,off,0
违章07/违章07_t77.1_436_off.jpg,违章07,77.07,675,278,711,325,impostor_outside,off,0
违章07/违章07_t44.5_437_off.jpg,违章07,44.54,745,266,769,283,impostor_outside,off,0
违章07/违章07_t46.4_438_off.jpg,违章07,46.43,748,226,760,242,impostor_outside,off,0
违章07/违章07_t46.9_439_off.jpg,违章07,46.9,749,227,762,242,impostor_outside,off,0
违章07/违章07_t68.8_440_off.jpg,违章07,68.82,1029,122,1048,151,impostor_outside,off,0
违章07/违章07_t81.8_441_off.jpg,违章07,81.78,1014,166,1033,202,impostor_outside,off,0
违章07/违章07_t62.7_442_off.jpg,违章07,62.69,1035,131,1055,168,impostor_outside,off,0
违章07/违章07_t71.2_443_off.jpg,违章07,71.17,750,286,772,303,impostor_outside,off,0
违章07/违章07_t64.3_444_off.jpg,违章07,64.34,1484,496,1500,514,impostor_outside,off,0
违章07/违章07_t83.4_445_off.jpg,违章07,83.43,168,314,202,332,impostor_outside,off,0
违章07/违章07_t44.8_446_off.jpg,违章07,44.78,792,260,804,273,impostor_outside,off,0
违章07/违章07_t77.5_447_off.jpg,违章07,77.54,787,291,800,305,impostor_outside,off,0
违章07/违章07_t67.4_448_off.jpg,违章07,67.4,1474,477,1505,532,impostor_outside,off,0
违章07/违章07_t50.2_449_off.jpg,违章07,50.2,1492,489,1507,507,impostor_outside,off,0
违章07/违章07_t69.3_450_off.jpg,违章07,69.29,1475,486,1509,547,impostor_outside,off,0
违章07/违章07_t60.8_451_off.jpg,违章07,60.8,790,275,801,288,impostor_outside,off,0
违章07/违章07_t46.0_452_off.jpg,违章07,45.96,747,257,769,276,impostor_outside,off,0
违章07/违章07_t64.8_453_off.jpg,违章07,64.81,783,260,794,273,impostor_outside,off,0
违章07/违章07_t46.2_454_off.jpg,违章07,46.19,748,227,762,242,impostor_outside,off,0
违章07/违章07_t47.4_455_off.jpg,违章07,47.37,750,229,762,244,impostor_outside,off,0
违章07/违章07_t65.5_456_off.jpg,违章07,65.52,740,232,752,247,impostor_outside,off,0
违章07/违章07_t51.1_457_off.jpg,违章07,51.14,1035,119,1054,149,impostor_outside,off,0
违章07/违章07_t81.3_458_off.jpg,违章07,81.31,779,322,796,335,impostor_outside,off,0
违章07/违章07_t44.1_459_off.jpg,违章07,44.07,792,262,803,276,impostor_outside,off,0
违章07/违章07_t82.2_460_off.jpg,违章07,82.25,1758,508,1814,578,impostor_outside,off,0
违章07/违章07_t83.2_461_off.jpg,违章07,83.19,358,301,386,320,impostor_outside,off,0
违章07/违章07_t49.7_462_off.jpg,违章07,49.73,1474,500,1498,548,impostor_outside,off,0
违章07/违章07_t78.5_463_off.jpg,违章07,78.48,1514,501,1550,561,impostor_outside,off,0
违章07/违章07_t76.4_464_off.jpg,违章07,76.36,1478,510,1503,550,impostor_outside,off,0
违章07/违章07_t86.0_465_off.jpg,违章07,86.02,1576,744,1604,770,impostor_outside,off,0
违章07/违章07_t56.8_466_off.jpg,违章07,56.8,745,277,769,294,impostor_outside,off,0
违章07/违章07_t79.7_467_off.jpg,违章07,79.66,740,300,764,318,impostor_outside,off,0
违章07/违章07_t79.0_468_off.jpg,违章07,78.95,742,299,764,316,impostor_outside,off,0
违章07/违章07_t69.0_469_off.jpg,违章07,69.05,747,246,758,262,impostor_outside,off,0
违章07/违章07_t61.0_470_off.jpg,违章07,61.04,1476,492,1526,552,impostor_outside,off,0
违章07/违章07_t50.0_471_off.jpg,违章07,49.96,1492,486,1512,507,impostor_outside,off,0
违章07/违章07_t50.4_472_off.jpg,违章07,50.43,1033,118,1053,155,impostor_outside,off,0
违章07/违章07_t55.1_473_off.jpg,违章07,55.15,789,269,801,282,impostor_outside,off,0
违章07/违章07_t51.1_474_off.jpg,违章07,51.14,788,280,803,295,impostor_outside,off,0
违章07/违章07_t53.5_475_off.jpg,违章07,53.5,1492,490,1508,507,impostor_outside,off,0
违章07/违章07_t77.3_476_off.jpg,违章07,77.3,740,298,767,315,impostor_outside,off,0
违章07/违章07_t58.2_477_off.jpg,违章07,58.21,1471,496,1508,557,impostor_outside,off,0
违章07/违章07_t58.0_478_off.jpg,违章07,57.98,1029,131,1049,168,impostor_outside,off,0
违章07/违章07_t72.8_479_off.jpg,违章07,72.82,1480,497,1517,561,impostor_outside,off,0
违章07/违章07_t80.6_480_off.jpg,违章07,80.6,744,274,756,290,impostor_outside,off,0
违章07/违章07_t59.6_481_off.jpg,违章07,59.63,790,276,801,289,impostor_outside,off,0
违章07/违章07_t68.3_482_off.jpg,违章07,68.35,788,287,804,303,impostor_outside,off,0
违章07/违章07_t56.3_483_off.jpg,违章07,56.33,1475,493,1512,549,impostor_outside,off,0
违章07/违章07_t46.7_484_off.jpg,违章07,46.66,790,250,802,264,impostor_outside,off,0
违章07/违章07_t75.4_485_off.jpg,违章07,75.42,1479,491,1532,558,impostor_outside,off,0
违章07/违章07_t75.9_486_off.jpg,违章07,75.89,1851,317,1868,328,impostor_outside,off,0
违章07/违章07_t73.1_487_off.jpg,违章07,73.06,1481,496,1519,561,impostor_outside,off,0
违章07/违章07_t47.8_488_off.jpg,违章07,47.84,1474,494,1504,549,impostor_outside,off,0
违章07/违章07_t57.7_489_off.jpg,违章07,57.74,746,248,759,263,impostor_outside,off,0
违章07/违章07_t51.6_490_off.jpg,违章07,51.61,1474,508,1492,545,impostor_outside,off,0
违章07/违章07_t68.1_491_off.jpg,违章07,68.11,748,242,761,258,impostor_outside,off,0
违章07/违章07_t71.4_492_off.jpg,违章07,71.41,795,281,807,293,impostor_outside,off,0
违章07/违章07_t47.6_493_off.jpg,违章07,47.61,792,256,803,269,impostor_outside,off,0
违章07/违章07_t58.7_494_off.jpg,违章07,58.68,788,274,801,287,impostor_outside,off,0
违章07/违章07_t80.8_495_off.jpg,违章07,80.84,785,298,797,311,impostor_outside,off,0
违章07/违章07_t83.4_496_off.jpg,违章07,83.43,232,308,247,321,impostor_outside,off,0
违章07/违章07_t81.8_497_off.jpg,违章07,81.78,689,269,727,282,impostor_outside,off,0
违章07/违章07_t70.2_498_off.jpg,违章07,70.23,1028,130,1048,167,impostor_outside,off,0
违章07/违章07_t73.3_499_off.jpg,违章07,73.29,1482,496,1520,557,impostor_outside,off,0
违章07/违章07_t83.9_500_off.jpg,违章07,83.9,1796,525,1860,579,impostor_outside,off,0
违章07/违章07_t55.6_501_off.jpg,违章07,55.62,790,270,802,283,impostor_outside,off,0
违章07/违章07_t77.1_502_off.jpg,违章07,77.07,720,278,773,324,impostor_outside,off,0
违章07/违章07_t45.5_503_off.jpg,违章07,45.49,792,255,803,268,impostor_outside,off,0
违章07/违章07_t77.1_504_off.jpg,违章07,77.07,1475,523,1491,556,impostor_outside,off,0
违章07/违章07_t86.7_505_off.jpg,违章07,86.73,149,506,175,524,impostor_outside,off,0
违章07/违章07_t53.5_506_off.jpg,违章07,53.5,744,271,767,288,impostor_outside,off,0
违章07/违章07_t73.5_507_off.jpg,违章07,73.53,1481,480,1553,561,impostor_outside,off,0
违章07/违章07_t83.0_508_off.jpg,违章07,82.96,782,158,801,194,impostor_outside,off,0
违章07/违章07_t52.6_509_off.jpg,违章07,52.56,1035,121,1054,158,impostor_outside,off,0
违章07/违章07_t85.5_510_off.jpg,违章07,85.55,1847,336,1873,374,impostor_outside,off,0
违章07/违章07_t62.9_511_off.jpg,违章07,62.92,746,273,770,291,impostor_outside,off,0
违章07/违章07_t67.6_512_off.jpg,违章07,67.64,743,266,765,285,impostor_outside,off,0
违章07/违章07_t79.0_513_off.jpg,违章07,78.95,1551,510,1574,549,impostor_outside,off,0
违章07/违章07_t72.6_514_off.jpg,违章07,72.59,1481,496,1518,560,impostor_outside,off,0
违章07/违章07_t71.4_515_off.jpg,违章07,71.41,1034,137,1053,173,impostor_outside,off,0
违章07/违章07_t80.4_516_off.jpg,违章07,80.36,744,274,757,290,impostor_outside,off,0
违章07/违章07_t64.3_517_off.jpg,违章07,64.34,1467,515,1484,551,impostor_outside,off,0
违章07/违章07_t76.1_518_off.jpg,违章07,76.12,748,268,761,283,impostor_outside,off,0
违章07/违章07_t81.5_519_off.jpg,违章07,81.54,780,303,792,315,impostor_outside,off,0
违章07/违章07_t47.4_520_off.jpg,违章07,47.37,1473,492,1500,541,impostor_outside,off,0
违章07/违章07_t62.5_521_off.jpg,违章07,62.45,1472,492,1531,563,impostor_outside,off,0
违章07/违章07_t76.1_522_off.jpg,违章07,76.12,795,311,803,320,impostor_outside,off,0
违章07/违章07_t74.2_523_off.jpg,违章07,74.24,796,286,808,298,impostor_outside,off,0
违章07/违章07_t58.2_524_off.jpg,违章07,58.21,743,279,766,296,impostor_outside,off,0
违章07/违章07_t64.8_525_off.jpg,违章07,64.81,1463,493,1498,551,impostor_outside,off,0
违章07/违章07_t62.9_526_off.jpg,违章07,62.92,1036,131,1056,159,impostor_outside,off,0
违章07/违章07_t58.5_527_off.jpg,违章07,58.45,747,249,760,266,impostor_outside,off,0
违章07/违章07_t74.9_528_off.jpg,违章07,74.94,795,287,806,300,impostor_outside,off,0
违章07/违章07_t80.4_529_off.jpg,违章07,80.36,740,303,764,321,impostor_outside,off,0
违章07/违章07_t60.6_530_off.jpg,违章07,60.57,1472,500,1510,562,impostor_outside,off,0
违章07/违章07_t62.0_531_off.jpg,违章07,61.98,1472,513,1501,568,impostor_outside,off,0
违章07/违章07_t67.4_532_off.jpg,违章07,67.4,745,235,758,250,impostor_outside,off,0
违章07/违章07_t64.1_533_off.jpg,违章07,64.1,1030,126,1049,154,impostor_outside,off,0
违章07/违章07_t63.6_534_off.jpg,违章07,63.63,1471,495,1515,556,impostor_outside,off,0
违章07/违章07_t56.6_535_off.jpg,违章07,56.56,787,292,803,306,impostor_outside,off,0
违章07/违章07_t49.5_536_off.jpg,违章07,49.49,1491,488,1512,511,impostor_outside,off,0
违章07/违章07_t62.7_537_off.jpg,违章07,62.69,1472,523,1491,559,impostor_outside,off,0
违章07/违章07_t79.0_538_off.jpg,违章07,78.95,744,269,757,285,impostor_outside,off,0
违章07/违章07_t55.9_539_off.jpg,违章07,55.85,749,247,760,263,impostor_outside,off,0
违章07/违章07_t50.0_540_off.jpg,违章07,49.96,1474,509,1491,544,impostor_outside,off,0
违章07/违章07_t58.5_541_off.jpg,违章07,58.45,784,294,801,309,impostor_outside,off,0
违章07/违章07_t68.8_542_off.jpg,违章07,68.82,744,275,768,292,impostor_outside,off,0
违章07/违章07_t76.1_543_off.jpg,违章07,76.12,745,298,767,315,impostor_outside,off,0
违章07/违章07_t54.0_544_off.jpg,违章07,53.97,1470,489,1507,549,impostor_outside,off,0
违章07/违章07_t63.4_545_off.jpg,违章07,63.4,744,273,768,291,impostor_outside,off,0
违章07/违章07_t82.5_546_off.jpg,违章07,82.49,1823,508,1846,530,impostor_outside,off,0
违章07/违章07_t69.3_547_off.jpg,违章07,69.29,789,270,800,283,impostor_outside,off,0
违章07/违章07_t71.9_548_off.jpg,违章07,71.88,751,288,773,305,impostor_outside,off,0
违章07/违章07_t58.7_549_off.jpg,违章07,58.68,1030,133,1049,161,impostor_outside,off,0
违章07/违章07_t60.8_550_off.jpg,违章07,60.8,742,280,767,298,impostor_outside,off,0
违章07/违章07_t75.7_551_off.jpg,违章07,75.65,749,266,761,282,impostor_outside,off,0
违章07/违章07_t66.5_552_off.jpg,违章07,66.46,741,230,753,245,impostor_outside,off,0
违章07/违章07_t67.9_553_off.jpg,违章07,67.87,1476,480,1507,539,impostor_outside,off,0
违章07/违章07_t80.6_554_off.jpg,违章07,80.6,740,303,763,320,impostor_outside,off,0
违章07/违章07_t72.6_555_off.jpg,违章07,72.59,753,260,765,275,impostor_outside,off,0
违章07/违章07_t70.5_556_off.jpg,违章07,70.47,790,276,802,289,impostor_outside,off,0
违章07/违章07_t49.7_557_off.jpg,违章07,49.73,751,235,761,245,impostor_outside,off,0
违章07/违章07_t54.2_558_off.jpg,违章07,54.2,786,267,797,280,impostor_outside,off,0
违章07/违章07_t51.1_559_off.jpg,违章07,51.14,746,265,769,283,impostor_outside,off,0
违章07/违章07_t75.7_560_off.jpg,违章07,75.65,745,296,768,313,impostor_outside,off,0
违章07/违章07_t60.1_561_off.jpg,违章07,60.1,1472,489,1531,559,impostor_outside,off,0
违章07/违章07_t60.1_562_off.jpg,违章07,60.1,748,254,760,269,impostor_outside,off,0
违章07/违章07_t43.6_563_off.jpg,违章07,43.6,751,240,762,255,impostor_outside,off,0
违章07/违章07_t79.9_564_off.jpg,违章07,79.89,745,272,757,287,impostor_outside,off,0
违章07/违章07_t68.1_565_off.jpg,违章07,68.11,1029,118,1048,155,impostor_outside,off,0
违章07/违章07_t56.1_566_off.jpg,违章07,56.09,745,277,769,294,impostor_outside,off,0
违章07/违章07_t86.0_567_off.jpg,违章07,86.02,1161,396,1183,407,impostor_outside,off,0
违章07/违章07_t54.0_568_off.jpg,违章07,53.97,788,266,799,280,impostor_outside,off,0
违章07/违章07_t47.1_569_off.jpg,违章07,47.13,745,257,768,276,impostor_outside,off,0
违章07/违章07_t69.0_570_off.jpg,违章07,69.05,1477,490,1504,545,impostor_outside,off,0
违章07/违章07_t69.5_571_off.jpg,违章07,69.52,1477,511,1491,544,impostor_outside,off,0
违章07/违章07_t64.6_572_off.jpg,违章07,64.57,1027,123,1047,149,impostor_outside,off,0
违章07/违章07_t69.8_573_off.jpg,违章07,69.76,747,248,759,264,impostor_outside,off,0
违章07/违章07_t67.2_574_off.jpg,违章07,67.17,1473,477,1504,533,impostor_outside,off,0
违章07/违章07_t45.7_575_off.jpg,违章07,45.72,791,254,803,266,impostor_outside,off,0
违章07/违章07_t76.4_576_off.jpg,违章07,76.36,1423,321,1440,333,impostor_outside,off,0
违章07/违章07_t72.3_577_off.jpg,违章07,72.35,750,289,773,307,impostor_outside,off,0
违章07/违章07_t83.2_578_off.jpg,违章07,83.19,409,317,428,331,impostor_outside,off,0
违章07/违章07_t45.5_579_off.jpg,违章07,45.49,750,237,761,246,impostor_outside,off,0
违章07/违章07_t53.3_580_off.jpg,违章07,53.26,1476,488,1512,538,impostor_outside,off,0
违章07/违章07_t58.2_581_off.jpg,违章07,58.21,747,249,759,265,impostor_outside,off,0
违章07/违章07_t54.2_582_off.jpg,违章07,54.2,1027,125,1045,153,impostor_outside,off,0
违章07/违章07_t79.4_583_off.jpg,违章07,79.42,1024,149,1043,174,impostor_outside,off,0
违章07/违章07_t81.1_584_off.jpg,违章07,81.07,783,300,795,312,impostor_outside,off,0
违章07/违章07_t52.6_585_off.jpg,违章07,52.56,751,238,763,253,impostor_outside,off,0
违章07/违章07_t74.5_586_off.jpg,违章07,74.47,1482,496,1523,568,impostor_outside,off,0
违章07/违章07_t62.0_587_off.jpg,违章07,61.98,1502,499,1518,512,impostor_outside,off,0
违章07/违章07_t73.1_588_off.jpg,违章07,73.06,749,290,772,307,impostor_outside,off,0
违章07/违章07_t80.6_589_off.jpg,违章07,80.6,785,297,797,310,impostor_outside,off,0
违章07/违章07_t80.8_590_off.jpg,违章07,80.84,1826,504,1872,584,impostor_outside,off,0
违章07/违章07_t60.3_591_off.jpg,违章07,60.33,1478,500,1511,545,impostor_outside,off,0
违章07/违章07_t53.0_592_off.jpg,违章07,53.03,747,268,770,286,impostor_outside,off,0
违章07/违章07_t55.9_593_off.jpg,违章07,55.85,1032,129,1051,165,impostor_outside,off,0
违章07/违章07_t85.8_594_off.jpg,违章07,85.79,1474,770,1486,781,impostor_outside,off,0
违章07/违章07_t52.1_595_off.jpg,违章07,52.08,750,237,762,252,impostor_outside,off,0
违章07/违章07_t44.1_596_off.jpg,违章07,44.07,750,239,763,254,impostor_outside,off,0
违章07/违章07_t44.8_597_off.jpg,违章07,44.78,788,281,804,295,impostor_outside,off,0
违章07/违章07_t70.5_598_off.jpg,违章07,70.47,1518,476,1544,488,impostor_outside,off,0
违章07/违章07_t0.0_599_walk.jpg,违章07,0.0,780,403,940,563,prior_roi,walk,0
违章07/违章07_t0.2_600_walk.jpg,违章07,0.24,795,410,955,570,prior_roi,walk,0
违章07/违章07_t0.5_601_walk.jpg,违章07,0.47,772,406,932,566,prior_roi,walk,0
违章07/违章07_t0.7_602_walk.jpg,违章07,0.71,786,413,946,573,prior_roi,walk,0
违章07/违章07_t0.9_603_walk.jpg,违章07,0.94,796,414,956,574,prior_roi,walk,0
违章07/违章07_t1.2_604_walk.jpg,违章07,1.18,777,395,937,555,prior_roi,walk,0
违章07/违章07_t1.4_605_walk.jpg,违章07,1.41,777,414,937,574,prior_roi,walk,0
违章07/违章07_t1.6_606_walk.jpg,违章07,1.65,772,410,932,570,prior_roi,walk,0
违章07/违章07_t1.9_607_walk.jpg,违章07,1.89,784,405,944,565,prior_roi,walk,0
违章07/违章07_t2.1_608_walk.jpg,违章07,2.12,774,404,934,564,prior_roi,walk,0
违章07/违章07_t2.4_609_walk.jpg,违章07,2.36,772,415,932,575,prior_roi,walk,0
违章07/违章07_t2.6_610_walk.jpg,违章07,2.59,786,417,946,577,prior_roi,walk,0
违章07/违章07_t2.8_611_walk.jpg,违章07,2.83,788,401,948,561,prior_roi,walk,0
违章07/违章07_t3.1_612_walk.jpg,违章07,3.06,780,406,940,566,prior_roi,walk,0
违章07/违章07_t3.3_613_walk.jpg,违章07,3.3,773,407,933,567,prior_roi,walk,0
违章07/违章07_t3.5_614_walk.jpg,违章07,3.54,786,409,946,569,prior_roi,walk,0
违章07/违章07_t3.8_615_walk.jpg,违章07,3.77,777,400,937,560,prior_roi,walk,0
违章07/违章07_t4.0_616_walk.jpg,违章07,4.01,792,397,952,557,prior_roi,walk,0
违章07/违章07_t4.2_617_walk.jpg,违章07,4.24,789,410,949,570,prior_roi,walk,0
违章07/违章07_t4.5_618_walk.jpg,违章07,4.48,775,410,935,570,prior_roi,walk,0
违章07/违章07_t4.7_619_walk.jpg,违章07,4.71,778,414,938,574,prior_roi,walk,0
违章07/违章07_t5.0_620_walk.jpg,违章07,4.95,796,416,956,576,prior_roi,walk,0
违章07/违章07_t5.2_621_walk.jpg,违章07,5.18,795,411,955,571,prior_roi,walk,0
违章07/违章07_t5.4_622_walk.jpg,违章07,5.42,784,404,944,564,prior_roi,walk,0
违章07/违章07_t5.7_623_walk.jpg,违章07,5.66,780,401,940,561,prior_roi,walk,0
违章07/违章07_t5.9_624_walk.jpg,违章07,5.89,795,413,955,573,prior_roi,walk,0
违章07/违章07_t6.1_625_walk.jpg,违章07,6.13,773,404,933,564,prior_roi,walk,0
违章07/违章07_t6.4_626_walk.jpg,违章07,6.36,793,402,953,562,prior_roi,walk,0
违章07/违章07_t6.6_627_walk.jpg,违章07,6.6,774,416,934,576,prior_roi,walk,0
违章07/违章07_t6.8_628_walk.jpg,违章07,6.83,791,412,951,572,prior_roi,walk,0
违章07/违章07_t7.1_629_walk.jpg,违章07,7.07,777,397,937,557,prior_roi,walk,0
违章07/违章07_t7.3_630_walk.jpg,违章07,7.31,786,418,946,578,prior_roi,walk,0
违章07/违章07_t7.5_631_walk.jpg,违章07,7.54,772,409,932,569,prior_roi,walk,0
违章07/违章07_t7.8_632_walk.jpg,违章07,7.78,783,402,943,562,prior_roi,walk,0
违章07/违章07_t8.0_633_walk.jpg,违章07,8.01,785,399,945,559,prior_roi,walk,0
违章07/违章07_t8.2_634_walk.jpg,违章07,8.25,773,416,933,576,prior_roi,walk,0
违章07/违章07_t8.5_635_walk.jpg,违章07,8.48,788,399,948,559,prior_roi,walk,0
违章07/违章07_t8.7_636_walk.jpg,违章07,8.72,777,407,937,567,prior_roi,walk,0
违章07/违章07_t9.0_637_walk.jpg,违章07,8.96,795,416,955,576,prior_roi,walk,0
违章07/违章07_t9.2_638_walk.jpg,违章07,9.19,794,418,954,578,prior_roi,walk,0
违章07/违章07_t9.4_639_walk.jpg,违章07,9.43,795,400,955,560,prior_roi,walk,0
违章07/违章07_t9.7_640_walk.jpg,违章07,9.66,781,413,941,573,prior_roi,walk,0
违章07/违章07_t9.9_641_walk.jpg,违章07,9.9,789,412,949,572,prior_roi,walk,0
违章07/违章07_t10.1_642_walk.jpg,违章07,10.13,773,395,933,555,prior_roi,walk,0
违章07/违章07_t10.4_643_walk.jpg,违章07,10.37,779,394,939,554,prior_roi,walk,0
违章07/违章07_t10.6_644_walk.jpg,违章07,10.61,790,418,950,578,prior_roi,walk,0
违章07/违章07_t10.8_645_walk.jpg,违章07,10.84,793,418,953,578,prior_roi,walk,0
违章07/违章07_t11.1_646_walk.jpg,违章07,11.08,783,402,943,562,prior_roi,walk,0
违章07/违章07_t11.3_647_walk.jpg,违章07,11.31,786,417,946,577,prior_roi,walk,0
违章07/违章07_t11.6_648_walk.jpg,违章07,11.55,791,403,951,563,prior_roi,walk,0
违章07/违章07_t11.8_649_walk.jpg,违章07,11.78,780,410,940,570,prior_roi,walk,0
违章07/违章07_t12.0_650_walk.jpg,违章07,12.02,782,405,942,565,prior_roi,walk,0
违章07/违章07_t12.3_651_walk.jpg,违章07,12.26,776,396,936,556,prior_roi,walk,0
违章08/违章08_t0.0_0_walk.jpg,违章08,0.0,1456,136,1616,296,prior_roi,walk,0
违章08/违章08_t0.2_1_walk.jpg,违章08,0.24,1456,136,1616,296,prior_roi,walk,0
违章08/违章08_t0.5_2_walk.jpg,违章08,0.47,1456,136,1616,296,prior_roi,walk,0
违章08/违章08_t0.7_3_walk.jpg,违章08,0.71,1456,136,1616,296,prior_roi,walk,0
违章08/违章08_t0.9_4_walk.jpg,违章08,0.94,1456,136,1616,296,prior_roi,walk,0
违章08/违章08_t1.2_5_walk.jpg,违章08,1.18,1456,136,1616,296,prior_roi,walk,0
违章08/违章08_t1.4_6_walk.jpg,违章08,1.41,1456,136,1616,296,prior_roi,walk,0
违章08/违章08_t1.6_7_walk.jpg,违章08,1.65,1456,136,1616,296,prior_roi,walk,0
违章08/违章08_t1.9_8_walk.jpg,违章08,1.89,1456,136,1616,296,prior_roi,walk,0
违章08/违章08_t2.1_9_walk.jpg,违章08,2.12,1456,136,1616,296,prior_roi,walk,0
违章08/违章08_t2.4_10_walk.jpg,违章08,2.36,1456,136,1616,296,prior_roi,walk,0
违章08/违章08_t2.6_11_walk.jpg,违章08,2.59,1456,136,1616,296,prior_roi,walk,0
违章08/违章08_t2.8_12_walk.jpg,违章08,2.83,1456,136,1616,296,prior_roi,walk,0
违章08/违章08_t3.1_13_walk.jpg,违章08,3.06,1456,136,1616,296,prior_roi,walk,0
违章08/违章08_t3.3_14_walk.jpg,违章08,3.3,1456,136,1616,296,prior_roi,walk,0
违章08/违章08_t3.5_15_walk.jpg,违章08,3.54,1456,136,1616,296,prior_roi,walk,0
违章08/违章08_t3.8_16_walk.jpg,违章08,3.77,1456,136,1616,296,prior_roi,walk,0
违章08/违章08_t4.0_17_walk.jpg,违章08,4.01,1456,136,1616,296,prior_roi,walk,0
违章08/违章08_t4.2_18_walk.jpg,违章08,4.24,1456,136,1616,296,prior_roi,walk,0
违章08/违章08_t4.5_19_walk.jpg,违章08,4.48,1456,136,1616,296,prior_roi,walk,0
违章08/违章08_t4.7_20_walk.jpg,违章08,4.71,1456,136,1616,296,prior_roi,walk,0
违章08/违章08_t5.0_21_walk.jpg,违章08,4.95,1456,136,1616,296,prior_roi,walk,0
违章08/违章08_t5.2_22_walk.jpg,违章08,5.19,1456,136,1616,296,prior_roi,walk,0
违章08/违章08_t5.4_23_walk.jpg,违章08,5.42,1456,136,1616,296,prior_roi,walk,0
违章08/违章08_t5.7_24_walk.jpg,违章08,5.66,1456,136,1616,296,prior_roi,walk,0
违章08/违章08_t5.9_25_walk.jpg,违章08,5.89,1456,136,1616,296,prior_roi,walk,0
违章08/违章08_t6.1_26_walk.jpg,违章08,6.13,1456,136,1616,296,prior_roi,walk,0
违章08/违章08_t6.4_27_walk.jpg,违章08,6.36,1456,136,1616,296,prior_roi,walk,0
违章08/违章08_t6.6_28_walk.jpg,违章08,6.6,1456,136,1616,296,prior_roi,walk,0
违章08/违章08_t6.8_29_walk.jpg,违章08,6.84,1456,136,1616,296,prior_roi,walk,0
违章08/违章08_t7.1_30_walk.jpg,违章08,7.07,1456,136,1616,296,prior_roi,walk,0
违章08/违章08_t7.3_31_walk.jpg,违章08,7.31,1456,136,1616,296,prior_roi,walk,0
违章08/违章08_t7.5_32_walk.jpg,违章08,7.54,1456,136,1616,296,prior_roi,walk,0
违章08/违章08_t7.8_33_walk.jpg,违章08,7.78,1456,136,1616,296,prior_roi,walk,0
违章08/违章08_t8.0_34_walk.jpg,违章08,8.01,1456,136,1616,296,prior_roi,walk,0
违章08/违章08_t8.2_35_walk.jpg,违章08,8.25,1456,136,1616,296,prior_roi,walk,0
违章08/违章08_t8.5_36_walk.jpg,违章08,8.48,1456,136,1616,296,prior_roi,walk,0
违章08/违章08_t8.7_37_walk.jpg,违章08,8.72,1456,136,1616,296,prior_roi,walk,0
违章08/违章08_t9.0_38_walk.jpg,违章08,8.96,1456,136,1616,296,prior_roi,walk,0
违章08/违章08_t9.2_39_walk.jpg,违章08,9.19,1456,136,1616,296,prior_roi,walk,0
违章08/违章08_t9.4_40_walk.jpg,违章08,9.43,1456,136,1616,296,prior_roi,walk,0
违章08/违章08_t9.7_41_walk.jpg,违章08,9.66,1456,136,1616,296,prior_roi,walk,0
违章08/违章08_t9.9_42_walk.jpg,违章08,9.9,1456,136,1616,296,prior_roi,walk,0
违章08/违章08_t10.1_43_walk.jpg,违章08,10.13,1456,136,1616,296,prior_roi,walk,0
违章08/违章08_t10.4_44_walk.jpg,违章08,10.37,1456,136,1616,296,prior_roi,walk,0
违章08/违章08_t10.6_45_walk.jpg,违章08,10.61,1456,136,1616,296,prior_roi,walk,0
违章08/违章08_t10.8_46_walk.jpg,违章08,10.84,1456,136,1616,296,prior_roi,walk,0
违章08/违章08_t11.1_47_walk.jpg,违章08,11.08,1456,136,1616,296,prior_roi,walk,0
违章08/违章08_t11.3_48_walk.jpg,违章08,11.31,1456,136,1616,296,prior_roi,walk,0
违章08/违章08_t11.6_49_walk.jpg,违章08,11.55,1456,136,1616,296,prior_roi,walk,0
违章08/违章08_t11.8_50_walk.jpg,违章08,11.78,1456,136,1616,296,prior_roi,walk,0
违章08/违章08_t12.0_51_walk.jpg,违章08,12.02,1456,136,1616,296,prior_roi,walk,0
违章08/违章08_t12.3_52_walk.jpg,违章08,12.26,1456,136,1616,296,prior_roi,walk,0
违章08/违章08_t12.5_53_walk.jpg,违章08,12.49,1456,136,1616,296,prior_roi,walk,0
违章08/违章08_t12.7_54_walk.jpg,违章08,12.73,1456,136,1616,296,prior_roi,walk,0
违章08/违章08_t13.0_55_walk.jpg,违章08,12.96,1456,136,1616,296,prior_roi,walk,0
违章08/违章08_t13.2_56_walk.jpg,违章08,13.2,1456,136,1616,296,prior_roi,walk,0
违章08/违章08_t13.4_57_walk.jpg,违章08,13.43,1456,136,1616,296,prior_roi,walk,0
违章08/违章08_t13.7_58_walk.jpg,违章08,13.67,1456,136,1616,296,prior_roi,walk,0
违章08/违章08_t13.9_59_walk.jpg,违章08,13.91,1456,136,1616,296,prior_roi,walk,0
违章08/违章08_t13.9_60_off.jpg,违章08,13.91,757,666,917,826,prior_off,off,0
违章08/违章08_t14.1_61_walk.jpg,违章08,14.14,1456,136,1616,296,prior_roi,walk,0
违章08/违章08_t14.1_62_off.jpg,违章08,14.14,239,31,399,191,prior_off,off,0
违章08/违章08_t14.4_63_walk.jpg,违章08,14.38,1456,136,1616,296,prior_roi,walk,0
违章08/违章08_t14.6_64_walk.jpg,违章08,14.61,1456,136,1616,296,prior_roi,walk,0
违章08/违章08_t14.8_65_walk.jpg,违章08,14.85,1456,136,1616,296,prior_roi,walk,0
违章08/违章08_t15.1_66_walk.jpg,违章08,15.08,1456,136,1616,296,prior_roi,walk,0
违章08/违章08_t15.3_67_walk.jpg,违章08,15.32,1456,136,1616,296,prior_roi,walk,0
违章08/违章08_t15.6_68_walk.jpg,违章08,15.56,1456,136,1616,296,prior_roi,walk,0
违章08/违章08_t15.8_69_walk.jpg,违章08,15.79,1456,136,1616,296,prior_roi,walk,0
违章08/违章08_t16.0_70_walk.jpg,违章08,16.03,1456,136,1616,296,prior_roi,walk,0
违章08/违章08_t16.3_71_walk.jpg,违章08,16.26,1456,136,1616,296,prior_roi,walk,0
违章08/违章08_t16.3_72_off.jpg,违章08,16.26,675,740,835,900,prior_off,off,0
违章08/违章08_t16.5_73_walk.jpg,违章08,16.5,1456,136,1616,296,prior_roi,walk,0
违章08/违章08_t16.7_74_walk.jpg,违章08,16.73,1456,136,1616,296,prior_roi,walk,0
违章08/违章08_t17.0_75_walk.jpg,违章08,16.97,1456,136,1616,296,prior_roi,walk,0
违章08/违章08_t17.2_76_walk.jpg,违章08,17.21,1456,136,1616,296,prior_roi,walk,0
违章08/违章08_t17.4_77_walk.jpg,违章08,17.44,1456,136,1616,296,prior_roi,walk,0
违章08/违章08_t17.7_78_walk.jpg,违章08,17.68,1456,136,1616,296,prior_roi,walk,0
违章08/违章08_t17.9_79_walk.jpg,违章08,17.91,1456,136,1616,296,prior_roi,walk,0
违章08/违章08_t18.1_80_walk.jpg,违章08,18.15,1456,136,1616,296,prior_roi,walk,0
违章08/违章08_t18.4_81_walk.jpg,违章08,18.38,1456,136,1616,296,prior_roi,walk,0
违章08/违章08_t18.6_82_walk.jpg,违章08,18.62,1456,136,1616,296,prior_roi,walk,0
违章08/违章08_t18.9_83_walk.jpg,违章08,18.86,1456,136,1616,296,prior_roi,walk,0
违章08/违章08_t19.1_84_walk.jpg,违章08,19.09,1456,136,1616,296,prior_roi,walk,0
违章08/违章08_t19.3_85_walk.jpg,违章08,19.33,1456,136,1616,296,prior_roi,walk,0
违章08/违章08_t19.6_86_walk.jpg,违章08,19.56,1456,136,1616,296,prior_roi,walk,0
违章08/违章08_t19.8_87_walk.jpg,违章08,19.8,1456,136,1616,296,prior_roi,walk,0
违章08/违章08_t20.0_88_walk.jpg,违章08,20.03,1456,136,1616,296,prior_roi,walk,0
违章08/违章08_t20.3_89_walk.jpg,违章08,20.27,1456,136,1616,296,prior_roi,walk,0
违章08/违章08_t20.3_90_off.jpg,违章08,20.27,1100,686,1260,846,prior_off,off,0
违章08/违章08_t20.5_91_walk.jpg,违章08,20.51,1456,136,1616,296,prior_roi,walk,0
违章08/违章08_t20.7_92_walk.jpg,违章08,20.74,1456,136,1616,296,prior_roi,walk,0
违章08/违章08_t21.0_93_walk.jpg,违章08,20.98,1456,136,1616,296,prior_roi,walk,0
违章08/违章08_t21.2_94_walk.jpg,违章08,21.21,1456,136,1616,296,prior_roi,walk,0
违章08/违章08_t21.4_95_walk.jpg,违章08,21.45,1456,136,1616,296,prior_roi,walk,0
违章08/违章08_t21.7_96_walk.jpg,违章08,21.68,1456,136,1616,296,prior_roi,walk,0
违章08/违章08_t21.9_97_walk.jpg,违章08,21.92,1456,136,1616,296,prior_roi,walk,0
违章08/违章08_t22.1_98_walk.jpg,违章08,22.15,1456,136,1616,296,prior_roi,walk,0
违章08/违章08_t22.4_99_walk.jpg,违章08,22.39,1456,136,1616,296,prior_roi,walk,0
违章08/违章08_t22.6_100_walk.jpg,违章08,22.63,1456,136,1616,296,prior_roi,walk,0
违章08/违章08_t22.9_101_walk.jpg,违章08,22.86,1456,136,1616,296,prior_roi,walk,0
违章08/违章08_t23.1_102_walk.jpg,违章08,23.1,1456,136,1616,296,prior_roi,walk,0
违章08/违章08_t23.1_103_off.jpg,违章08,23.1,114,631,274,791,prior_off,off,0
违章08/违章08_t23.3_104_walk.jpg,违章08,23.33,1456,136,1616,296,prior_roi,walk,0
违章08/违章08_t23.6_105_walk.jpg,违章08,23.57,1456,136,1616,296,prior_roi,walk,0
违章08/违章08_t23.8_106_walk.jpg,违章08,23.8,1456,136,1616,296,prior_roi,walk,0
违章08/违章08_t24.0_107_walk.jpg,违章08,24.04,1456,136,1616,296,prior_roi,walk,0
违章08/违章08_t24.3_108_walk.jpg,违章08,24.28,1456,136,1616,296,prior_roi,walk,0
违章08/违章08_t24.5_109_walk.jpg,违章08,24.51,1456,136,1616,296,prior_roi,walk,0
违章08/违章08_t24.8_110_walk.jpg,违章08,24.75,1456,136,1616,296,prior_roi,walk,0
违章08/违章08_t25.0_111_walk.jpg,违章08,24.98,1456,136,1616,296,prior_roi,walk,0
违章08/违章08_t25.2_112_walk.jpg,违章08,25.22,1456,136,1616,296,prior_roi,walk,0
违章08/违章08_t25.4_113_walk.jpg,违章08,25.45,1456,136,1616,296,prior_roi,walk,0
违章08/违章08_t25.7_114_walk.jpg,违章08,25.69,1456,136,1616,296,prior_roi,walk,0
违章08/违章08_t25.9_115_walk.jpg,违章08,25.93,1456,136,1616,296,prior_roi,walk,0
违章08/违章08_t26.2_116_walk.jpg,违章08,26.16,1456,136,1616,296,prior_roi,walk,0
违章08/违章08_t26.4_117_walk.jpg,违章08,26.4,1456,136,1616,296,prior_roi,walk,0
违章08/违章08_t26.6_118_walk.jpg,违章08,26.63,1456,136,1616,296,prior_roi,walk,0
违章08/违章08_t26.9_119_walk.jpg,违章08,26.87,1456,136,1616,296,prior_roi,walk,0
违章08/违章08_t27.1_120_walk.jpg,违章08,27.1,1456,136,1616,296,prior_roi,walk,0
违章08/违章08_t27.3_121_walk.jpg,违章08,27.34,1456,136,1616,296,prior_roi,walk,0
违章08/违章08_t27.6_122_walk.jpg,违章08,27.58,1456,136,1616,296,prior_roi,walk,0
违章08/违章08_t27.8_123_walk.jpg,违章08,27.81,1456,136,1616,296,prior_roi,walk,0
违章08/违章08_t28.1_124_walk.jpg,违章08,28.05,1456,136,1616,296,prior_roi,walk,0
违章08/违章08_t28.3_125_walk.jpg,违章08,28.28,1456,136,1616,296,prior_roi,walk,0
违章08/违章08_t28.5_126_walk.jpg,违章08,28.52,1456,136,1616,296,prior_roi,walk,0
违章08/违章08_t28.8_127_walk.jpg,违章08,28.75,1456,136,1616,296,prior_roi,walk,0
违章08/违章08_t29.0_128_walk.jpg,违章08,28.99,1456,136,1616,296,prior_roi,walk,0
违章08/违章08_t29.2_129_walk.jpg,违章08,29.23,1456,136,1616,296,prior_roi,walk,0
违章08/违章08_t29.5_130_walk.jpg,违章08,29.46,1456,136,1616,296,prior_roi,walk,0
违章08/违章08_t29.7_131_walk.jpg,违章08,29.7,1456,136,1616,296,prior_roi,walk,0
违章08/违章08_t29.9_132_walk.jpg,违章08,29.93,1456,136,1616,296,prior_roi,walk,0
违章08/违章08_t30.2_133_walk.jpg,违章08,30.17,1456,136,1616,296,prior_roi,walk,0
违章08/违章08_t30.4_134_walk.jpg,违章08,30.4,1456,136,1616,296,prior_roi,walk,0
违章08/违章08_t30.6_135_walk.jpg,违章08,30.64,1456,136,1616,296,prior_roi,walk,0
违章08/违章08_t30.9_136_walk.jpg,违章08,30.88,1456,136,1616,296,prior_roi,walk,0
违章08/违章08_t31.1_137_walk.jpg,违章08,31.11,1456,136,1616,296,prior_roi,walk,0
违章08/违章08_t31.4_138_walk.jpg,违章08,31.35,1456,136,1616,296,prior_roi,walk,0
违章08/违章08_t31.6_139_walk.jpg,违章08,31.58,1456,136,1616,296,prior_roi,walk,0
违章08/违章08_t31.8_140_walk.jpg,违章08,31.82,1456,136,1616,296,prior_roi,walk,0
违章08/违章08_t32.0_141_walk.jpg,违章08,32.05,1456,136,1616,296,prior_roi,walk,0
违章08/违章08_t32.3_142_walk.jpg,违章08,32.29,1456,136,1616,296,prior_roi,walk,0
违章08/违章08_t32.5_143_walk.jpg,违章08,32.53,1456,136,1616,296,prior_roi,walk,0
违章08/违章08_t32.8_144_walk.jpg,违章08,32.76,1456,136,1616,296,prior_roi,walk,0
违章08/违章08_t33.0_145_walk.jpg,违章08,33.0,1456,136,1616,296,prior_roi,walk,0
违章08/违章08_t33.2_146_walk.jpg,违章08,33.23,1456,136,1616,296,prior_roi,walk,0
违章08/违章08_t33.5_147_walk.jpg,违章08,33.47,1456,136,1616,296,prior_roi,walk,0
违章08/违章08_t33.7_148_walk.jpg,违章08,33.7,1456,136,1616,296,prior_roi,walk,0
违章08/违章08_t33.9_149_walk.jpg,违章08,33.94,1456,136,1616,296,prior_roi,walk,0
违章08/违章08_t34.2_150_walk.jpg,违章08,34.18,1456,136,1616,296,prior_roi,walk,0
违章08/违章08_t34.4_151_walk.jpg,违章08,34.41,1456,136,1616,296,prior_roi,walk,0
违章08/违章08_t34.6_152_walk.jpg,违章08,34.65,1456,136,1616,296,prior_roi,walk,0
违章08/违章08_t34.9_153_walk.jpg,违章08,34.88,1456,136,1616,296,prior_roi,walk,0
违章08/违章08_t35.1_154_walk.jpg,违章08,35.12,1456,136,1616,296,prior_roi,walk,0
违章08/违章08_t35.4_155_walk.jpg,违章08,35.35,1456,136,1616,296,prior_roi,walk,0
违章08/违章08_t35.6_156_walk.jpg,违章08,35.59,1456,136,1616,296,prior_roi,walk,0
违章08/违章08_t35.8_157_walk.jpg,违章08,35.82,1456,136,1616,296,prior_roi,walk,0
违章08/违章08_t36.1_158_walk.jpg,违章08,36.06,1456,136,1616,296,prior_roi,walk,0
违章08/违章08_t36.3_159_walk.jpg,违章08,36.3,1456,136,1616,296,prior_roi,walk,0
违章08/违章08_t36.5_160_walk.jpg,违章08,36.53,1456,136,1616,296,prior_roi,walk,0
违章08/违章08_t36.8_161_walk.jpg,违章08,36.77,1456,136,1616,296,prior_roi,walk,0
违章08/违章08_t37.0_162_walk.jpg,违章08,37.0,1456,136,1616,296,prior_roi,walk,0
违章08/违章08_t37.2_163_walk.jpg,违章08,37.24,1456,136,1616,296,prior_roi,walk,0
违章08/违章08_t37.5_164_walk.jpg,违章08,37.47,1456,136,1616,296,prior_roi,walk,0
违章08/违章08_t37.7_165_walk.jpg,违章08,37.71,1456,136,1616,296,prior_roi,walk,0
违章08/违章08_t38.0_166_walk.jpg,违章08,37.95,1456,136,1616,296,prior_roi,walk,0
违章08/违章08_t38.2_167_walk.jpg,违章08,38.18,1456,136,1616,296,prior_roi,walk,0
违章08/违章08_t38.4_168_walk.jpg,违章08,38.42,1456,136,1616,296,prior_roi,walk,0
违章08/违章08_t38.6_169_walk.jpg,违章08,38.65,1456,136,1616,296,prior_roi,walk,0
违章08/违章08_t38.9_170_walk.jpg,违章08,38.89,1456,136,1616,296,prior_roi,walk,0
违章08/违章08_t39.1_171_walk.jpg,违章08,39.12,1456,136,1616,296,prior_roi,walk,0
违章08/违章08_t39.1_172_off.jpg,违章08,39.12,1152,892,1312,1052,prior_off,off,0
违章08/违章08_t39.4_173_walk.jpg,违章08,39.36,1456,136,1616,296,prior_roi,walk,0
违章08/违章08_t39.6_174_walk.jpg,违章08,39.6,1456,136,1616,296,prior_roi,walk,0
违章08/违章08_t39.8_175_walk.jpg,违章08,39.83,1456,136,1616,296,prior_roi,walk,0
违章08/违章08_t40.1_176_walk.jpg,违章08,40.07,1456,136,1616,296,prior_roi,walk,0
违章08/违章08_t40.1_177_off.jpg,违章08,40.07,397,752,557,912,prior_off,off,0
违章08/违章08_t40.3_178_walk.jpg,违章08,40.3,1456,136,1616,296,prior_roi,walk,0
违章08/违章08_t40.5_179_walk.jpg,违章08,40.54,1456,136,1616,296,prior_roi,walk,0
违章08/违章08_t40.5_180_off.jpg,违章08,40.54,640,564,800,724,prior_off,off,0
违章08/违章08_t40.8_181_walk.jpg,违章08,40.77,1456,136,1616,296,prior_roi,walk,0
违章08/违章08_t41.0_182_walk.jpg,违章08,41.01,1456,136,1616,296,prior_roi,walk,0
违章08/违章08_t41.2_183_walk.jpg,违章08,41.25,1456,136,1616,296,prior_roi,walk,0
违章08/违章08_t41.5_184_walk.jpg,违章08,41.48,1456,136,1616,296,prior_roi,walk,0
违章08/违章08_t41.7_185_walk.jpg,违章08,41.72,1456,136,1616,296,prior_roi,walk,0
违章08/违章08_t42.0_186_walk.jpg,违章08,41.95,1456,136,1616,296,prior_roi,walk,0
违章08/违章08_t42.2_187_walk.jpg,违章08,42.19,1456,136,1616,296,prior_roi,walk,0
违章08/违章08_t42.4_188_walk.jpg,违章08,42.42,1456,136,1616,296,prior_roi,walk,0
违章08/违章08_t42.7_189_walk.jpg,违章08,42.66,1456,136,1616,296,prior_roi,walk,0
违章08/违章08_t42.9_190_walk.jpg,违章08,42.9,1456,136,1616,296,prior_roi,walk,0
违章08/违章08_t43.1_191_walk.jpg,违章08,43.13,1456,136,1616,296,prior_roi,walk,0
违章08/违章08_t43.4_192_walk.jpg,违章08,43.37,1456,136,1616,296,prior_roi,walk,0
违章08/违章08_t43.6_193_walk.jpg,违章08,43.6,1456,136,1616,296,prior_roi,walk,0
违章08/违章08_t43.8_194_walk.jpg,违章08,43.84,1456,136,1616,296,prior_roi,walk,0
违章08/违章08_t44.1_195_walk.jpg,违章08,44.07,1456,136,1616,296,prior_roi,walk,0
违章08/违章08_t44.3_196_walk.jpg,违章08,44.31,1456,136,1616,296,prior_roi,walk,0
违章08/违章08_t44.5_197_walk.jpg,违章08,44.55,1456,136,1616,296,prior_roi,walk,0
违章08/违章08_t44.8_198_walk.jpg,违章08,44.78,1456,136,1616,296,prior_roi,walk,0
违章08/违章08_t45.0_199_walk.jpg,违章08,45.02,1456,136,1616,296,prior_roi,walk,0
违章08/违章08_t45.2_200_walk.jpg,违章08,45.25,1456,136,1616,296,prior_roi,walk,0
违章08/违章08_t45.5_201_walk.jpg,违章08,45.49,1456,136,1616,296,prior_roi,walk,0
违章08/违章08_t45.5_202_off.jpg,违章08,45.49,27,166,187,326,prior_off,off,0
违章08/违章08_t45.7_203_walk.jpg,违章08,45.72,1456,136,1616,296,prior_roi,walk,0
违章08/违章08_t46.0_204_walk.jpg,违章08,45.96,1456,136,1616,296,prior_roi,walk,0
违章08/违章08_t46.2_205_walk.jpg,违章08,46.2,1456,136,1616,296,prior_roi,walk,0
违章08/违章08_t46.4_206_walk.jpg,违章08,46.43,1456,136,1616,296,prior_roi,walk,0
违章08/违章08_t46.4_207_off.jpg,违章08,46.43,421,927,581,1080,prior_off,off,0
违章08/违章08_t46.7_208_walk.jpg,违章08,46.67,1456,136,1616,296,prior_roi,walk,0
违章08/违章08_t46.9_209_walk.jpg,违章08,46.9,1456,136,1616,296,prior_roi,walk,0
违章08/违章08_t47.1_210_walk.jpg,违章08,47.14,1456,136,1616,296,prior_roi,walk,0
违章08/违章08_t47.4_211_walk.jpg,违章08,47.37,1456,136,1616,296,prior_roi,walk,0
违章08/违章08_t47.6_212_walk.jpg,违章08,47.61,1456,136,1616,296,prior_roi,walk,0
违章08/违章08_t47.9_213_walk.jpg,违章08,47.85,1456,136,1616,296,prior_roi,walk,0
违章08/违章08_t48.1_214_walk.jpg,违章08,48.08,1456,136,1616,296,prior_roi,walk,0
违章08/违章08_t48.3_215_walk.jpg,违章08,48.32,1456,136,1616,296,prior_roi,walk,0
违章08/违章08_t48.5_216_walk.jpg,违章08,48.55,1456,136,1616,296,prior_roi,walk,0
违章08/违章08_t48.8_217_walk.jpg,违章08,48.79,1456,136,1616,296,prior_roi,walk,0
违章08/违章08_t49.0_218_walk.jpg,违章08,49.02,1456,136,1616,296,prior_roi,walk,0
违章08/违章08_t49.3_219_walk.jpg,违章08,49.26,1456,136,1616,296,prior_roi,walk,0
违章08/违章08_t49.5_220_walk.jpg,违章08,49.49,1456,136,1616,296,prior_roi,walk,0
违章08/违章08_t49.7_221_walk.jpg,违章08,49.73,1456,136,1616,296,prior_roi,walk,0
违章08/违章08_t50.0_222_walk.jpg,违章08,49.97,1456,136,1616,296,prior_roi,walk,0
违章08/违章08_t50.2_223_walk.jpg,违章08,50.2,1456,136,1616,296,prior_roi,walk,0
违章08/违章08_t50.4_224_walk.jpg,违章08,50.44,1456,136,1616,296,prior_roi,walk,0
违章08/违章08_t50.7_225_walk.jpg,违章08,50.67,1456,136,1616,296,prior_roi,walk,0
违章09/违章09_t0.0_0_stand.jpg,违章09,0.0,304,298,464,458,prior_roi,stand,0
违章09/违章09_t0.2_1_stand.jpg,违章09,0.24,304,298,464,458,prior_roi,stand,0
违章09/违章09_t0.2_2_off.jpg,违章09,0.24,304,298,464,458,impostor,off,0
违章09/违章09_t0.5_3_stand.jpg,违章09,0.47,304,298,464,458,prior_roi,stand,0
违章09/违章09_t0.7_4_stand.jpg,违章09,0.71,304,298,464,458,prior_roi,stand,0
违章09/违章09_t0.9_5_stand.jpg,违章09,0.94,304,298,464,458,prior_roi,stand,0
违章09/违章09_t0.9_6_off.jpg,违章09,0.94,304,298,464,458,impostor,off,0
违章09/违章09_t1.2_7_stand.jpg,违章09,1.18,304,298,464,458,prior_roi,stand,0
违章09/违章09_t1.2_8_off.jpg,违章09,1.18,304,298,464,458,impostor,off,0
违章09/违章09_t1.4_9_stand.jpg,违章09,1.41,304,298,464,458,prior_roi,stand,0
违章09/违章09_t1.6_10_stand.jpg,违章09,1.65,304,298,464,458,prior_roi,stand,0
违章09/违章09_t1.6_11_off.jpg,违章09,1.65,304,298,464,458,impostor,off,0
违章09/违章09_t1.6_12_off.jpg,违章09,1.65,1726,0,1886,113,prior_off,off,0
违章09/违章09_t1.9_13_stand.jpg,违章09,1.89,304,298,464,458,prior_roi,stand,0
违章09/违章09_t2.1_14_stand.jpg,违章09,2.12,304,298,464,458,prior_roi,stand,0
违章09/违章09_t2.4_15_stand.jpg,违章09,2.36,304,298,464,458,prior_roi,stand,0
违章09/违章09_t2.6_16_stand.jpg,违章09,2.59,304,298,464,458,prior_roi,stand,0
违章09/违章09_t2.8_17_stand.jpg,违章09,2.83,304,298,464,458,prior_roi,stand,0
违章09/违章09_t3.1_18_stand.jpg,违章09,3.06,304,298,464,458,prior_roi,stand,0
违章09/违章09_t3.3_19_stand.jpg,违章09,3.3,304,298,464,458,prior_roi,stand,0
违章09/违章09_t3.5_20_stand.jpg,违章09,3.54,304,298,464,458,prior_roi,stand,0
违章09/违章09_t3.5_21_off.jpg,违章09,3.54,368,813,528,973,prior_off,off,0
违章09/违章09_t3.8_22_stand.jpg,违章09,3.77,304,298,464,458,prior_roi,stand,0
违章09/违章09_t4.0_23_stand.jpg,违章09,4.01,304,298,464,458,prior_roi,stand,0
违章09/违章09_t4.2_24_stand.jpg,违章09,4.24,304,298,464,458,prior_roi,stand,0
违章09/违章09_t4.5_25_stand.jpg,违章09,4.48,304,298,464,458,prior_roi,stand,0
违章09/违章09_t4.7_26_stand.jpg,违章09,4.71,304,298,464,458,prior_roi,stand,0
违章09/违章09_t5.0_27_stand.jpg,违章09,4.95,304,298,464,458,prior_roi,stand,0
违章09/违章09_t5.2_28_stand.jpg,违章09,5.19,304,298,464,458,prior_roi,stand,0
违章09/违章09_t5.2_29_off.jpg,违章09,5.19,304,298,464,458,impostor,off,0
违章09/违章09_t5.4_30_stand.jpg,违章09,5.42,304,298,464,458,prior_roi,stand,0
违章09/违章09_t5.4_31_off.jpg,违章09,5.42,304,298,464,458,impostor,off,0
违章09/违章09_t5.7_32_stand.jpg,违章09,5.66,304,298,464,458,prior_roi,stand,0
违章09/违章09_t5.7_33_off.jpg,违章09,5.66,304,298,464,458,impostor,off,0
违章09/违章09_t5.9_34_stand.jpg,违章09,5.89,304,298,464,458,prior_roi,stand,0
违章09/违章09_t5.9_35_off.jpg,违章09,5.89,304,298,464,458,impostor,off,0
违章09/违章09_t6.1_36_stand.jpg,违章09,6.13,304,298,464,458,prior_roi,stand,0
违章09/违章09_t6.1_37_off.jpg,违章09,6.13,304,298,464,458,impostor,off,0
违章09/违章09_t6.4_38_stand.jpg,违章09,6.36,304,298,464,458,prior_roi,stand,0
违章09/违章09_t6.4_39_off.jpg,违章09,6.36,304,298,464,458,impostor,off,0
违章09/违章09_t6.6_40_stand.jpg,违章09,6.6,304,298,464,458,prior_roi,stand,0
违章09/违章09_t6.6_41_off.jpg,违章09,6.6,304,298,464,458,impostor,off,0
违章09/违章09_t6.8_42_stand.jpg,违章09,6.83,304,298,464,458,prior_roi,stand,0
违章09/违章09_t6.8_43_off.jpg,违章09,6.83,304,298,464,458,impostor,off,0
违章09/违章09_t7.1_44_off.jpg,违章09,7.07,304,298,464,458,impostor,off,0
违章09/违章09_t7.3_45_off.jpg,违章09,7.31,304,298,464,458,impostor,off,0
违章09/违章09_t7.5_46_off.jpg,违章09,7.54,304,298,464,458,impostor,off,0
违章09/违章09_t7.8_47_off.jpg,违章09,7.78,304,298,464,458,impostor,off,0
违章09/违章09_t8.0_48_off.jpg,违章09,8.01,304,298,464,458,impostor,off,0
违章09/违章09_t8.2_49_off.jpg,违章09,8.25,304,298,464,458,impostor,off,0
违章09/违章09_t8.5_50_off.jpg,违章09,8.48,304,298,464,458,impostor,off,0
违章09/违章09_t8.7_51_off.jpg,违章09,8.72,304,298,464,458,impostor,off,0
违章09/违章09_t9.0_52_off.jpg,违章09,8.96,304,298,464,458,impostor,off,0
违章09/违章09_t9.2_53_off.jpg,违章09,9.19,304,298,464,458,impostor,off,0
违章09/违章09_t9.4_54_off.jpg,违章09,9.43,304,298,464,458,impostor,off,0
违章09/违章09_t9.7_55_off.jpg,违章09,9.66,304,298,464,458,impostor,off,0
违章09/违章09_t9.9_56_off.jpg,违章09,9.9,304,298,464,458,impostor,off,0
违章09/违章09_t10.1_57_off.jpg,违章09,10.13,304,298,464,458,impostor,off,0
违章09/违章09_t10.4_58_off.jpg,违章09,10.37,304,298,464,458,impostor,off,0
违章09/违章09_t10.6_59_off.jpg,违章09,10.61,304,298,464,458,impostor,off,0
违章09/违章09_t10.8_60_off.jpg,违章09,10.84,304,298,464,458,impostor,off,0
违章09/违章09_t11.1_61_walk.jpg,违章09,11.08,304,298,464,458,prior_roi,walk,0
违章09/违章09_t11.3_62_walk.jpg,违章09,11.31,304,298,464,458,prior_roi,walk,0
违章09/违章09_t11.6_63_walk.jpg,违章09,11.55,304,298,464,458,prior_roi,walk,0
违章09/违章09_t11.8_64_walk.jpg,违章09,11.78,304,298,464,458,prior_roi,walk,0
违章09/违章09_t12.0_65_walk.jpg,违章09,12.02,304,298,464,458,prior_roi,walk,0
违章09/违章09_t12.3_66_walk.jpg,违章09,12.26,304,298,464,458,prior_roi,walk,0
违章09/违章09_t12.5_67_walk.jpg,违章09,12.49,304,298,464,458,prior_roi,walk,0
违章09/违章09_t12.7_68_walk.jpg,违章09,12.73,304,298,464,458,prior_roi,walk,0
违章09/违章09_t13.0_69_walk.jpg,违章09,12.96,304,298,464,458,prior_roi,walk,0
违章09/违章09_t13.2_70_walk.jpg,违章09,13.2,304,298,464,458,prior_roi,walk,0
违章09/违章09_t13.4_71_walk.jpg,违章09,13.43,304,298,464,458,prior_roi,walk,0
违章09/违章09_t13.7_72_walk.jpg,违章09,13.67,304,298,464,458,prior_roi,walk,0
违章09/违章09_t13.9_73_walk.jpg,违章09,13.91,304,298,464,458,prior_roi,walk,0
违章09/违章09_t14.1_74_walk.jpg,违章09,14.14,304,298,464,458,prior_roi,walk,0
违章09/违章09_t14.4_75_walk.jpg,违章09,14.38,304,298,464,458,prior_roi,walk,0
违章09/违章09_t14.6_76_walk.jpg,违章09,14.61,304,298,464,458,prior_roi,walk,0
违章09/违章09_t14.8_77_walk.jpg,违章09,14.85,304,298,464,458,prior_roi,walk,0
违章09/违章09_t15.1_78_walk.jpg,违章09,15.08,304,298,464,458,prior_roi,walk,0
违章09/违章09_t15.3_79_walk.jpg,违章09,15.32,304,298,464,458,prior_roi,walk,0
违章09/违章09_t15.6_80_walk.jpg,违章09,15.56,304,298,464,458,prior_roi,walk,0
违章09/违章09_t15.8_81_walk.jpg,违章09,15.79,304,298,464,458,prior_roi,walk,0
违章09/违章09_t16.0_82_walk.jpg,违章09,16.03,304,298,464,458,prior_roi,walk,0
违章09/违章09_t16.3_83_walk.jpg,违章09,16.26,304,298,464,458,prior_roi,walk,0
违章09/违章09_t16.5_84_walk.jpg,违章09,16.5,304,298,464,458,prior_roi,walk,0
违章09/违章09_t16.7_85_walk.jpg,违章09,16.73,304,298,464,458,prior_roi,walk,0
违章09/违章09_t17.0_86_walk.jpg,违章09,16.97,304,298,464,458,prior_roi,walk,0
违章09/违章09_t17.2_87_walk.jpg,违章09,17.21,304,298,464,458,prior_roi,walk,0
违章09/违章09_t17.4_88_walk.jpg,违章09,17.44,304,298,464,458,prior_roi,walk,0
违章09/违章09_t17.7_89_walk.jpg,违章09,17.68,304,298,464,458,prior_roi,walk,0
违章09/违章09_t17.9_90_walk.jpg,违章09,17.91,304,298,464,458,prior_roi,walk,0
违章09/违章09_t18.1_91_walk.jpg,违章09,18.15,304,298,464,458,prior_roi,walk,0
违章09/违章09_t18.4_92_walk.jpg,违章09,18.38,304,298,464,458,prior_roi,walk,0
违章09/违章09_t18.6_93_walk.jpg,违章09,18.62,304,298,464,458,prior_roi,walk,0
违章09/违章09_t18.9_94_walk.jpg,违章09,18.85,304,298,464,458,prior_roi,walk,0
违章09/违章09_t19.1_95_walk.jpg,违章09,19.09,304,298,464,458,prior_roi,walk,0
违章09/违章09_t19.3_96_walk.jpg,违章09,19.33,304,298,464,458,prior_roi,walk,0
违章09/违章09_t19.6_97_walk.jpg,违章09,19.56,304,298,464,458,prior_roi,walk,0
违章09/违章09_t19.8_98_walk.jpg,违章09,19.8,304,298,464,458,prior_roi,walk,0
违章09/违章09_t20.0_99_walk.jpg,违章09,20.03,304,298,464,458,prior_roi,walk,0
违章09/违章09_t20.3_100_walk.jpg,违章09,20.27,304,298,464,458,prior_roi,walk,0
违章09/违章09_t20.5_101_walk.jpg,违章09,20.5,304,298,464,458,prior_roi,walk,0
违章09/违章09_t20.7_102_walk.jpg,违章09,20.74,304,298,464,458,prior_roi,walk,0
违章09/违章09_t21.0_103_walk.jpg,违章09,20.98,304,298,464,458,prior_roi,walk,0
违章09/违章09_t21.2_104_walk.jpg,违章09,21.21,304,298,464,458,prior_roi,walk,0
违章09/违章09_t21.4_105_walk.jpg,违章09,21.45,304,298,464,458,prior_roi,walk,0
违章09/违章09_t21.7_106_walk.jpg,违章09,21.68,304,298,464,458,prior_roi,walk,0
违章09/违章09_t21.9_107_walk.jpg,违章09,21.92,304,298,464,458,prior_roi,walk,0
违章09/违章09_t22.1_108_walk.jpg,违章09,22.15,304,298,464,458,prior_roi,walk,0
违章09/违章09_t22.4_109_walk.jpg,违章09,22.39,304,298,464,458,prior_roi,walk,0
违章09/违章09_t22.6_110_walk.jpg,违章09,22.63,304,298,464,458,prior_roi,walk,0
违章09/违章09_t22.9_111_walk.jpg,违章09,22.86,304,298,464,458,prior_roi,walk,0
违章09/违章09_t23.1_112_walk.jpg,违章09,23.1,304,298,464,458,prior_roi,walk,0
违章09/违章09_t23.3_113_walk.jpg,违章09,23.33,304,298,464,458,prior_roi,walk,0
违章09/违章09_t23.6_114_walk.jpg,违章09,23.57,304,298,464,458,prior_roi,walk,0
违章09/违章09_t23.8_115_walk.jpg,违章09,23.8,304,298,464,458,prior_roi,walk,0
违章09/违章09_t24.0_116_walk.jpg,违章09,24.04,304,298,464,458,prior_roi,walk,0
违章09/违章09_t24.3_117_walk.jpg,违章09,24.28,304,298,464,458,prior_roi,walk,0
违章09/违章09_t24.5_118_walk.jpg,违章09,24.51,304,298,464,458,prior_roi,walk,0
违章09/违章09_t24.8_119_walk.jpg,违章09,24.75,304,298,464,458,prior_roi,walk,0
违章09/违章09_t25.0_120_walk.jpg,违章09,24.98,304,298,464,458,prior_roi,walk,0
违章09/违章09_t25.2_121_walk.jpg,违章09,25.22,304,298,464,458,prior_roi,walk,0
违章09/违章09_t25.4_122_walk.jpg,违章09,25.45,304,298,464,458,prior_roi,walk,0
违章09/违章09_t25.7_123_walk.jpg,违章09,25.69,304,298,464,458,prior_roi,walk,0
违章09/违章09_t25.9_124_walk.jpg,违章09,25.93,304,298,464,458,prior_roi,walk,0
违章09/违章09_t26.2_125_walk.jpg,违章09,26.16,304,298,464,458,prior_roi,walk,0
违章09/违章09_t26.4_126_walk.jpg,违章09,26.4,304,298,464,458,prior_roi,walk,0
违章09/违章09_t26.6_127_walk.jpg,违章09,26.63,304,298,464,458,prior_roi,walk,0
违章09/违章09_t26.9_128_walk.jpg,违章09,26.87,304,298,464,458,prior_roi,walk,0
违章09/违章09_t27.1_129_walk.jpg,违章09,27.1,304,298,464,458,prior_roi,walk,0
违章09/违章09_t27.3_130_walk.jpg,违章09,27.34,304,298,464,458,prior_roi,walk,0
违章09/违章09_t27.6_131_walk.jpg,违章09,27.58,304,298,464,458,prior_roi,walk,0
违章09/违章09_t27.8_132_walk.jpg,违章09,27.81,304,298,464,458,prior_roi,walk,0
违章09/违章09_t28.1_133_walk.jpg,违章09,28.05,304,298,464,458,prior_roi,walk,0
违章09/违章09_t28.3_134_walk.jpg,违章09,28.28,304,298,464,458,prior_roi,walk,0
违章09/违章09_t28.5_135_walk.jpg,违章09,28.52,304,298,464,458,prior_roi,walk,0
违章09/违章09_t28.8_136_walk.jpg,违章09,28.75,304,298,464,458,prior_roi,walk,0
违章09/违章09_t29.0_137_walk.jpg,违章09,28.99,304,298,464,458,prior_roi,walk,0
违章09/违章09_t29.2_138_walk.jpg,违章09,29.23,304,298,464,458,prior_roi,walk,0
违章09/违章09_t29.5_139_walk.jpg,违章09,29.46,304,298,464,458,prior_roi,walk,0
违章09/违章09_t29.7_140_walk.jpg,违章09,29.7,304,298,464,458,prior_roi,walk,0
违章09/违章09_t29.9_141_walk.jpg,违章09,29.93,304,298,464,458,prior_roi,walk,0
违章09/违章09_t30.2_142_walk.jpg,违章09,30.17,304,298,464,458,prior_roi,walk,0
违章09/违章09_t30.4_143_walk.jpg,违章09,30.4,304,298,464,458,prior_roi,walk,0
违章09/违章09_t30.6_144_walk.jpg,违章09,30.64,304,298,464,458,prior_roi,walk,0
违章09/违章09_t30.9_145_walk.jpg,违章09,30.88,304,298,464,458,prior_roi,walk,0
违章09/违章09_t31.1_146_walk.jpg,违章09,31.11,304,298,464,458,prior_roi,walk,0
违章09/违章09_t31.4_147_walk.jpg,违章09,31.35,304,298,464,458,prior_roi,walk,0
违章09/违章09_t31.6_148_walk.jpg,违章09,31.58,304,298,464,458,prior_roi,walk,0
违章09/违章09_t31.8_149_walk.jpg,违章09,31.82,304,298,464,458,prior_roi,walk,0
违章09/违章09_t31.8_150_off.jpg,违章09,31.82,1253,838,1413,998,prior_off,off,0
违章09/违章09_t32.0_151_walk.jpg,违章09,32.05,304,298,464,458,prior_roi,walk,0
违章09/违章09_t32.0_152_off.jpg,违章09,32.05,1105,292,1265,452,prior_off,off,0
违章09/违章09_t32.3_153_walk.jpg,违章09,32.29,304,298,464,458,prior_roi,walk,0
违章09/违章09_t32.5_154_walk.jpg,违章09,32.52,304,298,464,458,prior_roi,walk,0
违章09/违章09_t32.8_155_walk.jpg,违章09,32.76,304,298,464,458,prior_roi,walk,0
违章09/违章09_t33.0_156_walk.jpg,违章09,33.0,304,298,464,458,prior_roi,walk,0
违章09/违章09_t33.2_157_walk.jpg,违章09,33.23,304,298,464,458,prior_roi,walk,0
违章09/违章09_t33.5_158_walk.jpg,违章09,33.47,304,298,464,458,prior_roi,walk,0
违章09/违章09_t33.7_159_walk.jpg,违章09,33.7,304,298,464,458,prior_roi,walk,0
违章09/违章09_t33.9_160_walk.jpg,违章09,33.94,304,298,464,458,prior_roi,walk,0
违章09/违章09_t34.2_161_walk.jpg,违章09,34.17,304,298,464,458,prior_roi,walk,0
违章09/违章09_t34.4_162_walk.jpg,违章09,34.41,304,298,464,458,prior_roi,walk,0
违章09/违章09_t34.4_163_off.jpg,违章09,34.41,0,422,124,582,prior_off,off,0
违章09/违章09_t34.6_164_walk.jpg,违章09,34.65,304,298,464,458,prior_roi,walk,0
违章09/违章09_t34.9_165_walk.jpg,违章09,34.88,304,298,464,458,prior_roi,walk,0
违章09/违章09_t35.1_166_walk.jpg,违章09,35.12,304,298,464,458,prior_roi,walk,0
违章09/违章09_t35.4_167_walk.jpg,违章09,35.35,304,298,464,458,prior_roi,walk,0
违章09/违章09_t35.6_168_walk.jpg,违章09,35.59,304,298,464,458,prior_roi,walk,0
违章09/违章09_t35.8_169_walk.jpg,违章09,35.82,304,298,464,458,prior_roi,walk,0
违章09/违章09_t36.1_170_walk.jpg,违章09,36.06,304,298,464,458,prior_roi,walk,0
违章09/违章09_t36.3_171_walk.jpg,违章09,36.3,304,298,464,458,prior_roi,walk,0
违章09/违章09_t36.5_172_walk.jpg,违章09,36.53,304,298,464,458,prior_roi,walk,0
违章09/违章09_t36.8_173_walk.jpg,违章09,36.77,304,298,464,458,prior_roi,walk,0
违章09/违章09_t37.0_174_walk.jpg,违章09,37.0,304,298,464,458,prior_roi,walk,0
违章09/违章09_t37.2_175_walk.jpg,违章09,37.24,304,298,464,458,prior_roi,walk,0
违章09/违章09_t37.5_176_walk.jpg,违章09,37.47,304,298,464,458,prior_roi,walk,0
违章09/违章09_t37.7_177_walk.jpg,违章09,37.71,304,298,464,458,prior_roi,walk,0
违章09/违章09_t38.0_178_walk.jpg,违章09,37.95,304,298,464,458,prior_roi,walk,0
违章09/违章09_t38.2_179_walk.jpg,违章09,38.18,304,298,464,458,prior_roi,walk,0
违章09/违章09_t38.4_180_walk.jpg,违章09,38.42,304,298,464,458,prior_roi,walk,0
违章09/违章09_t38.6_181_walk.jpg,违章09,38.65,304,298,464,458,prior_roi,walk,0
违章09/违章09_t38.9_182_walk.jpg,违章09,38.89,304,298,464,458,prior_roi,walk,0
违章09/违章09_t39.1_183_walk.jpg,违章09,39.12,304,298,464,458,prior_roi,walk,0
违章09/违章09_t39.4_184_walk.jpg,违章09,39.36,304,298,464,458,prior_roi,walk,0
违章09/违章09_t39.4_185_off.jpg,违章09,39.36,897,871,1057,1031,prior_off,off,0
违章09/违章09_t39.6_186_walk.jpg,违章09,39.6,304,298,464,458,prior_roi,walk,0
违章09/违章09_t39.8_187_walk.jpg,违章09,39.83,304,298,464,458,prior_roi,walk,0
违章09/违章09_t40.1_188_walk.jpg,违章09,40.07,304,298,464,458,prior_roi,walk,0
违章09/违章09_t40.3_189_walk.jpg,违章09,40.3,304,298,464,458,prior_roi,walk,0
违章09/违章09_t40.5_190_walk.jpg,违章09,40.54,304,298,464,458,prior_roi,walk,0
违章09/违章09_t40.8_191_walk.jpg,违章09,40.77,304,298,464,458,prior_roi,walk,0
违章09/违章09_t41.0_192_walk.jpg,违章09,41.01,304,298,464,458,prior_roi,walk,0
违章09/违章09_t41.2_193_walk.jpg,违章09,41.25,304,298,464,458,prior_roi,walk,0
违章09/违章09_t41.5_194_walk.jpg,违章09,41.48,304,298,464,458,prior_roi,walk,0
违章09/违章09_t41.7_195_walk.jpg,违章09,41.72,304,298,464,458,prior_roi,walk,0
违章09/违章09_t42.0_196_walk.jpg,违章09,41.95,304,298,464,458,prior_roi,walk,0
违章09/违章09_t42.2_197_walk.jpg,违章09,42.19,304,298,464,458,prior_roi,walk,0
违章09/违章09_t42.2_198_off.jpg,违章09,42.19,851,438,1011,598,prior_off,off,0
违章09/违章09_t42.4_199_walk.jpg,违章09,42.42,304,298,464,458,prior_roi,walk,0
违章09/违章09_t42.7_200_walk.jpg,违章09,42.66,304,298,464,458,prior_roi,walk,0
违章09/违章09_t42.9_201_walk.jpg,违章09,42.9,304,298,464,458,prior_roi,walk,0
违章09/违章09_t43.1_202_walk.jpg,违章09,43.13,304,298,464,458,prior_roi,walk,0
违章09/违章09_t43.1_203_off.jpg,违章09,43.13,1704,715,1864,875,prior_off,off,0
违章09/违章09_t43.4_204_walk.jpg,违章09,43.37,304,298,464,458,prior_roi,walk,0
违章09/违章09_t43.6_205_walk.jpg,违章09,43.6,304,298,464,458,prior_roi,walk,0
违章09/违章09_t43.8_206_walk.jpg,违章09,43.84,304,298,464,458,prior_roi,walk,0
违章09/违章09_t44.1_207_walk.jpg,违章09,44.07,304,298,464,458,prior_roi,walk,0
违章09/违章09_t44.3_208_walk.jpg,违章09,44.31,304,298,464,458,prior_roi,walk,0
违章09/违章09_t44.5_209_walk.jpg,违章09,44.54,304,298,464,458,prior_roi,walk,0
违章09/违章09_t44.8_210_walk.jpg,违章09,44.78,304,298,464,458,prior_roi,walk,0
违章09/违章09_t45.0_211_walk.jpg,违章09,45.02,304,298,464,458,prior_roi,walk,0
违章09/违章09_t45.2_212_walk.jpg,违章09,45.25,304,298,464,458,prior_roi,walk,0
违章09/违章09_t45.5_213_walk.jpg,违章09,45.49,304,298,464,458,prior_roi,walk,0
违章09/违章09_t45.7_214_walk.jpg,违章09,45.72,304,298,464,458,prior_roi,walk,0
违章09/违章09_t46.0_215_walk.jpg,违章09,45.96,304,298,464,458,prior_roi,walk,0
违章09/违章09_t46.2_216_walk.jpg,违章09,46.19,304,298,464,458,prior_roi,walk,0
违章09/违章09_t46.4_217_walk.jpg,违章09,46.43,304,298,464,458,prior_roi,walk,0
违章09/违章09_t46.7_218_walk.jpg,违章09,46.67,304,298,464,458,prior_roi,walk,0
违章09/违章09_t46.9_219_walk.jpg,违章09,46.9,304,298,464,458,prior_roi,walk,0
违章09/违章09_t47.1_220_walk.jpg,违章09,47.14,304,298,464,458,prior_roi,walk,0
违章09/违章09_t47.4_221_walk.jpg,违章09,47.37,304,298,464,458,prior_roi,walk,0
违章09/违章09_t47.6_222_walk.jpg,违章09,47.61,304,298,464,458,prior_roi,walk,0
违章09/违章09_t47.8_223_walk.jpg,违章09,47.84,304,298,464,458,prior_roi,walk,0
违章09/违章09_t48.1_224_walk.jpg,违章09,48.08,304,298,464,458,prior_roi,walk,0
违章09/违章09_t48.3_225_walk.jpg,违章09,48.32,304,298,464,458,prior_roi,walk,0
违章09/违章09_t48.5_226_walk.jpg,违章09,48.55,304,298,464,458,prior_roi,walk,0
违章09/违章09_t48.8_227_walk.jpg,违章09,48.79,304,298,464,458,prior_roi,walk,0
违章09/违章09_t49.0_228_walk.jpg,违章09,49.02,304,298,464,458,prior_roi,walk,0
违章09/违章09_t49.3_229_walk.jpg,违章09,49.26,304,298,464,458,prior_roi,walk,0
违章09/违章09_t49.5_230_walk.jpg,违章09,49.49,304,298,464,458,prior_roi,walk,0
违章09/违章09_t49.7_231_walk.jpg,违章09,49.73,304,298,464,458,prior_roi,walk,0
违章09/违章09_t50.0_232_walk.jpg,违章09,49.97,304,298,464,458,prior_roi,walk,0
违章09/违章09_t50.2_233_walk.jpg,违章09,50.2,304,298,464,458,prior_roi,walk,0
违章09/违章09_t50.4_234_walk.jpg,违章09,50.44,304,298,464,458,prior_roi,walk,0
违章09/违章09_t50.7_235_walk.jpg,违章09,50.67,304,298,464,458,prior_roi,walk,0
违章09/违章09_t50.9_236_walk.jpg,违章09,50.91,304,298,464,458,prior_roi,walk,0
违章09/违章09_t51.1_237_walk.jpg,违章09,51.14,304,298,464,458,prior_roi,walk,0
违章09/违章09_t51.4_238_walk.jpg,违章09,51.38,304,298,464,458,prior_roi,walk,0
违章09/违章09_t51.6_239_walk.jpg,违章09,51.62,304,298,464,458,prior_roi,walk,0
违章09/违章09_t51.6_240_off.jpg,违章09,51.62,1697,316,1857,476,prior_off,off,0
违章09/违章09_t51.9_241_walk.jpg,违章09,51.85,304,298,464,458,prior_roi,walk,0
违章09/违章09_t52.1_242_walk.jpg,违章09,52.09,304,298,464,458,prior_roi,walk,0
违章09/违章09_t52.1_243_off.jpg,违章09,52.09,1572,371,1732,531,prior_off,off,0
违章09/违章09_t52.3_244_walk.jpg,违章09,52.32,304,298,464,458,prior_roi,walk,0
违章09/违章09_t52.6_245_walk.jpg,违章09,52.56,304,298,464,458,prior_roi,walk,0
违章09/违章09_t52.8_246_walk.jpg,违章09,52.79,304,298,464,458,prior_roi,walk,0
违章09/违章09_t53.0_247_walk.jpg,违章09,53.03,304,298,464,458,prior_roi,walk,0
违章09/违章09_t53.3_248_walk.jpg,违章09,53.27,304,298,464,458,prior_roi,walk,0
违章09/违章09_t53.5_249_walk.jpg,违章09,53.5,304,298,464,458,prior_roi,walk,0
违章09/违章09_t53.7_250_walk.jpg,违章09,53.74,304,298,464,458,prior_roi,walk,0
违章09/违章09_t54.0_251_walk.jpg,违章09,53.97,304,298,464,458,prior_roi,walk,0
违章09/违章09_t54.2_252_walk.jpg,违章09,54.21,304,298,464,458,prior_roi,walk,0
违章09/违章09_t54.4_253_walk.jpg,违章09,54.44,304,298,464,458,prior_roi,walk,0
违章09/违章09_t54.7_254_walk.jpg,违章09,54.68,304,298,464,458,prior_roi,walk,0
违章09/违章09_t54.9_255_walk.jpg,违章09,54.92,304,298,464,458,prior_roi,walk,0
违章09/违章09_t55.1_256_walk.jpg,违章09,55.15,304,298,464,458,prior_roi,walk,0
违章09/违章09_t55.4_257_walk.jpg,违章09,55.39,304,298,464,458,prior_roi,walk,0
违章09/违章09_t55.6_258_walk.jpg,违章09,55.62,304,298,464,458,prior_roi,walk,0
违章09/违章09_t55.9_259_walk.jpg,违章09,55.86,304,298,464,458,prior_roi,walk,0
违章09/违章09_t56.1_260_walk.jpg,违章09,56.09,304,298,464,458,prior_roi,walk,0
违章09/违章09_t56.3_261_walk.jpg,违章09,56.33,304,298,464,458,prior_roi,walk,0
违章09/违章09_t56.6_262_walk.jpg,违章09,56.56,304,298,464,458,prior_roi,walk,0
违章09/违章09_t56.8_263_walk.jpg,违章09,56.8,304,298,464,458,prior_roi,walk,0
违章09/违章09_t57.0_264_walk.jpg,违章09,57.04,304,298,464,458,prior_roi,walk,0
违章09/违章09_t57.3_265_walk.jpg,违章09,57.27,304,298,464,458,prior_roi,walk,0
违章09/违章09_t57.5_266_walk.jpg,违章09,57.51,304,298,464,458,prior_roi,walk,0
违章09/违章09_t57.7_267_walk.jpg,违章09,57.74,304,298,464,458,prior_roi,walk,0
违章09/违章09_t58.0_268_walk.jpg,违章09,57.98,304,298,464,458,prior_roi,walk,0
违章09/违章09_t58.2_269_walk.jpg,违章09,58.21,304,298,464,458,prior_roi,walk,0
违章09/违章09_t58.2_270_off.jpg,违章09,58.21,1539,702,1699,862,prior_off,off,0
违章09/违章09_t58.5_271_walk.jpg,违章09,58.45,304,298,464,458,prior_roi,walk,0
违章09/违章09_t58.7_272_walk.jpg,违章09,58.69,304,298,464,458,prior_roi,walk,0
违章09/违章09_t58.9_273_walk.jpg,违章09,58.92,304,298,464,458,prior_roi,walk,0
违章09/违章09_t59.2_274_walk.jpg,违章09,59.16,304,298,464,458,prior_roi,walk,0
违章09/违章09_t59.4_275_walk.jpg,违章09,59.39,304,298,464,458,prior_roi,walk,0
违章09/违章09_t59.6_276_walk.jpg,违章09,59.63,304,298,464,458,prior_roi,walk,0
违章09/违章09_t59.9_277_walk.jpg,违章09,59.86,304,298,464,458,prior_roi,walk,0
违章09/违章09_t60.1_278_walk.jpg,违章09,60.1,304,298,464,458,prior_roi,walk,0
违章09/违章09_t60.3_279_walk.jpg,违章09,60.34,304,298,464,458,prior_roi,walk,0
违章09/违章09_t60.6_280_walk.jpg,违章09,60.57,304,298,464,458,prior_roi,walk,0
违章09/违章09_t60.8_281_walk.jpg,违章09,60.81,304,298,464,458,prior_roi,walk,0
违章09/违章09_t61.0_282_walk.jpg,违章09,61.04,304,298,464,458,prior_roi,walk,0
违章09/违章09_t61.3_283_walk.jpg,违章09,61.28,304,298,464,458,prior_roi,walk,0
违章09/违章09_t61.5_284_walk.jpg,违章09,61.51,304,298,464,458,prior_roi,walk,0
违章09/违章09_t61.8_285_walk.jpg,违章09,61.75,304,298,464,458,prior_roi,walk,0
违章09/违章09_t62.0_286_walk.jpg,违章09,61.99,304,298,464,458,prior_roi,walk,0
违章09/违章09_t62.2_287_walk.jpg,违章09,62.22,304,298,464,458,prior_roi,walk,0
违章09/违章09_t62.5_288_walk.jpg,违章09,62.46,304,298,464,458,prior_roi,walk,0
违章09/违章09_t62.7_289_walk.jpg,违章09,62.69,304,298,464,458,prior_roi,walk,0
违章09/违章09_t62.9_290_walk.jpg,违章09,62.93,304,298,464,458,prior_roi,walk,0
违章09/违章09_t63.2_291_walk.jpg,违章09,63.16,304,298,464,458,prior_roi,walk,0
违章09/违章09_t63.4_292_walk.jpg,违章09,63.4,304,298,464,458,prior_roi,walk,0
违章09/违章09_t63.6_293_walk.jpg,违章09,63.64,304,298,464,458,prior_roi,walk,0
违章09/违章09_t63.9_294_walk.jpg,违章09,63.87,304,298,464,458,prior_roi,walk,0
违章09/违章09_t63.9_295_off.jpg,违章09,63.87,869,612,1029,772,prior_off,off,0
违章09/违章09_t64.1_296_walk.jpg,违章09,64.11,304,298,464,458,prior_roi,walk,0
违章09/违章09_t64.3_297_walk.jpg,违章09,64.34,304,298,464,458,prior_roi,walk,0
违章09/违章09_t64.6_298_walk.jpg,违章09,64.58,304,298,464,458,prior_roi,walk,0
违章09/违章09_t64.8_299_walk.jpg,违章09,64.81,304,298,464,458,prior_roi,walk,0
违章09/违章09_t65.0_300_walk.jpg,违章09,65.05,304,298,464,458,prior_roi,walk,0
违章09/违章09_t65.3_301_walk.jpg,违章09,65.29,304,298,464,458,prior_roi,walk,0
违章09/违章09_t65.5_302_walk.jpg,违章09,65.52,304,298,464,458,prior_roi,walk,0
违章09/违章09_t65.8_303_walk.jpg,违章09,65.76,304,298,464,458,prior_roi,walk,0
违章09/违章09_t66.0_304_walk.jpg,违章09,65.99,304,298,464,458,prior_roi,walk,0
违章09/违章09_t66.2_305_walk.jpg,违章09,66.23,304,298,464,458,prior_roi,walk,0
违章09/违章09_t66.5_306_walk.jpg,违章09,66.46,304,298,464,458,prior_roi,walk,0
违章09/违章09_t66.7_307_walk.jpg,违章09,66.7,304,298,464,458,prior_roi,walk,0
违章09/违章09_t66.9_308_walk.jpg,违章09,66.94,304,298,464,458,prior_roi,walk,0
违章09/违章09_t67.2_309_walk.jpg,违章09,67.17,304,298,464,458,prior_roi,walk,0
违章09/违章09_t67.4_310_walk.jpg,违章09,67.41,304,298,464,458,prior_roi,walk,0
违章09/违章09_t67.6_311_walk.jpg,违章09,67.64,304,298,464,458,prior_roi,walk,0
违章09/违章09_t67.6_312_off.jpg,违章09,67.64,960,608,1120,768,prior_off,off,0
违章09/违章09_t67.9_313_walk.jpg,违章09,67.88,304,298,464,458,prior_roi,walk,0
违章09/违章09_t68.1_314_walk.jpg,违章09,68.11,304,298,464,458,prior_roi,walk,0
违章09/违章09_t68.3_315_walk.jpg,违章09,68.35,304,298,464,458,prior_roi,walk,0
违章09/违章09_t68.6_316_walk.jpg,违章09,68.58,304,298,464,458,prior_roi,walk,0
违章09/违章09_t68.8_317_walk.jpg,违章09,68.82,304,298,464,458,prior_roi,walk,0
违章09/违章09_t69.1_318_walk.jpg,违章09,69.06,304,298,464,458,prior_roi,walk,0
违章09/违章09_t69.3_319_walk.jpg,违章09,69.29,304,298,464,458,prior_roi,walk,0
违章09/违章09_t69.5_320_walk.jpg,违章09,69.53,304,298,464,458,prior_roi,walk,0
违章09/违章09_t69.8_321_walk.jpg,违章09,69.76,304,298,464,458,prior_roi,walk,0
违章09/违章09_t70.0_322_walk.jpg,违章09,70.0,304,298,464,458,prior_roi,walk,0
违章09/违章09_t70.2_323_walk.jpg,违章09,70.23,304,298,464,458,prior_roi,walk,0
违章09/违章09_t70.5_324_walk.jpg,违章09,70.47,304,298,464,458,prior_roi,walk,0
违章09/违章09_t70.7_325_walk.jpg,违章09,70.71,304,298,464,458,prior_roi,walk,0
违章09/违章09_t70.9_326_walk.jpg,违章09,70.94,304,298,464,458,prior_roi,walk,0
违章09/违章09_t71.2_327_walk.jpg,违章09,71.18,304,298,464,458,prior_roi,walk,0
违章09/违章09_t71.4_328_walk.jpg,违章09,71.41,304,298,464,458,prior_roi,walk,0
违章09/违章09_t71.7_329_walk.jpg,违章09,71.65,304,298,464,458,prior_roi,walk,0
违章09/违章09_t71.9_330_walk.jpg,违章09,71.88,304,298,464,458,prior_roi,walk,0
违章09/违章09_t72.1_331_off.jpg,违章09,72.12,304,298,464,458,impostor,off,0
违章09/违章09_t72.4_332_off.jpg,违章09,72.36,304,298,464,458,impostor,off,0
违章09/违章09_t72.6_333_off.jpg,违章09,72.59,304,298,464,458,impostor,off,0
违章09/违章09_t72.8_334_off.jpg,违章09,72.83,304,298,464,458,impostor,off,0
违章09/违章09_t73.1_335_off.jpg,违章09,73.06,304,298,464,458,impostor,off,0
违章09/违章09_t73.3_336_off.jpg,违章09,73.3,304,298,464,458,impostor,off,0
违章09/违章09_t73.5_337_off.jpg,违章09,73.53,304,298,464,458,impostor,off,0
违章09/违章09_t73.8_338_off.jpg,违章09,73.77,304,298,464,458,impostor,off,0
违章09/违章09_t74.0_339_off.jpg,违章09,74.01,304,298,464,458,impostor,off,0
违章09/违章09_t74.2_340_off.jpg,违章09,74.24,304,298,464,458,impostor,off,0
违章09/违章09_t74.5_341_off.jpg,违章09,74.48,304,298,464,458,impostor,off,0
违章09/违章09_t74.7_342_off.jpg,违章09,74.71,304,298,464,458,impostor,off,0
违章09/违章09_t75.0_343_off.jpg,违章09,74.95,304,298,464,458,impostor,off,0
违章09/违章09_t75.2_344_off.jpg,违章09,75.18,304,298,464,458,impostor,off,0
违章09/违章09_t75.4_345_off.jpg,违章09,75.42,304,298,464,458,impostor,off,0
违章09/违章09_t75.7_346_off.jpg,违章09,75.66,304,298,464,458,impostor,off,0
违章09/违章09_t75.9_347_off.jpg,违章09,75.89,304,298,464,458,impostor,off,0
违章09/违章09_t76.1_348_off.jpg,违章09,76.13,304,298,464,458,impostor,off,0
违章09/违章09_t76.4_349_off.jpg,违章09,76.36,304,298,464,458,impostor,off,0
违章09/违章09_t76.6_350_off.jpg,违章09,76.6,304,298,464,458,impostor,off,0
违章09/违章09_t76.8_351_off.jpg,违章09,76.83,304,298,464,458,impostor,off,0
违章09/违章09_t77.1_352_off.jpg,违章09,77.07,304,298,464,458,impostor,off,0
违章09/违章09_t77.3_353_off.jpg,违章09,77.31,304,298,464,458,impostor,off,0
违章09/违章09_t77.5_354_off.jpg,违章09,77.54,304,298,464,458,impostor,off,0
违章09/违章09_t77.8_355_off.jpg,违章09,77.78,304,298,464,458,impostor,off,0
违章09/违章09_t78.0_356_off.jpg,违章09,78.01,304,298,464,458,impostor,off,0
违章09/违章09_t78.2_357_off.jpg,违章09,78.25,304,298,464,458,impostor,off,0
违章09/违章09_t78.5_358_off.jpg,违章09,78.48,304,298,464,458,impostor,off,0
违章09/违章09_t78.7_359_off.jpg,违章09,78.72,304,298,464,458,impostor,off,0
违章09/违章09_t79.0_360_off.jpg,违章09,78.96,304,298,464,458,impostor,off,0
违章09/违章09_t79.2_361_off.jpg,违章09,79.19,304,298,464,458,impostor,off,0
违章09/违章09_t79.4_362_off.jpg,违章09,79.43,304,298,464,458,impostor,off,0
违章09/违章09_t79.7_363_off.jpg,违章09,79.66,304,298,464,458,impostor,off,0
违章09/违章09_t80.1_364_off.jpg,违章09,80.13,304,298,464,458,impostor,off,0
违章09/违章09_t80.4_365_off.jpg,违章09,80.37,304,298,464,458,impostor,off,0
违章09/违章09_t80.6_366_off.jpg,违章09,80.61,304,298,464,458,impostor,off,0
违章09/违章09_t80.8_367_off.jpg,违章09,80.84,304,298,464,458,impostor,off,0
违章09/违章09_t80.8_368_off.jpg,违章09,80.84,590,943,750,1080,prior_off,off,0
违章09/违章09_t81.1_369_off.jpg,违章09,81.08,304,298,464,458,impostor,off,0
违章09/违章09_t81.3_370_off.jpg,违章09,81.31,304,298,464,458,impostor,off,0
违章09/违章09_t81.5_371_off.jpg,违章09,81.55,304,298,464,458,impostor,off,0
违章09/违章09_t81.8_372_off.jpg,违章09,81.78,304,298,464,458,impostor,off,0
违章09/违章09_t82.0_373_off.jpg,违章09,82.02,304,298,464,458,impostor,off,0
违章09/违章09_t82.2_374_off.jpg,违章09,82.25,304,298,464,458,impostor,off,0
违章09/违章09_t82.5_375_off.jpg,违章09,82.49,304,298,464,458,impostor,off,0
违章09/违章09_t82.7_376_off.jpg,违章09,82.73,304,298,464,458,impostor,off,0
违章09/违章09_t83.0_377_off.jpg,违章09,82.96,304,298,464,458,impostor,off,0
违章09/违章09_t83.2_378_off.jpg,违章09,83.2,304,298,464,458,impostor,off,0
违章09/违章09_t83.4_379_off.jpg,违章09,83.43,304,298,464,458,impostor,off,0
违章09/违章09_t83.7_380_off.jpg,违章09,83.67,304,298,464,458,impostor,off,0
违章09/违章09_t83.9_381_off.jpg,违章09,83.9,304,298,464,458,impostor,off,0
违章09/违章09_t84.1_382_off.jpg,违章09,84.14,304,298,464,458,impostor,off,0
违章09/违章09_t84.4_383_off.jpg,违章09,84.38,304,298,464,458,impostor,off,0
违章09/违章09_t84.6_384_off.jpg,违章09,84.61,304,298,464,458,impostor,off,0
违章09/违章09_t84.8_385_off.jpg,违章09,84.85,304,298,464,458,impostor,off,0
违章09/违章09_t85.1_386_off.jpg,违章09,85.08,304,298,464,458,impostor,off,0
违章09/违章09_t85.3_387_off.jpg,违章09,85.32,304,298,464,458,impostor,off,0
违章09/违章09_t85.5_388_off.jpg,违章09,85.55,304,298,464,458,impostor,off,0
违章09/违章09_t85.8_389_off.jpg,违章09,85.79,304,298,464,458,impostor,off,0
违章09/违章09_t86.0_390_off.jpg,违章09,86.03,304,298,464,458,impostor,off,0
违章09/违章09_t86.3_391_off.jpg,违章09,86.26,304,298,464,458,impostor,off,0
违章09/违章09_t86.5_392_off.jpg,违章09,86.5,304,298,464,458,impostor,off,0
违章09/违章09_t86.5_393_off.jpg,违章09,86.5,1644,157,1804,317,prior_off,off,0
违章09/违章09_t86.7_394_off.jpg,违章09,86.73,304,298,464,458,impostor,off,0
违章09/违章09_t87.0_395_off.jpg,违章09,86.97,304,298,464,458,impostor,off,0
违章09/违章09_t87.2_396_off.jpg,违章09,87.2,304,298,464,458,impostor,off,0
违章09/违章09_t87.4_397_off.jpg,违章09,87.44,304,298,464,458,impostor,off,0
违章09/违章09_t87.7_398_off.jpg,违章09,87.68,304,298,464,458,impostor,off,0
违章09/违章09_t87.9_399_off.jpg,违章09,87.91,304,298,464,458,impostor,off,0
违章09/违章09_t88.2_400_off.jpg,违章09,88.15,304,298,464,458,impostor,off,0
违章09/违章09_t88.4_401_off.jpg,违章09,88.38,304,298,464,458,impostor,off,0
违章09/违章09_t88.6_402_off.jpg,违章09,88.62,304,298,464,458,impostor,off,0
违章09/违章09_t88.8_403_off.jpg,违章09,88.85,304,298,464,458,impostor,off,0
违章09/违章09_t89.1_404_off.jpg,违章09,89.09,304,298,464,458,impostor,off,0
违章09/违章09_t89.3_405_off.jpg,违章09,89.33,304,298,464,458,impostor,off,0
违章09/违章09_t89.6_406_off.jpg,违章09,89.56,304,298,464,458,impostor,off,0
违章09/违章09_t89.8_407_off.jpg,违章09,89.8,304,298,464,458,impostor,off,0
违章09/违章09_t90.0_408_off.jpg,违章09,90.03,304,298,464,458,impostor,off,0
违章09/违章09_t90.3_409_off.jpg,违章09,90.27,304,298,464,458,impostor,off,0
违章09/违章09_t90.5_410_off.jpg,违章09,90.5,304,298,464,458,impostor,off,0
违章09/违章09_t90.7_411_off.jpg,违章09,90.74,304,298,464,458,impostor,off,0
违章09/违章09_t91.0_412_off.jpg,违章09,90.98,304,298,464,458,impostor,off,0
违章09/违章09_t91.2_413_off.jpg,违章09,91.21,304,298,464,458,impostor,off,0
违章09/违章09_t91.5_414_off.jpg,违章09,91.45,304,298,464,458,impostor,off,0
违章09/违章09_t91.7_415_off.jpg,违章09,91.68,304,298,464,458,impostor,off,0
违章09/违章09_t91.9_416_off.jpg,违章09,91.92,304,298,464,458,impostor,off,0
违章09/违章09_t92.2_417_off.jpg,违章09,92.15,304,298,464,458,impostor,off,0
违章09/违章09_t92.4_418_off.jpg,违章09,92.39,304,298,464,458,impostor,off,0
违章09/违章09_t92.6_419_off.jpg,违章09,92.63,304,298,464,458,impostor,off,0
违章09/违章09_t92.9_420_off.jpg,违章09,92.86,304,298,464,458,impostor,off,0
违章09/违章09_t93.1_421_off.jpg,违章09,93.1,304,298,464,458,impostor,off,0
违章09/违章09_t93.3_422_off.jpg,违章09,93.33,304,298,464,458,impostor,off,0
违章09/违章09_t93.6_423_off.jpg,违章09,93.57,304,298,464,458,impostor,off,0
违章09/违章09_t93.8_424_off.jpg,违章09,93.8,304,298,464,458,impostor,off,0
违章09/违章09_t94.0_425_off.jpg,违章09,94.04,304,298,464,458,impostor,off,0
违章09/违章09_t94.3_426_off.jpg,违章09,94.27,304,298,464,458,impostor,off,0
违章09/违章09_t94.3_427_off.jpg,违章09,94.27,1376,416,1536,576,prior_off,off,0
违章09/违章09_t94.5_428_off.jpg,违章09,94.51,304,298,464,458,impostor,off,0
违章09/违章09_t94.8_429_off.jpg,违章09,94.75,304,298,464,458,impostor,off,0
违章09/违章09_t95.0_430_off.jpg,违章09,94.98,304,298,464,458,impostor,off,0
违章09/违章09_t95.2_431_off.jpg,违章09,95.22,304,298,464,458,impostor,off,0
违章09/违章09_t95.5_432_off.jpg,违章09,95.45,304,298,464,458,impostor,off,0
违章09/违章09_t95.7_433_off.jpg,违章09,95.69,304,298,464,458,impostor,off,0
违章09/违章09_t95.9_434_off.jpg,违章09,95.92,304,298,464,458,impostor,off,0
违章09/违章09_t96.2_435_off.jpg,违章09,96.16,304,298,464,458,impostor,off,0
违章09/违章09_t96.4_436_off.jpg,违章09,96.4,304,298,464,458,impostor,off,0
违章09/违章09_t96.6_437_off.jpg,违章09,96.63,304,298,464,458,impostor,off,0
违章09/违章09_t96.9_438_off.jpg,违章09,96.87,304,298,464,458,impostor,off,0
违章09/违章09_t97.1_439_off.jpg,违章09,97.1,304,298,464,458,impostor,off,0
违章09/违章09_t97.3_440_off.jpg,违章09,97.34,304,298,464,458,impostor,off,0
违章09/违章09_t97.6_441_off.jpg,违章09,97.57,304,298,464,458,impostor,off,0
违章09/违章09_t97.8_442_off.jpg,违章09,97.81,304,298,464,458,impostor,off,0
违章09/违章09_t97.8_443_off.jpg,违章09,97.81,1470,300,1630,460,prior_off,off,0
违章09/违章09_t98.0_444_off.jpg,违章09,98.05,304,298,464,458,impostor,off,0
违章09/违章09_t98.3_445_off.jpg,违章09,98.28,304,298,464,458,impostor,off,0
违章09/违章09_t98.5_446_off.jpg,违章09,98.52,304,298,464,458,impostor,off,0
违章09/违章09_t98.8_447_off.jpg,违章09,98.75,304,298,464,458,impostor,off,0
违章09/违章09_t99.0_448_off.jpg,违章09,98.99,304,298,464,458,impostor,off,0
违章09/违章09_t99.2_449_off.jpg,违章09,99.22,304,298,464,458,impostor,off,0
违章09/违章09_t99.5_450_off.jpg,违章09,99.46,304,298,464,458,impostor,off,0
违章09/违章09_t99.7_451_off.jpg,违章09,99.7,304,298,464,458,impostor,off,0
违章09/违章09_t99.9_452_off.jpg,违章09,99.93,304,298,464,458,impostor,off,0
违章09/违章09_t100.2_453_off.jpg,违章09,100.17,304,298,464,458,impostor,off,0
违章09/违章09_t100.4_454_off.jpg,违章09,100.4,304,298,464,458,impostor,off,0
违章09/违章09_t100.6_455_off.jpg,违章09,100.64,304,298,464,458,impostor,off,0
违章09/违章09_t100.9_456_off.jpg,违章09,100.87,304,298,464,458,impostor,off,0
违章09/违章09_t101.1_457_off.jpg,违章09,101.11,304,298,464,458,impostor,off,0
违章09/违章09_t101.1_458_off.jpg,违章09,101.11,953,47,1113,207,prior_off,off,0
违章09/违章09_t101.3_459_off.jpg,违章09,101.35,304,298,464,458,impostor,off,0
违章09/违章09_t101.6_460_off.jpg,违章09,101.58,304,298,464,458,impostor,off,0
违章09/违章09_t101.8_461_off.jpg,违章09,101.82,304,298,464,458,impostor,off,0
违章09/违章09_t102.0_462_off.jpg,违章09,102.05,304,298,464,458,impostor,off,0
违章09/违章09_t102.3_463_off.jpg,违章09,102.29,304,298,464,458,impostor,off,0
违章09/违章09_t102.5_464_off.jpg,违章09,102.52,304,298,464,458,impostor,off,0
违章09/违章09_t102.8_465_off.jpg,违章09,102.76,304,298,464,458,impostor,off,0
违章09/违章09_t103.0_466_off.jpg,违章09,103.0,304,298,464,458,impostor,off,0
违章09/违章09_t103.0_467_off.jpg,违章09,103.0,1410,744,1570,904,prior_off,off,0
违章09/违章09_t103.2_468_off.jpg,违章09,103.23,304,298,464,458,impostor,off,0
违章09/违章09_t103.5_469_off.jpg,违章09,103.47,304,298,464,458,impostor,off,0
违章09/违章09_t103.7_470_off.jpg,违章09,103.7,304,298,464,458,impostor,off,0
违章09/违章09_t103.9_471_off.jpg,违章09,103.94,304,298,464,458,impostor,off,0
违章09/违章09_t104.2_472_off.jpg,违章09,104.17,304,298,464,458,impostor,off,0
违章09/违章09_t104.4_473_off.jpg,违章09,104.41,304,298,464,458,impostor,off,0
违章09/违章09_t104.7_474_off.jpg,违章09,104.65,304,298,464,458,impostor,off,0
违章09/违章09_t104.9_475_off.jpg,违章09,104.88,304,298,464,458,impostor,off,0
违章09/违章09_t105.1_476_off.jpg,违章09,105.12,304,298,464,458,impostor,off,0
违章09/违章09_t105.3_477_off.jpg,违章09,105.35,304,298,464,458,impostor,off,0
违章09/违章09_t105.3_478_off.jpg,违章09,105.35,1692,532,1852,692,prior_off,off,0
违章09/违章09_t105.6_479_off.jpg,违章09,105.59,304,298,464,458,impostor,off,0
违章09/违章09_t105.8_480_off.jpg,违章09,105.82,304,298,464,458,impostor,off,0
违章09/违章09_t106.1_481_off.jpg,违章09,106.06,304,298,464,458,impostor,off,0
违章09/违章09_t106.3_482_off.jpg,违章09,106.29,304,298,464,458,impostor,off,0
违章09/违章09_t103.7_483_off.jpg,违章09,103.7,332,47,340,56,impostor_outside,off,0
违章09/违章09_t104.4_484_off.jpg,违章09,104.41,519,154,528,162,impostor_outside,off,0
违章09/违章09_t93.3_485_off.jpg,违章09,93.33,1381,140,1393,153,impostor_outside,off,0
违章09/违章09_t91.7_486_off.jpg,违章09,91.68,1760,125,1769,135,impostor_outside,off,0
违章09/违章09_t104.4_487_off.jpg,违章09,104.41,194,203,203,211,impostor_outside,off,0
违章09/违章09_t76.4_488_off.jpg,违章09,76.36,983,202,999,224,impostor_outside,off,0
违章09/违章09_t73.5_489_off.jpg,违章09,73.53,1735,45,1746,59,impostor_outside,off,0
违章09/违章09_t104.9_490_off.jpg,违章09,104.88,140,137,162,160,impostor_outside,off,0
违章09/违章09_t0.9_491_off.jpg,违章09,0.94,511,528,524,536,impostor_outside,off,0
违章09/违章09_t86.5_492_off.jpg,违章09,86.5,1546,639,1654,708,impostor_outside,off,0
违章09/违章09_t91.9_493_off.jpg,违章09,91.92,1510,55,1538,89,impostor_outside,off,0
违章09/违章09_t105.3_494_off.jpg,违章09,105.35,458,192,466,204,impostor_outside,off,0
违章09/违章09_t94.8_495_off.jpg,违章09,94.75,349,745,358,754,impostor_outside,off,0
违章09/违章09_t87.2_496_off.jpg,违章09,87.2,1481,50,1491,62,impostor_outside,off,0
违章09/违章09_t103.7_497_off.jpg,违章09,103.7,297,30,308,41,impostor_outside,off,0
违章09/违章09_t105.6_498_off.jpg,违章09,105.59,168,113,178,125,impostor_outside,off,0
违章09/违章09_t102.5_499_off.jpg,违章09,102.52,662,123,687,152,impostor_outside,off,0
违章09/违章09_t91.7_500_off.jpg,违章09,91.68,1243,259,1252,267,impostor_outside,off,0
违章09/违章09_t87.9_501_off.jpg,违章09,87.91,1535,92,1546,102,impostor_outside,off,0
违章09/违章09_t103.5_502_off.jpg,违章09,103.47,555,211,581,223,impostor_outside,off,0
违章09/违章09_t101.6_503_off.jpg,违章09,101.58,696,21,711,29,impostor_outside,off,0
违章09/违章09_t105.3_504_off.jpg,违章09,105.35,49,88,68,119,impostor_outside,off,0
违章09/违章09_t96.6_505_off.jpg,违章09,96.63,784,261,799,276,impostor_outside,off,0
违章09/违章09_t104.2_506_off.jpg,违章09,104.17,145,3,165,30,impostor_outside,off,0
违章09/违章09_t78.0_507_off.jpg,违章09,78.01,1605,66,1620,84,impostor_outside,off,0
违章09/违章09_t87.0_508_off.jpg,违章09,86.97,735,968,746,985,impostor_outside,off,0
违章09/违章09_t87.0_509_off.jpg,违章09,86.97,1584,621,1609,636,impostor_outside,off,0
违章09/违章09_t94.0_510_off.jpg,违章09,94.04,1470,310,1573,353,impostor_outside,off,0
违章09/违章09_t105.6_511_off.jpg,违章09,105.59,41,54,113,158,impostor_outside,off,0
违章09/违章09_t86.7_512_off.jpg,违章09,86.73,1779,197,1790,207,impostor_outside,off,0
违章09/违章09_t86.5_513_off.jpg,违章09,86.5,1363,613,1376,629,impostor_outside,off,0
违章09/违章09_t106.1_514_off.jpg,违章09,106.06,224,218,244,235,impostor_outside,off,0
违章09/违章09_t4.0_515_off.jpg,违章09,4.01,1712,766,1733,774,impostor_outside,off,0
违章09/违章09_t100.2_516_off.jpg,违章09,100.17,1614,72,1624,81,impostor_outside,off,0
违章09/违章09_t105.6_517_off.jpg,违章09,105.59,98,48,109,58,impostor_outside,off,0
违章09/违章09_t91.0_518_off.jpg,违章09,90.98,875,464,883,474,impostor_outside,off,0
违章09/违章09_t101.1_519_off.jpg,违章09,101.11,814,20,823,28,impostor_outside,off,0
违章09/违章09_t100.6_520_off.jpg,违章09,100.64,544,593,556,608,impostor_outside,off,0
违章09/违章09_t106.3_521_off.jpg,违章09,106.29,43,125,56,135,impostor_outside,off,0
违章09/违章09_t106.1_522_off.jpg,违章09,106.06,828,455,874,501,impostor_outside,off,0
违章09/违章09_t96.2_523_off.jpg,违章09,96.16,931,575,939,586,impostor_outside,off,0
违章09/违章09_t101.1_524_off.jpg,违章09,101.11,664,709,673,717,impostor_outside,off,0
违章09/违章09_t100.6_525_off.jpg,违章09,100.64,1216,17,1250,50,impostor_outside,off,0
违章09/违章09_t89.8_526_off.jpg,违章09,89.8,1442,74,1454,83,impostor_outside,off,0
违章09/违章09_t104.9_527_off.jpg,违章09,104.88,208,134,220,147,impostor_outside,off,0
违章09/违章09_t91.9_528_off.jpg,违章09,91.92,1603,304,1809,416,impostor_outside,off,0
违章09/违章09_t101.3_529_off.jpg,违章09,101.35,1332,228,1343,238,impostor_outside,off,0
违章09/违章09_t98.8_530_off.jpg,违章09,98.75,737,629,750,638,impostor_outside,off,0
违章09/违章09_t89.1_531_off.jpg,违章09,89.09,1826,193,1836,201,impostor_outside,off,0
违章09/违章09_t103.0_532_off.jpg,违章09,103.0,524,82,532,91,impostor_outside,off,0
违章09/违章09_t78.0_533_off.jpg,违章09,78.01,992,217,1004,226,impostor_outside,off,0
违章09/违章09_t92.6_534_off.jpg,违章09,92.63,1411,156,1440,175,impostor_outside,off,0
违章09/违章09_t86.3_535_off.jpg,违章09,86.26,1527,59,1548,79,impostor_outside,off,0
违章09/违章09_t103.7_536_off.jpg,违章09,103.7,305,41,315,50,impostor_outside,off,0
违章09/违章09_t9.9_537_off.jpg,违章09,9.9,1180,318,1202,352,impostor_outside,off,0
违章09/违章09_t94.8_538_off.jpg,违章09,94.75,374,719,390,738,impostor_outside,off,0
违章09/违章09_t100.9_539_off.jpg,违章09,100.87,1610,232,1628,250,impostor_outside,off,0
违章09/违章09_t81.3_540_off.jpg,违章09,81.31,802,470,945,577,impostor_outside,off,0
违章09/违章09_t93.6_541_off.jpg,违章09,93.57,1452,304,1555,352,impostor_outside,off,0
违章09/违章09_t6.8_542_off.jpg,违章09,6.83,623,519,679,539,impostor_outside,off,0
违章09/违章09_t106.3_543_off.jpg,违章09,106.29,250,227,266,242,impostor_outside,off,0
违章09/违章09_t103.9_544_off.jpg,违章09,103.94,374,144,412,173,impostor_outside,off,0
违章09/违章09_t103.7_545_off.jpg,违章09,103.7,426,205,434,222,impostor_outside,off,0
违章09/违章09_t104.4_546_off.jpg,违章09,104.41,0,67,8,77,impostor_outside,off,0
违章09/违章09_t94.5_547_off.jpg,违章09,94.51,332,732,343,743,impostor_outside,off,0
违章09/违章09_t100.4_548_off.jpg,违章09,100.4,1338,506,1353,515,impostor_outside,off,0
违章09/违章09_t81.1_549_off.jpg,违章09,81.08,970,241,990,261,impostor_outside,off,0
违章09/违章09_t101.8_550_off.jpg,违章09,101.82,1575,527,1601,538,impostor_outside,off,0
违章09/违章09_t104.7_551_off.jpg,违章09,104.65,958,432,979,447,impostor_outside,off,0
违章09/违章09_t103.7_552_off.jpg,违章09,103.7,319,0,331,9,impostor_outside,off,0
违章09/违章09_t101.3_553_off.jpg,违章09,101.35,1334,263,1344,271,impostor_outside,off,0
违章09/违章09_t6.1_554_off.jpg,违章09,6.13,1785,762,1821,778,impostor_outside,off,0
违章09/违章09_t9.4_555_off.jpg,违章09,9.43,942,549,950,557,impostor_outside,off,0
违章09/违章09_t104.2_556_off.jpg,违章09,104.17,734,471,754,482,impostor_outside,off,0
违章09/违章09_t103.7_557_off.jpg,违章09,103.7,990,432,1104,472,impostor_outside,off,0
违章09/违章09_t103.9_558_off.jpg,违章09,103.94,353,115,371,137,impostor_outside,off,0
违章09/违章09_t105.1_559_off.jpg,违章09,105.12,208,108,217,118,impostor_outside,off,0
违章09/违章09_t100.2_560_off.jpg,违章09,100.17,1426,12,1440,24,impostor_outside,off,0
违章09/违章09_t99.7_561_off.jpg,违章09,99.7,1475,81,1508,98,impostor_outside,off,0
违章09/违章09_t97.3_562_off.jpg,违章09,97.34,1858,23,1883,37,impostor_outside,off,0
违章09/违章09_t105.1_563_off.jpg,违章09,105.12,172,183,197,192,impostor_outside,off,0
违章09/违章09_t100.6_564_off.jpg,违章09,100.64,1191,2,1200,16,impostor_outside,off,0
违章09/违章09_t9.7_565_off.jpg,违章09,9.66,593,466,660,515,impostor_outside,off,0
违章09/违章09_t102.3_566_off.jpg,违章09,102.29,642,67,653,87,impostor_outside,off,0
违章09/违章09_t99.2_567_off.jpg,违章09,99.22,762,638,773,648,impostor_outside,off,0
违章09/违章09_t101.1_568_off.jpg,违章09,101.11,1367,196,1396,212,impostor_outside,off,0
违章09/违章09_t6.1_569_off.jpg,违章09,6.13,819,769,855,781,impostor_outside,off,0
违章09/违章09_t84.4_570_off.jpg,违章09,84.38,1826,66,1836,76,impostor_outside,off,0
违章09/违章09_t95.7_571_off.jpg,违章09,95.69,738,310,752,321,impostor_outside,off,0
违章09/违章09_t102.0_572_off.jpg,违章09,102.05,700,13,715,33,impostor_outside,off,0
违章09/违章09_t103.0_573_off.jpg,违章09,103.0,520,10,532,25,impostor_outside,off,0
违章09/违章09_t100.4_574_off.jpg,违章09,100.4,1686,196,1717,221,impostor_outside,off,0
违章09/违章09_t94.0_575_off.jpg,违章09,94.04,262,723,274,740,impostor_outside,off,0
违章09/违章09_t93.1_576_off.jpg,违章09,93.1,1605,33,1613,43,impostor_outside,off,0
违章09/违章09_t103.9_577_off.jpg,违章09,103.94,287,185,296,196,impostor_outside,off,0
违章09/违章09_t104.2_578_off.jpg,违章09,104.17,317,63,325,73,impostor_outside,off,0
违章09/违章09_t95.7_579_off.jpg,违章09,95.69,740,287,749,295,impostor_outside,off,0
违章09/违章09_t85.3_580_off.jpg,违章09,85.32,776,449,926,567,impostor_outside,off,0
违章09/违章09_t105.1_581_off.jpg,违章09,105.12,193,56,205,64,impostor_outside,off,0
违章09/违章09_t92.6_582_off.jpg,违章09,92.63,1417,141,1427,155,impostor_outside,off,0
违章09/违章09_t88.6_583_off.jpg,违章09,88.62,886,462,905,479,impostor_outside,off,0
违章09/违章09_t101.6_584_off.jpg,违章09,101.58,1095,422,1114,440,impostor_outside,off,0
违章09/违章09_t92.9_585_off.jpg,违章09,92.86,1413,3,1421,11,impostor_outside,off,0
违章09/违章09_t103.7_586_off.jpg,违章09,103.7,409,105,447,141,impostor_outside,off,0
违章09/违章09_t100.9_587_off.jpg,违章09,100.87,1510,197,1519,208,impostor_outside,off,0
违章09/违章09_t94.5_588_off.jpg,违章09,94.51,367,713,378,726,impostor_outside,off,0
违章09/违章09_t90.3_589_off.jpg,违章09,90.27,817,186,825,196,impostor_outside,off,0
违章09/违章09_t87.0_590_off.jpg,违章09,86.97,1490,63,1498,75,impostor_outside,off,0
违章09/违章09_t99.2_591_off.jpg,违章09,99.22,1410,449,1478,473,impostor_outside,off,0
违章09/违章09_t100.2_592_off.jpg,违章09,100.17,1481,16,1495,27,impostor_outside,off,0
违章09/违章09_t86.7_593_off.jpg,违章09,86.73,842,862,904,1053,impostor_outside,off,0
违章09/违章09_t91.2_594_off.jpg,违章09,91.21,1409,82,1418,91,impostor_outside,off,0
违章09/违章09_t104.9_595_off.jpg,违章09,104.88,790,445,798,456,impostor_outside,off,0
违章09/违章09_t100.4_596_off.jpg,违章09,100.4,1171,21,1189,35,impostor_outside,off,0
违章09/违章09_t90.5_597_off.jpg,违章09,90.5,1400,56,1409,66,impostor_outside,off,0
违章09/违章09_t87.0_598_off.jpg,违章09,86.97,768,970,783,1006,impostor_outside,off,0
违章09/违章09_t94.3_599_off.jpg,违章09,94.27,1666,12,1674,20,impostor_outside,off,0
违章09/违章09_t105.1_600_off.jpg,违章09,105.12,209,147,237,162,impostor_outside,off,0
违章09/违章09_t99.9_601_off.jpg,违章09,99.93,1362,67,1372,79,impostor_outside,off,0
违章09/违章09_t96.2_602_off.jpg,违章09,96.16,760,271,776,285,impostor_outside,off,0
违章09/违章09_t103.9_603_off.jpg,违章09,103.94,263,246,277,255,impostor_outside,off,0
违章09/违章09_t93.8_604_off.jpg,违章09,93.8,183,745,195,758,impostor_outside,off,0
违章09/违章09_t104.9_605_off.jpg,违章09,104.88,115,162,125,172,impostor_outside,off,0
违章09/违章09_t104.9_606_off.jpg,违章09,104.88,229,140,239,150,impostor_outside,off,0
违章09/违章09_t86.5_607_off.jpg,违章09,86.5,1607,62,1616,71,impostor_outside,off,0
违章09/违章09_t103.5_608_off.jpg,违章09,103.47,1053,398,1173,481,impostor_outside,off,0
违章09/违章09_t105.8_609_off.jpg,违章09,105.82,260,142,269,151,impostor_outside,off,0
违章09/违章09_t92.4_610_off.jpg,违章09,92.39,1452,304,1635,378,impostor_outside,off,0
违章09/违章09_t103.2_611_off.jpg,违章09,103.23,806,185,824,194,impostor_outside,off,0
违章09/违章09_t106.3_612_off.jpg,违章09,106.29,24,134,36,145,impostor_outside,off,0
违章09/违章09_t89.3_613_off.jpg,违章09,89.33,1454,69,1462,78,impostor_outside,off,0
违章09/违章09_t90.0_614_off.jpg,违章09,90.03,1540,58,1567,95,impostor_outside,off,0
违章09/违章09_t102.8_615_off.jpg,违章09,102.76,962,445,989,468,impostor_outside,off,0
违章09/违章09_t102.3_616_off.jpg,违章09,102.29,761,106,770,115,impostor_outside,off,0
违章09/违章09_t105.6_617_off.jpg,违章09,105.59,169,139,183,147,impostor_outside,off,0
违章09/违章09_t94.0_618_off.jpg,违章09,94.04,1648,11,1658,19,impostor_outside,off,0
违章09/违章09_t94.5_619_off.jpg,违章09,94.51,1617,0,1635,13,impostor_outside,off,0
违章09/违章09_t102.0_620_off.jpg,违章09,102.05,792,183,834,211,impostor_outside,off,0
违章09/违章09_t104.9_621_off.jpg,违章09,104.88,835,448,933,490,impostor_outside,off,0
违章09/违章09_t103.2_622_off.jpg,违章09,103.23,1117,445,1151,467,impostor_outside,off,0
违章09/违章09_t104.2_623_off.jpg,违章09,104.17,284,159,295,172,impostor_outside,off,0
违章09/违章09_t105.8_624_off.jpg,违章09,105.82,20,91,34,99,impostor_outside,off,0
违章09/违章09_t101.1_625_off.jpg,违章09,101.11,1413,415,1429,424,impostor_outside,off,0
违章09/违章09_t94.3_626_off.jpg,违章09,94.27,1741,26,1753,37,impostor_outside,off,0
违章09/违章09_t9.0_627_off.jpg,违章09,8.96,1185,320,1208,355,impostor_outside,off,0
违章09/违章09_t101.3_628_off.jpg,违章09,101.35,759,111,784,130,impostor_outside,off,0
违章09/违章09_t103.0_629_off.jpg,违章09,103.0,846,311,854,322,impostor_outside,off,0
违章09/违章09_t100.9_630_off.jpg,违章09,100.87,103,342,115,353,impostor_outside,off,0
违章09/违章09_t105.6_631_off.jpg,违章09,105.59,39,499,76,532,impostor_outside,off,0
违章09/违章09_t6.1_632_off.jpg,违章09,6.13,575,456,640,506,impostor_outside,off,0
违章09/违章09_t104.4_633_off.jpg,违章09,104.41,167,115,185,134,impostor_outside,off,0
违章09/违章09_t87.4_634_off.jpg,违章09,87.44,564,623,573,636,impostor_outside,off,0
违章09/违章09_t94.5_635_off.jpg,违章09,94.51,1442,139,1454,159,impostor_outside,off,0
违章09/违章09_t103.9_636_off.jpg,违章09,103.94,87,98,96,110,impostor_outside,off,0
违章09/违章09_t100.6_637_off.jpg,违章09,100.64,1350,167,1365,175,impostor_outside,off,0
违章09/违章09_t101.8_638_off.jpg,违章09,101.82,992,275,1001,293,impostor_outside,off,0
违章09/违章09_t5.4_639_off.jpg,违章09,5.42,757,751,838,777,impostor_outside,off,0
违章09/违章09_t8.2_640_off.jpg,违章09,8.25,1180,319,1203,354,impostor_outside,off,0
违章09/违章09_t75.7_641_off.jpg,违章09,75.66,1596,68,1607,76,impostor_outside,off,0
违章09/违章09_t91.2_642_off.jpg,违章09,91.21,1353,139,1362,148,impostor_outside,off,0
违章09/违章09_t83.9_643_off.jpg,违章09,83.9,1829,70,1839,78,impostor_outside,off,0
违章09/违章09_t100.2_644_off.jpg,违章09,100.17,1892,110,1902,119,impostor_outside,off,0
违章09/违章09_t78.5_645_off.jpg,违章09,78.48,997,211,1005,224,impostor_outside,off,0
违章09/违章09_t96.4_646_off.jpg,违章09,96.4,807,295,819,304,impostor_outside,off,0
违章09/违章09_t101.1_647_off.jpg,违章09,101.11,1311,162,1319,170,impostor_outside,off,0
违章09/违章09_t101.3_648_off.jpg,违章09,101.35,1415,401,1435,416,impostor_outside,off,0
违章09/违章09_t104.2_649_off.jpg,违章09,104.17,549,153,558,161,impostor_outside,off,0
违章09/违章09_t8.0_650_off.jpg,违章09,8.01,1179,318,1201,353,impostor_outside,off,0
违章09/违章09_t105.6_651_off.jpg,违章09,105.59,181,171,202,188,impostor_outside,off,0
违章09/违章09_t104.7_652_off.jpg,违章09,104.65,268,150,278,160,impostor_outside,off,0
违章09/违章09_t103.0_653_off.jpg,违章09,103.0,322,719,416,761,impostor_outside,off,0
违章09/违章09_t100.6_654_off.jpg,违章09,100.64,1731,163,1748,175,impostor_outside,off,0
违章09/违章09_t8.5_655_off.jpg,违章09,8.48,1182,319,1204,354,impostor_outside,off,0
违章09/违章09_t102.0_656_off.jpg,违章09,102.05,694,79,705,89,impostor_outside,off,0
违章09/违章09_t101.8_657_off.jpg,违章09,101.82,1382,253,1393,265,impostor_outside,off,0
违章09/违章09_t101.1_658_off.jpg,违章09,101.11,1671,442,1681,452,impostor_outside,off,0
违章09/违章09_t11.1_659_walk.jpg,违章09,11.08,308,308,468,468,prior_roi,walk,0
违章09/违章09_t11.3_660_walk.jpg,违章09,11.31,316,288,476,448,prior_roi,walk,0
违章09/违章09_t11.6_661_walk.jpg,违章09,11.55,308,301,468,461,prior_roi,walk,0
违章09/违章09_t11.8_662_walk.jpg,违章09,11.78,299,294,459,454,prior_roi,walk,0
违章09/违章09_t12.0_663_walk.jpg,违章09,12.02,300,287,460,447,prior_roi,walk,0
违章09/违章09_t12.3_664_walk.jpg,违章09,12.26,303,304,463,464,prior_roi,walk,0
违章09/违章09_t12.5_665_walk.jpg,违章09,12.49,301,304,461,464,prior_roi,walk,0
违章09/违章09_t12.7_666_walk.jpg,违章09,12.73,300,293,460,453,prior_roi,walk,0
违章09/违章09_t13.0_667_walk.jpg,违章09,12.96,314,295,474,455,prior_roi,walk,0
违章09/违章09_t13.2_668_walk.jpg,违章09,13.2,302,302,462,462,prior_roi,walk,0
违章09/违章09_t13.4_669_walk.jpg,违章09,13.43,301,294,461,454,prior_roi,walk,0
违章09/违章09_t13.7_670_walk.jpg,违章09,13.67,304,301,464,461,prior_roi,walk,0
违章09/违章09_t13.9_671_walk.jpg,违章09,13.91,295,308,455,468,prior_roi,walk,0
违章09/违章09_t14.1_672_walk.jpg,违章09,14.14,294,299,454,459,prior_roi,walk,0
违章09/违章09_t14.4_673_walk.jpg,违章09,14.38,298,306,458,466,prior_roi,walk,0
违章09/违章09_t14.6_674_walk.jpg,违章09,14.61,297,307,457,467,prior_roi,walk,0
违章09/违章09_t14.8_675_walk.jpg,违章09,14.85,313,292,473,452,prior_roi,walk,0
违章09/违章09_t15.1_676_walk.jpg,违章09,15.08,300,297,460,457,prior_roi,walk,0
违章09/违章09_t15.3_677_walk.jpg,违章09,15.32,312,302,472,462,prior_roi,walk,0
违章09/违章09_t15.6_678_walk.jpg,违章09,15.56,306,306,466,466,prior_roi,walk,0
违章09/违章09_t15.8_679_walk.jpg,违章09,15.79,306,308,466,468,prior_roi,walk,0
违章09/违章09_t16.0_680_walk.jpg,违章09,16.03,311,310,471,470,prior_roi,walk,0
违章09/违章09_t16.3_681_walk.jpg,违章09,16.26,305,292,465,452,prior_roi,walk,0
违章09/违章09_t16.5_682_walk.jpg,违章09,16.5,316,303,476,463,prior_roi,walk,0
违章09/违章09_t16.7_683_walk.jpg,违章09,16.73,306,296,466,456,prior_roi,walk,0
违章09/违章09_t17.0_684_walk.jpg,违章09,16.97,295,309,455,469,prior_roi,walk,0
违章09/违章09_t17.2_685_walk.jpg,违章09,17.21,298,305,458,465,prior_roi,walk,0
违章09/违章09_t17.4_686_walk.jpg,违章09,17.44,307,295,467,455,prior_roi,walk,0
违章09/违章09_t17.7_687_walk.jpg,违章09,17.68,310,310,470,470,prior_roi,walk,0
违章09/违章09_t17.9_688_walk.jpg,违章09,17.91,295,286,455,446,prior_roi,walk,0
违章09/违章09_t18.1_689_walk.jpg,违章09,18.15,293,288,453,448,prior_roi,walk,0
违章09/违章09_t18.4_690_walk.jpg,违章09,18.38,313,308,473,468,prior_roi,walk,0
违章09/违章09_t18.6_691_walk.jpg,违章09,18.62,314,293,474,453,prior_roi,walk,0
违章09/违章09_t18.9_692_walk.jpg,违章09,18.85,309,299,469,459,prior_roi,walk,0
违章09/违章09_t19.1_693_walk.jpg,违章09,19.09,312,296,472,456,prior_roi,walk,0
违章09/违章09_t19.3_694_walk.jpg,违章09,19.33,308,289,468,449,prior_roi,walk,0
违章09/违章09_t19.6_695_walk.jpg,违章09,19.56,294,301,454,461,prior_roi,walk,0
违章09/违章09_t19.8_696_walk.jpg,违章09,19.8,301,309,461,469,prior_roi,walk,0
违章09/违章09_t20.0_697_walk.jpg,违章09,20.03,307,300,467,460,prior_roi,walk,0
违章09/违章09_t20.3_698_walk.jpg,违章09,20.27,293,295,453,455,prior_roi,walk,0
违章09/违章09_t20.5_699_walk.jpg,违章09,20.5,309,306,469,466,prior_roi,walk,0
违章09/违章09_t20.7_700_walk.jpg,违章09,20.74,309,301,469,461,prior_roi,walk,0
违章09/违章09_t21.0_701_walk.jpg,违章09,20.98,303,305,463,465,prior_roi,walk,0
违章09/违章09_t21.2_702_walk.jpg,违章09,21.21,307,290,467,450,prior_roi,walk,0
违章09/违章09_t21.4_703_walk.jpg,违章09,21.45,313,303,473,463,prior_roi,walk,0
违章09/违章09_t21.7_704_walk.jpg,违章09,21.68,299,306,459,466,prior_roi,walk,0
违章09/违章09_t21.9_705_walk.jpg,违章09,21.92,293,300,453,460,prior_roi,walk,0
违章09/违章09_t22.1_706_walk.jpg,违章09,22.15,310,293,470,453,prior_roi,walk,0
违章09/违章09_t22.4_707_walk.jpg,违章09,22.39,299,304,459,464,prior_roi,walk,0
违章09/违章09_t22.6_708_walk.jpg,违章09,22.63,299,307,459,467,prior_roi,walk,0
违章09/违章09_t22.9_709_walk.jpg,违章09,22.86,293,295,453,455,prior_roi,walk,0
违章09/违章09_t23.1_710_walk.jpg,违章09,23.1,295,298,455,458,prior_roi,walk,0
违章09/违章09_t23.3_711_walk.jpg,违章09,23.33,302,299,462,459,prior_roi,walk,0
违章09/违章09_t23.6_712_walk.jpg,违章09,23.57,303,290,463,450,prior_roi,walk,0
违章09/违章09_t23.8_713_walk.jpg,违章09,23.8,310,298,470,458,prior_roi,walk,0
违章09/违章09_t24.0_714_walk.jpg,违章09,24.04,306,290,466,450,prior_roi,walk,0
违章09/违章09_t24.3_715_walk.jpg,违章09,24.28,305,291,465,451,prior_roi,walk,0
违章09/违章09_t24.5_716_walk.jpg,违章09,24.51,299,287,459,447,prior_roi,walk,0
违章09/违章09_t24.8_717_walk.jpg,违章09,24.75,303,300,463,460,prior_roi,walk,0
违章09/违章09_t25.0_718_walk.jpg,违章09,24.98,313,300,473,460,prior_roi,walk,0
违章09/违章09_t25.2_719_walk.jpg,违章09,25.22,295,307,455,467,prior_roi,walk,0
违章09/违章09_t25.4_720_walk.jpg,违章09,25.45,302,294,462,454,prior_roi,walk,0
违章09/违章09_t25.7_721_walk.jpg,违章09,25.69,311,290,471,450,prior_roi,walk,0
违章09/违章09_t25.9_722_walk.jpg,违章09,25.93,315,308,475,468,prior_roi,walk,0
违章09/违章09_t26.2_723_walk.jpg,违章09,26.16,301,287,461,447,prior_roi,walk,0
违章09/违章09_t26.4_724_walk.jpg,违章09,26.4,298,302,458,462,prior_roi,walk,0
违章09/违章09_t26.6_725_walk.jpg,违章09,26.63,301,294,461,454,prior_roi,walk,0
违章09/违章09_t26.9_726_walk.jpg,违章09,26.87,299,288,459,448,prior_roi,walk,0
违章09/违章09_t27.1_727_walk.jpg,违章09,27.1,306,289,466,449,prior_roi,walk,0
违章09/违章09_t27.3_728_walk.jpg,违章09,27.34,309,301,469,461,prior_roi,walk,0
违章09/违章09_t27.6_729_walk.jpg,违章09,27.58,315,296,475,456,prior_roi,walk,0
违章09/违章09_t27.8_730_walk.jpg,违章09,27.81,297,295,457,455,prior_roi,walk,0
违章09/违章09_t28.1_731_walk.jpg,违章09,28.05,308,289,468,449,prior_roi,walk,0
违章09/违章09_t28.3_732_walk.jpg,违章09,28.28,292,292,452,452,prior_roi,walk,0
违章09/违章09_t28.5_733_walk.jpg,违章09,28.52,299,297,459,457,prior_roi,walk,0
违章09/违章09_t28.8_734_walk.jpg,违章09,28.75,309,291,469,451,prior_roi,walk,0
违章09/违章09_t29.0_735_walk.jpg,违章09,28.99,303,296,463,456,prior_roi,walk,0
违章09/违章09_t29.2_736_walk.jpg,违章09,29.23,299,295,459,455,prior_roi,walk,0
违章09/违章09_t29.5_737_walk.jpg,违章09,29.46,298,306,458,466,prior_roi,walk,0
违章09/违章09_t29.7_738_walk.jpg,违章09,29.7,308,310,468,470,prior_roi,walk,0
违章09/违章09_t29.9_739_walk.jpg,违章09,29.93,293,307,453,467,prior_roi,walk,0
违章09/违章09_t30.2_740_walk.jpg,违章09,30.17,304,294,464,454,prior_roi,walk,0
违章09/违章09_t30.4_741_walk.jpg,违章09,30.4,301,298,461,458,prior_roi,walk,0
违章09/违章09_t30.6_742_walk.jpg,违章09,30.64,300,288,460,448,prior_roi,walk,0
违章09/违章09_t30.9_743_walk.jpg,违章09,30.88,312,287,472,447,prior_roi,walk,0
违章09/违章09_t31.1_744_walk.jpg,违章09,31.11,292,304,452,464,prior_roi,walk,0
违章09/违章09_t31.4_745_walk.jpg,违章09,31.35,296,293,456,453,prior_roi,walk,0
违章09/违章09_t31.6_746_walk.jpg,违章09,31.58,309,286,469,446,prior_roi,walk,0
违章09/违章09_t31.8_747_walk.jpg,违章09,31.82,309,309,469,469,prior_roi,walk,0
违章09/违章09_t32.0_748_walk.jpg,违章09,32.05,296,304,456,464,prior_roi,walk,0
违章09/违章09_t32.3_749_walk.jpg,违章09,32.29,311,295,471,455,prior_roi,walk,0
违章09/违章09_t32.5_750_walk.jpg,违章09,32.52,313,291,473,451,prior_roi,walk,0
违章09/违章09_t32.8_751_walk.jpg,违章09,32.76,297,304,457,464,prior_roi,walk,0
违章09/违章09_t33.0_752_walk.jpg,违章09,33.0,307,287,467,447,prior_roi,walk,0
违章09/违章09_t33.2_753_walk.jpg,违章09,33.23,312,301,472,461,prior_roi,walk,0
违章09/违章09_t33.5_754_walk.jpg,违章09,33.47,311,295,471,455,prior_roi,walk,0
违章09/违章09_t33.7_755_walk.jpg,违章09,33.7,309,293,469,453,prior_roi,walk,0
违章09/违章09_t33.9_756_walk.jpg,违章09,33.94,313,308,473,468,prior_roi,walk,0
违章09/违章09_t34.2_757_walk.jpg,违章09,34.17,313,297,473,457,prior_roi,walk,0
违章09/违章09_t34.4_758_walk.jpg,违章09,34.41,295,292,455,452,prior_roi,walk,0
违章09/违章09_t34.6_759_walk.jpg,违章09,34.65,299,290,459,450,prior_roi,walk,0
违章09/违章09_t34.9_760_walk.jpg,违章09,34.88,296,294,456,454,prior_roi,walk,0
违章09/违章09_t35.1_761_walk.jpg,违章09,35.12,308,301,468,461,prior_roi,walk,0
违章09/违章09_t35.4_762_walk.jpg,违章09,35.35,301,300,461,460,prior_roi,walk,0
违章09/违章09_t35.6_763_walk.jpg,违章09,35.59,301,292,461,452,prior_roi,walk,0
违章09/违章09_t35.8_764_walk.jpg,违章09,35.82,302,292,462,452,prior_roi,walk,0
违章09/违章09_t36.1_765_walk.jpg,违章09,36.06,296,300,456,460,prior_roi,walk,0
违章09/违章09_t36.3_766_walk.jpg,违章09,36.3,307,291,467,451,prior_roi,walk,0
违章09/违章09_t36.5_767_walk.jpg,违章09,36.53,308,293,468,453,prior_roi,walk,0
违章09/违章09_t36.8_768_walk.jpg,违章09,36.77,316,299,476,459,prior_roi,walk,0
违章09/违章09_t37.0_769_walk.jpg,违章09,37.0,304,294,464,454,prior_roi,walk,0
违章09/违章09_t37.2_770_walk.jpg,违章09,37.24,298,297,458,457,prior_roi,walk,0
违章09/违章09_t37.5_771_walk.jpg,违章09,37.47,312,295,472,455,prior_roi,walk,0
违章09/违章09_t37.7_772_walk.jpg,违章09,37.71,306,307,466,467,prior_roi,walk,0
违章09/违章09_t38.0_773_walk.jpg,违章09,37.95,296,308,456,468,prior_roi,walk,0
违章09/违章09_t38.2_774_walk.jpg,违章09,38.18,305,298,465,458,prior_roi,walk,0
违章09/违章09_t38.4_775_walk.jpg,违章09,38.42,306,299,466,459,prior_roi,walk,0
违章09/违章09_t38.6_776_walk.jpg,违章09,38.65,315,292,475,452,prior_roi,walk,0
违章09/违章09_t38.9_777_walk.jpg,违章09,38.89,311,287,471,447,prior_roi,walk,0
违章09/违章09_t39.1_778_walk.jpg,违章09,39.12,300,304,460,464,prior_roi,walk,0
违章09/违章09_t39.4_779_walk.jpg,违章09,39.36,308,309,468,469,prior_roi,walk,0
违章09/违章09_t39.6_780_walk.jpg,违章09,39.6,293,307,453,467,prior_roi,walk,0
违章09/违章09_t39.8_781_walk.jpg,违章09,39.83,307,304,467,464,prior_roi,walk,0
违章09/违章09_t40.1_782_walk.jpg,违章09,40.07,293,299,453,459,prior_roi,walk,0
违章09/违章09_t40.3_783_walk.jpg,违章09,40.3,311,305,471,465,prior_roi,walk,0
违章09/违章09_t40.5_784_walk.jpg,违章09,40.54,297,286,457,446,prior_roi,walk,0
违章09/违章09_t40.8_785_walk.jpg,违章09,40.77,292,305,452,465,prior_roi,walk,0
违章09/违章09_t41.0_786_walk.jpg,违章09,41.01,300,291,460,451,prior_roi,walk,0
违章09/违章09_t41.2_787_walk.jpg,违章09,41.25,294,287,454,447,prior_roi,walk,0
违章09/违章09_t41.5_788_walk.jpg,违章09,41.48,300,296,460,456,prior_roi,walk,0
违章09/违章09_t41.7_789_walk.jpg,违章09,41.72,292,308,452,468,prior_roi,walk,0
违章09/违章09_t42.0_790_walk.jpg,违章09,41.95,301,298,461,458,prior_roi,walk,0
违章09/违章09_t42.2_791_walk.jpg,违章09,42.19,295,298,455,458,prior_roi,walk,0
违章09/违章09_t42.4_792_walk.jpg,违章09,42.42,305,309,465,469,prior_roi,walk,0
违章09/违章09_t42.7_793_walk.jpg,违章09,42.66,302,310,462,470,prior_roi,walk,0
违章09/违章09_t42.9_794_walk.jpg,违章09,42.9,298,308,458,468,prior_roi,walk,0
违章09/违章09_t43.1_795_walk.jpg,违章09,43.13,299,291,459,451,prior_roi,walk,0
违章09/违章09_t43.4_796_walk.jpg,违章09,43.37,311,300,471,460,prior_roi,walk,0
违章09/违章09_t43.6_797_walk.jpg,违章09,43.6,304,296,464,456,prior_roi,walk,0
违章09/违章09_t43.8_798_walk.jpg,违章09,43.84,306,303,466,463,prior_roi,walk,0
违章09/违章09_t44.1_799_walk.jpg,违章09,44.07,315,290,475,450,prior_roi,walk,0
违章09/违章09_t44.3_800_walk.jpg,违章09,44.31,310,289,470,449,prior_roi,walk,0
违章09/违章09_t44.5_801_walk.jpg,违章09,44.54,315,310,475,470,prior_roi,walk,0
违章09/违章09_t44.8_802_walk.jpg,违章09,44.78,301,300,461,460,prior_roi,walk,0
违章09/违章09_t45.0_803_walk.jpg,违章09,45.02,311,289,471,449,prior_roi,walk,0
违章09/违章09_t45.2_804_walk.jpg,违章09,45.25,296,295,456,455,prior_roi,walk,0
违章09/违章09_t45.5_805_walk.jpg,违章09,45.49,309,293,469,453,prior_roi,walk,0
违章09/违章09_t45.7_806_walk.jpg,违章09,45.72,312,302,472,462,prior_roi,walk,0
违章09/违章09_t46.0_807_walk.jpg,违章09,45.96,302,310,462,470,prior_roi,walk,0
违章09/违章09_t46.2_808_walk.jpg,违章09,46.19,313,299,473,459,prior_roi,walk,0
违章09/违章09_t46.4_809_walk.jpg,违章09,46.43,310,296,470,456,prior_roi,walk,0
违章09/违章09_t46.7_810_walk.jpg,违章09,46.67,316,288,476,448,prior_roi,walk,0
违章09/违章09_t46.9_811_walk.jpg,违章09,46.9,303,301,463,461,prior_roi,walk,0
违章09/违章09_t47.1_812_walk.jpg,违章09,47.14,292,289,452,449,prior_roi,walk,0
违章09/违章09_t47.4_813_walk.jpg,违章09,47.37,296,290,456,450,prior_roi,walk,0
违章09/违章09_t47.6_814_walk.jpg,违章09,47.61,313,294,473,454,prior_roi,walk,0
违章09/违章09_t47.8_815_walk.jpg,违章09,47.84,300,290,460,450,prior_roi,walk,0
违章09/违章09_t48.1_816_walk.jpg,违章09,48.08,299,291,459,451,prior_roi,walk,0
违章09/违章09_t48.3_817_walk.jpg,违章09,48.32,303,296,463,456,prior_roi,walk,0
违章09/违章09_t48.5_818_walk.jpg,违章09,48.55,313,302,473,462,prior_roi,walk,0
违章09/违章09_t48.8_819_walk.jpg,违章09,48.79,299,310,459,470,prior_roi,walk,0
违章09/违章09_t49.0_820_walk.jpg,违章09,49.02,299,304,459,464,prior_roi,walk,0
违章09/违章09_t49.3_821_walk.jpg,违章09,49.26,293,302,453,462,prior_roi,walk,0
违章09/违章09_t49.5_822_walk.jpg,违章09,49.49,313,292,473,452,prior_roi,walk,0
违章09/违章09_t49.7_823_walk.jpg,违章09,49.73,309,301,469,461,prior_roi,walk,0
违章09/违章09_t50.0_824_walk.jpg,违章09,49.97,303,291,463,451,prior_roi,walk,0
违章09/违章09_t50.2_825_walk.jpg,违章09,50.2,304,301,464,461,prior_roi,walk,0
违章09/违章09_t50.4_826_walk.jpg,违章09,50.44,307,292,467,452,prior_roi,walk,0
违章09/违章09_t50.7_827_walk.jpg,违章09,50.67,306,303,466,463,prior_roi,walk,0
违章09/违章09_t50.9_828_walk.jpg,违章09,50.91,304,308,464,468,prior_roi,walk,0
违章09/违章09_t51.1_829_walk.jpg,违章09,51.14,301,293,461,453,prior_roi,walk,0
违章09/违章09_t51.4_830_walk.jpg,违章09,51.38,295,302,455,462,prior_roi,walk,0
违章09/违章09_t51.6_831_walk.jpg,违章09,51.62,315,300,475,460,prior_roi,walk,0
违章09/违章09_t51.9_832_walk.jpg,违章09,51.85,305,305,465,465,prior_roi,walk,0
违章10/违章10_t0.0_0_stand.jpg,违章10,0.0,688,100,848,260,prior_roi,stand,0
违章10/违章10_t0.2_1_stand.jpg,违章10,0.24,688,100,848,260,prior_roi,stand,0
违章10/违章10_t0.5_2_stand.jpg,违章10,0.47,688,100,848,260,prior_roi,stand,0
违章10/违章10_t0.7_3_stand.jpg,违章10,0.71,688,100,848,260,prior_roi,stand,0
违章10/违章10_t0.9_4_stand.jpg,违章10,0.94,688,100,848,260,prior_roi,stand,0
违章10/违章10_t1.2_5_stand.jpg,违章10,1.18,688,100,848,260,prior_roi,stand,0
违章10/违章10_t1.4_6_stand.jpg,违章10,1.41,688,100,848,260,prior_roi,stand,0
违章10/违章10_t1.6_7_stand.jpg,违章10,1.65,688,100,848,260,prior_roi,stand,0
违章10/违章10_t1.9_8_stand.jpg,违章10,1.89,688,100,848,260,prior_roi,stand,0
违章10/违章10_t2.1_9_stand.jpg,违章10,2.12,688,100,848,260,prior_roi,stand,0
违章10/违章10_t2.4_10_stand.jpg,违章10,2.36,688,100,848,260,prior_roi,stand,0
违章10/违章10_t2.6_11_stand.jpg,违章10,2.59,688,100,848,260,prior_roi,stand,0
违章10/违章10_t2.8_12_stand.jpg,违章10,2.83,688,100,848,260,prior_roi,stand,0
违章10/违章10_t3.1_13_stand.jpg,违章10,3.06,688,100,848,260,prior_roi,stand,0
违章10/违章10_t3.1_14_off.jpg,违章10,3.06,367,266,527,426,prior_off,off,0
违章10/违章10_t3.3_15_stand.jpg,违章10,3.3,688,100,848,260,prior_roi,stand,0
违章10/违章10_t3.5_16_stand.jpg,违章10,3.54,688,100,848,260,prior_roi,stand,0
违章10/违章10_t3.8_17_stand.jpg,违章10,3.77,688,100,848,260,prior_roi,stand,0
违章10/违章10_t3.8_18_off.jpg,违章10,3.77,688,100,848,260,impostor,off,0
违章10/违章10_t4.0_19_stand.jpg,违章10,4.01,688,100,848,260,prior_roi,stand,0
违章10/违章10_t4.2_20_stand.jpg,违章10,4.24,688,100,848,260,prior_roi,stand,0
违章10/违章10_t4.5_21_stand.jpg,违章10,4.48,688,100,848,260,prior_roi,stand,0
违章10/违章10_t4.7_22_stand.jpg,违章10,4.71,688,100,848,260,prior_roi,stand,0
违章10/违章10_t4.7_23_off.jpg,违章10,4.71,688,100,848,260,impostor,off,0
违章10/违章10_t5.0_24_stand.jpg,违章10,4.95,688,100,848,260,prior_roi,stand,0
违章10/违章10_t5.2_25_stand.jpg,违章10,5.18,688,100,848,260,prior_roi,stand,0
违章10/违章10_t5.4_26_stand.jpg,违章10,5.42,688,100,848,260,prior_roi,stand,0
违章10/违章10_t5.7_27_stand.jpg,违章10,5.66,688,100,848,260,prior_roi,stand,0
违章10/违章10_t5.9_28_stand.jpg,违章10,5.89,688,100,848,260,prior_roi,stand,0
违章10/违章10_t6.1_29_stand.jpg,违章10,6.13,688,100,848,260,prior_roi,stand,0
违章10/违章10_t6.4_30_stand.jpg,违章10,6.36,688,100,848,260,prior_roi,stand,0
违章10/违章10_t6.6_31_stand.jpg,违章10,6.6,688,100,848,260,prior_roi,stand,0
违章10/违章10_t6.6_32_off.jpg,违章10,6.6,601,184,761,344,prior_off,off,0
违章10/违章10_t6.8_33_stand.jpg,违章10,6.83,688,100,848,260,prior_roi,stand,0
违章10/违章10_t7.1_34_stand.jpg,违章10,7.07,688,100,848,260,prior_roi,stand,0
违章10/违章10_t7.1_35_off.jpg,违章10,7.07,636,393,796,553,prior_off,off,0
违章10/违章10_t7.3_36_stand.jpg,违章10,7.31,688,100,848,260,prior_roi,stand,0
违章10/违章10_t7.5_37_stand.jpg,违章10,7.54,688,100,848,260,prior_roi,stand,0
违章10/违章10_t7.8_38_stand.jpg,违章10,7.78,688,100,848,260,prior_roi,stand,0
违章10/违章10_t8.0_39_stand.jpg,违章10,8.01,688,100,848,260,prior_roi,stand,0
违章10/违章10_t8.2_40_stand.jpg,违章10,8.25,688,100,848,260,prior_roi,stand,0
违章10/违章10_t8.5_41_stand.jpg,违章10,8.48,688,100,848,260,prior_roi,stand,0
违章10/违章10_t8.5_42_off.jpg,违章10,8.48,688,100,848,260,impostor,off,0
违章10/违章10_t8.7_43_stand.jpg,违章10,8.72,688,100,848,260,prior_roi,stand,0
违章10/违章10_t8.7_44_off.jpg,违章10,8.72,688,100,848,260,impostor,off,0
违章10/违章10_t9.0_45_stand.jpg,违章10,8.96,688,100,848,260,prior_roi,stand,0
违章10/违章10_t9.0_46_off.jpg,违章10,8.96,688,100,848,260,impostor,off,0
违章10/违章10_t9.2_47_stand.jpg,违章10,9.19,688,100,848,260,prior_roi,stand,0
违章10/违章10_t9.2_48_off.jpg,违章10,9.19,688,100,848,260,impostor,off,0
违章10/违章10_t9.4_49_stand.jpg,违章10,9.43,688,100,848,260,prior_roi,stand,0
违章10/违章10_t9.7_50_stand.jpg,违章10,9.66,688,100,848,260,prior_roi,stand,0
违章10/违章10_t9.7_51_off.jpg,违章10,9.66,688,100,848,260,impostor,off,0
违章10/违章10_t9.9_52_stand.jpg,违章10,9.9,688,100,848,260,prior_roi,stand,0
违章10/违章10_t9.9_53_off.jpg,违章10,9.9,688,100,848,260,impostor,off,0
违章10/违章10_t10.1_54_stand.jpg,违章10,10.13,688,100,848,260,prior_roi,stand,0
违章10/违章10_t10.1_55_off.jpg,违章10,10.13,688,100,848,260,impostor,off,0
违章10/违章10_t10.4_56_stand.jpg,违章10,10.37,688,100,848,260,prior_roi,stand,0
违章10/违章10_t10.6_57_stand.jpg,违章10,10.61,688,100,848,260,prior_roi,stand,0
违章10/违章10_t10.8_58_stand.jpg,违章10,10.84,688,100,848,260,prior_roi,stand,0
违章10/违章10_t11.1_59_stand.jpg,违章10,11.08,688,100,848,260,prior_roi,stand,0
违章10/违章10_t11.3_60_stand.jpg,违章10,11.31,688,100,848,260,prior_roi,stand,0
违章10/违章10_t11.6_61_stand.jpg,违章10,11.55,688,100,848,260,prior_roi,stand,0
违章10/违章10_t11.8_62_stand.jpg,违章10,11.78,688,100,848,260,prior_roi,stand,0
违章10/违章10_t12.0_63_stand.jpg,违章10,12.02,688,100,848,260,prior_roi,stand,0
违章10/违章10_t12.3_64_stand.jpg,违章10,12.26,688,100,848,260,prior_roi,stand,0
违章10/违章10_t12.5_65_stand.jpg,违章10,12.49,688,100,848,260,prior_roi,stand,0
违章10/违章10_t12.7_66_stand.jpg,违章10,12.73,688,100,848,260,prior_roi,stand,0
违章10/违章10_t13.0_67_stand.jpg,违章10,12.96,688,100,848,260,prior_roi,stand,0
违章10/违章10_t13.2_68_stand.jpg,违章10,13.2,688,100,848,260,prior_roi,stand,0
违章10/违章10_t13.4_69_stand.jpg,违章10,13.43,688,100,848,260,prior_roi,stand,0
违章10/违章10_t13.7_70_stand.jpg,违章10,13.67,688,100,848,260,prior_roi,stand,0
违章10/违章10_t13.9_71_stand.jpg,违章10,13.91,688,100,848,260,prior_roi,stand,0
违章10/违章10_t14.1_72_stand.jpg,违章10,14.14,688,100,848,260,prior_roi,stand,0
违章10/违章10_t14.1_73_off.jpg,违章10,14.14,688,100,848,260,impostor,off,0
违章10/违章10_t14.4_74_stand.jpg,违章10,14.38,688,100,848,260,prior_roi,stand,0
违章10/违章10_t14.4_75_off.jpg,违章10,14.38,688,100,848,260,impostor,off,0
违章10/违章10_t14.6_76_stand.jpg,违章10,14.61,688,100,848,260,prior_roi,stand,0
违章10/违章10_t14.6_77_off.jpg,违章10,14.61,688,100,848,260,impostor,off,0
违章10/违章10_t14.8_78_stand.jpg,违章10,14.85,688,100,848,260,prior_roi,stand,0
违章10/违章10_t14.8_79_off.jpg,违章10,14.85,688,100,848,260,impostor,off,0
违章10/违章10_t15.1_80_stand.jpg,违章10,15.08,688,100,848,260,prior_roi,stand,0
违章10/违章10_t15.1_81_off.jpg,违章10,15.08,688,100,848,260,impostor,off,0
违章10/违章10_t15.3_82_stand.jpg,违章10,15.32,688,100,848,260,prior_roi,stand,0
违章10/违章10_t15.3_83_off.jpg,违章10,15.32,688,100,848,260,impostor,off,0
违章10/违章10_t14.4_84_off.jpg,违章10,14.38,658,297,711,336,impostor_outside,off,0
违章10/违章10_t7.3_85_off.jpg,违章10,7.31,540,179,573,198,impostor_outside,off,0
违章10/违章10_t14.4_86_off.jpg,违章10,14.38,239,108,263,138,impostor_outside,off,0
违章10/违章10_t7.3_87_off.jpg,违章10,7.31,580,181,594,204,impostor_outside,off,0
违章10/违章10_t6.6_88_off.jpg,违章10,6.6,586,175,600,205,impostor_outside,off,0
违章10/违章10_t13.7_89_off.jpg,违章10,13.67,0,372,319,521,impostor_outside,off,0
违章10/违章10_t9.2_90_off.jpg,违章10,9.19,612,0,730,79,impostor_outside,off,0
违章10/违章10_t15.1_91_off.jpg,违章10,15.08,548,133,585,196,impostor_outside,off,0
违章10/违章10_t13.9_92_off.jpg,违章10,13.91,692,79,713,101,impostor_outside,off,0
违章10/违章10_t4.2_93_off.jpg,违章10,4.24,900,208,976,298,impostor_outside,off,0
违章10/违章10_t13.7_94_off.jpg,违章10,13.67,131,356,316,443,impostor_outside,off,0
违章10/违章10_t0.9_95_off.jpg,违章10,0.94,556,205,588,247,impostor_outside,off,0
违章10/违章10_t14.6_96_off.jpg,违章10,14.61,468,140,503,153,impostor_outside,off,0
违章10/违章10_t14.8_97_off.jpg,违章10,14.85,879,97,911,127,impostor_outside,off,0
违章10/违章10_t8.7_98_off.jpg,违章10,8.72,328,16,352,48,impostor_outside,off,0
违章10/违章10_t3.5_99_off.jpg,违章10,3.54,227,202,300,308,impostor_outside,off,0
违章10/违章10_t7.1_100_off.jpg,违章10,7.07,541,179,574,198,impostor_outside,off,0
违章10/违章10_t2.1_101_off.jpg,违章10,2.12,340,274,352,287,impostor_outside,off,0
违章10/违章10_t3.3_102_off.jpg,违章10,3.3,68,210,146,315,impostor_outside,off,0
违章10/违章10_t5.2_103_off.jpg,违章10,5.18,951,166,1080,234,impostor_outside,off,0
违章10/违章10_t11.3_104_off.jpg,违章10,11.31,537,155,560,175,impostor_outside,off,0
违章10/违章10_t3.3_105_off.jpg,违章10,3.3,411,127,460,197,impostor_outside,off,0
违章10/违章10_t9.7_106_off.jpg,违章10,9.66,653,0,687,58,impostor_outside,off,0
违章10/违章10_t6.8_107_off.jpg,违章10,6.83,1237,375,1280,399,impostor_outside,off,0
违章10/违章10_t12.7_108_off.jpg,违章10,12.73,569,157,589,188,impostor_outside,off,0
违章10/违章10_t1.6_109_off.jpg,违章10,1.65,908,261,933,275,impostor_outside,off,0
违章10/违章10_t9.2_110_off.jpg,违章10,9.19,1236,34,1250,48,impostor_outside,off,0
违章10/违章10_t14.4_111_off.jpg,违章10,14.38,89,159,108,175,impostor_outside,off,0
违章10/违章10_t9.2_112_off.jpg,违章10,9.19,0,15,32,42,impostor_outside,off,0
违章10/违章10_t11.6_113_off.jpg,违章10,11.55,599,272,624,294,impostor_outside,off,0
违章10/违章10_t14.6_114_off.jpg,违章10,14.61,416,200,430,208,impostor_outside,off,0
违章10/违章10_t13.9_115_off.jpg,违章10,13.91,383,324,431,375,impostor_outside,off,0
违章10/违章10_t8.5_116_off.jpg,违章10,8.48,18,16,32,48,impostor_outside,off,0
违章10/违章10_t13.4_117_off.jpg,违章10,13.43,165,80,187,117,impostor_outside,off,0
违章10/违章10_t14.4_118_off.jpg,违章10,14.38,275,113,283,126,impostor_outside,off,0
违章10/违章10_t5.2_119_off.jpg,违章10,5.18,688,253,715,289,impostor_outside,off,0
违章10/违章10_t9.4_120_off.jpg,违章10,9.43,424,0,432,19,impostor_outside,off,0
违章10/违章10_t14.8_121_off.jpg,违章10,14.85,1027,517,1042,526,impostor_outside,off,0
违章10/违章10_t11.8_122_off.jpg,违章10,11.78,574,152,592,182,impostor_outside,off,0
违章10/违章10_t15.3_123_off.jpg,违章10,15.32,912,32,926,62,impostor_outside,off,0
违章10/违章10_t12.0_124_off.jpg,违章10,12.02,533,143,571,176,impostor_outside,off,0
违章10/违章10_t5.0_125_off.jpg,违章10,4.95,0,160,94,289,impostor_outside,off,0
违章10/违章10_t0.9_126_off.jpg,违章10,0.94,753,407,788,469,impostor_outside,off,0
违章10/违章10_t6.1_127_off.jpg,违章10,6.13,557,168,578,201,impostor_outside,off,0
违章10/违章10_t13.4_128_off.jpg,违章10,13.43,148,97,158,116,impostor_outside,off,0
违章10/违章10_t8.5_129_off.jpg,违章10,8.48,451,48,463,70,impostor_outside,off,0
违章10/违章10_t3.3_130_off.jpg,违章10,3.3,588,230,607,243,impostor_outside,off,0
违章10/违章10_t4.7_131_off.jpg,违章10,4.71,190,226,256,299,impostor_outside,off,0
违章10/违章10_t5.0_132_off.jpg,违章10,4.95,446,225,513,296,impostor_outside,off,0
违章10/违章10_t13.4_133_off.jpg,违章10,13.43,0,341,61,367,impostor_outside,off,0
违章10/违章10_t14.1_134_off.jpg,违章10,14.14,928,353,982,408,impostor_outside,off,0
违章10/违章10_t13.2_135_off.jpg,违章10,13.2,41,69,60,113,impostor_outside,off,0
违章10/违章10_t4.0_136_off.jpg,违章10,4.01,1184,21,1212,55,impostor_outside,off,0
违章10/违章10_t14.4_137_off.jpg,违章10,14.38,212,154,302,208,impostor_outside,off,0
违章10/违章10_t1.9_138_off.jpg,违章10,1.89,1006,204,1016,216,impostor_outside,off,0
违章10/违章10_t5.4_139_off.jpg,违章10,5.42,95,156,137,210,impostor_outside,off,0
违章10/违章10_t2.6_140_off.jpg,违章10,2.59,63,149,136,218,impostor_outside,off,0
违章10/违章10_t13.0_141_off.jpg,违章10,12.96,565,157,588,189,impostor_outside,off,0
违章10/违章10_t13.4_142_off.jpg,违章10,13.43,728,281,777,307,impostor_outside,off,0
违章10/违章10_t3.1_143_off.jpg,违章10,3.06,282,135,341,205,impostor_outside,off,0
违章10/违章10_t2.1_144_off.jpg,违章10,2.12,590,222,609,253,impostor_outside,off,0
违章10/违章10_t1.6_145_off.jpg,违章10,1.65,554,210,588,247,impostor_outside,off,0
违章10/违章10_t14.6_146_off.jpg,违章10,14.61,564,519,632,545,impostor_outside,off,0
违章10/违章10_t5.4_147_off.jpg,违章10,5.42,94,206,189,274,impostor_outside,off,0
违章10/违章10_t3.5_148_off.jpg,违章10,3.54,663,343,711,389,impostor_outside,off,0
违章10/违章10_t4.7_149_off.jpg,违章10,4.71,0,208,47,249,impostor_outside,off,0
违章10/违章10_t7.3_150_off.jpg,违章10,7.31,0,440,9,456,impostor_outside,off,0
违章10/违章10_t8.7_151_off.jpg,违章10,8.72,112,0,127,16,impostor_outside,off,0
违章10/违章10_t14.6_152_off.jpg,违章10,14.61,517,123,528,135,impostor_outside,off,0
违章10/违章10_t11.8_153_off.jpg,违章10,11.78,536,143,568,175,impostor_outside,off,0
违章10/违章10_t2.4_154_off.jpg,违章10,2.36,548,209,581,246,impostor_outside,off,0
违章10/违章10_t7.8_155_off.jpg,违章10,7.78,409,240,433,263,impostor_outside,off,0
违章10/违章10_t2.4_156_off.jpg,违章10,2.36,16,251,56,303,impostor_outside,off,0
违章10/违章10_t14.6_157_off.jpg,违章10,14.61,382,168,432,196,impostor_outside,off,0
违章11/违章11_t0.0_0_stand.jpg,违章11,0.0,560,244,720,404,prior_roi,stand,0
违章11/违章11_t0.3_1_stand.jpg,违章11,0.27,560,244,720,404,prior_roi,stand,0
违章11/违章11_t0.5_2_stand.jpg,违章11,0.53,560,244,720,404,prior_roi,stand,0
违章11/违章11_t0.8_3_stand.jpg,违章11,0.8,560,244,720,404,prior_roi,stand,0
违章11/违章11_t1.1_4_stand.jpg,违章11,1.07,560,244,720,404,prior_roi,stand,0
违章11/违章11_t1.3_5_stand.jpg,违章11,1.33,560,244,720,404,prior_roi,stand,0
违章11/违章11_t1.6_6_stand.jpg,违章11,1.6,560,244,720,404,prior_roi,stand,0
违章11/违章11_t1.6_7_off.jpg,违章11,1.6,560,244,720,404,impostor,off,0
违章11/违章11_t1.6_8_off.jpg,违章11,1.6,51,357,211,517,prior_off,off,0
违章11/违章11_t1.9_9_stand.jpg,违章11,1.87,560,244,720,404,prior_roi,stand,0
违章11/违章11_t1.9_10_off.jpg,违章11,1.87,560,244,720,404,impostor,off,0
违章11/违章11_t2.1_11_stand.jpg,违章11,2.13,560,244,720,404,prior_roi,stand,0
违章11/违章11_t2.4_12_stand.jpg,违章11,2.4,560,244,720,404,prior_roi,stand,0
违章11/违章11_t2.7_13_stand.jpg,违章11,2.67,560,244,720,404,prior_roi,stand,0
违章11/违章11_t2.9_14_stand.jpg,违章11,2.93,560,244,720,404,prior_roi,stand,0
违章11/违章11_t3.2_15_stand.jpg,违章11,3.2,560,244,720,404,prior_roi,stand,0
违章11/违章11_t3.5_16_stand.jpg,违章11,3.47,560,244,720,404,prior_roi,stand,0
违章11/违章11_t3.7_17_stand.jpg,违章11,3.73,560,244,720,404,prior_roi,stand,0
违章11/违章11_t4.0_18_stand.jpg,违章11,4.0,560,244,720,404,prior_roi,stand,0
违章11/违章11_t4.3_19_stand.jpg,违章11,4.27,560,244,720,404,prior_roi,stand,0
违章11/违章11_t4.5_20_stand.jpg,违章11,4.53,560,244,720,404,prior_roi,stand,0
违章11/违章11_t4.8_21_stand.jpg,违章11,4.8,560,244,720,404,prior_roi,stand,0
违章11/违章11_t5.1_22_stand.jpg,违章11,5.07,560,244,720,404,prior_roi,stand,0
违章11/违章11_t5.3_23_stand.jpg,违章11,5.33,560,244,720,404,prior_roi,stand,0
违章11/违章11_t5.6_24_stand.jpg,违章11,5.6,560,244,720,404,prior_roi,stand,0
违章11/违章11_t5.9_25_stand.jpg,违章11,5.87,560,244,720,404,prior_roi,stand,0
违章11/违章11_t6.1_26_stand.jpg,违章11,6.13,560,244,720,404,prior_roi,stand,0
违章11/违章11_t6.4_27_stand.jpg,违章11,6.4,560,244,720,404,prior_roi,stand,0
违章11/违章11_t6.7_28_stand.jpg,违章11,6.67,560,244,720,404,prior_roi,stand,0
违章11/违章11_t6.9_29_stand.jpg,违章11,6.93,560,244,720,404,prior_roi,stand,0
违章11/违章11_t7.2_30_stand.jpg,违章11,7.2,560,244,720,404,prior_roi,stand,0
违章11/违章11_t7.5_31_stand.jpg,违章11,7.47,560,244,720,404,prior_roi,stand,0
违章11/违章11_t7.7_32_stand.jpg,违章11,7.73,560,244,720,404,prior_roi,stand,0
违章11/违章11_t8.0_33_stand.jpg,违章11,8.0,560,244,720,404,prior_roi,stand,0
违章11/违章11_t8.3_34_stand.jpg,违章11,8.27,560,244,720,404,prior_roi,stand,0
违章11/违章11_t8.5_35_stand.jpg,违章11,8.53,560,244,720,404,prior_roi,stand,0
违章11/违章11_t8.8_36_stand.jpg,违章11,8.8,560,244,720,404,prior_roi,stand,0
违章11/违章11_t9.1_37_stand.jpg,违章11,9.07,560,244,720,404,prior_roi,stand,0
违章11/违章11_t9.3_38_stand.jpg,违章11,9.33,560,244,720,404,prior_roi,stand,0
违章11/违章11_t9.6_39_stand.jpg,违章11,9.6,560,244,720,404,prior_roi,stand,0
违章11/违章11_t9.9_40_stand.jpg,违章11,9.87,560,244,720,404,prior_roi,stand,0
违章11/违章11_t10.1_41_stand.jpg,违章11,10.13,560,244,720,404,prior_roi,stand,0
违章11/违章11_t10.4_42_stand.jpg,违章11,10.4,560,244,720,404,prior_roi,stand,0
违章11/违章11_t10.7_43_stand.jpg,违章11,10.67,560,244,720,404,prior_roi,stand,0
违章11/违章11_t10.9_44_stand.jpg,违章11,10.93,560,244,720,404,prior_roi,stand,0
违章11/违章11_t11.2_45_stand.jpg,违章11,11.2,560,244,720,404,prior_roi,stand,0
违章11/违章11_t11.5_46_stand.jpg,违章11,11.47,560,244,720,404,prior_roi,stand,0
违章11/违章11_t11.7_47_stand.jpg,违章11,11.73,560,244,720,404,prior_roi,stand,0
违章11/违章11_t12.0_48_stand.jpg,违章11,12.0,560,244,720,404,prior_roi,stand,0
违章11/违章11_t12.3_49_stand.jpg,违章11,12.27,560,244,720,404,prior_roi,stand,0
违章11/违章11_t12.5_50_stand.jpg,违章11,12.53,560,244,720,404,prior_roi,stand,0
违章11/违章11_t12.5_51_off.jpg,违章11,12.53,560,244,720,404,impostor,off,0
违章11/违章11_t12.8_52_stand.jpg,违章11,12.8,560,244,720,404,prior_roi,stand,0
违章11/违章11_t13.1_53_stand.jpg,违章11,13.07,560,244,720,404,prior_roi,stand,0
违章11/违章11_t13.3_54_stand.jpg,违章11,13.33,560,244,720,404,prior_roi,stand,0
违章11/违章11_t13.3_55_off.jpg,违章11,13.33,560,244,720,404,impostor,off,0
违章11/违章11_t13.6_56_stand.jpg,违章11,13.6,560,244,720,404,prior_roi,stand,0
违章11/违章11_t13.9_57_stand.jpg,违章11,13.87,560,244,720,404,prior_roi,stand,0
违章11/违章11_t14.1_58_stand.jpg,违章11,14.13,560,244,720,404,prior_roi,stand,0
违章11/违章11_t14.4_59_stand.jpg,违章11,14.4,560,244,720,404,prior_roi,stand,0
违章11/违章11_t14.7_60_stand.jpg,违章11,14.67,560,244,720,404,prior_roi,stand,0
违章11/违章11_t14.9_61_stand.jpg,违章11,14.93,560,244,720,404,prior_roi,stand,0
违章11/违章11_t15.2_62_walk.jpg,违章11,15.2,560,244,720,404,prior_roi,walk,0
违章11/违章11_t15.5_63_walk.jpg,违章11,15.46,560,244,720,404,prior_roi,walk,0
违章11/违章11_t15.7_64_walk.jpg,违章11,15.73,560,244,720,404,prior_roi,walk,0
违章11/违章11_t16.0_65_walk.jpg,违章11,16.0,560,244,720,404,prior_roi,walk,0
违章11/违章11_t16.3_66_walk.jpg,违章11,16.26,560,244,720,404,prior_roi,walk,0
违章11/违章11_t16.5_67_walk.jpg,违章11,16.53,560,244,720,404,prior_roi,walk,0
违章11/违章11_t16.8_68_walk.jpg,违章11,16.8,560,244,720,404,prior_roi,walk,0
违章11/违章11_t16.8_69_off.jpg,违章11,16.8,141,148,301,308,prior_off,off,0
违章11/违章11_t17.1_70_walk.jpg,违章11,17.06,560,244,720,404,prior_roi,walk,0
违章11/违章11_t17.3_71_walk.jpg,违章11,17.33,560,244,720,404,prior_roi,walk,0
违章11/违章11_t17.6_72_walk.jpg,违章11,17.6,560,244,720,404,prior_roi,walk,0
违章11/违章11_t17.9_73_walk.jpg,违章11,17.86,560,244,720,404,prior_roi,walk,0
违章11/违章11_t18.1_74_walk.jpg,违章11,18.13,560,244,720,404,prior_roi,walk,0
违章11/违章11_t18.4_75_walk.jpg,违章11,18.4,560,244,720,404,prior_roi,walk,0
违章11/违章11_t18.7_76_walk.jpg,违章11,18.66,560,244,720,404,prior_roi,walk,0
违章11/违章11_t18.9_77_walk.jpg,违章11,18.93,560,244,720,404,prior_roi,walk,0
违章11/违章11_t19.2_78_walk.jpg,违章11,19.2,560,244,720,404,prior_roi,walk,0
违章11/违章11_t19.5_79_walk.jpg,违章11,19.46,560,244,720,404,prior_roi,walk,0
违章11/违章11_t19.7_80_walk.jpg,违章11,19.73,560,244,720,404,prior_roi,walk,0
违章11/违章11_t20.0_81_walk.jpg,违章11,20.0,560,244,720,404,prior_roi,walk,0
违章11/违章11_t20.3_82_walk.jpg,违章11,20.26,560,244,720,404,prior_roi,walk,0
违章11/违章11_t20.5_83_walk.jpg,违章11,20.53,560,244,720,404,prior_roi,walk,0
违章11/违章11_t20.8_84_walk.jpg,违章11,20.8,560,244,720,404,prior_roi,walk,0
违章11/违章11_t21.1_85_walk.jpg,违章11,21.06,560,244,720,404,prior_roi,walk,0
违章11/违章11_t21.3_86_walk.jpg,违章11,21.33,560,244,720,404,prior_roi,walk,0
违章11/违章11_t21.6_87_walk.jpg,违章11,21.6,560,244,720,404,prior_roi,walk,0
违章11/违章11_t21.9_88_walk.jpg,违章11,21.86,560,244,720,404,prior_roi,walk,0
违章11/违章11_t22.1_89_walk.jpg,违章11,22.13,560,244,720,404,prior_roi,walk,0
违章11/违章11_t22.4_90_walk.jpg,违章11,22.4,560,244,720,404,prior_roi,walk,0
违章11/违章11_t22.7_91_walk.jpg,违章11,22.66,560,244,720,404,prior_roi,walk,0
违章11/违章11_t22.9_92_walk.jpg,违章11,22.93,560,244,720,404,prior_roi,walk,0
违章11/违章11_t23.2_93_walk.jpg,违章11,23.2,560,244,720,404,prior_roi,walk,0
违章11/违章11_t23.5_94_walk.jpg,违章11,23.46,560,244,720,404,prior_roi,walk,0
违章11/违章11_t23.7_95_walk.jpg,违章11,23.73,560,244,720,404,prior_roi,walk,0
违章11/违章11_t24.0_96_walk.jpg,违章11,24.0,560,244,720,404,prior_roi,walk,0
违章11/违章11_t24.3_97_walk.jpg,违章11,24.26,560,244,720,404,prior_roi,walk,0
违章11/违章11_t24.5_98_walk.jpg,违章11,24.53,560,244,720,404,prior_roi,walk,0
违章11/违章11_t24.8_99_walk.jpg,违章11,24.8,560,244,720,404,prior_roi,walk,0
违章11/违章11_t25.1_100_walk.jpg,违章11,25.06,560,244,720,404,prior_roi,walk,0
违章11/违章11_t25.3_101_walk.jpg,违章11,25.33,560,244,720,404,prior_roi,walk,0
违章11/违章11_t25.6_102_walk.jpg,违章11,25.6,560,244,720,404,prior_roi,walk,0
违章11/违章11_t25.9_103_walk.jpg,违章11,25.86,560,244,720,404,prior_roi,walk,0
违章11/违章11_t26.1_104_walk.jpg,违章11,26.13,560,244,720,404,prior_roi,walk,0
违章11/违章11_t26.4_105_walk.jpg,违章11,26.4,560,244,720,404,prior_roi,walk,0
违章11/违章11_t26.7_106_walk.jpg,违章11,26.66,560,244,720,404,prior_roi,walk,0
违章11/违章11_t26.9_107_walk.jpg,违章11,26.93,560,244,720,404,prior_roi,walk,0
违章11/违章11_t27.2_108_walk.jpg,违章11,27.2,560,244,720,404,prior_roi,walk,0
违章11/违章11_t27.5_109_walk.jpg,违章11,27.46,560,244,720,404,prior_roi,walk,0
违章11/违章11_t27.7_110_walk.jpg,违章11,27.73,560,244,720,404,prior_roi,walk,0
违章11/违章11_t28.0_111_walk.jpg,违章11,28.0,560,244,720,404,prior_roi,walk,0
违章11/违章11_t28.3_112_walk.jpg,违章11,28.26,560,244,720,404,prior_roi,walk,0
违章11/违章11_t0.0_113_off.jpg,违章11,0.0,719,156,757,256,impostor_outside,off,0
违章11/违章11_t0.3_114_off.jpg,违章11,0.27,722,153,765,254,impostor_outside,off,0
违章11/违章11_t0.3_115_off.jpg,违章11,0.27,1078,293,1095,303,impostor_outside,off,0
违章11/违章11_t0.5_116_off.jpg,违章11,0.53,728,150,767,248,impostor_outside,off,0
违章11/违章11_t0.8_117_off.jpg,违章11,0.8,736,151,764,190,impostor_outside,off,0
违章11/违章11_t0.8_118_off.jpg,违章11,0.8,732,195,771,249,impostor_outside,off,0
违章11/违章11_t1.1_119_off.jpg,违章11,1.07,738,155,768,195,impostor_outside,off,0
违章11/违章11_t1.1_120_off.jpg,违章11,1.07,735,200,772,247,impostor_outside,off,0
违章11/违章11_t1.3_121_off.jpg,违章11,1.33,740,156,767,195,impostor_outside,off,0
违章11/违章11_t1.3_122_off.jpg,违章11,1.33,736,202,773,249,impostor_outside,off,0
违章11/违章11_t1.6_123_off.jpg,违章11,1.6,739,158,768,198,impostor_outside,off,0
违章11/违章11_t1.6_124_off.jpg,违章11,1.6,737,201,774,253,impostor_outside,off,0
违章11/违章11_t1.6_125_off.jpg,违章11,1.6,1187,233,1220,248,impostor_outside,off,0
违章11/违章11_t1.9_126_off.jpg,违章11,1.87,739,160,770,199,impostor_outside,off,0
违章11/违章11_t1.9_127_off.jpg,违章11,1.87,737,202,774,254,impostor_outside,off,0
违章11/违章11_t2.1_128_off.jpg,违章11,2.13,735,161,774,255,impostor_outside,off,0
违章11/违章11_t2.4_129_off.jpg,违章11,2.4,739,162,767,200,impostor_outside,off,0
违章11/违章11_t2.4_130_off.jpg,违章11,2.4,735,202,773,258,impostor_outside,off,0
违章11/违章11_t2.7_131_off.jpg,违章11,2.67,740,162,767,201,impostor_outside,off,0
违章11/违章11_t2.7_132_off.jpg,违章11,2.67,735,203,773,256,impostor_outside,off,0
违章11/违章11_t2.9_133_off.jpg,违章11,2.93,740,164,766,204,impostor_outside,off,0
违章11/违章11_t2.9_134_off.jpg,违章11,2.93,735,206,772,258,impostor_outside,off,0
违章11/违章11_t3.2_135_off.jpg,违章11,3.2,734,163,771,264,impostor_outside,off,0
违章11/违章11_t3.5_136_off.jpg,违章11,3.47,733,162,770,263,impostor_outside,off,0
违章11/违章11_t3.7_137_off.jpg,违章11,3.73,737,162,781,256,impostor_outside,off,0
违章11/违章11_t4.0_138_off.jpg,违章11,4.0,744,160,770,200,impostor_outside,off,0
违章11/违章11_t5.3_139_off.jpg,违章11,5.33,737,158,764,199,impostor_outside,off,0
违章11/违章11_t5.6_140_off.jpg,违章11,5.6,732,204,772,257,impostor_outside,off,0
违章11/违章11_t5.9_141_off.jpg,违章11,5.87,300,400,312,408,impostor_outside,off,0
违章11/违章11_t6.1_142_off.jpg,违章11,6.13,731,164,770,256,impostor_outside,off,0
违章11/违章11_t6.4_143_off.jpg,违章11,6.4,739,166,765,207,impostor_outside,off,0
违章11/违章11_t6.4_144_off.jpg,违章11,6.4,733,207,772,259,impostor_outside,off,0
违章11/违章11_t6.7_145_off.jpg,违章11,6.67,742,167,767,208,impostor_outside,off,0
违章11/违章11_t6.7_146_off.jpg,违章11,6.67,735,208,774,262,impostor_outside,off,0
违章11/违章11_t6.9_147_off.jpg,违章11,6.93,743,170,769,208,impostor_outside,off,0
违章11/违章11_t6.9_148_off.jpg,违章11,6.93,737,214,777,263,impostor_outside,off,0
违章11/违章11_t7.2_149_off.jpg,违章11,7.2,746,169,771,212,impostor_outside,off,0
违章11/违章11_t7.2_150_off.jpg,违章11,7.2,739,206,776,265,impostor_outside,off,0
违章11/违章11_t7.2_151_off.jpg,违章11,7.2,302,234,327,245,impostor_outside,off,0
违章11/违章11_t7.2_152_off.jpg,违章11,7.2,444,318,473,334,impostor_outside,off,0
违章11/违章11_t7.2_153_off.jpg,违章11,7.2,157,530,170,539,impostor_outside,off,0
违章11/违章11_t7.5_154_off.jpg,违章11,7.47,741,170,779,264,impostor_outside,off,0
违章11/违章11_t7.5_155_off.jpg,违章11,7.47,240,236,265,247,impostor_outside,off,0
违章11/违章11_t7.5_156_off.jpg,违章11,7.47,442,318,468,334,impostor_outside,off,0
违章11/违章11_t7.5_157_off.jpg,违章11,7.47,267,537,300,557,impostor_outside,off,0
违章11/违章11_t7.5_158_off.jpg,违章11,7.47,242,560,255,571,impostor_outside,off,0
违章11/违章11_t7.7_159_off.jpg,违章11,7.73,742,170,781,266,impostor_outside,off,0
违章11/违章11_t7.7_160_off.jpg,违章11,7.73,177,237,207,248,impostor_outside,off,0
违章11/违章11_t7.7_161_off.jpg,违章11,7.73,437,319,462,335,impostor_outside,off,0
违章11/违章11_t7.7_162_off.jpg,违章11,7.73,405,543,430,568,impostor_outside,off,0
违章11/违章11_t7.7_163_off.jpg,违章11,7.73,392,566,403,577,impostor_outside,off,0
违章11/违章11_t8.0_164_off.jpg,违章11,8.0,743,172,781,271,impostor_outside,off,0
违章11/违章11_t8.3_165_off.jpg,违章11,8.27,749,172,777,213,impostor_outside,off,0
违章11/违章11_t8.3_166_off.jpg,违章11,8.27,743,215,782,269,impostor_outside,off,0
违章11/违章11_t8.5_167_off.jpg,违章11,8.53,754,174,781,212,impostor_outside,off,0
违章11/违章11_t8.5_168_off.jpg,违章11,8.53,747,217,789,269,impostor_outside,off,0
违章11/违章11_t8.8_169_off.jpg,违章11,8.8,759,174,786,214,impostor_outside,off,0
违章11/违章11_t8.8_170_off.jpg,违章11,8.8,751,218,792,267,impostor_outside,off,0
违章11/违章11_t9.1_171_off.jpg,违章11,9.07,753,174,796,270,impostor_outside,off,0
违章11/违章11_t9.3_172_off.jpg,违章11,9.33,754,175,796,275,impostor_outside,off,0
违章11/违章11_t9.6_173_off.jpg,违章11,9.6,757,176,799,271,impostor_outside,off,0
违章11/违章11_t9.9_174_off.jpg,违章11,9.87,761,174,801,269,impostor_outside,off,0
违章11/违章11_t10.1_175_off.jpg,违章11,10.13,759,173,800,273,impostor_outside,off,0
违章11/违章11_t10.1_176_off.jpg,违章11,10.13,569,458,640,515,impostor_outside,off,0
违章11/违章11_t10.4_177_off.jpg,违章11,10.4,766,171,798,216,impostor_outside,off,0
违章11/违章11_t10.4_178_off.jpg,违章11,10.4,761,219,801,266,impostor_outside,off,0
违章11/违章11_t10.4_179_off.jpg,违章11,10.4,678,457,770,520,impostor_outside,off,0
违章11/违章11_t10.7_180_off.jpg,违章11,10.67,761,172,803,265,impostor_outside,off,0
违章11/违章11_t10.7_181_off.jpg,违章11,10.67,779,460,885,525,impostor_outside,off,0
违章11/违章11_t10.9_182_off.jpg,违章11,10.93,760,171,802,266,impostor_outside,off,0
违章11/违章11_t10.9_183_off.jpg,违章11,10.93,867,462,990,528,impostor_outside,off,0
违章11/违章11_t10.9_184_off.jpg,违章11,10.93,24,483,37,494,impostor_outside,off,0
违章11/违章11_t11.2_185_off.jpg,违章11,11.2,758,169,800,270,impostor_outside,off,0
违章11/违章11_t11.2_186_off.jpg,违章11,11.2,944,462,1081,532,impostor_outside,off,0
违章11/违章11_t11.5_187_off.jpg,违章11,11.47,757,167,798,264,impostor_outside,off,0
违章11/违章11_t11.7_188_off.jpg,违章11,11.73,755,168,798,263,impostor_outside,off,0
违章11/违章11_t12.0_189_off.jpg,违章11,12.0,754,168,794,268,impostor_outside,off,0
违章11/违章11_t12.3_190_off.jpg,违章11,12.27,754,165,794,267,impostor_outside,off,0
违章11/违章11_t12.5_191_off.jpg,违章11,12.53,751,164,793,264,impostor_outside,off,0
违章11/违章11_t12.5_192_off.jpg,违章11,12.53,69,497,80,507,impostor_outside,off,0
违章11/违章11_t12.8_193_off.jpg,违章11,12.8,749,164,789,266,impostor_outside,off,0
违章11/违章11_t13.1_194_off.jpg,违章11,13.07,747,166,789,274,impostor_outside,off,0
违章11/违章11_t13.3_195_off.jpg,违章11,13.33,747,167,788,264,impostor_outside,off,0
违章11/违章11_t13.6_196_off.jpg,违章11,13.6,746,167,788,269,impostor_outside,off,0
违章11/违章11_t13.9_197_off.jpg,违章11,13.87,746,166,787,271,impostor_outside,off,0
违章11/违章11_t13.9_198_off.jpg,违章11,13.87,431,320,456,335,impostor_outside,off,0
违章11/违章11_t13.9_199_off.jpg,违章11,13.87,282,551,331,593,impostor_outside,off,0
违章11/违章11_t14.1_200_off.jpg,违章11,14.13,744,166,783,263,impostor_outside,off,0
违章11/违章11_t14.1_201_off.jpg,违章11,14.13,503,405,513,413,impostor_outside,off,0
违章11/违章11_t14.1_202_off.jpg,违章11,14.13,417,488,442,521,impostor_outside,off,0
违章11/违章11_t14.4_203_off.jpg,违章11,14.4,744,169,783,262,impostor_outside,off,0
违章11/违章11_t14.7_204_off.jpg,违章11,14.67,743,169,782,263,impostor_outside,off,0
违章11/违章11_t14.7_205_off.jpg,违章11,14.67,55,498,65,508,impostor_outside,off,0
违章11/违章11_t14.7_206_off.jpg,违章11,14.67,435,533,488,607,impostor_outside,off,0
违章11/违章11_t14.9_207_off.jpg,违章11,14.93,742,169,780,263,impostor_outside,off,0
违章11/违章11_t14.9_208_off.jpg,违章11,14.93,96,482,108,498,impostor_outside,off,0
违章11/违章11_t14.9_209_off.jpg,违章11,14.93,518,485,551,540,impostor_outside,off,0
违章11/违章11_t14.9_210_off.jpg,违章11,14.93,76,492,96,505,impostor_outside,off,0
违章11/违章11_t15.2_211_walk.jpg,违章11,15.2,548,233,708,393,prior_roi,walk,0
违章11/违章11_t15.5_212_walk.jpg,违章11,15.46,551,251,711,411,prior_roi,walk,0
违章11/违章11_t15.7_213_walk.jpg,违章11,15.73,564,254,724,414,prior_roi,walk,0
违章11/违章11_t16.0_214_walk.jpg,违章11,16.0,568,252,728,412,prior_roi,walk,0
违章11/违章11_t16.3_215_walk.jpg,违章11,16.26,561,235,721,395,prior_roi,walk,0
违章11/违章11_t16.5_216_walk.jpg,违章11,16.53,561,242,721,402,prior_roi,walk,0
违章11/违章11_t16.8_217_walk.jpg,违章11,16.8,568,239,728,399,prior_roi,walk,0
违章11/违章11_t17.1_218_walk.jpg,违章11,17.06,558,242,718,402,prior_roi,walk,0
违章11/违章11_t17.3_219_walk.jpg,违章11,17.33,570,243,730,403,prior_roi,walk,0
违章11/违章11_t17.6_220_walk.jpg,违章11,17.6,559,236,719,396,prior_roi,walk,0
违章11/违章11_t17.9_221_walk.jpg,违章11,17.86,558,242,718,402,prior_roi,walk,0
违章11/违章11_t18.1_222_walk.jpg,违章11,18.13,550,240,710,400,prior_roi,walk,0
违章11/违章11_t18.4_223_walk.jpg,违章11,18.4,558,255,718,415,prior_roi,walk,0
违章11/违章11_t18.7_224_walk.jpg,违章11,18.66,568,240,728,400,prior_roi,walk,0
违章11/违章11_t18.9_225_walk.jpg,违章11,18.93,568,241,728,401,prior_roi,walk,0
违章11/违章11_t19.2_226_walk.jpg,违章11,19.2,552,245,712,405,prior_roi,walk,0
违章11/违章11_t19.5_227_walk.jpg,违章11,19.46,566,244,726,404,prior_roi,walk,0
违章11/违章11_t19.7_228_walk.jpg,违章11,19.73,555,251,715,411,prior_roi,walk,0
违章11/违章11_t20.0_229_walk.jpg,违章11,20.0,551,239,711,399,prior_roi,walk,0
违章11/违章11_t20.3_230_walk.jpg,违章11,20.26,556,246,716,406,prior_roi,walk,0
违章11/违章11_t20.5_231_walk.jpg,违章11,20.53,568,236,728,396,prior_roi,walk,0
违章11/违章11_t20.8_232_walk.jpg,违章11,20.8,557,236,717,396,prior_roi,walk,0
违章11/违章11_t21.1_233_walk.jpg,违章11,21.06,556,233,716,393,prior_roi,walk,0
违章11/违章11_t21.3_234_walk.jpg,违章11,21.33,548,239,708,399,prior_roi,walk,0
违章11/违章11_t21.6_235_walk.jpg,违章11,21.6,559,242,719,402,prior_roi,walk,0
违章11/违章11_t21.9_236_walk.jpg,违章11,21.86,569,252,729,412,prior_roi,walk,0
违章11/违章11_t22.1_237_walk.jpg,违章11,22.13,551,254,711,414,prior_roi,walk,0
违章11/违章11_t22.4_238_walk.jpg,违章11,22.4,562,252,722,412,prior_roi,walk,0
违章11/违章11_t22.7_239_walk.jpg,违章11,22.66,549,240,709,400,prior_roi,walk,0
违章11/违章11_t22.9_240_walk.jpg,违章11,22.93,552,247,712,407,prior_roi,walk,0
违章11/违章11_t23.2_241_walk.jpg,违章11,23.2,554,239,714,399,prior_roi,walk,0
违章11/违章11_t23.5_242_walk.jpg,违章11,23.46,558,234,718,394,prior_roi,walk,0
违章11/违章11_t23.7_243_walk.jpg,违章11,23.73,551,240,711,400,prior_roi,walk,0
违章11/违章11_t24.0_244_walk.jpg,违章11,24.0,563,246,723,406,prior_roi,walk,0
违章11/违章11_t24.3_245_walk.jpg,违章11,24.26,557,245,717,405,prior_roi,walk,0
违章11/违章11_t24.5_246_walk.jpg,违章11,24.53,571,243,731,403,prior_roi,walk,0
违章11/违章11_t24.8_247_walk.jpg,违章11,24.8,566,249,726,409,prior_roi,walk,0
违章11/违章11_t25.1_248_walk.jpg,违章11,25.06,553,234,713,394,prior_roi,walk,0
违章11/违章11_t25.3_249_walk.jpg,违章11,25.33,572,235,732,395,prior_roi,walk,0
违章11/违章11_t25.6_250_walk.jpg,违章11,25.6,552,244,712,404,prior_roi,walk,0
违章11/违章11_t25.9_251_walk.jpg,违章11,25.86,556,234,716,394,prior_roi,walk,0
违章11/违章11_t26.1_252_walk.jpg,违章11,26.13,565,250,725,410,prior_roi,walk,0
违章11/违章11_t26.4_253_walk.jpg,违章11,26.4,570,241,730,401,prior_roi,walk,0
违章11/违章11_t26.7_254_walk.jpg,违章11,26.66,564,237,724,397,prior_roi,walk,0
违章11/违章11_t26.9_255_walk.jpg,违章11,26.93,570,247,730,407,prior_roi,walk,0
违章11/违章11_t27.2_256_walk.jpg,违章11,27.2,561,239,721,399,prior_roi,walk,0
违章11/违章11_t27.5_257_walk.jpg,违章11,27.46,559,240,719,400,prior_roi,walk,0
违章11/违章11_t27.7_258_walk.jpg,违章11,27.73,556,256,716,416,prior_roi,walk,0
违章11/违章11_t28.0_259_walk.jpg,违章11,28.0,558,237,718,397,prior_roi,walk,0
违章11/违章11_t28.3_260_walk.jpg,违章11,28.26,556,238,716,398,prior_roi,walk,0
违章11/违章11_t15.2_261_walk.jpg,违章11,15.2,551,241,711,401,prior_roi,walk,0
违章11/违章11_t15.5_262_walk.jpg,违章11,15.46,572,244,732,404,prior_roi,walk,0
违章11/违章11_t15.7_263_walk.jpg,违章11,15.73,560,242,720,402,prior_roi,walk,0
违章11/违章11_t16.0_264_walk.jpg,违章11,16.0,562,255,722,415,prior_roi,walk,0
违章11/违章11_t16.3_265_walk.jpg,违章11,16.26,551,253,711,413,prior_roi,walk,0
违章11/违章11_t16.5_266_walk.jpg,违章11,16.53,550,249,710,409,prior_roi,walk,0
违章11/违章11_t16.8_267_walk.jpg,违章11,16.8,555,237,715,397,prior_roi,walk,0
违章11/违章11_t17.1_268_walk.jpg,违章11,17.06,562,238,722,398,prior_roi,walk,0
违章11/违章11_t17.3_269_walk.jpg,违章11,17.33,566,243,726,403,prior_roi,walk,0
违章11/违章11_t17.6_270_walk.jpg,违章11,17.6,572,240,732,400,prior_roi,walk,0
违章11/违章11_t17.9_271_walk.jpg,违章11,17.86,549,236,709,396,prior_roi,walk,0
违章11/违章11_t18.1_272_walk.jpg,违章11,18.13,548,254,708,414,prior_roi,walk,0
违章11/违章11_t18.4_273_walk.jpg,违章11,18.4,559,246,719,406,prior_roi,walk,0
违章11/违章11_t18.7_274_walk.jpg,违章11,18.66,557,253,717,413,prior_roi,walk,0
违章11/违章11_t18.9_275_walk.jpg,违章11,18.93,572,250,732,410,prior_roi,walk,0
违章11/违章11_t19.2_276_walk.jpg,违章11,19.2,557,254,717,414,prior_roi,walk,0
违章11/违章11_t19.5_277_walk.jpg,违章11,19.46,568,242,728,402,prior_roi,walk,0
违章11/违章11_t19.7_278_walk.jpg,违章11,19.73,553,253,713,413,prior_roi,walk,0
违章11/违章11_t20.0_279_walk.jpg,违章11,20.0,548,250,708,410,prior_roi,walk,0
违章11/违章11_t20.3_280_walk.jpg,违章11,20.26,557,237,717,397,prior_roi,walk,0
违章11/违章11_t20.5_281_walk.jpg,违章11,20.53,548,246,708,406,prior_roi,walk,0
违章11/违章11_t20.8_282_walk.jpg,违章11,20.8,562,235,722,395,prior_roi,walk,0
违章11/违章11_t21.1_283_walk.jpg,违章11,21.06,561,253,721,413,prior_roi,walk,0
违章11/违章11_t21.3_284_walk.jpg,违章11,21.33,570,252,730,412,prior_roi,walk,0
违章11/违章11_t21.6_285_walk.jpg,违章11,21.6,563,256,723,416,prior_roi,walk,0
违章11/违章11_t21.9_286_walk.jpg,违章11,21.86,550,233,710,393,prior_roi,walk,0
违章11/违章11_t22.1_287_walk.jpg,违章11,22.13,562,253,722,413,prior_roi,walk,0
